frame,frame_ms,process_max_1s_ms,physics_max_1s_ms,render_cpu_ms,render_gpu_ms,draw_calls,render_objects,primitives,nodes,objects,view_update_ms,alive_p,alive_e,projectiles,draw_ms_total,draw_ms_units,redraws,redraws_units,steps,unit_updates,nearest_calls,nearest_calls_swords,nearest_forced,examined,dist_checks,target_kept,target_changed,target_lost,range_checks,moves,attacks,damage_events,deaths,taunt_scans,taunt_target_calls,paladin_taunt_checks,projectile_updates,projectile_hit_checks,us_step,us_paladins,us_swords,us_target,us_move,us_attack,us_projectiles,sim_ms
1,22.175,0.0,0.0,0.0,0.0,0.0,0.0,0.0,534.0,2616.0,0.675,40,40,0,11.22,11.121,253,240,2,160,240,80,0,19200,9600,160,0,0,160,160,0,0,0,0,400,0,0,0,9588,99,3047,5930,183,0,5,9.588
2,22.449,0.0,0.0,0.0,0.0,0.0,0.0,0.0,534.0,2616.0,0.671,40,40,0,11.155,11.035,252,240,2,160,240,80,0,19200,9600,160,0,0,160,160,0,0,0,0,400,0,0,0,9948,124,3548,5805,184,0,4,9.948
3,21.536,0.0,0.0,0.0,0.0,0.0,0.0,0.0,534.0,2616.0,0.623,40,40,0,10.418,10.324,252,240,2,160,240,80,0,19200,9600,160,0,0,160,160,0,0,0,0,400,0,0,0,9767,152,3215,5954,176,0,4,9.767
4,27.752,0.0,0.0,0.0,0.0,0.0,0.0,0.0,534.0,2616.0,0.722,40,40,0,14.969,14.865,254,240,2,160,240,80,0,19200,9600,160,0,0,160,160,0,0,0,0,400,0,0,0,11501,96,3019,7925,180,0,4,11.501
5,21.64,0.0,0.0,0.0,0.0,0.0,0.0,0.0,534.0,2616.0,0.648,40,40,0,10.791,10.702,252,240,2,160,240,80,0,19200,9600,160,0,0,160,160,0,0,0,0,400,0,0,0,9496,129,3086,5826,172,0,2,9.496
6,22.948,344.9,23.318,0.0,0.0,0.0,0.0,0.0,534.0,2616.0,0.678,40,40,0,10.866,10.746,255,240,2,160,240,80,0,19200,9600,160,0,0,160,160,0,0,0,0,400,0,0,0,10518,109,3412,6510,198,0,3,10.518
7,21.633,344.9,23.318,0.0,0.0,0.0,0.0,0.0,534.0,2616.0,0.689,40,40,0,10.744,10.623,255,240,2,160,240,80,0,19200,9600,160,0,0,160,160,0,0,0,0,400,0,0,0,9544,114,3161,5829,170,0,3,9.544
8,21.815,344.9,23.318,0.0,0.0,0.0,0.0,0.0,534.0,2616.0,0.795,40,40,0,10.782,10.635,254,240,2,160,240,80,0,19200,9600,160,0,0,160,160,0,0,0,0,400,0,0,0,9690,98,3025,5844,447,0,3,9.69
9,22.297,344.9,23.318,0.0,0.0,0.0,0.0,0.0,534.0,2616.0,0.661,40,40,0,11.317,11.229,253,240,2,160,240,80,0,19200,9600,160,0,0,160,160,0,0,0,0,400,0,0,0,9525,102,3091,5872,187,0,2,9.525
10,21.849,344.9,23.318,0.0,0.0,0.0,0.0,0.0,534.0,2616.0,0.601,40,40,0,11.165,11.044,253,240,2,160,240,80,0,19200,9600,160,0,0,160,160,0,0,0,0,400,0,0,0,9352,107,3032,5756,202,0,3,9.352
11,28.354,344.9,23.318,0.0,0.0,0.0,0.0,0.0,534.0,2616.0,0.665,40,40,0,17.757,17.677,252,240,2,160,240,80,0,19200,9600,160,0,0,160,160,0,0,0,0,400,0,0,0,9334,116,2959,5838,166,0,3,9.334
12,21.687,344.9,23.318,0.0,0.0,0.0,0.0,0.0,534.0,2616.0,0.646,40,40,0,10.978,10.832,256,240,2,160,240,80,0,19200,9600,160,0,0,160,160,0,0,0,0,400,0,0,0,9214,100,3021,5680,165,0,3,9.214
13,25.18,344.9,23.318,0.0,0.0,0.0,0.0,0.0,534.0,2616.0,0.616,40,40,0,13.883,13.794,253,240,2,160,240,80,0,19200,9600,160,0,0,160,160,0,0,0,0,400,0,0,0,10038,120,3419,6014,198,0,2,10.038
14,21.374,344.9,23.318,0.0,0.0,0.0,0.0,0.0,534.0,2616.0,0.65,40,40,0,10.516,10.134,253,240,2,160,240,80,0,19200,9600,160,0,0,160,160,0,0,0,0,400,0,0,0,9665,137,3141,5933,180,0,3,9.665
15,22.983,344.9,23.318,0.0,0.0,0.0,0.0,0.0,534.0,2616.0,0.7,40,40,0,10.326,10.24,252,240,2,160,240,80,0,19200,9600,160,0,0,160,160,0,0,0,0,400,0,0,0,11414,98,3482,7313,220,0,3,11.414
16,24.218,344.9,23.318,0.0,0.0,0.0,0.0,0.0,534.0,2616.0,0.65,40,40,0,13.358,13.256,254,240,2,160,240,80,0,19200,9600,160,0,0,160,160,0,0,0,0,400,0,0,0,9382,104,3043,5777,200,0,2,9.382
17,21.52,344.9,23.318,0.0,0.0,0.0,0.0,0.0,534.0,2616.0,0.66,40,40,0,10.538,10.439,253,240,2,160,240,80,0,19200,9600,160,0,0,160,160,0,0,0,0,400,0,0,0,9591,118,3040,5917,233,0,3,9.591
18,21.692,344.9,23.318,0.0,0.0,0.0,0.0,0.0,534.0,2616.0,0.594,40,40,0,11.076,10.964,255,240,2,160,240,80,0,19200,9600,160,0,0,160,160,0,0,0,0,400,0,0,0,9291,102,3069,5660,175,0,3,9.291
19,28.805,344.9,23.318,0.0,0.0,0.0,0.0,0.0,534.0,2616.0,0.704,40,40,0,18.153,18.057,254,240,2,160,240,80,0,19200,9600,160,0,0,160,160,0,0,0,0,400,0,0,0,9374,110,3079,5723,173,0,4,9.374
20,21.877,344.9,23.318,0.0,0.0,0.0,0.0,0.0,534.0,2616.0,0.599,40,40,0,10.987,10.895,252,240,2,160,240,80,0,19200,9600,160,0,0,160,160,0,0,0,0,400,0,0,0,8870,100,2871,5477,155,0,2,8.87
21,20.655,344.9,23.318,0.0,0.0,0.0,0.0,0.0,534.0,2616.0,0.634,40,40,0,10.213,10.118,254,240,2,160,240,80,0,19200,9600,160,0,0,160,160,0,0,0,0,400,0,0,0,9152,98,2955,5647,177,0,4,9.152
22,26.44,344.9,23.318,0.0,0.0,0.0,0.0,0.0,534.0,2616.0,0.809,40,40,0,13.131,13.04,253,240,2,160,240,80,0,19200,9600,160,0,0,160,160,0,0,0,0,400,0,0,0,12095,104,4606,6821,231,0,3,12.095
23,24.816,344.9,23.318,0.0,0.0,0.0,0.0,0.0,538.0,2624.0,0.758,40,40,4,12.464,12.331,254,240,2,160,240,80,0,19200,9600,160,0,0,160,152,4,0,0,0,400,0,8,640,10540,107,3317,5969,191,332,299,10.54
24,22.334,344.9,23.318,0.0,0.0,0.0,0.0,0.0,538.0,2624.0,0.633,40,40,4,11.212,11.061,256,240,2,160,240,80,0,19200,9600,159,1,0,160,152,0,0,0,0,400,0,8,640,9705,99,3066,5770,190,0,320,9.705
25,22.529,344.9,23.318,0.0,0.0,0.0,0.0,0.0,538.0,2624.0,0.7,40,40,4,11.205,11.08,257,240,2,160,240,80,0,19200,9600,156,4,0,160,152,0,0,0,0,400,0,8,640,10025,100,3045,6035,198,0,362,10.025
26,22.568,344.9,23.318,0.0,0.0,0.0,0.0,0.0,538.0,2624.0,0.627,40,40,4,11.363,11.215,259,240,2,160,240,80,0,19200,9600,156,4,0,160,152,0,0,0,0,400,0,8,640,9831,104,3048,5904,164,0,332,9.831
27,22.15,344.9,23.318,0.0,0.0,0.0,0.0,0.0,538.0,2624.0,0.612,40,40,4,11.056,10.917,257,240,2,160,240,80,0,19200,9600,158,2,0,160,152,0,0,0,0,400,0,8,640,9847,141,2989,5938,209,0,309,9.847
28,22.51,344.9,23.318,0.0,0.0,0.0,0.0,0.0,538.0,2624.0,0.698,40,40,4,11.188,11.015,257,240,2,160,240,80,0,19200,9600,159,1,0,160,152,0,0,0,0,400,0,8,640,10098,102,3067,6146,203,0,305,10.098
29,22.581,344.9,23.318,0.0,0.0,0.0,0.0,0.0,538.0,2624.0,0.605,40,40,4,10.957,10.757,259,240,2,160,240,80,0,19200,9600,158,2,0,160,152,0,0,0,0,400,0,8,640,9879,104,3046,5995,175,0,290,9.879
30,22.429,344.9,23.318,0.0,0.0,0.0,0.0,0.0,538.0,2624.0,0.631,40,40,4,11.026,10.87,257,240,2,160,240,80,0,19200,9600,160,0,0,160,152,0,0,0,0,400,0,8,640,10154,106,3388,5921,178,0,296,10.154
31,24.436,344.9,23.318,0.0,0.0,0.0,0.0,0.0,538.0,2624.0,0.635,40,40,4,12.033,11.865,257,240,2,160,240,80,0,19200,9600,158,2,0,160,152,0,0,0,0,400,0,8,640,10987,142,3326,6672,192,0,322,10.987
32,25.053,344.9,23.318,0.0,0.0,0.0,0.0,0.0,538.0,2624.0,0.626,40,40,4,12.286,12.085,257,240,2,160,240,80,0,19200,9600,160,0,0,160,152,0,0,0,0,400,0,8,640,11474,110,3754,6750,214,0,317,11.474
33,23.177,344.9,23.318,0.0,0.0,0.0,0.0,0.0,538.0,2624.0,0.66,40,40,4,11.53,11.357,256,240,2,160,240,80,0,19200,9600,159,1,0,160,152,0,0,0,0,400,0,8,640,10449,102,3132,6446,196,0,292,10.449
34,22.838,344.9,23.318,0.0,0.0,0.0,0.0,0.0,538.0,2624.0,0.708,40,40,4,11.048,10.892,259,240,2,160,240,80,0,19200,9600,159,1,0,160,152,0,0,0,0,400,0,8,640,10510,100,3188,6391,232,0,310,10.51
35,22.907,344.9,23.318,0.0,0.0,0.0,0.0,0.0,538.0,2624.0,0.769,40,40,4,10.525,10.355,258,240,2,160,240,80,0,19200,9600,158,2,0,160,152,0,0,0,0,400,0,8,640,10690,108,3236,6431,218,0,344,10.69
36,23.415,344.9,23.318,0.0,0.0,0.0,0.0,0.0,538.0,2624.0,0.69,40,40,4,11.841,11.667,258,240,2,160,240,80,0,19200,9600,160,0,0,160,152,0,0,0,0,400,0,8,640,10021,112,3097,6042,180,0,303,10.021
37,23.685,344.9,23.318,0.0,0.0,0.0,0.0,0.0,538.0,2624.0,0.698,40,40,4,11.725,11.578,257,240,2,160,240,80,0,19200,9600,158,2,0,160,152,0,0,0,0,400,0,8,640,10601,98,3218,6473,199,0,322,10.601
38,27.16,344.9,23.318,0.0,0.0,0.0,0.0,0.0,538.0,2624.0,0.831,40,40,4,15.334,15.166,258,240,2,160,240,80,0,19200,9600,160,0,0,160,152,0,0,0,0,400,0,8,640,10353,112,3217,6182,213,0,324,10.353
39,23.549,344.9,23.318,0.0,0.0,0.0,0.0,0.0,538.0,2624.0,0.77,40,40,4,11.979,11.828,256,240,2,160,240,80,0,19200,9600,158,2,0,160,152,0,0,0,0,400,0,8,640,10065,102,3193,6000,195,0,300,10.065
40,25.181,344.9,23.318,0.0,0.0,0.0,0.0,0.0,538.0,2624.0,0.686,40,40,4,13.414,11.729,258,240,2,160,240,80,0,19200,9600,160,0,0,160,152,0,0,0,0,400,0,8,640,10296,128,3281,6081,189,0,322,10.296
41,23.6,344.9,23.318,0.0,0.0,0.0,0.0,0.0,538.0,2624.0,0.737,40,40,4,11.612,11.425,257,240,2,160,240,80,0,19200,9600,160,0,0,160,152,0,0,0,0,400,0,8,640,10588,135,3324,6227,220,0,310,10.588
42,23.578,344.9,23.318,0.0,0.0,0.0,0.0,0.0,538.0,2624.0,0.706,40,40,4,11.343,11.107,260,240,2,160,240,80,0,19200,9600,159,1,0,160,152,0,0,0,0,400,0,8,640,10592,103,3265,6432,175,0,319,10.592
43,23.839,344.9,23.318,0.0,0.0,0.0,0.0,0.0,538.0,2624.0,0.694,40,40,0,11.597,11.448,256,240,2,160,240,80,0,19200,9600,159,1,0,160,152,0,4,0,0,400,0,8,320,10890,97,3139,6870,197,0,300,10.89
44,24.986,344.9,23.318,0.0,0.0,0.0,0.0,0.0,538.0,2624.0,1.764,40,40,0,11.166,10.961,257,240,2,160,240,80,0,19200,9600,160,0,0,160,152,0,0,0,0,400,0,0,0,12517,105,3922,7969,210,0,2,12.517
45,33.999,344.9,23.318,0.0,0.0,0.0,0.0,0.0,538.0,2624.0,0.782,40,40,0,20.118,19.24,256,240,2,160,240,80,0,19200,9600,160,0,0,160,152,0,0,0,0,400,0,0,0,11286,125,3317,7306,201,0,4,11.286
46,22.499,344.9,23.318,0.0,0.0,0.0,0.0,0.0,538.0,2624.0,0.761,40,40,0,11.173,10.998,257,240,2,160,240,80,0,19200,9600,160,0,0,160,152,0,0,0,0,400,0,0,0,9732,123,3126,6003,188,0,2,9.732
47,25.212,344.9,23.318,0.0,0.0,0.0,0.0,0.0,544.0,2636.0,0.665,40,40,6,13.978,13.581,259,240,2,160,240,80,0,19200,9600,160,0,0,160,140,6,0,0,0,400,0,12,960,9797,121,2930,5604,168,255,438,9.797
48,23.242,35.017,0.031,0.0,0.0,0.0,0.0,0.0,544.0,2636.0,0.639,40,40,6,11.427,11.174,266,240,2,160,240,80,0,19200,9600,158,2,0,160,140,0,0,0,0,400,0,12,960,10283,110,3346,5836,203,0,493,10.283
49,23.037,35.017,0.031,0.0,0.0,0.0,0.0,0.0,544.0,2636.0,0.877,40,40,6,11.137,10.9,262,240,2,160,240,80,0,19200,9600,160,0,0,160,140,0,0,0,0,400,0,12,960,10553,124,3301,6113,245,0,477,10.553
50,26.097,35.017,0.031,0.0,0.0,0.0,0.0,0.0,544.0,2636.0,0.656,40,40,6,12.656,12.432,264,240,2,160,240,80,0,19200,9600,160,0,0,160,140,0,0,0,0,400,0,12,960,11450,116,3132,7293,171,0,453,11.45
51,22.261,35.017,0.031,0.0,0.0,0.0,0.0,0.0,544.0,2636.0,0.624,40,40,6,10.974,10.744,262,240,2,160,240,80,0,19200,9600,160,0,0,160,140,0,0,0,0,400,0,12,960,9969,98,3029,5900,176,0,443,9.969
52,21.696,35.017,0.031,0.0,0.0,0.0,0.0,0.0,544.0,2636.0,0.676,40,40,6,10.732,10.532,263,240,2,160,240,80,0,19200,9600,160,0,0,160,140,0,0,0,0,400,0,12,960,9763,94,2966,5777,144,0,526,9.763
53,22.034,35.017,0.031,0.0,0.0,0.0,0.0,0.0,544.0,2636.0,0.589,40,40,6,10.801,10.528,263,240,2,160,240,80,0,19200,9600,160,0,0,160,140,0,0,0,0,400,0,12,960,9908,161,3041,5808,170,0,455,9.908
54,22.109,35.017,0.031,0.0,0.0,0.0,0.0,0.0,544.0,2636.0,0.613,40,40,6,10.923,10.675,264,240,2,160,240,80,0,19200,9600,160,0,0,160,140,0,0,0,0,400,0,12,960,9780,94,3056,5722,150,0,449,9.78
55,21.91,35.017,0.031,0.0,0.0,0.0,0.0,0.0,544.0,2636.0,0.606,40,40,6,10.716,10.432,264,240,2,160,240,80,0,19200,9600,160,0,0,160,140,0,0,0,0,400,0,12,960,9923,329,2947,5765,149,0,451,9.923
56,21.53,35.017,0.031,0.0,0.0,0.0,0.0,0.0,544.0,2636.0,0.873,40,40,6,10.46,10.187,264,240,2,160,240,80,0,19200,9600,160,0,0,160,140,0,0,0,0,400,0,12,960,9918,115,3100,5846,157,0,427,9.918
57,22.176,35.017,0.031,0.0,0.0,0.0,0.0,0.0,544.0,2636.0,0.626,40,40,6,10.834,10.512,264,240,2,160,240,80,0,19200,9600,160,0,0,160,140,0,0,0,0,400,0,12,960,9878,96,3068,5831,172,0,454,9.878
58,21.461,35.017,0.031,0.0,0.0,0.0,0.0,0.0,544.0,2636.0,0.846,40,40,6,10.656,10.445,262,240,2,160,240,80,0,19200,9600,160,0,0,160,140,0,0,0,0,400,0,12,960,9629,98,2958,5714,159,0,426,9.629
59,21.773,35.017,0.031,0.0,0.0,0.0,0.0,0.0,544.0,2636.0,0.615,40,40,6,10.329,10.103,263,240,2,160,240,80,0,19200,9600,159,1,0,160,140,0,0,0,0,400,0,12,960,9955,101,2988,5897,162,0,541,9.955
60,22.261,35.017,0.031,0.0,0.0,0.0,0.0,0.0,544.0,2636.0,0.652,40,40,6,10.479,10.24,264,240,2,160,240,80,0,19200,9600,159,1,0,160,140,0,0,0,0,400,0,12,960,10440,136,3209,6130,182,0,473,10.44
61,23.528,35.017,0.031,0.0,0.0,0.0,0.0,0.0,544.0,2636.0,0.61,40,40,6,10.365,10.113,262,240,2,160,240,80,0,19200,9600,160,0,0,160,140,0,0,0,0,400,0,12,960,11909,129,4667,6141,172,0,492,11.909
62,25.507,35.017,0.031,0.0,0.0,0.0,0.0,0.0,544.0,2636.0,0.645,40,40,6,13.895,13.669,264,240,2,160,240,80,0,19200,9600,160,0,0,160,140,0,0,0,0,400,0,12,960,10418,122,3146,6055,170,0,636,10.418
63,24.32,35.017,0.031,0.0,0.0,0.0,0.0,0.0,544.0,2636.0,0.688,40,40,6,11.641,11.413,264,240,2,160,240,80,0,19200,9600,158,2,0,160,140,0,0,0,0,400,0,12,960,11446,115,4197,6115,188,0,501,11.446
64,27.991,35.017,0.031,0.0,0.0,0.0,0.0,0.0,544.0,2636.0,0.894,40,40,0,12.924,12.636,263,240,2,160,240,80,0,19200,9600,160,0,0,160,140,0,6,0,0,400,0,12,480,13649,163,4261,8027,296,0,478,13.649
65,29.337,35.017,0.031,0.0,0.0,0.0,0.0,0.0,540.0,2628.0,0.97,40,40,0,14.33,14.006,263,240,2,160,240,80,0,19200,9600,160,0,0,160,140,0,0,0,0,400,0,0,0,13168,183,4244,8060,275,0,5,13.168
66,31.01,35.017,0.031,0.0,0.0,0.0,0.0,0.0,540.0,2628.0,1.069,40,40,0,15.868,15.609,260,240,2,160,240,80,0,19200,9600,160,0,0,160,140,0,0,0,0,400,0,0,0,13013,257,4336,7754,247,0,6,13.013
67,22.412,35.017,0.031,0.0,0.0,0.0,0.0,0.0,540.0,2628.0,0.657,40,40,0,11.274,11.012,259,240,2,160,240,80,0,19200,9600,160,0,0,160,140,0,0,0,0,400,0,0,0,9367,96,3031,5810,172,0,2,9.367
68,23.249,35.017,0.031,0.0,0.0,0.0,0.0,0.0,540.0,2628.0,0.762,40,40,0,11.457,11.248,259,240,2,160,240,80,0,19200,9600,160,0,0,160,140,0,0,0,0,400,0,0,0,10466,144,3066,6692,181,0,3,10.466
69,22.293,35.017,0.031,0.0,0.0,0.0,0.0,0.0,540.0,2628.0,0.606,40,40,0,11.214,11.032,260,240,2,160,240,80,0,19200,9600,160,0,0,160,140,0,0,0,0,400,0,0,0,9706,101,3102,6043,179,0,4,9.706
70,21.74,35.017,0.031,0.0,0.0,0.0,0.0,0.0,540.0,2628.0,0.635,40,40,0,11.232,11.013,260,240,2,160,240,80,0,19200,9600,160,0,0,160,140,0,0,0,0,400,0,0,0,9306,95,3013,5769,154,0,3,9.306
71,22.44,35.017,0.031,0.0,0.0,0.0,0.0,0.0,540.0,2628.0,0.58,40,40,0,11.242,11.078,259,240,2,160,240,80,0,19200,9600,160,0,0,160,140,0,0,0,0,400,0,0,0,9802,133,3224,5997,173,0,2,9.802
72,20.939,35.017,0.031,0.0,0.0,0.0,0.0,0.0,540.0,2628.0,0.54,40,40,0,10.472,10.274,262,240,2,160,240,80,0,19200,9600,160,0,0,160,140,0,0,0,0,400,0,0,0,9111,97,3008,5606,143,0,2,9.111
73,21.305,35.017,0.031,0.0,0.0,0.0,0.0,0.0,540.0,2628.0,0.719,40,40,0,10.471,10.32,259,240,2,160,240,80,0,19200,9600,160,0,0,160,140,0,0,0,0,400,0,0,0,9807,92,3085,6153,175,0,4,9.807
74,23.407,35.017,0.031,0.0,0.0,0.0,0.0,0.0,540.0,2628.0,0.728,40,40,0,12.458,12.25,258,240,2,160,240,80,0,19200,9600,160,0,0,160,140,0,0,0,0,400,0,0,0,9593,144,2979,6018,176,0,3,9.593
75,22.624,35.017,0.031,0.0,0.0,0.0,0.0,0.0,542.0,2632.0,0.633,40,40,2,11.147,10.968,261,240,2,160,240,80,0,19200,9600,160,0,0,160,136,2,0,0,0,400,0,4,320,10126,104,3193,5938,176,250,155,10.126
76,21.617,35.017,0.031,0.0,0.0,0.0,0.0,0.0,542.0,2632.0,0.581,40,40,2,10.817,10.637,260,240,2,160,240,80,0,19200,9600,160,0,0,160,136,0,0,0,0,400,0,4,320,9568,101,3051,5817,171,0,153,9.568
77,21.456,35.017,0.031,0.0,0.0,0.0,0.0,0.0,542.0,2632.0,0.629,40,40,2,10.577,10.353,263,240,2,160,240,80,0,19200,9600,160,0,0,160,136,0,0,0,0,400,0,4,320,9748,121,3092,5937,159,0,156,9.748
78,21.054,35.017,0.031,0.0,0.0,0.0,0.0,0.0,542.0,2632.0,0.999,40,40,2,10.265,10.07,262,240,2,160,240,80,0,19200,9600,160,0,0,160,136,0,0,0,0,400,0,4,320,9409,96,3094,5631,166,0,150,9.409
79,22.046,35.017,0.031,0.0,0.0,0.0,0.0,0.0,542.0,2632.0,0.746,40,40,2,10.764,10.514,261,240,2,160,240,80,0,19200,9600,160,0,0,160,136,0,0,0,0,400,0,4,320,9648,132,3114,5768,177,0,185,9.648
80,21.184,35.017,0.031,0.0,0.0,0.0,0.0,0.0,542.0,2632.0,0.648,40,40,2,10.277,10.084,262,240,2,160,240,80,0,19200,9600,160,0,0,160,136,0,0,0,0,400,0,4,320,9605,96,2956,5931,178,0,168,9.605
81,22.503,35.017,0.031,0.0,0.0,0.0,0.0,0.0,542.0,2632.0,0.73,40,40,2,10.482,10.298,261,240,2,160,240,80,0,19200,9600,160,0,0,160,136,0,0,0,0,400,0,4,320,10782,100,3401,6506,291,0,165,10.782
82,21.786,35.017,0.031,0.0,0.0,0.0,0.0,0.0,542.0,2632.0,0.678,40,40,2,11.269,11.04,261,240,2,160,240,80,0,19200,9600,160,0,0,160,136,0,0,0,0,400,0,4,320,9272,89,2934,5656,159,0,146,9.272
83,25.466,35.017,0.031,0.0,0.0,0.0,0.0,0.0,542.0,2632.0,0.919,40,40,2,10.929,10.696,262,240,2,160,240,80,0,19200,9600,160,0,0,160,136,0,0,0,0,400,0,4,320,13235,139,4205,7972,256,0,225,13.235
84,31.09,35.017,0.031,0.0,0.0,0.0,0.0,0.0,542.0,2632.0,0.968,40,40,2,15.299,14.991,262,240,2,160,240,80,0,19200,9600,160,0,0,160,136,0,0,0,0,400,0,4,320,13884,157,4278,8473,257,0,234,13.884
85,32.014,35.017,0.031,0.0,0.0,0.0,0.0,0.0,542.0,2632.0,0.943,40,40,2,15.74,15.444,261,240,2,160,240,80,0,19200,9600,160,0,0,160,124,6,6,0,0,400,0,4,320,14496,156,4520,8727,264,111,237,14.496
86,30.873,35.017,0.031,0.0,0.0,0.0,0.0,0.0,536.0,2620.0,0.924,40,40,2,15.943,15.592,262,240,2,160,240,80,0,19200,9600,160,0,0,160,124,0,0,0,0,400,0,4,320,13033,141,4109,7938,244,0,229,13.033
87,27.683,35.017,0.031,0.0,0.0,0.0,0.0,0.0,536.0,2620.0,0.837,40,40,2,13.645,13.489,255,240,2,160,240,80,0,19200,9600,160,0,0,160,124,0,0,0,0,400,0,4,320,12333,159,3964,7430,197,0,193,12.333
88,50.588,35.017,0.031,0.0,0.0,0.0,0.0,0.0,536.0,2620.0,1.049,40,40,2,28.079,25.793,257,240,2,160,240,80,0,19200,9600,160,0,0,160,124,0,0,0,0,400,0,4,320,20176,221,6043,12430,485,0,195,20.176
89,32.158,41.99,0.052,0.0,0.0,0.0,0.0,0.0,537.0,2622.0,1.181,40,40,3,19.23,18.957,257,240,2,160,240,80,0,19200,9600,160,0,0,160,123,1,0,0,0,400,0,5,400,10887,119,3496,6283,192,217,226,10.887
90,24.291,41.99,0.052,0.0,0.0,0.0,0.0,0.0,538.0,2624.0,0.819,40,40,4,11.923,11.752,256,240,2,160,240,80,0,19200,9600,160,0,0,160,120,1,0,0,0,400,0,8,640,10151,107,3245,5896,170,132,317,10.151
91,25.507,41.99,0.052,0.0,0.0,0.0,0.0,0.0,538.0,2624.0,0.738,40,40,4,13.552,13.347,257,240,2,160,240,80,0,19200,9600,160,0,0,160,120,0,0,0,0,400,0,8,640,10172,150,3267,6009,167,0,298,10.172
92,36.38,41.99,0.052,0.0,0.0,0.0,0.0,0.0,538.0,2624.0,1.003,40,40,4,22.538,22.368,258,240,2,160,240,80,0,19200,9600,160,0,0,160,120,0,0,0,0,400,0,8,640,12279,193,4125,6886,175,0,568,12.279
93,23.986,41.99,0.052,0.0,0.0,0.0,0.0,0.0,538.0,2624.0,0.731,40,40,4,12.435,11.463,258,240,2,160,240,80,0,19200,9600,160,0,0,160,120,0,0,0,0,400,0,8,640,9743,142,3007,5853,150,0,293,9.743
94,23.861,41.99,0.052,0.0,0.0,0.0,0.0,0.0,538.0,2624.0,0.724,40,40,2,11.351,11.183,257,240,2,160,240,80,0,19200,9600,160,0,0,160,120,0,2,0,0,400,0,6,320,11012,107,3218,6959,160,0,240,11.012
95,24.423,41.99,0.052,0.0,0.0,0.0,0.0,0.0,538.0,2624.0,0.878,40,40,2,12.033,11.795,259,240,2,160,240,80,0,19200,9600,160,0,0,160,120,0,0,0,0,400,0,4,320,10887,118,3723,6198,171,0,375,10.887
96,23.356,41.99,0.052,0.0,0.0,0.0,0.0,0.0,538.0,2624.0,0.737,40,40,2,11.483,11.284,258,240,2,160,240,80,0,19200,9600,160,0,0,160,120,0,0,0,0,400,0,4,320,10137,101,3124,6289,172,0,161,10.137
97,21.748,41.99,0.052,0.0,0.0,0.0,0.0,0.0,538.0,2624.0,0.678,40,40,2,11.014,10.839,257,240,2,160,240,80,0,19200,9600,160,0,0,160,120,0,0,0,0,400,0,4,320,9277,114,2837,5780,137,0,150,9.277
98,23.779,41.99,0.052,0.0,0.0,0.0,0.0,0.0,542.0,2632.0,0.71,40,40,6,11.503,11.329,258,240,2,160,240,80,0,19200,9600,159,1,0,160,120,4,0,0,0,400,0,8,640,11014,104,3299,6390,197,387,304,11.014
99,21.251,41.99,0.052,0.0,0.0,0.0,0.0,0.0,542.0,2632.0,0.908,40,40,6,10.721,10.523,261,240,2,160,240,80,0,19200,9600,159,1,0,160,120,0,0,0,0,400,0,12,960,9172,94,2822,5439,143,0,426,9.172
100,21.564,41.99,0.052,0.0,0.0,0.0,0.0,0.0,542.0,2632.0,0.795,40,40,6,9.886,9.68,262,240,2,160,240,80,0,19200,9600,160,0,0,160,120,0,0,0,0,400,0,12,960,10013,100,2997,5687,166,0,785,10.013
101,22.798,41.99,0.052,0.0,0.0,0.0,0.0,0.0,542.0,2632.0,0.714,40,40,6,11.017,10.798,262,240,2,160,240,80,0,19200,9600,160,0,0,160,120,0,0,0,0,400,0,12,960,10031,127,3065,5979,159,0,436,10.031
102,24.572,41.99,0.052,0.0,0.0,0.0,0.0,0.0,542.0,2632.0,0.75,40,40,6,11.073,10.815,262,240,2,160,240,80,0,19200,9600,160,0,0,160,120,0,0,0,0,400,0,12,960,11819,146,3522,7138,174,0,511,11.819
103,28.502,41.99,0.052,0.0,0.0,0.0,0.0,0.0,543.0,2634.0,0.889,40,40,7,12.271,12.061,261,240,2,160,240,80,0,19200,9600,160,0,0,160,120,0,0,0,0,400,0,13,1040,14638,153,4629,8389,286,0,721,14.638
104,32.792,41.99,0.052,0.0,0.0,0.0,0.0,0.0,544.0,2636.0,0.889,40,40,8,16.402,16.064,264,240,2,160,240,80,0,19200,9600,160,0,0,160,120,0,0,0,0,400,0,16,1280,14514,154,4342,8395,305,0,837,14.514
105,33.421,41.99,0.052,0.0,0.0,0.0,0.0,0.0,544.0,2636.0,0.99,40,40,8,16.221,15.85,264,240,2,160,240,80,0,19200,9600,160,0,0,160,120,0,0,0,0,400,0,16,1280,15409,181,4653,9006,270,0,829,15.409
106,27.507,41.99,0.052,0.0,0.0,0.0,0.0,0.0,544.0,2636.0,0.78,40,40,8,15.767,15.411,262,240,2,160,240,80,0,19200,9600,160,0,0,160,120,0,0,0,0,400,0,16,1280,9839,102,3078,5550,269,0,556,9.839
107,22.122,41.99,0.052,0.0,0.0,0.0,0.0,0.0,550.0,2648.0,0.644,40,40,14,10.63,10.363,263,240,2,160,240,80,0,19200,9600,160,0,0,160,114,6,0,0,0,400,0,22,1760,10090,97,2911,5606,149,301,741,10.09
108,25.504,41.99,0.052,0.0,0.0,0.0,0.0,0.0,550.0,2648.0,0.697,40,40,14,10.286,9.896,270,240,2,160,240,80,0,19200,9600,160,0,0,160,108,0,0,0,0,400,0,28,2240,13668,132,3195,8526,174,0,1323,13.668
109,24.821,41.99,0.052,0.0,0.0,0.0,0.0,0.0,550.0,2648.0,0.805,40,40,14,10.607,10.258,271,240,2,160,240,80,0,19200,9600,160,0,0,160,108,0,0,0,0,400,0,28,2240,11814,159,3331,6686,194,0,1133,11.814
110,25.079,41.99,0.052,0.0,0.0,0.0,0.0,0.0,550.0,2648.0,0.797,40,40,12,11.324,10.884,270,240,2,160,240,80,0,19200,9600,160,0,0,160,108,0,2,0,0,400,0,27,2000,12059,116,3290,6256,166,0,1933,12.059
111,25.073,41.99,0.052,0.0,0.0,0.0,0.0,0.0,550.0,2648.0,0.709,39,39,10,12.521,12.195,271,240,2,158,238,80,0,19040,9402,114,44,0,158,114,0,2,2,0,398,0,22,1600,11010,99,3230,6186,190,0,1011,11.01
112,30.3,41.99,0.052,0.0,0.0,0.0,0.0,0.0,550.0,2648.0,0.827,39,39,10,11.696,11.31,268,240,2,156,236,80,0,18880,9204,155,1,0,156,120,0,0,0,0,396,0,20,1600,15052,293,4271,9101,199,0,870,15.052
113,34.792,41.99,0.052,0.0,0.0,0.0,0.0,0.0,550.0,2648.0,0.75,39,39,10,20.438,20.051,270,240,2,156,236,80,0,18880,9204,155,1,0,156,120,0,0,0,0,396,0,20,1600,12481,248,3747,6958,220,0,902,12.481
114,23.869,41.99,0.052,0.0,0.0,0.0,0.0,0.0,550.0,2648.0,0.728,39,39,10,12.02,11.659,270,240,2,156,236,80,0,18880,9204,155,1,0,156,120,0,0,0,0,396,0,20,1600,10164,109,3075,5756,168,0,785,10.164
115,27.989,41.99,0.052,0.0,0.0,0.0,0.0,0.0,550.0,2648.0,0.749,39,39,9,15.548,15.191,271,240,2,156,236,80,0,18880,9204,154,2,0,156,120,0,1,0,0,396,0,19,1440,10900,127,3172,6425,165,0,729,10.9
116,24.439,41.99,0.052,0.0,0.0,0.0,0.0,0.0,550.0,2648.0,0.724,39,39,11,12.228,11.875,268,240,2,156,236,80,0,18880,9204,155,1,0,156,120,0,0,0,0,396,0,20,1600,10731,113,3355,6055,164,0,742,10.731
117,25.328,41.99,0.052,0.0,0.0,0.0,0.0,0.0,552.0,2652.0,0.739,39,39,13,13.091,12.748,269,240,2,156,236,80,0,18880,9204,156,0,0,156,114,0,0,0,0,396,0,26,2080,10794,104,3338,5848,176,0,1055,10.794
118,24.624,41.99,0.052,0.0,0.0,0.0,0.0,0.0,552.0,2652.0,0.931,39,39,13,11.718,11.304,273,240,2,156,236,80,0,18880,9204,156,0,0,156,112,0,0,0,0,396,0,26,2080,11328,140,3305,6203,165,0,1203,11.328
119,26.92,41.99,0.052,0.0,0.0,0.0,0.0,0.0,552.0,2652.0,0.773,39,39,13,15.039,14.482,274,240,2,156,236,80,0,18880,9204,154,2,0,156,112,0,0,0,0,396,0,26,2080,10187,103,3090,5648,155,0,927,10.187
120,29.033,41.99,0.052,0.0,0.0,0.0,0.0,0.0,552.0,2652.0,0.971,39,39,13,14.646,14.212,272,240,2,156,236,80,0,18880,9204,156,0,0,156,110,0,0,0,0,396,0,26,2080,12574,112,3685,6616,246,0,1381,12.574
121,28.254,41.99,0.052,0.0,0.0,0.0,0.0,0.0,552.0,2652.0,0.713,39,39,13,12.077,11.623,273,240,2,156,236,80,0,18880,9204,155,1,0,156,108,0,0,0,0,396,0,26,2080,14523,137,4331,7903,231,0,1090,14.523
122,21.625,41.99,0.052,0.0,0.0,0.0,0.0,0.0,558.0,2664.0,0.624,39,39,18,10.391,10.019,270,240,2,156,236,80,0,18880,9204,155,1,0,156,108,6,1,0,0,396,0,32,2493,9900,90,2771,5291,122,259,1102,9.9
123,22.34,41.99,0.052,0.0,0.0,0.0,0.0,0.0,558.0,2664.0,0.68,39,39,18,10.526,10.119,278,240,2,156,236,80,0,18880,9204,156,0,0,156,108,0,0,0,0,396,0,36,2880,10468,109,2928,5694,160,0,1283,10.468
124,22.168,41.99,0.052,0.0,0.0,0.0,0.0,0.0,558.0,2664.0,0.656,39,39,18,10.385,9.974,276,240,2,156,236,80,0,18880,9204,154,2,0,156,108,0,0,0,0,396,0,36,2880,10429,96,3039,5619,138,0,1272,10.429
125,23.504,41.99,0.052,0.0,0.0,0.0,0.0,0.0,558.0,2664.0,0.705,39,39,17,11.861,10.403,279,240,2,156,236,80,0,18880,9204,155,1,0,156,108,0,1,0,0,396,0,35,2773,10319,108,2916,5547,143,0,1299,10.319
126,22.737,41.99,0.052,0.0,0.0,0.0,0.0,0.0,558.0,2664.0,0.74,39,39,15,10.894,10.389,279,240,2,156,236,80,0,18880,9204,155,1,0,156,108,0,2,0,0,396,0,34,2560,10335,137,3026,5553,146,0,1197,10.335
127,25.468,41.99,0.052,0.0,0.0,0.0,0.0,0.0,558.0,2664.0,0.807,39,39,15,11.36,10.857,280,240,2,156,236,80,0,18880,9204,156,0,0,156,108,0,0,0,0,396,0,30,2400,12709,121,3696,6886,178,0,1509,12.709
128,28.141,39.341,0.04,0.0,0.0,0.0,0.0,0.0,558.0,2664.0,0.712,39,39,11,14.044,13.456,276,240,2,156,236,80,0,18880,9204,156,0,0,156,108,0,4,0,0,396,0,26,1760,12477,149,3730,7092,187,0,966,12.477
129,27.665,39.341,0.04,0.0,0.0,0.0,0.0,0.0,558.0,2664.0,0.916,39,39,8,13.529,12.966,277,240,2,156,236,80,0,18880,9204,154,2,0,156,108,0,3,0,0,396,0,21,1493,12632,164,3884,7046,176,0,1016,12.632
130,24.614,39.341,0.04,0.0,0.0,0.0,0.0,0.0,558.0,2664.0,0.62,39,39,8,13.762,13.155,276,240,2,156,236,80,0,18880,9204,156,0,0,156,108,0,0,0,0,396,0,16,1280,9210,133,2883,5266,136,0,550,9.21
131,45.513,39.341,0.04,0.0,0.0,0.0,0.0,0.0,558.0,2664.0,0.73,39,39,8,26.73,26.216,278,240,2,156,236,80,0,18880,9204,156,0,0,156,108,0,0,0,0,396,0,16,1280,17405,127,8055,7990,211,0,656,17.405
132,32.672,39.341,0.04,0.0,0.0,0.0,0.0,0.0,556.0,2660.0,0.897,39,39,8,15.268,14.68,280,240,2,156,236,80,0,18880,9204,154,2,0,156,108,0,0,0,0,396,0,16,1280,13916,159,5503,6655,212,0,605,13.916
133,26.543,39.341,0.04,0.0,0.0,0.0,0.0,0.0,554.0,2656.0,0.853,39,39,8,12.905,12.446,276,240,2,156,236,80,0,18880,9204,156,0,0,156,108,0,0,0,0,396,0,16,1280,11920,135,4506,6197,171,0,613,11.92
134,24.876,39.341,0.04,0.0,0.0,0.0,0.0,0.0,554.0,2656.0,0.777,39,39,8,12.837,12.35,274,240,2,156,236,80,0,18880,9204,155,1,0,156,108,0,0,0,0,396,0,16,1280,10310,112,3256,5860,206,0,593,10.31
135,23.906,39.341,0.04,0.0,0.0,0.0,0.0,0.0,554.0,2656.0,0.924,39,39,8,11.618,11.152,274,240,2,156,236,80,0,18880,9204,148,8,0,156,108,0,0,0,0,396,0,16,1280,10766,111,3309,6260,180,0,586,10.766
136,24.149,39.341,0.04,0.0,0.0,0.0,0.0,0.0,554.0,2656.0,0.789,39,39,6,11.86,11.366,273,240,2,156,236,80,0,18880,9204,155,1,0,156,108,0,2,0,0,396,0,16,1182,10564,115,3292,6037,176,0,652,10.564
137,23.169,39.341,0.04,0.0,0.0,0.0,0.0,0.0,553.0,2654.0,0.78,37,37,2,11.912,11.452,272,240,2,152,232,80,0,18560,8820,124,28,0,152,114,0,4,4,0,392,0,8,320,9633,105,3091,5607,182,0,268,9.633
138,22.609,39.341,0.04,0.0,0.0,0.0,0.0,0.0,553.0,2654.0,0.775,37,37,2,11.679,11.28,275,240,2,148,228,80,0,18240,8436,148,0,0,148,117,2,2,0,0,388,0,4,320,9260,116,3142,5359,146,35,197,9.26
139,25.859,39.341,0.04,0.0,0.0,0.0,0.0,0.0,553.0,2654.0,0.723,37,37,2,13.976,11.982,275,240,2,148,228,80,0,18240,8436,148,0,0,148,116,0,0,0,0,388,0,4,320,10084,113,3437,5855,207,0,168,10.084
140,24.613,39.341,0.04,0.0,0.0,0.0,0.0,0.0,553.0,2654.0,0.713,37,37,2,13.703,13.298,271,240,2,148,228,80,0,18240,8436,146,2,0,148,114,0,0,0,0,388,0,4,320,9504,145,3217,5548,162,0,151,9.504
141,24.046,39.341,0.04,0.0,0.0,0.0,0.0,0.0,553.0,2654.0,0.644,37,37,2,13.13,12.707,273,240,2,148,228,80,0,18240,8436,144,4,0,148,112,0,0,0,0,388,0,4,320,9543,102,3008,5847,158,0,165,9.543
142,23.118,39.341,0.04,0.0,0.0,0.0,0.0,0.0,553.0,2654.0,1.128,37,37,2,10.766,10.356,273,240,2,148,228,80,0,18240,8436,146,2,0,148,112,0,0,0,0,388,0,4,320,11044,119,3579,6644,190,0,167,11.044
143,24.651,39.341,0.04,0.0,0.0,0.0,0.0,0.0,553.0,2654.0,0.834,37,37,2,12.175,11.772,273,240,2,148,228,80,0,18240,8436,146,2,0,148,112,0,0,0,0,388,0,4,320,10623,104,3466,6299,204,0,211,10.623
144,27.047,39.341,0.04,0.0,0.0,0.0,0.0,0.0,552.0,2652.0,0.882,37,37,2,13.865,13.396,274,240,2,148,228,80,0,18240,8436,148,0,0,148,112,0,0,0,0,388,0,4,320,11258,129,3819,6599,191,0,199,11.258
145,26.92,39.341,0.04,0.0,0.0,0.0,0.0,0.0,552.0,2652.0,0.69,37,37,2,14.334,13.903,271,240,2,148,228,80,0,18240,8436,146,2,0,148,112,0,0,0,0,388,0,4,320,10916,143,3279,6867,171,0,149,10.916
146,28.816,39.341,0.04,0.0,0.0,0.0,0.0,0.0,552.0,2652.0,1.056,37,37,2,17.287,14.7,271,240,2,148,228,80,0,18240,8436,148,0,0,148,112,0,0,0,0,388,0,4,320,10156,120,3526,5825,175,0,187,10.156
147,29.791,39.341,0.04,0.0,0.0,0.0,0.0,0.0,552.0,2652.0,0.906,37,37,3,15.234,14.706,273,240,2,148,228,80,0,18240,8436,146,2,0,148,111,1,1,0,0,388,0,5,400,12570,147,4314,7210,194,27,259,12.57
148,28.917,39.341,0.04,0.0,0.0,0.0,0.0,0.0,551.0,2650.0,0.976,37,37,4,13.944,13.508,270,240,2,148,228,80,0,18240,8436,148,0,0,148,108,1,1,0,0,388,0,8,640,13090,152,4351,7538,224,27,411,13.09
149,28.637,39.341,0.04,0.0,0.0,0.0,0.0,0.0,551.0,2650.0,0.941,37,37,4,14.538,14.028,270,240,2,148,228,80,0,18240,8436,148,0,0,148,108,0,0,0,0,388,0,8,640,12326,134,4072,7151,213,0,417,12.326
150,29.209,39.341,0.04,0.0,0.0,0.0,0.0,0.0,549.0,2646.0,0.962,37,37,6,14.414,13.968,271,240,2,148,228,80,0,18240,8436,148,0,0,148,108,2,0,0,0,388,0,10,800,12697,134,4161,7107,196,209,516,12.697
151,27.664,39.341,0.04,0.0,0.0,0.0,0.0,0.0,546.0,2640.0,0.988,37,37,6,12.882,12.451,272,240,2,148,228,80,0,18240,8436,148,0,0,148,108,0,0,0,0,388,0,12,960,12993,144,4226,7420,211,0,611,12.993
152,33.237,39.341,0.04,0.0,0.0,0.0,0.0,0.0,546.0,2640.0,0.74,37,37,6,15.044,14.673,265,240,2,148,228,80,0,18240,8436,146,2,0,148,108,0,0,0,0,388,0,12,960,16349,146,6015,8877,222,0,581,16.349
153,33.671,39.341,0.04,0.0,0.0,0.0,0.0,0.0,546.0,2640.0,0.954,37,37,6,19.115,18.824,264,240,2,148,228,80,0,18240,8436,148,0,0,148,108,0,0,0,0,388,0,12,960,12942,147,4315,7210,221,0,643,12.942
154,29.285,39.341,0.04,0.0,0.0,0.0,0.0,0.0,546.0,2640.0,1.006,37,37,6,14.898,14.504,264,240,2,148,228,80,0,18240,8436,148,0,0,148,108,0,0,0,0,388,0,12,960,12651,138,4092,7219,236,0,621,12.651
155,29.636,39.341,0.04,0.0,0.0,0.0,0.0,0.0,546.0,2640.0,0.974,37,37,5,15.207,14.798,269,240,2,148,228,80,0,18240,8436,148,0,0,148,108,0,1,0,0,388,0,11,800,12524,145,4009,7203,211,0,548,12.524
156,23.002,39.341,0.04,0.0,0.0,0.0,0.0,0.0,546.0,2640.0,0.673,37,37,3,11.635,11.281,266,240,2,148,228,80,0,18240,8436,148,0,0,148,107,0,2,0,0,388,0,10,700,9453,98,3117,5430,153,0,378,9.453
157,21.467,39.341,0.04,0.0,0.0,0.0,0.0,0.0,546.0,2640.0,0.641,37,37,2,10.889,10.624,266,240,2,148,228,80,0,18240,8436,146,2,0,148,104,0,1,0,0,388,0,5,320,9293,98,3097,5512,152,0,191,9.293
158,25.703,39.341,0.04,0.0,0.0,0.0,0.0,0.0,544.0,2636.0,0.96,37,37,2,12.175,11.866,265,240,2,148,228,80,0,18240,8436,148,0,0,148,104,0,0,0,0,388,0,4,320,12167,126,4129,7145,197,0,210,12.167
159,28.455,39.341,0.04,0.0,0.0,0.0,0.0,0.0,542.0,2632.0,0.893,37,37,4,13.904,13.562,267,240,2,148,228,80,0,18240,8436,148,0,0,148,102,1,0,0,0,388,0,7,560,12547,153,4202,7128,190,150,364,12.547
160,30.492,39.341,0.04,0.0,0.0,0.0,0.0,0.0,544.0,2636.0,1.048,37,37,6,15.433,15.069,261,240,2,148,228,80,0,18240,8436,148,0,0,148,96,1,0,0,0,388,0,12,960,13261,156,4336,7467,204,70,637,13.261
161,32.298,39.341,0.04,0.0,0.0,0.0,0.0,0.0,544.0,2636.0,0.989,37,37,6,15.93,15.482,263,240,2,148,228,80,0,18240,8436,148,0,0,148,96,0,0,0,0,388,0,12,960,14075,182,4575,7943,238,0,696,14.075
162,32.378,39.341,0.04,0.0,0.0,0.0,0.0,0.0,545.0,2638.0,0.992,37,37,7,16.731,16.295,263,240,2,148,228,80,0,18240,8436,148,0,0,148,95,1,0,0,0,388,0,13,1040,13377,181,4300,7368,243,182,674,13.377
163,31.594,39.341,0.04,0.0,0.0,0.0,0.0,0.0,546.0,2640.0,0.996,37,37,8,15.862,15.424,266,240,2,148,228,80,0,18240,8436,148,0,0,148,92,1,0,0,0,388,0,16,1280,13787,179,4266,7551,215,165,956,13.787
164,34.408,37.187,0.045,0.0,0.0,0.0,0.0,0.0,546.0,2640.0,1.365,37,37,8,18.066,17.597,264,240,2,148,228,80,0,18240,8436,146,2,0,148,92,0,0,0,0,388,0,16,1280,14265,168,4492,7821,234,0,1091,14.265
165,35.412,37.187,0.045,0.0,0.0,0.0,0.0,0.0,548.0,2644.0,1.032,37,37,10,18.244,17.757,267,240,2,148,228,80,0,18240,8436,148,0,0,148,92,2,0,0,0,388,0,19,1520,14656,168,4505,7901,285,361,1015,14.656
166,32.936,37.187,0.045,0.0,0.0,0.0,0.0,0.0,548.0,2644.0,1.029,37,37,10,17.15,16.691,268,240,2,148,228,80,0,18240,8436,148,0,0,148,92,0,0,0,0,388,0,20,1600,13639,166,4340,7466,204,0,1045,13.639
167,36.022,37.187,0.045,0.0,0.0,0.0,0.0,0.0,548.0,2644.0,0.809,37,37,10,20.588,19.98,271,240,2,148,228,80,0,18240,8436,146,2,0,148,92,0,0,0,0,388,0,20,1600,13074,241,4130,7168,204,0,876,13.074
168,22.792,37.187,0.045,0.0,0.0,0.0,0.0,0.0,548.0,2644.0,0.71,37,37,7,11.333,10.975,267,240,2,148,228,80,0,18240,8436,148,0,0,148,92,0,3,0,0,388,0,17,1120,9744,133,3078,5510,160,0,563,9.744
169,22.22,37.187,0.045,0.0,0.0,0.0,0.0,0.0,548.0,2644.0,0.725,37,37,7,11.29,10.976,266,240,2,148,228,80,0,18240,8436,148,0,0,148,92,0,0,0,0,388,0,14,1120,9505,101,2990,5483,140,0,519,9.505
170,22.601,37.187,0.045,0.0,0.0,0.0,0.0,0.0,548.0,2644.0,0.744,37,37,7,11.398,11.051,266,240,2,148,228,80,0,18240,8436,148,0,0,148,92,0,0,0,0,388,0,14,1120,9836,116,3308,5420,191,0,510,9.836
171,22.113,37.187,0.045,0.0,0.0,0.0,0.0,0.0,548.0,2644.0,0.779,37,37,6,11.399,11.035,270,240,2,148,228,80,0,18240,8436,148,0,0,148,92,0,1,0,0,388,0,13,960,9241,106,3001,5259,130,0,482,9.241
172,26.679,37.187,0.045,0.0,0.0,0.0,0.0,0.0,548.0,2644.0,0.738,37,37,6,14.609,14.275,269,240,2,148,228,80,0,18240,8436,148,0,0,148,92,0,0,0,0,388,0,12,960,10448,138,3487,5927,138,0,429,10.448
173,21.889,37.187,0.045,0.0,0.0,0.0,0.0,0.0,548.0,2644.0,0.723,37,37,6,11.17,10.854,266,240,2,148,228,80,0,18240,8436,146,2,0,148,92,0,0,0,0,388,0,12,960,9275,102,3017,5321,136,0,461,9.275
174,23.526,37.187,0.045,0.0,0.0,0.0,0.0,0.0,552.0,2652.0,0.805,37,37,10,11.111,10.778,268,240,2,148,228,80,0,18240,8436,148,0,0,148,92,4,0,0,0,388,0,20,1600,10782,134,3282,5846,155,245,825,10.782
175,23.317,37.187,0.045,0.0,0.0,0.0,0.0,0.0,552.0,2652.0,1.041,37,37,10,11.551,11.149,273,240,2,148,228,80,0,18240,8436,146,2,0,148,92,0,0,0,0,388,0,20,1600,10315,106,3057,5762,151,0,949,10.315
176,30.724,37.187,0.045,0.0,0.0,0.0,0.0,0.0,552.0,2652.0,1.013,37,37,10,14.892,14.519,270,240,2,148,228,80,0,18240,8436,148,0,0,148,92,0,0,0,0,388,0,20,1600,13868,159,4604,7473,202,0,1017,13.868
177,28.855,37.187,0.045,0.0,0.0,0.0,0.0,0.0,551.0,2650.0,0.713,37,37,10,13.274,12.85,271,240,2,148,228,80,0,18240,8436,148,0,0,148,92,0,0,0,0,388,0,20,1600,13717,104,5909,6539,145,0,706,13.717
178,23.605,37.187,0.045,0.0,0.0,0.0,0.0,0.0,549.0,2646.0,0.805,37,37,10,12.071,11.729,271,240,2,148,228,80,0,18240,8436,146,2,0,148,92,0,0,0,0,388,0,20,1600,10091,101,3226,5513,158,0,821,10.091
179,23.608,37.187,0.045,0.0,0.0,0.0,0.0,0.0,548.0,2644.0,0.685,37,37,10,12.352,12.01,271,240,2,148,228,80,0,18240,8436,148,0,0,148,92,0,0,0,0,388,0,20,1600,9729,98,3107,5421,134,0,719,9.729
180,23.49,37.187,0.045,0.0,0.0,0.0,0.0,0.0,548.0,2644.0,0.702,36,37,7,12.0,11.655,268,240,2,148,228,80,0,18240,8436,144,4,0,148,92,0,3,1,0,388,0,19,1280,9980,122,3137,5468,142,0,819,9.98
181,21.558,37.187,0.045,0.0,0.0,0.0,0.0,0.0,548.0,2644.0,0.654,36,37,6,11.006,10.716,266,240,2,146,226,80,0,18080,8248,137,9,0,146,94,2,3,0,0,386,0,13,960,9273,94,3035,5281,129,21,459,9.273
182,22.449,37.187,0.045,0.0,0.0,0.0,0.0,0.0,548.0,2644.0,0.664,36,37,6,11.726,11.39,268,240,2,146,226,80,0,18080,8248,145,1,0,146,92,0,0,0,0,386,0,12,960,9310,99,3105,5286,133,0,429,9.31
183,22.447,37.187,0.045,0.0,0.0,0.0,0.0,0.0,554.0,2656.0,0.694,36,36,11,11.241,10.775,270,240,2,146,226,80,0,18080,8248,145,1,0,146,92,6,1,1,0,386,0,24,1840,9944,103,3092,5168,133,303,894,9.944
184,21.52,37.187,0.045,0.0,0.0,0.0,0.0,0.0,554.0,2656.0,0.711,36,36,11,10.843,10.491,274,240,2,144,224,80,0,17920,8064,135,9,0,144,92,0,0,0,0,384,0,22,1760,9384,95,2988,5125,120,0,807,9.384
185,21.635,37.187,0.045,0.0,0.0,0.0,0.0,0.0,554.0,2656.0,0.643,36,36,11,10.697,10.376,273,240,2,144,224,80,0,17920,8064,143,1,0,144,92,0,0,0,0,384,0,22,1760,9486,98,3062,5120,131,0,824,9.486
186,21.731,37.187,0.045,0.0,0.0,0.0,0.0,0.0,554.0,2656.0,0.658,36,36,11,10.627,10.261,274,240,2,144,224,80,0,17920,8064,138,6,0,144,92,0,0,0,0,384,0,22,1760,9753,94,3130,5338,132,0,805,9.753
187,21.54,37.187,0.045,0.0,0.0,0.0,0.0,0.0,554.0,2656.0,0.596,36,36,11,10.984,10.635,275,240,2,144,224,80,0,17920,8064,138,6,0,144,92,0,0,0,0,384,0,22,1760,9376,95,3039,5107,119,0,782,9.376
188,21.338,37.187,0.045,0.0,0.0,0.0,0.0,0.0,554.0,2656.0,0.625,36,36,11,10.892,10.477,272,240,2,144,224,80,0,17920,8064,144,0,0,144,89,2,2,0,0,384,0,22,1760,9314,95,3028,5042,125,32,770,9.314
189,25.193,37.187,0.045,0.0,0.0,0.0,0.0,0.0,554.0,2656.0,0.646,36,36,11,14.424,14.053,273,240,2,144,224,80,0,17920,8064,144,0,0,144,84,2,2,0,0,384,0,22,1760,9523,115,3022,5186,123,33,787,9.523
190,25.097,37.187,0.045,0.0,0.0,0.0,0.0,0.0,551.0,2650.0,0.766,36,36,11,13.436,13.08,275,240,2,144,224,80,0,17920,8064,144,0,0,144,82,0,0,0,0,384,0,22,1760,10133,98,3446,5378,137,0,814,10.133
191,23.189,37.187,0.045,0.0,0.0,0.0,0.0,0.0,551.0,2650.0,0.692,36,36,10,12.101,11.725,270,240,2,144,224,80,0,17920,8064,144,0,0,144,82,0,1,0,0,384,0,21,1619,9665,127,3004,5315,127,0,817,9.665
192,22.677,37.187,0.045,0.0,0.0,0.0,0.0,0.0,551.0,2650.0,0.719,36,36,9,11.577,11.232,272,240,2,144,224,80,0,17920,8064,144,0,0,144,80,0,1,0,0,384,0,20,1579,9541,105,3086,5175,125,0,803,9.541
193,24.322,37.187,0.045,0.0,0.0,0.0,0.0,0.0,550.0,2648.0,0.726,36,36,7,13.095,12.778,269,240,2,144,224,80,0,17920,8064,144,0,0,144,80,0,2,0,0,384,0,17,1238,9803,110,3061,5411,153,0,704,9.803
194,22.221,37.187,0.045,0.0,0.0,0.0,0.0,0.0,550.0,2648.0,0.693,36,36,6,11.099,10.728,270,240,2,144,224,80,0,17920,8064,144,0,0,144,80,0,1,0,0,384,0,13,1019,9750,104,3347,5337,157,0,530,9.75
195,24.498,37.187,0.045,0.0,0.0,0.0,0.0,0.0,550.0,2648.0,0.675,36,36,6,13.295,11.412,272,240,2,144,224,80,0,17920,8064,144,0,0,144,80,0,0,0,0,384,0,12,960,9577,147,3253,5254,133,0,523,9.577
196,33.221,37.187,0.045,0.0,0.0,0.0,0.0,0.0,550.0,2648.0,1.155,36,36,6,11.067,10.78,268,240,2,144,224,80,0,17920,8064,144,0,0,144,80,0,0,0,0,384,0,12,960,20899,107,6413,13045,147,0,522,20.899
197,26.916,37.187,0.045,0.0,0.0,0.0,0.0,0.0,550.0,2648.0,0.715,36,36,6,14.898,14.08,271,240,2,144,224,80,0,17920,8064,144,0,0,144,80,0,0,0,0,384,0,12,960,10046,107,3364,5638,145,0,495,10.046
198,40.761,37.187,0.045,0.0,0.0,0.0,0.0,0.0,556.0,2660.0,0.939,36,36,12,27.308,26.937,272,240,2,144,224,80,0,17920,8064,144,0,0,144,80,7,1,0,0,384,0,24,1920,11750,118,3453,6329,147,463,927,11.75
199,26.911,37.187,0.045,0.0,0.0,0.0,0.0,0.0,556.0,2660.0,0.759,36,36,12,14.467,13.734,275,240,2,144,224,80,0,17920,8064,144,0,0,144,80,1,1,0,0,384,0,24,1920,10144,109,3095,5555,144,22,915,10.144
200,23.234,37.187,0.045,0.0,0.0,0.0,0.0,0.0,556.0,2660.0,0.875,36,36,10,11.702,11.333,276,240,2,144,224,80,0,17920,8064,144,0,0,144,80,0,2,0,0,384,0,22,1600,9944,122,3143,5329,117,0,950,9.944
201,31.345,37.187,0.045,0.0,0.0,0.0,0.0,0.0,556.0,2660.0,1.027,36,36,8,16.967,16.555,275,240,2,144,224,80,0,17920,8064,144,0,0,144,80,0,2,0,0,384,0,18,1280,12508,205,4054,6814,199,0,837,12.508
202,32.145,38.912,0.038,0.0,0.0,0.0,0.0,0.0,553.0,2654.0,1.043,35,36,7,16.727,16.234,275,240,2,144,224,80,0,17920,8064,144,0,0,144,80,0,1,1,0,384,0,16,1200,13405,161,4430,7305,208,0,856,13.405
203,30.999,38.912,0.038,0.0,0.0,0.0,0.0,0.0,552.0,2652.0,1.135,35,35,6,16.014,15.553,272,240,2,141,221,80,0,17680,7790,112,29,0,141,87,0,1,1,0,381,0,13,960,12879,152,4218,7193,206,0,708,12.879
204,32.028,38.912,0.038,0.0,0.0,0.0,0.0,0.0,552.0,2652.0,1.046,35,35,6,16.848,16.314,273,240,2,140,220,80,0,17600,7700,140,0,0,140,88,0,0,0,0,380,0,12,960,12792,207,4201,7127,206,0,656,12.792
205,30.363,38.912,0.038,0.0,0.0,0.0,0.0,0.0,551.0,2650.0,0.982,35,35,6,16.414,15.854,272,240,2,140,220,80,0,17600,7700,140,0,0,140,85,0,0,0,0,380,0,12,960,11700,200,3840,6502,167,0,599,11.7
206,30.846,38.912,0.038,0.0,0.0,0.0,0.0,0.0,551.0,2650.0,0.946,35,35,6,16.229,15.761,271,240,2,140,220,80,0,17600,7700,140,0,0,140,84,0,0,0,0,380,0,12,960,12650,165,4356,6904,192,0,641,12.65
207,30.419,38.912,0.038,0.0,0.0,0.0,0.0,0.0,551.0,2650.0,1.139,35,35,6,16.336,15.849,271,240,2,140,220,80,0,17600,7700,140,0,0,140,84,0,0,0,0,380,0,12,960,12232,137,4182,6771,186,0,596,12.232
208,31.297,38.912,0.038,0.0,0.0,0.0,0.0,0.0,554.0,2656.0,1.046,35,35,9,16.308,15.86,270,240,2,140,220,80,0,17600,7700,139,1,0,140,81,3,0,0,0,380,0,15,1200,12868,151,4119,6851,184,420,780,12.868
209,32.201,38.912,0.038,0.0,0.0,0.0,0.0,0.0,557.0,2662.0,0.983,35,35,12,16.528,16.003,273,240,2,140,220,80,0,17600,7700,140,0,0,140,70,3,0,0,0,380,0,22,1760,13620,161,4382,6821,190,431,1244,13.62
210,30.81,38.912,0.038,0.0,0.0,0.0,0.0,0.0,559.0,2666.0,0.705,35,35,14,15.379,14.794,277,240,2,140,220,80,0,17600,7700,139,1,0,140,68,0,0,0,0,380,0,27,2160,13184,164,4727,6602,164,0,1151,13.184
211,23.537,38.912,0.038,0.0,0.0,0.0,0.0,0.0,559.0,2666.0,0.904,35,35,14,11.577,11.134,278,240,2,140,220,80,0,17600,7700,140,0,0,140,68,0,0,0,0,380,0,28,2240,10468,101,3162,5512,120,0,1304,10.468
212,29.702,38.912,0.038,0.0,0.0,0.0,0.0,0.0,559.0,2666.0,0.764,35,34,8,11.447,10.966,279,240,2,140,220,80,0,17600,7700,140,0,0,140,68,0,6,1,0,380,0,26,1600,16701,103,5413,8876,393,0,1106,16.701
213,31.665,38.912,0.038,0.0,0.0,0.0,0.0,0.0,558.0,2664.0,0.734,35,34,8,19.504,18.899,280,240,2,138,218,80,0,17440,7520,131,7,0,138,72,0,0,0,0,378,0,16,1280,9421,130,3149,5009,128,0,745,9.421
214,22.857,38.912,0.038,0.0,0.0,0.0,0.0,0.0,557.0,2662.0,0.729,35,34,8,11.973,11.467,278,240,2,138,218,80,0,17440,7520,138,0,0,138,72,0,0,0,0,378,0,16,1280,9086,99,3089,4972,124,0,566,9.086
215,23.77,38.912,0.038,0.0,0.0,0.0,0.0,0.0,555.0,2658.0,0.859,35,34,8,12.241,11.773,276,240,2,138,218,80,0,17440,7520,138,0,0,138,72,0,0,0,0,378,0,16,1280,9998,143,3511,5298,145,0,643,9.998
216,29.273,38.912,0.038,0.0,0.0,0.0,0.0,0.0,554.0,2656.0,0.744,35,34,8,15.427,14.964,276,240,2,138,218,80,0,17440,7520,136,2,0,138,72,0,0,0,0,378,0,16,1280,11959,112,3911,6850,158,0,604,11.959
217,23.078,38.912,0.038,0.0,0.0,0.0,0.0,0.0,554.0,2656.0,0.71,35,34,8,11.974,11.471,273,240,2,138,218,80,0,17440,7520,137,1,0,138,72,0,0,0,0,378,0,16,1280,9567,105,3116,5318,157,0,598,9.567
218,23.239,38.912,0.038,0.0,0.0,0.0,0.0,0.0,554.0,2656.0,0.661,35,34,8,12.51,12.084,274,240,2,138,218,80,0,17440,7520,136,2,0,138,72,0,0,0,0,378,0,16,1280,9396,144,3128,5134,149,0,571,9.396
219,22.511,38.912,0.038,0.0,0.0,0.0,0.0,0.0,554.0,2656.0,0.739,35,34,8,11.339,10.95,275,240,2,138,218,80,0,17440,7520,138,0,0,138,72,0,0,0,0,378,0,16,1280,9883,129,3539,5191,146,0,598,9.883
220,22.379,38.912,0.038,0.0,0.0,0.0,0.0,0.0,556.0,2660.0,0.686,35,34,9,11.159,10.758,274,240,2,138,218,80,0,17440,7520,138,0,0,138,72,0,1,0,0,378,0,18,1360,9756,102,3439,5078,135,0,732,9.756
221,23.249,38.912,0.038,0.0,0.0,0.0,0.0,0.0,556.0,2660.0,0.768,35,34,9,12.168,11.756,275,240,2,138,218,80,0,17440,7520,138,0,0,138,70,0,0,0,0,378,0,18,1440,9778,115,3322,5291,127,0,646,9.778
222,25.742,38.912,0.038,0.0,0.0,0.0,0.0,0.0,554.0,2656.0,1.297,35,34,8,11.514,11.095,278,240,2,138,218,80,0,17440,7520,137,1,0,138,70,0,1,0,0,378,0,17,1280,12622,101,5219,5885,399,0,645,12.622
223,25.766,38.912,0.038,0.0,0.0,0.0,0.0,0.0,552.0,2652.0,0.987,35,34,8,13.265,12.815,273,240,2,138,218,80,0,17440,7520,137,1,0,138,70,0,0,0,0,378,0,16,1280,10363,109,3525,5596,138,0,689,10.363
224,25.821,38.912,0.038,0.0,0.0,0.0,0.0,0.0,551.0,2650.0,0.786,35,34,8,14.681,14.164,272,240,2,138,218,80,0,17440,7520,138,0,0,138,70,0,0,0,0,378,0,16,1280,9389,111,3128,5120,129,0,656,9.389
225,22.809,38.912,0.038,0.0,0.0,0.0,0.0,0.0,550.0,2648.0,0.72,35,34,8,11.406,10.986,271,240,2,138,218,80,0,17440,7520,135,3,0,138,70,0,0,0,0,378,0,16,1280,9991,104,3293,5536,147,0,589,9.991
226,22.964,38.912,0.038,0.0,0.0,0.0,0.0,0.0,552.0,2652.0,0.865,35,34,10,11.286,10.948,269,240,2,138,218,80,0,17440,7520,136,2,0,138,70,2,0,0,0,378,0,20,1600,10294,100,3246,5457,134,217,855,10.294
227,24.579,38.912,0.038,0.0,0.0,0.0,0.0,0.0,552.0,2652.0,0.967,35,34,10,12.254,11.731,273,240,2,138,218,80,0,17440,7520,136,2,0,138,70,0,0,0,0,378,0,20,1600,10413,133,3263,5740,126,0,868,10.413
228,27.505,38.912,0.038,0.0,0.0,0.0,0.0,0.0,552.0,2652.0,0.835,35,34,10,16.126,15.591,273,240,2,138,218,80,0,17440,7520,135,3,0,138,70,0,0,0,0,378,0,20,1600,9397,102,3329,4868,117,0,742,9.397
229,24.576,38.912,0.038,0.0,0.0,0.0,0.0,0.0,552.0,2652.0,0.769,33,33,5,11.877,11.457,271,240,2,135,215,80,0,17200,7258,103,32,0,135,76,0,5,3,0,375,0,16,880,11008,105,3324,6108,532,0,647,11.008
230,22.196,38.912,0.038,0.0,0.0,0.0,0.0,0.0,552.0,2652.0,0.971,33,33,5,11.641,11.259,272,240,2,132,212,80,0,16960,6996,128,4,0,132,82,0,0,0,0,372,0,10,800,9092,96,3157,5021,134,0,421,9.092
231,27.702,38.912,0.038,0.0,0.0,0.0,0.0,0.0,552.0,2652.0,1.079,33,33,5,15.712,15.212,272,240,2,132,212,80,0,16960,6996,126,6,0,132,82,0,0,0,0,372,0,10,800,10047,103,3489,5526,161,0,478,10.047
232,23.588,38.912,0.038,0.0,0.0,0.0,0.0,0.0,552.0,2652.0,0.672,33,32,4,13.404,12.762,272,240,2,132,212,80,0,16960,6996,124,8,0,132,82,0,1,1,0,372,0,10,720,8329,102,2936,4581,111,0,356,8.329
233,20.764,38.912,0.038,0.0,0.0,0.0,0.0,0.0,552.0,2652.0,0.736,33,32,4,11.233,10.886,271,240,2,130,210,80,0,16800,6824,111,19,0,130,83,2,2,0,0,370,0,8,640,8254,95,2855,4646,119,35,277,8.254
234,30.144,38.912,0.038,0.0,0.0,0.0,0.0,0.0,546.0,2640.0,0.672,33,32,4,16.305,15.936,274,240,2,130,210,80,0,16800,6824,127,3,0,130,78,0,0,0,0,370,0,8,640,11878,160,4288,6492,165,0,388,11.878
235,31.224,38.912,0.038,0.0,0.0,0.0,0.0,0.0,548.0,2644.0,1.01,33,32,6,16.737,16.428,265,240,2,130,210,80,0,16800,6824,129,1,0,130,75,2,0,0,0,370,0,11,880,12975,232,4392,6708,221,439,603,12.975
236,26.028,38.912,0.038,0.0,0.0,0.0,0.0,0.0,548.0,2644.0,0.741,33,32,6,15.106,14.67,269,240,2,130,210,80,0,16800,6824,129,1,0,130,73,0,0,0,0,370,0,12,960,9125,108,3190,5022,127,0,426,9.125
237,21.101,38.912,0.038,0.0,0.0,0.0,0.0,0.0,548.0,2644.0,0.693,33,32,6,11.154,10.787,268,240,2,130,210,80,0,16800,6824,129,1,0,130,72,0,0,0,0,370,0,12,960,8504,102,2977,4658,114,0,422,8.504
238,20.919,38.912,0.038,0.0,0.0,0.0,0.0,0.0,550.0,2648.0,0.665,33,32,7,10.802,10.456,267,240,2,130,210,80,0,16800,6824,130,0,0,130,72,2,1,0,0,370,0,14,1103,8752,102,3000,4625,113,159,527,8.752
239,29.36,38.912,0.038,0.0,0.0,0.0,0.0,0.0,550.0,2648.0,0.921,33,32,7,15.38,15.02,270,240,2,130,210,80,0,16800,6824,128,2,0,130,72,0,0,0,0,370,0,14,1120,12565,155,4291,6784,185,0,777,12.565
240,29.098,38.58,0.059,0.0,0.0,0.0,0.0,0.0,551.0,2650.0,0.843,33,32,8,14.863,14.414,271,240,2,130,210,80,0,16800,6824,126,4,0,130,72,1,0,0,0,370,0,15,1200,12310,148,4126,6565,163,181,783,12.31
241,28.579,38.58,0.059,0.0,0.0,0.0,0.0,0.0,552.0,2652.0,0.889,33,32,8,14.547,14.115,270,240,2,130,210,80,0,16800,6824,126,4,0,130,72,1,1,0,0,370,0,17,1288,12367,147,4192,6445,168,115,986,12.367
242,29.053,38.58,0.059,0.0,0.0,0.0,0.0,0.0,551.0,2650.0,0.895,33,32,8,15.042,14.638,275,240,2,130,210,80,0,16800,6824,126,4,0,130,72,0,0,0,0,370,0,16,1280,12173,144,4189,6530,170,0,808,12.173
243,28.248,38.58,0.059,0.0,0.0,0.0,0.0,0.0,551.0,2650.0,0.912,32,32,7,14.792,14.372,271,240,2,130,210,80,0,16800,6824,129,1,0,130,71,0,1,1,0,370,0,16,1200,11709,137,4000,6242,171,0,804,11.709
244,28.811,38.58,0.059,0.0,0.0,0.0,0.0,0.0,550.0,2648.0,0.872,32,32,6,14.762,14.34,270,240,2,128,208,80,0,16640,6656,107,21,0,128,73,0,1,0,0,368,0,13,1017,12367,180,4290,6508,291,0,724,12.367
245,28.36,38.58,0.059,0.0,0.0,0.0,0.0,0.0,550.0,2648.0,0.911,32,32,6,14.814,14.415,269,240,2,128,208,80,0,16640,6656,123,5,0,128,68,2,2,0,0,368,0,12,960,11609,151,4005,6262,159,46,635,11.609
246,26.792,38.58,0.059,0.0,0.0,0.0,0.0,0.0,550.0,2648.0,0.664,32,32,6,15.638,15.169,272,240,2,128,208,80,0,16640,6656,128,0,0,128,66,0,0,0,0,368,0,12,960,9087,113,3190,4904,132,0,462,9.087
247,27.988,38.58,0.059,0.0,0.0,0.0,0.0,0.0,550.0,2648.0,0.877,32,32,6,17.6,17.245,270,240,2,128,208,80,0,16640,6656,128,0,0,128,66,0,0,0,0,368,0,12,960,8965,103,3223,4735,121,0,470,8.965
248,23.424,38.58,0.059,0.0,0.0,0.0,0.0,0.0,550.0,2648.0,0.79,32,32,6,12.991,12.635,271,240,2,128,208,80,0,16640,6656,128,0,0,128,66,0,0,0,0,368,0,12,960,8840,101,3025,4848,109,0,483,8.84
249,23.163,38.58,0.059,0.0,0.0,0.0,0.0,0.0,554.0,2656.0,0.833,32,32,10,12.33,11.989,270,240,2,128,208,80,0,16640,6656,128,0,0,128,65,4,0,0,0,368,0,16,1280,9263,238,3070,4673,131,266,627,9.263
250,29.015,38.58,0.059,0.0,0.0,0.0,0.0,0.0,554.0,2656.0,1.066,32,32,10,12.57,12.096,273,240,2,128,208,80,0,16640,6656,127,1,0,128,64,0,0,0,0,368,0,20,1600,14918,132,6377,6651,200,0,1130,14.918
251,32.729,38.58,0.059,0.0,0.0,0.0,0.0,0.0,549.0,2646.0,1.089,32,32,10,17.173,16.647,275,240,2,128,208,80,0,16640,6656,127,1,0,128,64,0,0,0,0,368,0,20,1600,13015,171,4571,6497,236,0,1072,13.015
252,32.148,38.58,0.059,0.0,0.0,0.0,0.0,0.0,549.0,2646.0,1.105,32,32,10,17.319,16.854,269,240,2,128,208,80,0,16640,6656,128,0,0,128,64,0,0,0,0,368,0,20,1600,12796,158,4444,6486,213,0,1052,12.796
253,31.855,38.58,0.059,0.0,0.0,0.0,0.0,0.0,549.0,2646.0,1.078,32,32,10,17.002,16.57,269,240,2,128,208,80,0,16640,6656,128,0,0,128,64,0,0,0,0,368,0,20,1600,12830,173,4361,6525,203,0,1124,12.83
254,32.037,38.58,0.059,0.0,0.0,0.0,0.0,0.0,548.0,2644.0,1.037,32,32,10,17.108,16.639,268,240,2,128,208,80,0,16640,6656,128,0,0,128,64,0,0,0,0,368,0,20,1600,12787,165,4468,6382,205,0,1172,12.787
255,31.876,38.58,0.059,0.0,0.0,0.0,0.0,0.0,548.0,2644.0,1.217,32,32,10,16.849,16.381,270,240,2,128,208,80,0,16640,6656,128,0,0,128,61,0,0,0,0,368,0,20,1600,12912,164,4509,6494,211,0,1114,12.912
256,32.086,38.58,0.059,0.0,0.0,0.0,0.0,0.0,548.0,2644.0,0.998,32,32,8,16.991,16.533,268,240,2,128,208,80,0,16640,6656,128,0,0,128,60,0,2,0,0,368,0,19,1377,12922,164,4563,6524,215,0,1023,12.922
257,25.669,38.58,0.059,0.0,0.0,0.0,0.0,0.0,548.0,2644.0,1.016,31,32,7,12.759,12.307,268,240,2,128,208,80,0,16640,6656,128,0,0,128,60,0,1,1,0,368,0,16,1200,10926,133,3614,5875,168,0,806,10.926
258,31.911,38.58,0.059,0.0,0.0,0.0,0.0,0.0,554.0,2656.0,1.093,31,32,10,17.092,16.687,268,240,2,126,206,80,0,16480,6488,115,11,0,126,62,6,3,0,0,366,0,18,1200,12898,286,4246,6246,175,614,899,12.898
259,33.58,38.58,0.059,0.0,0.0,0.0,0.0,0.0,556.0,2660.0,0.938,31,31,11,18.148,15.427,276,240,2,126,206,80,0,16480,6488,125,1,0,126,59,2,1,1,0,366,0,23,1760,13065,173,4287,6537,158,298,1262,13.065
260,31.53,38.58,0.059,0.0,0.0,0.0,0.0,0.0,555.0,2658.0,1.153,31,31,11,16.375,15.858,276,240,2,124,204,80,0,16320,6324,112,12,0,124,57,0,0,0,0,364,0,22,1760,13256,213,4619,6599,151,0,1203,13.256
261,27.97,38.58,0.059,0.0,0.0,0.0,0.0,0.0,555.0,2658.0,0.724,31,31,11,17.335,16.681,277,240,2,124,204,80,0,16320,6324,124,0,0,124,56,0,0,0,0,364,0,22,1760,8538,112,2972,4326,91,0,822,8.538
262,20.435,38.58,0.059,0.0,0.0,0.0,0.0,0.0,555.0,2658.0,0.667,31,31,11,10.482,10.12,275,240,2,124,204,80,0,16320,6324,124,0,0,124,56,0,0,0,0,364,0,22,1760,8536,138,2947,4245,86,0,899,8.536
263,20.63,38.58,0.059,0.0,0.0,0.0,0.0,0.0,554.0,2656.0,0.608,31,31,11,10.576,10.217,276,240,2,124,204,80,0,16320,6324,124,0,0,124,56,0,0,0,0,364,0,22,1760,8548,94,2850,4524,107,0,763,8.548
264,26.755,38.58,0.059,0.0,0.0,0.0,0.0,0.0,554.0,2656.0,0.755,31,31,11,11.218,10.849,275,240,2,124,204,80,0,16320,6324,124,0,0,124,56,0,0,0,0,364,0,22,1760,14313,114,3038,6676,106,0,4141,14.313
265,23.522,38.58,0.059,0.0,0.0,0.0,0.0,0.0,553.0,2654.0,1.354,31,31,11,12.779,12.382,272,240,2,124,204,80,0,16320,6324,124,0,0,124,56,0,0,0,0,364,0,22,1760,9245,109,2990,4837,183,0,874,9.245
266,21.883,38.58,0.059,0.0,0.0,0.0,0.0,0.0,552.0,2652.0,0.708,31,30,10,10.953,10.584,274,240,2,124,204,80,0,16320,6324,124,0,0,124,56,0,1,1,0,364,0,22,1737,8755,106,3015,4456,102,0,818,8.755
267,20.84,38.58,0.059,0.0,0.0,0.0,0.0,0.0,553.0,2654.0,0.615,31,30,10,10.973,10.65,274,240,2,122,202,80,0,16160,6160,97,25,0,122,73,1,1,0,0,362,0,21,1617,8516,115,2974,4242,99,122,747,8.516
268,29.57,38.58,0.059,0.0,0.0,0.0,0.0,0.0,553.0,2654.0,1.015,31,30,10,16.439,16.029,274,240,2,122,202,80,0,16160,6160,121,1,0,122,70,0,0,0,0,362,0,20,1600,11361,156,3834,5646,152,0,1248,11.361
269,30.243,38.58,0.059,0.0,0.0,0.0,0.0,0.0,553.0,2654.0,0.97,31,30,10,15.425,14.946,274,240,2,122,202,80,0,16160,6160,122,0,0,122,70,0,0,0,0,362,0,20,1600,12623,172,4469,6299,170,0,1115,12.623
270,31.327,38.58,0.059,0.0,0.0,0.0,0.0,0.0,553.0,2654.0,0.772,31,30,9,15.889,15.422,273,240,2,122,202,80,0,16160,6160,122,0,0,122,67,0,1,0,0,362,0,19,1467,13625,159,5175,6692,207,0,904,13.625
271,22.783,38.58,0.059,0.0,0.0,0.0,0.0,0.0,553.0,2654.0,0.81,31,30,9,11.342,10.895,273,240,2,122,202,80,0,16160,6160,122,0,0,122,66,0,0,0,0,362,0,18,1440,9998,127,3317,5453,127,0,655,9.998
272,34.659,38.58,0.059,0.0,0.0,0.0,0.0,0.0,553.0,2654.0,1.003,31,30,9,20.471,20.114,273,240,2,122,202,80,0,16160,6160,122,0,0,122,65,0,0,0,0,362,0,18,1440,12474,177,4429,6236,198,0,995,12.474
273,30.793,38.58,0.059,0.0,0.0,0.0,0.0,0.0,559.0,2666.0,0.836,31,30,15,16.685,16.171,274,240,2,122,202,80,0,16160,6160,122,0,0,122,62,6,0,0,0,362,0,24,1920,12147,158,3952,5781,155,484,1262,12.147
274,26.005,38.58,0.059,0.0,0.0,0.0,0.0,0.0,559.0,2666.0,0.766,30,30,13,15.495,14.916,280,240,2,122,202,80,0,16160,6131,107,15,0,122,61,1,3,1,0,362,0,29,2160,8973,112,3041,4415,102,26,1041,8.973
275,22.006,34.283,0.044,0.0,0.0,0.0,0.0,0.0,559.0,2666.0,0.889,30,30,13,11.311,10.864,279,240,2,120,200,80,0,16000,6000,110,10,0,120,65,0,0,0,0,360,0,26,2080,8948,131,3054,4359,105,0,1014,8.948
276,21.744,34.283,0.044,0.0,0.0,0.0,0.0,0.0,560.0,2668.0,0.684,30,30,14,10.902,10.465,281,240,2,120,200,80,0,16000,6000,120,0,0,120,62,1,0,0,0,360,0,27,2160,9088,98,3209,4361,111,128,949,9.088
277,22.821,34.283,0.044,0.0,0.0,0.0,0.0,0.0,560.0,2668.0,0.665,30,30,14,11.969,11.505,280,240,2,120,200,80,0,16000,6000,120,0,0,120,55,0,0,0,0,360,0,28,2240,9481,122,3428,4448,108,0,1136,9.481
278,21.369,34.283,0.044,0.0,0.0,0.0,0.0,0.0,558.0,2664.0,0.682,30,30,13,10.862,10.439,280,240,2,120,200,80,0,16000,6000,118,2,0,120,50,2,3,0,0,360,0,28,2181,9143,96,3208,4487,107,41,981,9.143
279,22.183,34.283,0.044,0.0,0.0,0.0,0.0,0.0,557.0,2662.0,0.788,30,30,10,11.637,11.134,278,240,2,120,200,80,0,16000,6000,120,0,0,120,48,0,3,0,0,360,0,23,1743,9127,98,3306,4525,106,0,831,9.127
280,24.036,34.283,0.044,0.0,0.0,0.0,0.0,0.0,554.0,2656.0,0.815,30,30,9,12.358,11.917,278,240,2,120,200,80,0,16000,6000,120,0,0,120,47,0,1,0,0,360,0,20,1541,10162,101,3946,4967,124,0,749,10.162
281,21.674,34.283,0.044,0.0,0.0,0.0,0.0,0.0,553.0,2654.0,0.75,30,30,9,11.287,10.862,275,240,2,120,200,80,0,16000,6000,120,0,0,120,44,1,1,0,0,360,0,18,1440,8676,102,3056,4424,89,23,738,8.676
282,21.654,34.283,0.044,0.0,0.0,0.0,0.0,0.0,553.0,2654.0,0.678,30,30,9,11.601,11.225,274,240,2,120,200,80,0,16000,6000,119,1,0,120,44,0,0,0,0,360,0,18,1440,8565,138,3043,4383,94,0,669,8.565
283,21.175,34.283,0.044,0.0,0.0,0.0,0.0,0.0,553.0,2654.0,0.704,30,30,9,11.085,10.667,274,240,2,120,200,80,0,16000,6000,120,0,0,120,44,0,0,0,0,360,0,18,1440,8741,110,3271,4351,111,0,674,8.741
284,21.598,34.283,0.044,0.0,0.0,0.0,0.0,0.0,557.0,2662.0,0.725,30,30,13,11.352,11.0,273,240,2,120,200,80,0,16000,6000,118,2,0,120,44,4,0,0,0,360,0,25,2000,8859,102,3009,4262,109,247,872,8.859
285,22.049,34.283,0.044,0.0,0.0,0.0,0.0,0.0,559.0,2666.0,0.683,30,30,15,11.379,10.971,277,240,2,120,200,80,0,16000,6000,116,4,0,120,44,2,0,0,0,360,0,30,2400,9225,107,3093,4412,101,184,1095,9.225
286,22.527,34.283,0.044,0.0,0.0,0.0,0.0,0.0,559.0,2666.0,0.695,30,30,15,11.108,10.673,279,240,2,120,200,80,0,16000,6000,116,4,0,120,44,0,0,0,0,360,0,30,2400,9528,198,3104,4553,97,0,1311,9.528
287,22.733,34.283,0.044,0.0,0.0,0.0,0.0,0.0,559.0,2666.0,0.618,30,30,13,12.663,12.262,280,240,2,120,200,80,0,16000,6000,119,1,0,120,44,0,2,0,0,360,0,28,2080,8604,92,2893,4370,97,0,938,8.604
288,20.492,34.283,0.044,0.0,0.0,0.0,0.0,0.0,558.0,2664.0,0.664,29,30,10,10.874,10.423,279,240,2,120,200,80,0,16000,6000,118,2,0,120,44,0,3,1,0,360,0,24,1770,8341,99,2967,4162,97,0,811,8.341
289,20.833,34.283,0.044,0.0,0.0,0.0,0.0,0.0,557.0,2662.0,0.714,29,30,10,10.971,10.611,278,240,2,118,198,80,0,15840,5840,96,22,0,118,47,2,2,0,0,358,0,20,1600,8592,129,3134,4197,92,45,755,8.592
290,23.391,34.283,0.044,0.0,0.0,0.0,0.0,0.0,557.0,2662.0,0.905,29,30,9,12.033,11.522,282,240,2,118,198,80,0,15840,5840,116,2,0,118,46,0,1,0,0,358,0,19,1440,9811,96,3563,4963,121,0,771,9.811
291,23.321,34.283,0.044,0.0,0.0,0.0,0.0,0.0,557.0,2662.0,0.661,29,30,9,12.068,11.608,277,240,2,118,198,80,0,15840,5840,118,0,0,118,46,0,0,0,0,358,0,18,1440,9758,101,3533,4966,102,0,772,9.758
292,24.175,34.283,0.044,0.0,0.0,0.0,0.0,0.0,556.0,2660.0,1.023,29,30,9,12.421,12.002,277,240,2,118,198,80,0,15840,5840,117,1,0,118,45,0,0,0,0,358,0,18,1440,10456,154,3690,5207,120,0,963,10.456
293,23.36,34.283,0.044,0.0,0.0,0.0,0.0,0.0,556.0,2660.0,0.674,29,30,9,13.337,12.773,277,240,2,118,198,80,0,15840,5840,117,1,0,118,42,0,0,0,0,358,0,18,1440,8166,96,3009,4129,93,0,604,8.166
294,20.103,34.283,0.044,0.0,0.0,0.0,0.0,0.0,556.0,2660.0,0.63,29,30,9,10.974,10.58,276,240,2,118,198,80,0,15840,5840,118,0,0,118,40,0,0,0,0,358,0,18,1440,7832,112,2848,3998,74,0,600,7.832
295,19.911,34.283,0.044,0.0,0.0,0.0,0.0,0.0,556.0,2660.0,0.678,29,30,8,10.596,10.229,276,240,2,118,198,80,0,15840,5840,118,0,0,118,40,0,1,0,0,358,0,17,1307,8129,97,3022,4076,98,0,586,8.129
296,20.421,34.283,0.044,0.0,0.0,0.0,0.0,0.0,554.0,2656.0,0.621,29,29,7,10.926,10.575,275,240,2,117,197,80,0,15760,5762,98,19,0,117,42,0,1,1,0,357,0,15,1120,8178,95,3059,4173,82,0,556,8.178
297,20.442,34.283,0.044,0.0,0.0,0.0,0.0,0.0,554.0,2656.0,0.713,29,29,7,10.962,10.536,277,240,2,116,196,80,0,15680,5684,116,0,0,116,43,0,0,0,0,356,0,14,1120,8219,106,3098,4225,87,0,486,8.219
298,20.248,34.283,0.044,0.0,0.0,0.0,0.0,0.0,554.0,2656.0,0.701,29,29,6,10.756,10.372,276,240,2,116,196,80,0,15680,5684,116,0,0,116,41,0,1,0,0,356,0,14,1069,8011,112,2945,4157,73,0,501,8.011
299,20.946,34.283,0.044,0.0,0.0,0.0,0.0,0.0,554.0,2656.0,0.673,29,29,6,10.89,10.472,275,240,2,116,196,80,0,15680,5684,116,0,0,116,40,0,0,0,0,356,0,12,960,8588,104,3395,4342,95,0,423,8.588
300,19.355,34.283,0.044,0.0,0.0,0.0,0.0,0.0,553.0,2654.0,0.654,29,29,6,10.416,10.057,274,240,2,116,196,80,0,15680,5684,116,0,0,116,40,0,0,0,0,356,0,12,960,7647,94,2877,3932,77,0,465,7.647
301,21.024,34.283,0.044,0.0,0.0,0.0,0.0,0.0,552.0,2652.0,0.62,29,28,6,11.256,10.903,273,240,2,115,195,80,0,15600,5606,108,7,0,115,42,2,2,1,0,355,0,12,800,8083,109,2920,4116,96,172,451,8.083
302,19.921,34.283,0.044,0.0,0.0,0.0,0.0,0.0,551.0,2650.0,0.675,29,28,6,10.679,10.363,271,240,2,114,194,80,0,15520,5528,113,1,0,114,44,0,0,0,0,354,0,12,960,7995,96,3013,4079,115,0,493,7.995
303,19.964,34.283,0.044,0.0,0.0,0.0,0.0,0.0,551.0,2650.0,0.602,29,28,5,10.681,10.362,273,240,2,114,194,80,0,15520,5528,114,0,0,114,44,0,1,0,0,354,0,12,880,7762,94,2941,3963,87,0,440,7.762
304,19.647,34.283,0.044,0.0,0.0,0.0,0.0,0.0,551.0,2650.0,0.653,29,28,4,10.623,10.279,272,240,2,114,194,80,0,15520,5528,114,0,0,114,44,0,1,0,0,354,0,10,720,7855,99,3019,4077,86,0,350,7.855
305,22.401,34.283,0.044,0.0,0.0,0.0,0.0,0.0,551.0,2650.0,0.654,29,28,3,10.845,10.497,273,240,2,114,194,80,0,15520,5528,113,1,0,114,44,0,1,0,0,354,0,8,623,8954,177,3245,4798,114,0,378,8.954
306,20.591,34.283,0.044,0.0,0.0,0.0,0.0,0.0,551.0,2650.0,0.771,29,28,2,11.214,10.839,273,240,2,114,194,80,0,15520,5528,114,0,0,114,44,0,1,0,0,354,0,5,343,8104,104,3213,4227,97,0,226,8.104
307,20.102,34.283,0.044,0.0,0.0,0.0,0.0,0.0,551.0,2650.0,0.852,29,28,2,11.227,10.925,271,240,2,114,194,80,0,15520,5528,114,0,0,114,44,0,0,0,0,354,0,4,320,7424,99,2891,3961,86,0,147,7.424
308,21.166,34.283,0.044,0.0,0.0,0.0,0.0,0.0,553.0,2654.0,0.691,29,28,4,11.575,11.219,270,240,2,114,194,80,0,15520,5528,114,0,0,114,39,2,0,0,0,354,0,7,560,8125,102,3067,4065,101,241,299,8.125
309,20.802,34.283,0.044,0.0,0.0,0.0,0.0,0.0,552.0,2652.0,0.765,29,28,5,11.1,10.691,273,240,2,114,194,80,0,15520,5528,114,0,0,114,36,1,0,0,0,354,0,10,800,8334,96,3220,4195,102,100,354,8.334
310,24.436,34.283,0.044,0.0,0.0,0.0,0.0,0.0,550.0,2648.0,0.994,29,28,6,10.922,10.569,273,240,2,114,194,80,0,15520,5528,114,0,0,114,36,1,0,0,0,354,0,11,880,12019,157,4483,5898,155,214,709,12.019
311,26.285,34.283,0.044,0.0,0.0,0.0,0.0,0.0,552.0,2652.0,0.731,29,28,8,16.134,15.679,271,240,2,114,194,80,0,15520,5528,114,0,0,114,35,2,0,0,0,354,0,15,1200,8109,106,2941,3989,89,179,575,8.109
312,22.556,34.283,0.044,0.0,0.0,0.0,0.0,0.0,553.0,2654.0,0.66,29,28,10,11.266,10.956,272,240,2,114,194,80,0,15520,5528,114,0,0,114,33,1,0,0,0,354,0,19,1520,9889,104,3279,5335,97,116,702,9.889
313,19.785,34.283,0.044,0.0,0.0,0.0,0.0,0.0,554.0,2656.0,0.649,29,28,11,10.418,10.039,274,240,2,114,194,80,0,15520,5528,113,1,0,114,32,1,0,0,0,354,0,21,1680,8161,95,2835,3946,89,103,696,8.161
314,20.716,34.283,0.044,0.0,0.0,0.0,0.0,0.0,555.0,2658.0,0.762,29,28,12,10.111,9.767,274,240,2,114,194,80,0,15520,5528,114,0,0,114,32,1,0,0,0,354,0,24,1920,9243,126,3617,4115,86,84,978,9.243
315,20.921,34.283,0.044,0.0,0.0,0.0,0.0,0.0,555.0,2658.0,0.665,29,28,12,11.366,10.967,275,240,2,114,194,80,0,15520,5528,114,0,0,114,32,0,0,0,0,354,0,24,1920,8113,102,2914,3933,78,0,882,8.113
316,21.916,34.283,0.044,0.0,0.0,0.0,0.0,0.0,557.0,2662.0,0.664,29,28,14,12.168,11.81,276,240,2,114,194,80,0,15520,5528,113,1,0,114,32,2,0,0,0,354,0,27,2160,8467,143,2987,3922,74,142,995,8.467
317,22.109,34.283,0.044,0.0,0.0,0.0,0.0,0.0,556.0,2660.0,0.767,29,28,14,11.096,10.703,277,240,2,114,194,80,0,15520,5528,114,0,0,114,32,0,0,0,0,354,0,28,2240,9452,130,3101,4629,108,0,1271,9.452
318,21.473,34.283,0.044,0.0,0.0,0.0,0.0,0.0,555.0,2658.0,0.629,29,28,14,11.768,11.373,277,240,2,114,194,80,0,15520,5528,113,1,0,114,32,0,0,0,0,354,0,28,2240,8337,95,2984,3975,99,0,976,8.337
319,20.3,34.283,0.044,0.0,0.0,0.0,0.0,0.0,555.0,2658.0,0.62,29,28,14,10.706,10.308,275,240,2,114,194,80,0,15520,5528,114,0,0,114,32,0,0,0,0,354,0,28,2240,8376,119,2944,4007,70,0,1004,8.376
320,20.817,34.283,0.044,0.0,0.0,0.0,0.0,0.0,554.0,2656.0,0.651,29,27,12,11.008,10.625,275,240,2,113,193,80,0,15440,5450,85,28,0,113,44,0,2,1,0,353,0,26,1920,8566,98,3301,3974,91,0,896,8.566
321,20.122,34.283,0.044,0.0,0.0,0.0,0.0,0.0,554.0,2656.0,0.634,29,27,12,10.771,10.377,274,240,2,112,192,80,0,15360,5372,112,0,0,112,54,0,0,0,0,352,0,24,1920,8066,102,2950,3853,95,0,870,8.066
322,20.445,30.042,0.029,0.0,0.0,0.0,0.0,0.0,554.0,2656.0,0.744,29,27,12,10.797,10.362,276,240,2,112,192,80,0,15360,5372,111,1,0,112,47,0,0,0,0,352,0,24,1920,8208,102,2994,3961,96,0,820,8.208
323,20.2,30.042,0.029,0.0,0.0,0.0,0.0,0.0,552.0,2652.0,0.705,29,27,12,10.566,10.147,275,240,2,112,192,80,0,15360,5372,112,0,0,112,44,0,0,0,0,352,0,24,1920,8072,115,2964,3855,86,0,816,8.072
324,19.952,30.042,0.029,0.0,0.0,0.0,0.0,0.0,552.0,2652.0,0.718,28,27,11,10.626,10.256,272,240,2,111,191,80,0,15280,5298,93,18,0,111,48,0,1,1,0,351,0,23,1760,8096,95,3009,3873,88,0,788,8.096
325,20.797,30.042,0.029,0.0,0.0,0.0,0.0,0.0,555.0,2658.0,0.694,28,27,15,10.944,10.577,273,240,2,110,190,80,0,15200,5224,110,0,0,110,49,4,0,0,0,350,0,30,2400,8495,109,2982,3770,81,240,1105,8.495
326,21.104,30.042,0.029,0.0,0.0,0.0,0.0,0.0,554.0,2656.0,0.68,28,27,15,11.383,10.984,276,240,2,110,190,80,0,15200,5224,110,0,0,110,43,0,0,0,0,350,0,30,2400,8243,96,3048,3813,76,0,1016,8.243
327,23.344,30.042,0.029,0.0,0.0,0.0,0.0,0.0,553.0,2654.0,0.691,27,27,14,12.862,12.529,273,240,2,109,189,80,0,15120,5150,100,9,0,109,42,0,1,1,0,349,0,29,2240,9150,178,3453,4125,92,0,1071,9.15
328,21.672,30.042,0.029,0.0,0.0,0.0,0.0,0.0,552.0,2652.0,0.81,27,27,14,11.652,11.247,274,240,2,108,188,80,0,15040,5076,108,0,0,108,44,0,0,0,0,348,0,28,2240,8581,106,3120,3992,91,0,1016,8.581
329,23.154,30.042,0.029,0.0,0.0,0.0,0.0,0.0,552.0,2652.0,0.758,27,27,14,11.896,11.358,272,240,2,108,188,80,0,15040,5076,108,0,0,108,44,0,0,0,0,348,0,28,2240,9494,128,3441,4215,101,0,1378,9.494
330,22.78,30.042,0.029,0.0,0.0,0.0,0.0,0.0,552.0,2652.0,0.714,27,27,13,12.939,12.457,275,240,2,108,188,80,0,15040,5076,108,0,0,108,43,0,1,0,0,348,0,28,2187,8419,99,2988,3924,101,0,1038,8.419
331,22.935,30.042,0.029,0.0,0.0,0.0,0.0,0.0,552.0,2652.0,0.782,27,27,12,12.147,11.805,271,240,2,108,188,80,0,15040,5076,108,0,0,108,35,2,3,0,0,348,0,26,2067,9408,133,3397,4058,96,54,1012,9.408
332,26.68,30.042,0.029,0.0,0.0,0.0,0.0,0.0,552.0,2652.0,0.806,26,27,10,16.176,15.814,272,240,2,108,188,80,0,15040,5076,108,0,0,108,33,0,2,1,0,348,0,23,1774,9013,144,3331,4332,84,0,901,9.013
333,20.341,30.042,0.029,0.0,0.0,0.0,0.0,0.0,552.0,2652.0,0.689,26,27,10,11.094,10.733,273,240,2,106,186,80,0,14880,4928,80,26,0,106,52,0,0,0,0,346,0,20,1600,7806,103,2969,3751,102,0,695,7.806
334,23.545,30.042,0.029,0.0,0.0,0.0,0.0,0.0,557.0,2662.0,0.729,26,27,14,10.816,10.434,272,240,2,106,186,80,0,14880,4928,106,0,0,106,47,5,1,0,0,346,0,29,2307,11184,607,3511,4964,186,507,1163,11.184
335,22.845,30.042,0.029,0.0,0.0,0.0,0.0,0.0,558.0,2664.0,0.715,26,27,15,12.357,11.95,277,240,2,106,186,80,0,14880,4928,105,1,0,106,44,1,0,0,0,346,0,30,2400,8884,103,3035,4193,100,111,1108,8.884
336,23.128,30.042,0.029,0.0,0.0,0.0,0.0,0.0,559.0,2666.0,0.727,26,26,15,13.343,11.387,281,240,2,105,185,80,0,14800,4856,81,24,0,105,44,1,1,1,0,345,0,30,2320,8444,130,3023,3765,90,107,1101,8.444
337,22.126,30.042,0.029,0.0,0.0,0.0,0.0,0.0,559.0,2666.0,0.697,26,26,14,12.12,11.705,278,240,2,104,184,80,0,14720,4784,104,0,0,104,39,0,1,0,0,344,0,30,2349,8645,105,3307,3787,138,0,1086,8.645
338,21.689,30.042,0.029,0.0,0.0,0.0,0.0,0.0,559.0,2666.0,0.775,26,26,14,11.186,10.761,281,240,2,104,184,80,0,14720,4784,104,0,0,104,37,0,0,0,0,344,0,28,2240,8854,118,3423,3964,78,0,978,8.854
339,22.578,30.042,0.029,0.0,0.0,0.0,0.0,0.0,559.0,2666.0,0.735,26,26,12,12.43,11.956,279,240,2,104,184,80,0,14720,4784,104,0,0,104,34,0,2,0,0,344,0,27,2102,8758,99,3351,3966,89,0,982,8.758
340,20.433,30.042,0.029,0.0,0.0,0.0,0.0,0.0,559.0,2666.0,0.631,26,26,10,11.359,10.935,278,240,2,104,184,80,0,14720,4784,104,0,0,104,33,0,2,0,0,344,0,24,1760,7662,102,2870,3599,69,0,812,7.662
341,19.936,30.042,0.029,0.0,0.0,0.0,0.0,0.0,559.0,2666.0,0.643,26,26,9,10.91,10.369,279,240,2,104,184,80,0,14720,4784,104,0,0,104,29,2,3,0,0,344,0,20,1553,7603,98,2912,3602,69,29,701,7.603
342,20.068,30.042,0.029,0.0,0.0,0.0,0.0,0.0,558.0,2664.0,0.68,26,26,10,10.925,10.456,281,240,2,104,184,80,0,14720,4784,104,0,0,104,26,1,0,0,0,344,0,20,1600,7799,101,2899,3677,70,132,719,7.799
343,20.195,30.042,0.029,0.0,0.0,0.0,0.0,0.0,559.0,2666.0,0.646,26,26,11,11.078,10.626,277,240,2,104,184,80,0,14720,4784,104,0,0,104,26,1,0,0,0,344,0,22,1760,7843,96,2927,3603,64,115,837,7.843
344,19.933,30.042,0.029,0.0,0.0,0.0,0.0,0.0,559.0,2666.0,0.688,26,26,10,10.921,10.422,278,240,2,104,184,80,0,14720,4784,104,0,0,104,26,0,1,0,0,344,0,22,1753,7779,95,2994,3612,71,0,819,7.779
345,19.675,30.042,0.029,0.0,0.0,0.0,0.0,0.0,559.0,2666.0,0.661,26,26,10,10.827,10.256,280,240,2,104,184,80,0,14720,4784,104,0,0,104,26,0,0,0,0,344,0,20,1600,7568,101,2908,3605,69,0,696,7.568
346,22.403,30.042,0.029,0.0,0.0,0.0,0.0,0.0,558.0,2664.0,0.613,26,26,10,10.749,10.336,278,240,2,104,184,80,0,14720,4784,103,1,0,104,26,0,0,0,0,344,0,20,1600,10404,96,2980,3803,87,0,3233,10.404
347,22.385,30.042,0.029,0.0,0.0,0.0,0.0,0.0,558.0,2664.0,0.828,26,26,10,12.16,11.787,278,240,2,104,184,80,0,14720,4784,104,0,0,104,26,0,0,0,0,344,0,20,1600,8859,104,3298,4345,92,0,766,8.859
348,24.793,30.042,0.029,0.0,0.0,0.0,0.0,0.0,558.0,2664.0,1.461,26,26,10,14.784,14.333,279,240,2,104,184,80,0,14720,4784,104,0,0,104,26,0,0,0,0,344,0,20,1600,8497,211,3160,3783,73,0,1054,8.497
349,25.105,30.042,0.029,0.0,0.0,0.0,0.0,0.0,563.0,2674.0,0.746,26,26,16,13.926,13.244,276,240,2,104,184,80,0,14720,4784,104,0,0,104,24,6,0,0,0,344,0,32,2560,8790,115,3086,3771,74,309,1188,8.79
350,22.366,30.042,0.029,0.0,0.0,0.0,0.0,0.0,563.0,2674.0,0.767,26,26,16,12.413,11.943,283,240,2,104,184,80,0,14720,4784,104,0,0,104,24,0,0,0,0,344,0,32,2560,8502,108,3306,3656,73,0,1146,8.502
351,22.847,30.042,0.029,0.0,0.0,0.0,0.0,0.0,564.0,2676.0,0.893,26,26,17,12.247,11.776,283,240,2,104,184,80,0,14720,4784,103,1,0,104,22,1,0,0,0,344,0,34,2720,9157,121,3183,3944,70,142,1439,9.157
352,25.409,30.042,0.029,0.0,0.0,0.0,0.0,0.0,564.0,2676.0,0.754,26,26,18,12.216,11.587,285,240,2,104,184,80,0,14720,4784,103,1,0,104,22,1,0,0,0,344,0,36,2880,10383,131,3524,4623,89,309,1343,10.383
353,23.203,30.042,0.029,0.0,0.0,0.0,0.0,0.0,563.0,2674.0,1.141,25,26,17,11.893,11.286,285,240,2,104,184,80,0,14720,4784,104,0,0,104,22,0,1,1,0,344,0,36,2800,9539,140,3335,4357,77,0,1394,9.539
354,25.026,30.042,0.029,0.0,0.0,0.0,0.0,0.0,561.0,2670.0,0.779,25,25,14,14.037,13.366,284,240,2,102,182,80,0,14560,4640,81,21,0,102,48,0,3,1,0,342,0,32,2466,8859,101,3249,3893,91,0,1291,8.859
355,22.204,30.042,0.029,0.0,0.0,0.0,0.0,0.0,561.0,2670.0,0.81,25,25,14,12.162,11.7,281,240,2,100,180,80,0,14400,4500,79,21,0,100,70,0,0,0,0,340,0,28,2240,8286,116,3180,3569,109,0,1110,8.286
356,21.655,30.042,0.029,0.0,0.0,0.0,0.0,0.0,560.0,2668.0,0.707,25,25,13,11.986,11.449,281,240,2,100,180,80,0,14400,4500,100,0,0,100,68,0,1,0,0,340,0,28,2231,7909,135,2908,3538,90,0,1039,7.909
357,22.649,30.042,0.029,0.0,0.0,0.0,0.0,0.0,560.0,2668.0,0.693,25,25,13,13.357,12.906,279,240,2,100,180,80,0,14400,4500,100,0,0,100,66,0,0,0,0,340,0,26,2080,7839,125,2968,3534,103,0,904,7.839
358,20.503,30.042,0.029,0.0,0.0,0.0,0.0,0.0,559.0,2666.0,0.687,25,25,12,11.139,10.637,280,240,2,100,180,80,0,14400,4500,100,0,0,100,66,0,1,0,0,340,0,26,2071,7975,98,3083,3536,85,0,974,7.975
359,20.445,30.042,0.029,0.0,0.0,0.0,0.0,0.0,560.0,2668.0,0.816,25,25,13,10.978,10.559,279,240,2,100,180,80,0,14400,4500,100,0,0,100,62,2,1,0,0,340,0,25,1951,7967,94,3033,3477,89,199,861,7.967
360,21.23,30.042,0.029,0.0,0.0,0.0,0.0,0.0,562.0,2672.0,0.654,25,25,14,11.648,11.177,280,240,2,100,180,80,0,14400,4500,100,0,0,100,54,2,1,0,0,340,0,27,2080,8187,96,3072,3598,90,189,940,8.187
361,20.584,30.042,0.029,0.0,0.0,0.0,0.0,0.0,562.0,2672.0,0.67,25,25,16,11.212,10.738,281,240,2,100,180,80,0,14400,4500,100,0,0,100,44,2,0,0,0,340,0,30,2400,8043,103,2948,3513,91,151,1046,8.043
362,20.417,30.042,0.029,0.0,0.0,0.0,0.0,0.0,560.0,2668.0,0.639,25,25,16,11.103,10.682,281,240,2,100,180,80,0,14400,4500,100,0,0,100,26,0,0,0,0,340,0,32,2560,7956,102,2965,3490,73,0,1132,7.956
363,22.065,30.042,0.029,0.0,0.0,0.0,0.0,0.0,559.0,2666.0,0.747,25,25,16,11.644,11.205,279,240,2,100,180,80,0,14400,4500,100,0,0,100,20,0,0,0,0,340,0,32,2560,9080,125,3109,3705,82,0,1829,9.08
364,21.911,30.042,0.029,0.0,0.0,0.0,0.0,0.0,559.0,2666.0,0.707,25,25,15,11.871,11.452,279,240,2,100,180,80,0,14400,4500,100,0,0,100,20,0,1,0,0,340,0,32,2480,8571,112,3247,3691,68,0,1224,8.571
365,24.255,30.042,0.029,0.0,0.0,0.0,0.0,0.0,559.0,2666.0,1.364,25,25,13,11.91,11.478,280,240,2,100,180,80,0,14400,4500,100,0,0,100,20,0,2,0,0,340,0,29,2191,10726,109,4027,4832,275,0,1236,10.726
366,30.546,30.042,0.029,0.0,0.0,0.0,0.0,0.0,558.0,2664.0,1.024,24,24,11,17.002,16.073,279,240,2,100,180,80,0,14400,4500,100,0,0,100,20,0,2,2,0,340,0,26,2022,11245,163,4262,4896,129,0,1448,11.245
367,28.683,29.785,0.03,0.0,0.0,0.0,0.0,0.0,558.0,2664.0,0.909,24,24,11,16.313,15.753,278,240,2,96,176,80,0,14080,4224,60,36,0,96,38,0,0,0,0,336,0,22,1760,10361,220,3983,4663,123,0,1053,10.361
368,28.973,29.785,0.03,0.0,0.0,0.0,0.0,0.0,558.0,2664.0,1.003,24,24,9,16.35,15.757,278,240,2,96,176,80,0,14080,4224,96,0,0,96,30,0,2,0,0,336,0,21,1522,10668,163,4189,4679,119,0,1143,10.668
369,28.388,29.785,0.03,0.0,0.0,0.0,0.0,0.0,558.0,2664.0,0.882,24,24,9,16.446,15.805,277,240,2,96,176,80,0,14080,4224,96,0,0,96,21,0,0,0,0,336,0,18,1440,10036,164,3933,4653,136,0,869,10.036
370,26.708,29.785,0.03,0.0,0.0,0.0,0.0,0.0,558.0,2664.0,0.737,24,24,9,16.229,15.584,278,240,2,96,176,80,0,14080,4224,96,0,0,96,16,0,0,0,0,336,0,18,1440,8699,130,3932,3697,69,0,615,8.699
371,20.475,29.785,0.03,0.0,0.0,0.0,0.0,0.0,558.0,2664.0,0.687,24,24,9,11.394,10.935,278,240,2,96,176,80,0,14080,4224,96,0,0,96,16,0,0,0,0,336,0,18,1440,7306,96,2991,3334,77,0,625,7.306
372,20.185,29.785,0.03,0.0,0.0,0.0,0.0,0.0,558.0,2664.0,0.631,24,24,9,11.593,11.138,278,240,2,96,176,80,0,14080,4224,96,0,0,96,16,0,0,0,0,336,0,18,1440,7277,124,2920,3326,67,0,652,7.277
373,21.459,29.785,0.03,0.0,0.0,0.0,0.0,0.0,558.0,2664.0,0.802,24,24,9,11.966,11.54,277,240,2,96,176,80,0,14080,4224,96,0,0,96,16,0,0,0,0,336,0,18,1440,8202,101,3374,3751,76,0,632,8.202
374,19.682,29.785,0.03,0.0,0.0,0.0,0.0,0.0,558.0,2664.0,0.655,24,24,8,11.008,10.569,278,240,2,96,176,80,0,14080,4224,96,0,0,96,16,0,1,0,0,336,0,18,1360,7226,99,2913,3337,68,0,614,7.226
375,21.248,29.785,0.03,0.0,0.0,0.0,0.0,0.0,557.0,2662.0,0.724,24,24,8,10.86,10.428,277,240,2,96,176,80,0,14080,4224,96,0,0,96,16,0,0,0,0,336,0,16,1280,9072,148,3661,4193,83,0,730,9.072
376,19.795,29.785,0.03,0.0,0.0,0.0,0.0,0.0,554.0,2656.0,0.744,24,24,7,11.208,10.815,277,240,2,96,176,80,0,14080,4224,96,0,0,96,16,0,1,0,0,336,0,15,1120,7154,101,2909,3363,62,0,532,7.154
377,19.852,29.785,0.03,0.0,0.0,0.0,0.0,0.0,556.0,2660.0,0.645,24,24,9,10.99,10.633,274,240,2,96,176,80,0,14080,4224,96,0,0,96,16,2,0,0,0,336,0,18,1440,7404,95,2968,3324,51,160,627,7.404
378,19.727,29.785,0.03,0.0,0.0,0.0,0.0,0.0,555.0,2658.0,0.71,24,24,8,10.804,10.43,275,240,2,96,176,80,0,14080,4224,96,0,0,96,16,0,1,0,0,336,0,18,1437,7511,138,3016,3422,71,0,677,7.511
379,19.099,29.785,0.03,0.0,0.0,0.0,0.0,0.0,555.0,2658.0,0.647,23,24,4,10.793,10.413,273,240,2,95,174,79,0,13920,4132,95,0,0,95,16,0,4,1,0,334,0,12,790,7021,96,2865,3390,62,0,424,7.021
380,18.852,29.785,0.03,0.0,0.0,0.0,0.0,0.0,554.0,2656.0,0.656,23,24,3,10.777,10.402,275,240,2,94,172,78,0,13760,4040,94,0,0,94,16,0,1,0,0,332,0,8,633,6777,106,2864,3250,62,0,301,6.777
381,19.365,29.785,0.03,0.0,0.0,0.0,0.0,0.0,553.0,2654.0,0.629,23,24,2,11.108,10.656,273,240,2,94,172,78,0,13760,4040,94,0,0,94,15,1,2,0,0,332,0,5,353,6714,119,2876,3251,67,19,191,6.714
382,18.886,29.785,0.03,0.0,0.0,0.0,0.0,0.0,552.0,2652.0,0.67,23,24,2,10.959,10.629,273,240,2,94,172,78,0,13760,4040,93,1,0,94,12,1,1,0,0,332,0,4,320,6634,100,2828,3274,55,22,144,6.634
383,19.834,29.785,0.03,0.0,0.0,0.0,0.0,0.0,553.0,2654.0,0.732,23,24,3,10.705,10.375,274,240,2,94,172,78,0,13760,4040,94,0,0,94,12,1,0,0,0,332,0,5,400,7592,100,3162,3648,86,162,225,7.592
384,22.899,29.785,0.03,0.0,0.0,0.0,0.0,0.0,555.0,2658.0,0.673,23,24,5,12.491,12.156,272,240,2,94,172,78,0,13760,4040,94,0,0,94,10,4,2,0,0,332,0,9,720,9111,138,3469,4438,69,299,458,9.111
385,25.262,29.785,0.03,0.0,0.0,0.0,0.0,0.0,555.0,2658.0,0.735,23,24,5,13.73,13.382,273,240,2,94,172,78,0,13760,4040,94,0,0,94,8,0,0,0,0,332,0,10,800,10141,139,4256,4965,72,0,399,10.141
386,19.336,29.785,0.03,0.0,0.0,0.0,0.0,0.0,556.0,2660.0,0.685,23,24,7,10.88,10.52,274,240,2,94,172,78,0,13760,4040,94,0,0,94,8,2,0,0,0,332,0,13,1040,7048,98,2855,3219,55,155,486,7.048
387,19.594,29.785,0.03,0.0,0.0,0.0,0.0,0.0,555.0,2658.0,0.704,23,24,8,11.019,10.656,275,240,2,94,172,78,0,13760,4040,94,0,0,94,8,1,0,0,0,332,0,16,1280,7266,103,2880,3350,55,105,592,7.266
388,19.492,29.785,0.03,0.0,0.0,0.0,0.0,0.0,554.0,2656.0,0.646,23,24,9,11.031,10.653,274,240,2,94,172,78,0,13760,4040,94,0,0,94,8,1,0,0,0,332,0,18,1440,7113,100,2850,3209,56,86,628,7.113
389,19.952,29.785,0.03,0.0,0.0,0.0,0.0,0.0,556.0,2660.0,0.703,23,24,11,10.901,10.577,275,240,2,94,172,78,0,13760,4040,94,0,0,94,8,2,0,0,0,332,0,21,1680,7667,101,3051,3366,54,174,729,7.667
390,21.775,29.785,0.03,0.0,0.0,0.0,0.0,0.0,554.0,2656.0,0.702,23,24,11,12.212,11.872,275,240,2,94,172,78,0,13760,4040,94,0,0,94,8,0,0,0,0,332,0,22,1760,8064,131,3213,3562,59,0,907,8.064
391,22.087,29.785,0.03,0.0,0.0,0.0,0.0,0.0,555.0,2658.0,0.66,23,24,12,13.498,13.123,273,240,2,94,172,78,0,13760,4040,94,0,0,94,8,1,0,0,0,332,0,23,1840,7251,107,2860,3167,47,117,763,7.251
392,23.104,29.785,0.03,0.0,0.0,0.0,0.0,0.0,556.0,2660.0,0.864,23,24,13,12.771,12.425,276,240,2,94,172,78,0,13760,4040,94,0,0,94,8,1,0,0,0,332,0,26,2080,8882,128,3387,3872,73,109,1067,8.882
393,22.149,29.785,0.03,0.0,0.0,0.0,0.0,0.0,556.0,2660.0,0.733,23,24,13,13.246,12.758,275,240,2,94,172,78,0,13760,4040,94,0,0,94,8,0,0,0,0,332,0,26,2080,7395,103,2885,3263,52,0,925,7.395
394,20.41,29.785,0.03,0.0,0.0,0.0,0.0,0.0,556.0,2660.0,0.768,23,24,13,11.406,11.06,275,240,2,94,172,78,0,13760,4040,94,0,0,94,8,0,0,0,0,332,0,26,2080,7601,104,2970,3306,44,0,974,7.601
395,20.023,29.785,0.03,0.0,0.0,0.0,0.0,0.0,556.0,2660.0,0.826,22,23,11,11.252,10.885,276,240,2,92,170,78,0,13600,3909,60,32,0,92,26,0,2,2,0,330,0,24,1760,7200,99,2848,3148,60,0,856,7.2
396,21.227,29.785,0.03,0.0,0.0,0.0,0.0,0.0,555.0,2658.0,0.663,22,23,11,12.422,11.938,276,240,2,90,168,78,0,13440,3778,90,0,0,90,44,0,0,0,0,328,0,22,1760,7293,99,2966,3188,85,0,757,7.293
397,21.963,29.785,0.03,0.0,0.0,0.0,0.0,0.0,555.0,2658.0,0.974,22,23,11,11.918,11.58,274,240,2,90,168,78,0,13440,3778,90,0,0,90,44,0,0,0,0,328,0,22,1760,8595,120,3217,3963,105,0,943,8.595
398,24.543,29.785,0.03,0.0,0.0,0.0,0.0,0.0,554.0,2656.0,0.838,22,23,11,12.248,11.791,274,240,2,90,168,78,0,13440,3778,89,1,0,90,44,0,0,0,0,328,0,22,1760,10571,124,4873,4181,115,0,1014,10.571
399,23.245,29.785,0.03,0.0,0.0,0.0,0.0,0.0,554.0,2656.0,0.696,22,23,11,14.1,13.633,274,240,2,90,168,78,0,13440,3778,90,0,0,90,40,0,0,0,0,328,0,22,1760,7670,105,3118,3243,84,0,905,7.67
400,20.483,29.785,0.03,0.0,0.0,0.0,0.0,0.0,556.0,2660.0,0.87,22,23,14,10.892,10.436,273,240,2,90,168,78,0,13440,3778,88,2,0,90,35,3,0,0,0,328,0,25,2000,8190,129,2886,3525,88,264,1112,8.19
401,22.654,29.785,0.03,0.0,0.0,0.0,0.0,0.0,552.0,2652.0,1.801,21,23,13,13.428,12.933,276,240,2,89,167,78,0,13360,3712,79,10,0,89,39,0,1,1,0,327,0,27,2080,7372,100,2869,3200,87,0,933,7.372
402,20.538,29.785,0.03,0.0,0.0,0.0,0.0,0.0,551.0,2650.0,0.683,21,23,13,10.944,10.592,271,240,2,88,166,78,0,13280,3646,87,1,0,88,40,0,0,0,0,326,0,26,2080,7207,97,2858,3101,71,0,912,7.207
403,23.177,29.785,0.03,0.0,0.0,0.0,0.0,0.0,550.0,2648.0,1.143,21,23,13,13.485,13.1,271,240,2,88,166,78,0,13280,3646,88,0,0,88,31,0,0,0,0,326,0,26,2080,8247,106,3390,3372,73,0,1037,8.247
404,27.853,29.785,0.03,0.0,0.0,0.0,0.0,0.0,550.0,2648.0,0.952,21,23,13,15.6,15.27,269,240,2,88,166,78,0,13280,3646,88,0,0,88,24,0,0,0,0,326,0,26,2080,10191,158,4099,4239,104,0,1310,10.191
405,28.109,29.785,0.03,0.0,0.0,0.0,0.0,0.0,550.0,2648.0,1.118,21,23,13,16.001,15.569,269,240,2,88,166,78,0,13280,3646,88,0,0,88,24,0,0,0,0,326,0,26,2080,10257,148,3947,4303,93,0,1302,10.257
406,28.981,29.785,0.03,0.0,0.0,0.0,0.0,0.0,550.0,2648.0,0.947,21,23,13,16.621,16.197,272,240,2,88,166,78,0,13280,3646,88,0,0,88,22,0,0,0,0,326,0,26,2080,10215,158,4115,4294,98,0,1258,10.215
407,29.008,29.785,0.03,0.0,0.0,0.0,0.0,0.0,551.0,2650.0,1.242,21,23,13,16.036,15.512,270,240,2,88,166,78,0,13280,3646,88,0,0,88,18,0,1,0,0,326,0,26,2037,10754,156,4240,4644,104,0,1310,10.754
408,28.452,29.785,0.03,0.0,0.0,0.0,0.0,0.0,551.0,2650.0,1.122,21,23,12,16.346,15.783,270,240,2,88,166,78,0,13280,3646,88,0,0,88,18,0,1,0,0,326,0,25,1997,9968,173,3956,4166,86,0,1263,9.968
409,21.766,29.785,0.03,0.0,0.0,0.0,0.0,0.0,555.0,2658.0,0.675,21,23,15,12.012,11.626,269,240,2,88,166,78,0,13280,3646,88,0,0,88,18,4,1,0,0,326,0,28,2197,7897,100,3044,3146,77,245,1089,7.897
410,22.046,29.785,0.03,0.0,0.0,0.0,0.0,0.0,557.0,2662.0,0.738,21,23,16,11.836,11.415,274,240,2,88,166,78,0,13280,3646,88,0,0,88,16,2,1,0,0,326,0,33,2637,8949,103,3502,3585,69,248,1200,8.949
411,21.814,29.261,0.049,0.0,0.0,0.0,0.0,0.0,558.0,2664.0,0.704,21,23,17,12.489,12.079,276,240,2,88,166,78,0,13280,3646,88,0,0,88,13,0,0,0,0,326,0,34,2720,7860,104,3204,3118,66,0,1186,7.86
412,20.823,29.261,0.049,0.0,0.0,0.0,0.0,0.0,559.0,2666.0,0.81,21,23,18,11.51,11.047,278,240,2,88,166,78,0,13280,3646,87,1,0,88,12,1,0,0,0,326,0,36,2880,7910,132,2965,3149,66,114,1286,7.91
413,20.564,29.261,0.049,0.0,0.0,0.0,0.0,0.0,559.0,2666.0,0.742,21,23,18,11.217,10.668,279,240,2,88,166,78,0,13280,3646,88,0,0,88,12,0,0,0,0,326,0,36,2880,7669,104,2945,3118,64,0,1256,7.669
414,20.658,29.261,0.049,0.0,0.0,0.0,0.0,0.0,559.0,2666.0,0.731,21,23,17,11.743,11.129,279,240,2,88,166,78,0,13280,3646,88,0,0,88,12,0,1,0,0,326,0,35,2720,7432,109,2854,2975,61,0,1271,7.432
415,20.701,29.261,0.049,0.0,0.0,0.0,0.0,0.0,559.0,2666.0,1.058,21,23,17,11.728,11.258,277,240,2,88,166,78,0,13280,3646,87,1,0,88,11,0,0,0,0,326,0,34,2720,7510,102,2853,2970,45,0,1371,7.51
416,21.76,29.261,0.049,0.0,0.0,0.0,0.0,0.0,559.0,2666.0,0.804,21,23,17,12.146,11.661,278,240,2,88,166,78,0,13280,3646,88,0,0,88,10,0,0,0,0,326,0,34,2720,7934,101,3068,3200,65,0,1278,7.934
417,23.667,29.261,0.049,0.0,0.0,0.0,0.0,0.0,558.0,2664.0,0.722,21,22,17,13.037,12.552,277,240,2,87,165,78,0,13200,3585,78,9,0,87,13,1,1,1,0,325,0,34,2640,8995,119,3066,4106,66,155,1272,8.995
418,21.488,29.261,0.049,0.0,0.0,0.0,0.0,0.0,559.0,2666.0,0.811,21,22,16,11.241,10.773,279,240,2,86,164,78,0,13120,3524,86,0,0,86,14,1,2,0,0,324,0,33,2480,8780,125,3020,3001,53,138,2241,8.78
419,21.05,29.261,0.049,0.0,0.0,0.0,0.0,0.0,559.0,2666.0,0.745,21,22,16,11.793,11.27,278,240,2,86,164,78,0,13120,3524,86,0,0,86,14,0,0,0,0,324,0,32,2560,7540,132,2903,3126,51,0,1142,7.54
420,20.841,29.261,0.049,0.0,0.0,0.0,0.0,0.0,559.0,2666.0,0.796,21,22,16,11.774,11.298,279,240,2,86,164,78,0,13120,3524,86,0,0,86,13,0,0,0,0,324,0,32,2560,7721,105,2936,3185,58,0,1241,7.721
421,20.757,29.261,0.049,0.0,0.0,0.0,0.0,0.0,559.0,2666.0,0.74,21,22,16,11.817,11.368,278,240,2,86,164,78,0,13120,3524,86,0,0,86,10,0,0,0,0,324,0,32,2560,7566,100,2907,3081,88,0,1208,7.566
422,22.781,29.261,0.049,0.0,0.0,0.0,0.0,0.0,559.0,2666.0,0.832,21,22,15,13.992,13.567,278,240,2,86,164,78,0,13120,3524,85,1,0,86,8,0,1,0,0,324,0,32,2548,7481,96,2935,3054,51,0,1150,7.481
423,24.205,29.261,0.049,0.0,0.0,0.0,0.0,0.0,558.0,2664.0,0.739,21,22,14,12.99,12.537,277,240,2,86,164,78,0,13120,3524,86,0,0,86,8,0,1,0,0,324,0,29,2268,9750,97,4779,3494,60,0,1081,9.75
424,32.292,29.261,0.049,0.0,0.0,0.0,0.0,0.0,564.0,2676.0,0.87,21,22,20,21.187,20.702,278,240,2,86,164,78,0,13120,3524,85,1,0,86,8,6,0,0,0,324,0,34,2720,9718,102,3254,4369,62,352,1368,9.718
425,20.95,29.261,0.049,0.0,0.0,0.0,0.0,0.0,564.0,2676.0,0.792,20,22,18,11.597,11.038,283,240,2,85,162,77,0,12960,3438,85,0,0,85,8,0,2,1,0,322,0,38,2936,7593,95,2873,3085,45,0,1306,7.593
426,21.436,29.261,0.049,0.0,0.0,0.0,0.0,0.0,565.0,2678.0,0.735,19,22,18,12.536,11.9,282,240,2,84,160,76,0,12800,3352,82,2,0,84,4,3,3,1,0,320,0,37,2880,7374,103,2755,2898,44,144,1262,7.374
427,22.184,29.261,0.049,0.0,0.0,0.0,0.0,0.0,566.0,2680.0,0.763,19,21,18,12.782,12.267,286,240,2,81,157,76,0,12560,3168,42,39,0,81,11,1,1,1,0,317,0,36,2800,7490,127,2812,2904,66,120,1270,7.49
428,24.511,29.261,0.049,0.0,0.0,0.0,0.0,0.0,566.0,2680.0,0.702,19,21,16,11.656,11.087,286,240,2,80,156,76,0,12480,3112,80,0,0,80,12,0,2,0,0,316,0,35,2727,11142,128,3742,4006,91,0,2878,11.142
429,21.405,29.261,0.049,0.0,0.0,0.0,0.0,0.0,565.0,2678.0,0.729,19,21,15,12.754,12.198,285,240,2,80,156,76,0,12480,3112,80,0,0,80,11,0,1,0,0,316,0,32,2520,7082,128,2746,2808,62,0,1166,7.082
430,21.767,29.261,0.049,0.0,0.0,0.0,0.0,0.0,564.0,2676.0,0.689,19,21,15,13.524,12.981,285,240,2,80,156,76,0,12480,3112,80,0,0,80,10,0,0,0,0,316,0,30,2400,6881,94,2745,2781,48,0,1016,6.881
431,19.713,29.261,0.049,0.0,0.0,0.0,0.0,0.0,563.0,2674.0,0.691,19,21,13,11.465,10.893,286,240,2,80,156,76,0,12480,3112,80,0,0,80,7,0,2,0,0,316,0,28,2169,6799,111,2688,2812,57,0,980,6.799
432,20.381,29.261,0.049,0.0,0.0,0.0,0.0,0.0,562.0,2672.0,0.949,19,21,13,11.303,10.732,281,240,2,80,156,76,0,12480,3112,80,0,0,80,4,0,0,0,0,316,0,26,2080,7620,114,3055,3139,50,0,1063,7.62
433,21.568,29.261,0.049,0.0,0.0,0.0,0.0,0.0,562.0,2672.0,0.698,19,21,13,13.194,12.614,282,240,2,80,156,76,0,12480,3112,80,0,0,80,3,1,1,0,0,316,0,26,2080,6686,97,2684,2666,42,26,1022,6.686
434,18.847,29.261,0.049,0.0,0.0,0.0,0.0,0.0,562.0,2672.0,0.676,19,21,13,10.682,10.187,280,240,2,80,156,76,0,12480,3112,80,0,0,80,0,1,1,0,0,316,0,26,2080,6853,117,2674,2951,32,22,892,6.853
435,20.481,29.261,0.049,0.0,0.0,0.0,0.0,0.0,564.0,2676.0,0.708,18,20,13,12.124,11.701,280,240,2,79,154,75,0,12320,3037,79,0,0,79,0,2,2,2,0,314,0,29,2249,7095,97,2762,2777,48,166,1086,7.095
436,20.538,29.261,0.049,0.0,0.0,0.0,0.0,0.0,564.0,2676.0,0.884,18,20,14,12.193,11.631,283,240,2,76,150,74,0,12000,2844,56,20,0,76,38,1,0,0,0,310,0,28,2240,6856,111,2712,2684,66,100,1021,6.856
437,20.16,29.261,0.049,0.0,0.0,0.0,0.0,0.0,565.0,2678.0,0.724,18,20,15,11.201,10.663,283,240,2,76,150,74,0,12000,2844,76,0,0,76,38,1,0,0,0,310,0,30,2400,7097,134,2792,2757,60,110,1009,7.097
438,20.386,29.261,0.049,0.0,0.0,0.0,0.0,0.0,565.0,2678.0,1.18,18,20,15,12.003,11.306,285,240,2,76,150,74,0,12000,2844,76,0,0,76,38,0,0,0,0,310,0,30,2400,6979,109,2859,2691,69,0,1063,6.979
439,21.242,29.261,0.049,0.0,0.0,0.0,0.0,0.0,564.0,2676.0,0.7,18,20,14,11.94,11.425,287,240,2,76,150,74,0,12000,2844,76,0,0,76,38,0,1,0,0,310,0,29,2319,7184,137,2808,2939,72,0,1058,7.184
440,20.69,29.261,0.049,0.0,0.0,0.0,0.0,0.0,562.0,2672.0,0.743,18,20,14,11.62,11.122,282,240,2,76,150,74,0,12000,2844,76,0,0,76,38,0,0,0,0,310,0,28,2240,7661,97,3287,3093,65,0,956,7.661
441,24.129,29.261,0.049,0.0,0.0,0.0,0.0,0.0,562.0,2672.0,0.715,18,20,14,13.508,12.897,281,240,2,76,150,74,0,12000,2844,76,0,0,76,38,0,0,0,0,310,0,28,2240,9184,109,4900,2948,69,0,983,9.184
442,21.232,29.261,0.049,0.0,0.0,0.0,0.0,0.0,562.0,2672.0,0.726,18,20,13,12.94,12.426,281,240,2,76,150,74,0,12000,2844,76,0,0,76,38,0,1,0,0,310,0,27,2159,6763,122,2759,2671,66,0,972,6.763
443,19.635,29.261,0.049,0.0,0.0,0.0,0.0,0.0,562.0,2672.0,0.745,18,19,12,11.298,10.752,281,240,2,75,149,74,0,11920,2790,57,18,0,75,54,0,1,1,0,309,0,25,1920,6682,101,2759,2703,78,0,876,6.682
444,19.795,29.261,0.049,0.0,0.0,0.0,0.0,0.0,561.0,2670.0,0.886,18,19,12,11.488,10.976,281,240,2,74,148,74,0,11840,2736,74,0,0,74,70,0,0,0,0,308,0,24,1920,6851,101,2889,2717,92,0,881,6.851
445,22.719,29.261,0.049,0.0,0.0,0.0,0.0,0.0,560.0,2668.0,0.803,18,19,12,12.292,11.685,282,240,2,74,148,74,0,11840,2736,74,0,0,74,68,0,0,0,0,308,0,24,1920,8417,104,2828,2611,85,0,2573,8.417
446,24.574,29.261,0.049,0.0,0.0,0.0,0.0,0.0,560.0,2668.0,0.741,18,19,12,16.562,16.066,280,240,2,74,148,74,0,11840,2736,74,0,0,74,68,0,0,0,0,308,0,24,1920,6532,116,2753,2554,88,0,837,6.532
447,22.101,29.261,0.049,0.0,0.0,0.0,0.0,0.0,558.0,2664.0,0.739,18,19,12,13.999,11.944,279,240,2,74,148,74,0,11840,2736,74,0,0,74,68,0,0,0,0,308,0,24,1920,6531,121,2701,2601,88,0,856,6.531
448,20.593,29.261,0.049,0.0,0.0,0.0,0.0,0.0,557.0,2662.0,0.709,18,19,12,12.523,12.07,277,240,2,74,148,74,0,11840,2736,74,0,0,74,68,0,0,0,0,308,0,24,1920,6623,138,2719,2661,82,0,838,6.623
449,23.268,29.261,0.049,0.0,0.0,0.0,0.0,0.0,556.0,2660.0,0.782,18,19,12,14.65,14.185,277,240,2,74,148,74,0,11840,2736,74,0,0,74,65,0,0,0,0,308,0,24,1920,6906,143,2891,2753,86,0,858,6.906
450,20.491,29.261,0.049,0.0,0.0,0.0,0.0,0.0,554.0,2656.0,0.768,18,19,12,12.273,11.836,275,240,2,74,148,74,0,11840,2736,74,0,0,74,64,0,0,0,0,308,0,24,1920,6635,104,2729,2582,89,0,872,6.635
451,20.733,29.261,0.049,0.0,0.0,0.0,0.0,0.0,553.0,2654.0,0.66,18,19,12,12.315,11.916,273,240,2,74,148,74,0,11840,2736,74,0,0,74,64,0,0,0,0,308,0,24,1920,6883,102,2765,2649,88,0,1113,6.883
452,22.223,29.261,0.049,0.0,0.0,0.0,0.0,0.0,553.0,2654.0,0.706,18,19,12,14.239,13.81,274,240,2,74,148,74,0,11840,2736,73,1,0,74,64,0,0,0,0,308,0,24,1920,6664,101,2788,2495,85,0,1040,6.664
453,18.471,29.261,0.049,0.0,0.0,0.0,0.0,0.0,551.0,2650.0,0.664,18,19,11,11.056,10.656,271,240,2,74,148,74,0,11840,2736,70,4,0,74,64,0,1,0,0,308,0,23,1774,5995,94,2500,2423,80,0,761,5.995
454,18.918,29.261,0.049,0.0,0.0,0.0,0.0,0.0,551.0,2650.0,0.728,18,19,10,10.826,10.495,270,240,2,74,148,74,0,11840,2736,72,2,0,74,63,0,1,0,0,308,0,22,1702,6848,99,2800,2912,84,0,780,6.848
455,19.24,29.261,0.049,0.0,0.0,0.0,0.0,0.0,551.0,2650.0,0.83,18,19,10,11.377,10.994,270,240,2,74,148,74,0,11840,2736,72,2,0,74,62,0,0,0,0,308,0,20,1600,6340,112,2630,2546,73,0,817,6.34
456,19.258,29.261,0.049,0.0,0.0,0.0,0.0,0.0,551.0,2650.0,0.693,18,18,9,11.028,10.599,272,240,2,74,148,74,0,11840,2736,74,0,0,74,62,0,1,1,0,308,0,20,1562,6697,111,2913,2628,90,0,774,6.697
457,18.678,29.261,0.049,0.0,0.0,0.0,0.0,0.0,549.0,2646.0,0.787,18,18,8,11.136,10.742,270,240,2,72,144,72,0,11520,2592,56,16,0,72,62,0,1,0,0,304,0,17,1304,6158,104,2671,2561,85,0,583,6.158
458,19.44,32.215,0.039,0.0,0.0,0.0,0.0,0.0,549.0,2646.0,0.917,18,18,8,11.644,11.285,269,240,2,72,144,72,0,11520,2592,66,6,0,72,60,0,0,0,0,304,0,16,1280,6122,103,2584,2556,78,0,634,6.122
459,19.636,32.215,0.039,0.0,0.0,0.0,0.0,0.0,549.0,2646.0,0.664,18,18,7,11.235,10.908,267,240,2,72,144,72,0,11520,2592,72,0,0,72,58,0,1,0,0,304,0,16,1214,6693,103,3171,2563,107,0,574,6.693
460,18.001,32.215,0.039,0.0,0.0,0.0,0.0,0.0,549.0,2646.0,0.61,18,18,6,10.967,10.527,268,240,2,72,144,72,0,11520,2592,70,2,0,72,58,0,1,0,0,304,0,14,1092,5686,99,2515,2372,72,0,484,5.686
461,23.806,32.215,0.039,0.0,0.0,0.0,0.0,0.0,548.0,2644.0,0.795,18,18,6,16.083,15.736,269,240,2,72,144,72,0,11520,2592,71,1,0,72,56,0,0,0,0,304,0,12,960,6009,99,2722,2516,75,0,423,6.009
462,18.759,32.215,0.039,0.0,0.0,0.0,0.0,0.0,548.0,2644.0,0.724,18,18,6,11.08,10.758,268,240,2,72,144,72,0,11520,2592,70,2,0,72,56,0,0,0,0,304,0,12,960,6189,120,2869,2527,89,0,412,6.189
463,17.091,32.215,0.039,0.0,0.0,0.0,0.0,0.0,548.0,2644.0,0.66,18,18,6,10.296,10.014,269,240,2,72,144,72,0,11520,2592,72,0,0,72,56,0,0,0,0,304,0,12,960,5478,96,2386,2408,71,0,375,5.478
464,18.724,32.215,0.039,0.0,0.0,0.0,0.0,0.0,547.0,2642.0,0.6,18,18,6,10.339,10.085,266,240,2,72,144,72,0,11520,2592,70,2,0,72,56,0,0,0,0,304,0,12,960,7145,1718,2473,2337,76,0,375,7.145
465,17.828,32.215,0.039,0.0,0.0,0.0,0.0,0.0,546.0,2640.0,0.588,18,18,6,10.774,10.521,266,240,2,72,144,72,0,11520,2592,71,1,0,72,54,0,0,0,0,304,0,12,960,5756,107,2587,2382,74,0,454,5.756
466,18.06,32.215,0.039,0.0,0.0,0.0,0.0,0.0,547.0,2642.0,0.569,18,18,7,10.653,10.406,264,240,2,72,144,72,0,11520,2592,70,2,0,72,48,1,0,0,0,304,0,14,1120,6026,93,2648,2425,63,117,440,6.026
467,18.555,32.215,0.039,0.0,0.0,0.0,0.0,0.0,549.0,2646.0,0.881,18,18,7,10.462,10.182,267,240,2,72,144,72,0,11520,2592,72,0,0,72,48,2,2,0,0,304,0,16,1234,6497,94,2614,2774,77,220,556,6.497
468,18.542,32.215,0.039,0.0,0.0,0.0,0.0,0.0,549.0,2646.0,0.585,18,18,7,11.355,11.068,270,240,2,72,144,72,0,11520,2592,68,4,0,72,46,0,0,0,0,304,0,14,1120,5731,100,2462,2518,71,0,443,5.731
469,20.246,32.215,0.039,0.0,0.0,0.0,0.0,0.0,549.0,2646.0,0.65,17,18,5,12.924,12.641,269,240,2,71,142,71,0,11360,2520,64,7,0,71,44,0,2,1,0,302,0,13,958,6093,120,2662,2428,71,0,640,6.093
470,21.845,32.215,0.039,0.0,0.0,0.0,0.0,0.0,549.0,2646.0,0.819,17,18,5,13.851,13.604,268,240,2,70,140,70,0,11200,2448,68,2,0,70,44,0,0,0,0,300,0,10,800,6579,102,3031,2779,109,0,346,6.579
471,26.274,32.215,0.039,0.0,0.0,0.0,0.0,0.0,549.0,2646.0,0.713,17,18,5,16.795,16.52,269,240,2,70,140,70,0,11200,2448,70,0,0,70,44,0,0,0,0,300,0,10,800,7157,98,3465,2929,121,0,341,7.157
472,18.414,32.215,0.039,0.0,0.0,0.0,0.0,0.0,551.0,2650.0,0.594,17,18,6,11.49,11.226,267,240,2,70,140,70,0,11200,2448,70,0,0,70,40,2,0,0,0,300,0,14,1120,5670,91,2411,2270,60,162,532,5.67
473,16.67,32.215,0.039,0.0,0.0,0.0,0.0,0.0,551.0,2650.0,0.635,17,18,6,10.059,9.754,271,240,2,70,140,70,0,11200,2448,70,0,0,70,40,0,0,0,0,300,0,12,960,5331,92,2377,2253,58,0,415,5.331
474,16.724,32.215,0.039,0.0,0.0,0.0,0.0,0.0,551.0,2650.0,0.636,17,18,6,9.96,9.681,271,240,2,70,140,70,0,11200,2448,68,2,0,70,40,0,0,0,0,300,0,12,960,5627,98,2505,2384,67,0,376,5.627
475,16.784,32.215,0.039,0.0,0.0,0.0,0.0,0.0,550.0,2648.0,0.757,17,18,6,9.964,9.696,269,240,2,70,140,70,0,11200,2448,66,4,0,70,40,0,0,0,0,300,0,12,960,5577,100,2362,2494,64,0,419,5.577
476,19.042,32.215,0.039,0.0,0.0,0.0,0.0,0.0,551.0,2650.0,0.626,17,18,8,11.255,10.939,270,240,2,70,140,70,0,11200,2448,65,5,0,70,36,2,0,0,0,300,0,16,1280,6341,122,2461,2567,68,220,705,6.341
477,20.322,32.215,0.039,0.0,0.0,0.0,0.0,0.0,552.0,2652.0,0.727,17,18,9,12.264,11.98,270,240,2,70,140,70,0,11200,2448,68,2,0,70,34,1,0,0,0,300,0,18,1440,6658,173,2877,2611,102,117,569,6.658
478,20.159,32.215,0.039,0.0,0.0,0.0,0.0,0.0,552.0,2652.0,0.796,17,18,10,12.077,11.771,272,240,2,70,140,70,0,11200,2448,69,1,0,70,28,1,0,0,0,300,0,20,1600,6668,107,2887,2620,77,94,707,6.668
479,18.838,32.215,0.039,0.0,0.0,0.0,0.0,0.0,551.0,2650.0,0.726,17,18,10,11.596,11.234,272,240,2,70,140,70,0,11200,2448,70,0,0,70,28,0,0,0,0,300,0,20,1600,5619,98,2465,2214,53,0,652,5.619
480,17.365,32.215,0.039,0.0,0.0,0.0,0.0,0.0,551.0,2650.0,0.566,17,18,10,10.658,10.357,271,240,2,70,140,70,0,11200,2448,70,0,0,70,28,0,0,0,0,300,0,20,1600,5472,128,2325,2202,51,0,631,5.472
481,16.58,32.215,0.039,0.0,0.0,0.0,0.0,0.0,551.0,2650.0,0.619,17,18,11,9.784,9.527,269,240,2,70,140,70,0,11200,2448,63,7,0,70,27,1,0,0,0,300,0,21,1680,5681,89,2330,2322,49,117,645,5.681
482,17.557,32.215,0.039,0.0,0.0,0.0,0.0,0.0,552.0,2652.0,0.619,17,18,13,10.269,9.962,270,240,2,70,140,70,0,11200,2448,63,7,0,70,14,2,0,0,0,300,0,26,2080,6109,113,2562,2243,48,138,869,6.109
483,20.343,32.215,0.039,0.0,0.0,0.0,0.0,0.0,555.0,2658.0,0.81,17,18,16,11.443,11.131,271,240,2,70,140,70,0,11200,2448,67,3,0,70,8,3,0,0,0,300,0,31,2480,7260,106,2609,2782,52,330,1075,7.26
484,19.62,32.215,0.039,0.0,0.0,0.0,0.0,0.0,555.0,2658.0,0.68,17,18,16,11.662,11.314,274,240,2,70,140,70,0,11200,2448,69,1,0,70,6,0,0,0,0,300,0,32,2560,6545,101,2676,2431,52,0,1097,6.545
485,20.305,32.215,0.039,0.0,0.0,0.0,0.0,0.0,560.0,2668.0,0.709,17,18,21,11.588,11.224,275,240,2,70,140,70,0,11200,2448,70,0,0,70,4,5,0,0,0,300,0,41,3280,7164,108,2668,2441,40,268,1437,7.164
486,19.795,32.215,0.039,0.0,0.0,0.0,0.0,0.0,562.0,2672.0,0.658,17,18,22,11.138,10.749,279,240,2,70,140,70,0,11200,2448,70,0,0,70,2,2,1,0,0,300,0,46,3600,7354,101,2690,2499,43,193,1664,7.354
487,19.938,32.215,0.039,0.0,0.0,0.0,0.0,0.0,564.0,2676.0,0.677,17,18,24,10.938,10.498,281,240,2,70,140,70,0,11200,2448,70,0,0,70,0,2,0,0,0,300,0,47,3760,7727,119,2675,2654,43,231,1845,7.727
488,19.642,32.215,0.039,0.0,0.0,0.0,0.0,0.0,564.0,2676.0,0.727,17,18,23,11.015,10.533,284,240,2,70,140,70,0,11200,2448,70,0,0,70,0,0,1,0,0,300,0,47,3680,7305,100,2574,2770,29,0,1677,7.305
489,20.708,32.215,0.039,0.0,0.0,0.0,0.0,0.0,562.0,2672.0,0.691,17,18,22,12.472,12.01,282,240,2,70,140,70,0,11200,2448,70,0,0,70,0,0,1,0,0,300,0,46,3624,6756,152,2453,2419,34,0,1525,6.756
490,19.085,32.215,0.039,0.0,0.0,0.0,0.0,0.0,562.0,2672.0,0.749,17,18,21,11.162,10.788,280,240,2,70,140,70,0,11200,2448,70,0,0,70,0,0,0,0,0,300,0,44,3520,6527,96,2390,2238,29,0,1611,6.527
491,20.607,32.215,0.039,0.0,0.0,0.0,0.0,0.0,560.0,2668.0,0.738,17,18,21,11.81,11.339,281,240,2,70,140,70,0,11200,2448,70,0,0,70,0,0,0,0,0,300,0,42,3360,7146,114,2598,2772,29,0,1472,7.146
492,19.679,32.215,0.039,0.0,0.0,0.0,0.0,0.0,560.0,2668.0,0.728,16,18,19,11.434,10.931,280,240,2,70,140,70,0,11200,2448,70,0,0,70,0,0,2,1,0,300,0,42,3200,6772,104,2507,2490,32,0,1487,6.772
493,19.446,32.215,0.039,0.0,0.0,0.0,0.0,0.0,561.0,2670.0,0.867,16,18,20,11.349,10.89,279,240,2,68,136,68,0,10880,2304,67,1,0,68,0,1,0,0,0,296,0,40,3200,6786,96,2575,2377,39,130,1421,6.786
494,19.971,32.215,0.039,0.0,0.0,0.0,0.0,0.0,561.0,2670.0,1.148,16,18,21,11.095,10.567,281,240,2,68,136,68,0,10880,2304,68,0,0,68,0,1,0,0,0,296,0,42,3360,7007,118,2540,2345,34,127,1698,7.007
495,19.296,32.215,0.039,0.0,0.0,0.0,0.0,0.0,561.0,2670.0,0.691,16,18,21,11.043,10.549,280,240,2,68,136,68,0,10880,2304,68,0,0,68,0,0,0,0,0,296,0,42,3360,6456,97,2387,2335,30,0,1477,6.456
496,19.231,32.215,0.039,0.0,0.0,0.0,0.0,0.0,561.0,2670.0,0.706,16,18,19,11.334,10.866,279,240,2,68,136,68,0,10880,2304,68,0,0,68,0,0,2,0,0,296,0,42,3200,6562,97,2490,2395,30,0,1400,6.562
497,19.237,32.215,0.039,0.0,0.0,0.0,0.0,0.0,561.0,2670.0,0.738,16,18,18,10.967,10.479,280,240,2,68,136,68,0,10880,2304,68,0,0,68,0,0,1,0,0,296,0,38,2960,6712,99,2533,2572,32,0,1309,6.712
498,18.89,32.215,0.039,0.0,0.0,0.0,0.0,0.0,561.0,2670.0,0.672,16,17,17,11.201,10.711,280,240,2,68,136,68,0,10880,2304,68,0,0,68,0,0,1,1,0,296,0,36,2800,6308,99,2495,2311,26,0,1221,6.308
499,20.256,32.215,0.039,0.0,0.0,0.0,0.0,0.0,561.0,2670.0,0.93,16,17,17,11.894,11.39,281,240,2,66,132,66,0,10560,2176,66,0,0,66,0,0,0,0,0,292,0,34,2720,6834,136,2719,2526,32,0,1233,6.834
500,23.088,32.215,0.039,0.0,0.0,0.0,0.0,0.0,565.0,2678.0,0.806,16,17,21,14.411,13.786,280,240,2,66,132,66,0,10560,2176,66,0,0,66,0,4,0,0,0,292,0,42,3360,6829,121,2443,2270,23,229,1598,6.829
501,19.918,32.215,0.039,0.0,0.0,0.0,0.0,0.0,565.0,2678.0,0.929,16,17,21,11.987,11.464,284,240,2,66,132,66,0,10560,2176,66,0,0,66,0,0,0,0,0,292,0,42,3360,6514,107,2450,2265,32,0,1522,6.514
502,19.867,32.215,0.039,0.0,0.0,0.0,0.0,0.0,566.0,2680.0,0.742,16,17,19,11.565,11.038,283,240,2,66,132,66,0,10560,2176,66,0,0,66,0,1,3,0,0,292,0,43,3200,6612,104,2437,2295,30,121,1481,6.612
503,19.768,32.215,0.039,0.0,0.0,0.0,0.0,0.0,567.0,2682.0,0.903,16,17,18,11.747,10.675,285,240,2,66,132,66,0,10560,2176,66,0,0,66,0,1,2,0,0,292,0,40,3040,6463,90,2419,2254,32,102,1349,6.463
504,20.048,32.215,0.039,0.0,0.0,0.0,0.0,0.0,567.0,2682.0,0.745,16,17,17,11.037,10.428,286,240,2,66,132,66,0,10560,2176,66,0,0,66,0,0,1,0,0,292,0,35,2720,7438,123,2753,2613,55,0,1728,7.438
505,26.833,32.215,0.039,0.0,0.0,0.0,0.0,0.0,567.0,2682.0,0.711,16,17,13,18.871,18.383,286,240,2,66,132,66,0,10560,2176,66,0,0,66,0,0,4,0,0,292,0,34,2400,6432,170,2608,2374,34,0,1092,6.432
506,19.483,32.215,0.039,0.0,0.0,0.0,0.0,0.0,567.0,2682.0,0.673,15,17,10,11.881,11.382,285,240,2,66,132,66,0,10560,2176,66,0,0,66,0,0,3,1,0,292,0,25,1760,6217,145,2490,2446,27,0,935,6.217
507,26.26,32.215,0.039,0.0,0.0,0.0,0.0,0.0,567.0,2682.0,1.093,15,17,9,16.592,16.058,286,240,2,64,128,64,0,10240,2040,60,4,0,64,1,0,1,0,0,288,0,20,1520,8116,224,3307,3116,63,0,1147,8.116
508,28.126,28.106,0.033,0.0,0.0,0.0,0.0,0.0,566.0,2680.0,1.173,15,17,8,17.541,16.819,286,240,2,64,128,64,0,10240,2040,64,0,0,64,0,0,1,0,0,288,0,18,1378,8068,179,3410,3148,62,0,1026,8.068
509,28.534,28.106,0.033,0.0,0.0,0.0,0.0,0.0,566.0,2680.0,1.159,15,17,8,18.189,17.382,287,240,2,64,128,64,0,10240,2040,64,0,0,64,0,0,0,0,0,288,0,16,1280,7924,186,3508,3051,54,0,876,7.924
510,28.231,28.106,0.033,0.0,0.0,0.0,0.0,0.0,567.0,2682.0,1.192,15,17,10,17.492,16.731,285,240,2,64,128,64,0,10240,2040,64,0,0,64,0,2,0,0,0,288,0,18,1440,8443,173,3441,3148,55,416,957,8.443
511,28.165,28.106,0.033,0.0,0.0,0.0,0.0,0.0,566.0,2680.0,1.199,15,17,10,17.899,17.102,285,240,2,64,128,64,0,10240,2040,64,0,0,64,0,0,0,0,0,288,0,20,1600,8015,161,3411,3044,102,0,1049,8.015
512,28.315,28.106,0.033,0.0,0.0,0.0,0.0,0.0,566.0,2680.0,1.245,15,17,11,17.617,16.866,285,240,2,64,128,64,0,10240,2040,64,0,0,64,0,1,0,0,0,288,0,21,1680,8382,173,3496,3102,65,192,1064,8.382
513,27.212,28.106,0.033,0.0,0.0,0.0,0.0,0.0,566.0,2680.0,0.759,15,17,10,17.656,16.96,284,240,2,64,128,64,0,10240,2040,64,0,0,64,0,0,1,0,0,288,0,22,1680,7272,177,3037,2982,46,0,820,7.272
514,19.23,28.106,0.033,0.0,0.0,0.0,0.0,0.0,564.0,2676.0,0.76,15,17,9,12.282,11.727,284,240,2,64,128,64,0,10240,2040,64,0,0,64,0,0,1,0,0,288,0,20,1520,5454,96,2221,2252,30,0,710,5.454
515,19.043,28.106,0.033,0.0,0.0,0.0,0.0,0.0,564.0,2676.0,0.85,15,17,9,11.916,11.446,283,240,2,64,128,64,0,10240,2040,64,0,0,64,0,0,0,0,0,288,0,18,1440,5541,97,2443,2172,25,0,665,5.541
516,18.617,28.106,0.033,0.0,0.0,0.0,0.0,0.0,564.0,2676.0,0.716,15,17,9,11.701,11.169,283,240,2,64,128,64,0,10240,2040,64,0,0,64,0,0,0,0,0,288,0,18,1440,5401,97,2344,2174,27,0,620,5.401
517,18.653,28.106,0.033,0.0,0.0,0.0,0.0,0.0,564.0,2676.0,0.726,15,17,9,11.84,11.285,283,240,2,64,128,64,0,10240,2040,64,0,0,64,0,0,0,0,0,288,0,18,1440,5439,100,2340,2209,31,0,626,5.439
518,19.206,28.106,0.033,0.0,0.0,0.0,0.0,0.0,562.0,2672.0,0.73,15,17,9,12.363,11.892,282,240,2,64,128,64,0,10240,2040,64,0,0,64,0,0,0,0,0,288,0,18,1440,5356,100,2265,2172,30,0,632,5.356
519,18.67,28.106,0.033,0.0,0.0,0.0,0.0,0.0,561.0,2670.0,0.958,15,17,9,11.122,10.65,280,240,2,64,128,64,0,10240,2040,64,0,0,64,0,0,0,0,0,288,0,18,1440,6033,104,2702,2424,36,0,618,6.033
520,21.953,28.106,0.033,0.0,0.0,0.0,0.0,0.0,560.0,2668.0,0.759,14,16,5,11.391,10.904,280,240,2,64,128,64,0,10240,2040,64,0,0,64,0,0,4,2,0,288,0,18,1120,8846,104,5289,2607,24,0,630,8.846
521,17.673,28.106,0.033,0.0,0.0,0.0,0.0,0.0,560.0,2668.0,0.652,14,16,5,11.259,10.826,280,240,2,60,120,60,0,9600,1792,54,6,0,60,2,0,0,0,0,280,0,10,800,4847,104,2148,2072,33,0,356,4.847
522,18.709,28.106,0.033,0.0,0.0,0.0,0.0,0.0,560.0,2668.0,0.71,14,15,4,11.564,11.139,279,240,2,60,120,60,0,9600,1792,60,0,0,60,0,0,1,1,0,280,0,10,720,5528,113,2495,2338,37,0,371,5.528
523,18.525,28.106,0.033,0.0,0.0,0.0,0.0,0.0,560.0,2668.0,0.745,14,15,3,11.695,11.25,280,240,2,58,116,58,0,9280,1680,56,2,0,58,2,0,1,0,0,276,0,8,560,5482,129,2497,2348,35,0,317,5.482
524,19.432,28.106,0.033,0.0,0.0,0.0,0.0,0.0,557.0,2662.0,0.719,14,15,3,12.364,11.9,279,240,2,58,116,58,0,9280,1680,57,1,0,58,1,0,0,0,0,276,0,6,480,5383,128,2428,2362,36,0,272,5.383
525,19.605,28.106,0.033,0.0,0.0,0.0,0.0,0.0,555.0,2658.0,0.822,14,15,3,13.462,13.05,276,240,2,58,116,58,0,9280,1680,58,0,0,58,0,0,0,0,0,276,0,6,480,4767,129,2160,2107,29,0,208,4.767
526,18.641,28.106,0.033,0.0,0.0,0.0,0.0,0.0,554.0,2656.0,0.668,14,15,3,11.539,11.212,273,240,2,58,116,58,0,9280,1680,58,0,0,58,0,0,0,0,0,276,0,6,480,5510,130,2605,2368,34,0,208,5.51
527,24.844,28.106,0.033,0.0,0.0,0.0,0.0,0.0,550.0,2648.0,1.047,14,15,3,15.905,15.366,274,240,2,58,116,58,0,9280,1680,58,0,0,58,0,0,0,0,0,276,0,6,480,6440,158,2914,2806,44,0,294,6.44
528,25.075,28.106,0.033,0.0,0.0,0.0,0.0,0.0,547.0,2642.0,1.183,14,15,3,16.201,15.796,269,240,2,58,116,58,0,9280,1680,58,0,0,58,0,0,0,0,0,276,0,6,480,6747,164,3109,2881,52,0,319,6.747
529,25.681,28.106,0.033,0.0,0.0,0.0,0.0,0.0,546.0,2640.0,1.089,14,15,3,16.602,16.203,267,240,2,58,116,58,0,9280,1680,58,0,0,58,0,0,0,0,0,276,0,6,480,6861,166,3122,2859,53,0,377,6.861
530,25.599,28.106,0.033,0.0,0.0,0.0,0.0,0.0,545.0,2638.0,1.145,14,15,3,16.665,16.235,264,240,2,58,116,58,0,9280,1680,58,0,0,58,0,0,0,0,0,276,0,6,480,6826,164,3192,2821,53,0,363,6.826
531,24.99,28.106,0.033,0.0,0.0,0.0,0.0,0.0,545.0,2638.0,1.211,13,15,2,16.278,15.928,263,240,2,57,114,57,0,9120,1620,54,3,0,57,1,0,1,1,0,274,0,5,320,6546,195,2926,2791,51,0,366,6.546
532,24.763,28.106,0.033,0.0,0.0,0.0,0.0,0.0,545.0,2638.0,1.191,13,15,1,16.349,15.993,264,240,2,56,112,56,0,8960,1560,55,1,0,56,0,0,1,0,0,272,0,3,218,6183,215,2856,2625,49,0,203,6.183
533,25.298,28.106,0.033,0.0,0.0,0.0,0.0,0.0,545.0,2638.0,1.158,13,15,0,16.628,16.304,264,240,2,56,112,56,0,8960,1560,56,0,0,56,0,0,1,0,0,272,0,1,46,6264,221,2941,2750,47,0,82,6.264
534,24.923,28.106,0.033,0.0,0.0,0.0,0.0,0.0,545.0,2638.0,1.164,13,15,0,16.61,16.249,265,240,2,56,112,56,0,8960,1560,56,0,0,56,0,0,0,0,0,272,0,0,0,6282,163,3057,2782,49,0,6,6.282
535,23.285,28.106,0.033,0.0,0.0,0.0,0.0,0.0,544.0,2636.0,0.791,13,15,0,16.51,16.163,264,240,2,56,112,56,0,8960,1560,56,0,0,56,0,0,0,0,0,272,0,0,0,4585,203,2073,2141,25,0,3,4.585
536,16.465,28.106,0.033,0.0,0.0,0.0,0.0,0.0,543.0,2634.0,0.719,13,15,0,10.856,10.595,263,240,2,56,112,56,0,8960,1560,56,0,0,56,0,0,0,0,0,272,0,0,0,4148,95,1993,1908,31,0,2,4.148
537,15.909,28.106,0.033,0.0,0.0,0.0,0.0,0.0,543.0,2634.0,0.738,13,15,0,10.448,10.234,261,240,2,56,112,56,0,8960,1560,56,0,0,56,0,0,0,0,0,272,0,0,0,4174,95,2016,1918,26,0,2,4.174
538,16.265,28.106,0.033,0.0,0.0,0.0,0.0,0.0,543.0,2634.0,0.671,13,15,0,10.778,10.564,261,240,2,56,112,56,0,8960,1560,56,0,0,56,0,0,0,0,0,272,0,0,0,4154,128,1952,1920,22,0,3,4.154
539,16.733,28.106,0.033,0.0,0.0,0.0,0.0,0.0,543.0,2634.0,0.708,13,15,0,11.06,10.815,264,240,2,56,112,56,0,8960,1560,56,0,0,56,0,0,0,0,0,272,0,0,0,4166,103,2016,1885,26,0,2,4.166
540,17.042,28.106,0.033,0.0,0.0,0.0,0.0,0.0,543.0,2634.0,0.783,13,15,0,11.356,11.16,263,240,2,56,112,56,0,8960,1560,56,0,0,56,0,0,0,0,0,272,0,0,0,4194,108,2019,1903,24,0,4,4.194
541,16.448,28.106,0.033,0.0,0.0,0.0,0.0,0.0,544.0,2636.0,0.68,13,15,1,10.714,10.465,262,240,2,56,112,56,0,8960,1560,56,0,0,56,0,1,0,0,0,272,0,1,80,4354,131,1958,1930,34,129,43,4.354
542,16.3,28.106,0.033,0.0,0.0,0.0,0.0,0.0,541.0,2630.0,0.709,13,15,2,10.53,10.316,262,240,2,56,112,56,0,8960,1560,56,0,0,56,0,1,0,0,0,272,0,3,240,4406,95,2002,1942,23,108,110,4.406
543,19.029,28.106,0.033,0.0,0.0,0.0,0.0,0.0,541.0,2630.0,0.837,13,15,2,11.127,10.934,261,240,2,56,112,56,0,8960,1560,56,0,0,56,0,0,0,0,0,272,0,4,320,6655,129,4233,1980,25,0,155,6.655
544,20.709,28.106,0.033,0.0,0.0,0.0,0.0,0.0,540.0,2628.0,0.752,13,15,2,13.874,13.693,259,240,2,56,112,56,0,8960,1560,56,0,0,56,0,0,0,0,0,272,0,4,320,5349,694,2309,1954,25,0,221,5.349
545,19.391,28.106,0.033,0.0,0.0,0.0,0.0,0.0,539.0,2626.0,0.792,13,15,2,12.301,12.11,260,240,2,56,112,56,0,8960,1560,56,0,0,56,0,0,0,0,0,272,0,4,320,5442,106,2449,2399,45,0,240,5.442
546,19.685,28.106,0.033,0.0,0.0,0.0,0.0,0.0,539.0,2626.0,1.09,13,15,2,12.773,12.553,260,240,2,56,112,56,0,8960,1560,56,0,0,56,0,0,0,0,0,272,0,4,320,5336,115,2432,2327,38,0,255,5.336
547,20.163,28.106,0.033,0.0,0.0,0.0,0.0,0.0,540.0,2628.0,1.527,13,15,3,13.51,13.288,259,240,2,56,112,56,0,8960,1560,56,0,0,56,0,1,0,0,0,272,0,5,400,4866,142,2216,2017,30,143,192,4.866
548,27.735,28.106,0.033,0.0,0.0,0.0,0.0,0.0,540.0,2628.0,0.907,13,15,3,19.269,19.034,258,240,2,56,112,56,0,8960,1560,56,0,0,56,0,0,0,0,0,272,0,6,480,6138,151,2835,2626,36,0,292,6.138
549,23.536,28.106,0.033,0.0,0.0,0.0,0.0,0.0,540.0,2628.0,1.007,13,15,3,15.074,14.828,260,240,2,56,112,56,0,8960,1560,56,0,0,56,0,0,0,0,0,272,0,6,480,6630,174,3066,2794,42,0,308,6.63
550,22.531,28.106,0.033,0.0,0.0,0.0,0.0,0.0,540.0,2628.0,0.952,13,15,3,14.191,13.955,258,240,2,56,112,56,0,8960,1560,56,0,0,56,0,0,0,0,0,272,0,6,480,6434,196,2970,2672,42,0,301,6.434
551,22.836,28.106,0.033,0.0,0.0,0.0,0.0,0.0,542.0,2632.0,0.994,13,15,5,14.491,14.291,259,240,2,56,112,56,0,8960,1560,56,0,0,56,0,2,0,0,0,272,0,8,640,6495,140,2790,2495,38,439,404,6.495
552,21.831,28.106,0.033,0.0,0.0,0.0,0.0,0.0,542.0,2632.0,0.882,13,15,5,14.118,13.849,262,240,2,56,112,56,0,8960,1560,56,0,0,56,0,0,0,0,0,272,0,10,800,5918,143,2635,2431,40,0,496,5.918
553,17.585,28.106,0.033,0.0,0.0,0.0,0.0,0.0,542.0,2632.0,0.731,13,15,6,11.339,11.082,261,240,2,56,112,56,0,8960,1560,56,0,0,56,0,1,0,0,0,272,0,11,880,4717,96,1969,1929,26,113,472,4.717
554,16.1,28.106,0.033,0.0,0.0,0.0,0.0,0.0,541.0,2630.0,0.707,13,15,6,10.279,10.078,262,240,2,56,112,56,0,8960,1560,56,0,0,56,0,0,0,0,0,272,0,12,960,4508,94,1985,1894,19,0,397,4.508
555,16.013,28.595,0.084,0.0,0.0,0.0,0.0,0.0,540.0,2628.0,0.704,13,15,6,10.217,10.033,262,240,2,56,112,56,0,8960,1560,56,0,0,56,0,0,0,0,0,272,0,12,960,4498,98,1971,1887,25,0,399,4.498
556,15.807,28.595,0.084,0.0,0.0,0.0,0.0,0.0,540.0,2628.0,0.655,13,15,6,10.077,9.93,258,240,2,56,112,56,0,8960,1560,56,0,0,56,0,0,0,0,0,272,0,12,960,4484,97,1933,1899,24,0,401,4.484
557,16.025,28.595,0.084,0.0,0.0,0.0,0.0,0.0,543.0,2634.0,0.642,13,15,9,10.003,9.84,259,240,2,56,112,56,0,8960,1560,56,0,0,56,0,3,0,0,0,272,0,16,1280,4708,90,1914,1824,23,217,517,4.708
558,15.871,28.595,0.084,0.0,0.0,0.0,0.0,0.0,545.0,2638.0,0.609,13,15,11,10.007,9.819,263,240,2,56,112,56,0,8960,1560,56,0,0,56,0,2,0,0,0,272,0,20,1600,4739,90,1958,1776,20,131,651,4.739
559,15.43,28.595,0.084,0.0,0.0,0.0,0.0,0.0,546.0,2640.0,0.618,13,15,12,9.557,9.329,264,240,2,56,112,56,0,8960,1560,56,0,0,56,0,1,0,0,0,272,0,24,1920,4757,100,1879,1730,23,108,807,4.757
560,16.034,28.595,0.084,0.0,0.0,0.0,0.0,0.0,548.0,2644.0,0.604,13,15,14,10.11,9.899,266,240,2,56,112,56,0,8960,1560,56,0,0,56,0,2,0,0,0,272,0,26,2080,4788,94,1843,1760,22,120,839,4.788
561,15.847,28.595,0.084,0.0,0.0,0.0,0.0,0.0,551.0,2650.0,0.639,13,15,17,9.615,9.398,267,240,2,56,112,56,0,8960,1560,56,0,0,56,0,3,0,0,0,272,0,32,2560,5142,99,1920,1804,22,157,1027,5.142
562,16.477,28.595,0.084,0.0,0.0,0.0,0.0,0.0,552.0,2652.0,0.589,13,15,17,10.139,9.885,271,240,2,56,112,56,0,8960,1560,56,0,0,56,0,1,1,0,0,272,0,34,2640,5146,96,1884,1814,22,81,1137,5.146
563,16.737,28.595,0.084,0.0,0.0,0.0,0.0,0.0,553.0,2654.0,0.681,12,15,17,10.129,9.787,273,240,2,55,110,55,0,8800,1500,53,2,0,55,2,1,1,1,0,270,0,35,2720,5327,92,1960,1836,34,112,1186,5.327
564,16.64,28.595,0.084,0.0,0.0,0.0,0.0,0.0,553.0,2654.0,0.666,12,15,17,10.314,9.988,273,240,2,54,108,54,0,8640,1440,54,0,0,54,4,0,0,0,0,268,0,34,2720,5139,94,1908,1821,33,0,1172,5.139
565,16.643,28.595,0.084,0.0,0.0,0.0,0.0,0.0,553.0,2654.0,0.602,12,15,17,10.274,9.951,274,240,2,54,108,54,0,8640,1440,54,0,0,54,4,0,0,0,0,268,0,34,2720,4984,97,1899,1748,30,0,1098,4.984
566,16.602,28.595,0.084,0.0,0.0,0.0,0.0,0.0,553.0,2654.0,0.66,12,15,17,10.254,9.926,272,240,2,54,108,54,0,8640,1440,54,0,0,54,4,0,0,0,0,268,0,34,2720,4946,95,1840,1765,28,0,1099,4.946
567,16.622,28.595,0.084,0.0,0.0,0.0,0.0,0.0,553.0,2654.0,0.698,12,15,17,10.151,9.831,273,240,2,54,108,54,0,8640,1440,54,0,0,54,3,0,0,0,0,268,0,34,2720,5274,101,1882,1816,31,0,1330,5.274
568,16.824,28.595,0.084,0.0,0.0,0.0,0.0,0.0,554.0,2656.0,0.621,11,15,17,10.42,10.08,273,240,2,53,106,53,0,8480,1380,49,4,0,53,5,1,1,1,0,266,0,34,2640,5148,105,1824,1764,31,125,1185,5.148
569,16.734,28.595,0.084,0.0,0.0,0.0,0.0,0.0,555.0,2658.0,0.658,11,15,18,10.254,9.872,273,240,2,52,104,52,0,8320,1320,52,0,0,52,6,1,0,0,0,264,0,35,2800,5143,94,1838,1774,28,118,1176,5.143
570,16.678,28.595,0.084,0.0,0.0,0.0,0.0,0.0,555.0,2658.0,0.713,11,15,18,10.289,9.888,277,240,2,52,104,52,0,8320,1320,52,0,0,52,4,0,0,0,0,264,0,36,2880,5074,95,1837,1747,27,0,1246,5.074
571,16.342,28.595,0.084,0.0,0.0,0.0,0.0,0.0,555.0,2658.0,0.65,11,14,17,10.063,9.708,273,240,2,51,102,51,0,8160,1276,51,0,0,51,1,0,1,1,0,262,0,35,2720,5014,99,1749,1843,31,0,1175,5.014
572,16.394,28.595,0.084,0.0,0.0,0.0,0.0,0.0,555.0,2658.0,0.641,11,14,17,10.398,9.981,276,240,2,50,100,50,0,8000,1232,50,0,0,50,0,0,0,0,0,260,0,34,2720,4782,96,1784,1632,26,0,1139,4.782
573,16.347,28.595,0.084,0.0,0.0,0.0,0.0,0.0,555.0,2658.0,0.664,11,14,17,10.23,9.87,276,240,2,50,100,50,0,8000,1232,50,0,0,50,0,0,0,0,0,260,0,34,2720,4799,98,1780,1633,19,0,1157,4.799
574,16.077,28.595,0.084,0.0,0.0,0.0,0.0,0.0,555.0,2658.0,0.666,11,14,16,10.159,9.818,274,240,2,50,100,50,0,8000,1232,50,0,0,50,0,0,1,0,0,260,0,33,2560,4726,105,1683,1723,17,0,1087,4.726
575,16.596,28.595,0.084,0.0,0.0,0.0,0.0,0.0,558.0,2664.0,0.645,11,14,19,10.16,9.762,276,240,2,50,100,50,0,8000,1232,50,0,0,50,0,3,0,0,0,260,0,35,2800,5074,98,1744,1712,45,199,1162,5.074
576,16.349,28.595,0.084,0.0,0.0,0.0,0.0,0.0,558.0,2664.0,0.642,11,14,19,10.254,9.877,278,240,2,50,100,50,0,8000,1232,50,0,0,50,0,0,0,0,0,260,0,38,3040,4937,96,1767,1651,23,0,1295,4.937
577,16.146,28.595,0.084,0.0,0.0,0.0,0.0,0.0,559.0,2666.0,1.398,10,14,19,9.95,9.585,277,240,2,50,100,50,0,8000,1232,50,0,0,50,0,1,1,1,0,260,0,39,3040,5042,94,1717,1651,19,121,1332,5.042
578,16.945,28.595,0.084,0.0,0.0,0.0,0.0,0.0,559.0,2666.0,0.71,10,13,17,10.354,9.897,280,240,2,47,94,47,0,7520,1080,40,7,0,47,6,0,2,1,0,254,0,36,2720,4616,97,1656,1571,30,0,1153,4.616
579,17.61,28.595,0.084,0.0,0.0,0.0,0.0,0.0,559.0,2666.0,0.693,10,13,14,10.443,10.023,279,240,2,46,92,46,0,7360,1040,46,0,0,46,6,0,3,0,0,252,0,32,2320,5760,98,2578,1884,33,0,1046,5.76
580,15.703,28.595,0.084,0.0,0.0,0.0,0.0,0.0,559.0,2666.0,0.591,10,13,14,10.101,9.708,280,240,2,46,92,46,0,7360,1040,45,1,0,46,4,0,0,0,0,252,0,28,2240,4197,95,1535,1505,35,0,933,4.197
581,15.661,28.595,0.084,0.0,0.0,0.0,0.0,0.0,559.0,2666.0,0.628,10,13,12,10.229,9.834,280,240,2,46,92,46,0,7360,1040,45,1,0,46,2,0,2,0,0,252,0,26,1920,4111,95,1560,1544,23,0,783,4.111
582,14.88,28.595,0.084,0.0,0.0,0.0,0.0,0.0,559.0,2666.0,0.688,10,12,10,9.845,9.456,279,240,2,45,90,45,0,7200,1000,45,0,0,45,0,0,2,1,0,250,0,22,1662,3912,95,1508,1495,24,0,691,3.912
583,14.928,28.595,0.084,0.0,0.0,0.0,0.0,0.0,559.0,2666.0,0.653,10,12,7,9.821,9.46,278,240,2,44,88,44,0,7040,960,44,0,0,44,0,0,3,0,0,248,0,18,1222,3950,93,1461,1544,18,0,737,3.95
584,14.602,28.595,0.084,0.0,0.0,0.0,0.0,0.0,558.0,2664.0,0.588,10,12,7,9.666,9.261,280,240,2,44,88,44,0,7040,960,44,0,0,44,0,0,0,0,0,248,0,14,1120,3612,88,1545,1413,20,0,445,3.612
585,14.238,28.595,0.084,0.0,0.0,0.0,0.0,0.0,557.0,2662.0,0.602,10,12,7,9.565,9.206,277,240,2,44,88,44,0,7040,960,44,0,0,44,0,0,0,0,0,248,0,14,1120,3524,89,1486,1405,27,0,433,3.524
586,14.672,28.595,0.084,0.0,0.0,0.0,0.0,0.0,559.0,2666.0,0.565,10,12,9,9.811,9.21,278,240,2,44,88,44,0,7040,960,44,0,0,44,0,2,0,0,0,248,0,18,1440,3765,90,1422,1372,17,160,611,3.765
587,14.419,28.595,0.084,0.0,0.0,0.0,0.0,0.0,559.0,2666.0,0.609,10,12,9,9.572,9.205,279,240,2,44,88,44,0,7040,960,44,0,0,44,0,0,0,0,0,248,0,18,1440,3603,97,1415,1384,17,0,585,3.603
588,14.066,28.595,0.084,0.0,0.0,0.0,0.0,0.0,559.0,2666.0,0.606,10,12,9,9.427,9.1,278,240,2,44,88,44,0,7040,960,44,0,0,44,0,0,0,0,0,248,0,18,1440,3571,102,1472,1341,15,0,547,3.571
589,13.791,28.595,0.084,0.0,0.0,0.0,0.0,0.0,559.0,2666.0,0.591,10,12,8,9.223,8.903,279,240,2,44,88,44,0,7040,960,44,0,0,44,0,0,1,0,0,248,0,17,1280,3484,91,1401,1343,21,0,539,3.484
590,13.736,28.595,0.084,0.0,0.0,0.0,0.0,0.0,558.0,2664.0,0.542,10,12,8,9.194,8.867,279,240,2,44,88,44,0,7040,960,44,0,0,44,0,0,0,0,0,248,0,16,1280,3448,90,1385,1340,16,0,534,3.448
591,13.569,28.595,0.084,0.0,0.0,0.0,0.0,0.0,558.0,2664.0,0.661,9,12,7,9.004,8.673,277,240,2,44,88,44,0,7040,960,44,0,0,44,0,0,1,1,0,248,0,16,1222,3545,90,1440,1393,19,0,510,3.545
592,13.511,28.595,0.084,0.0,0.0,0.0,0.0,0.0,558.0,2664.0,0.556,9,12,7,9.123,8.796,279,240,2,42,84,42,0,6720,864,38,4,0,42,4,0,0,0,0,244,0,14,1120,3263,86,1330,1308,25,0,426,3.263
593,13.848,28.595,0.084,0.0,0.0,0.0,0.0,0.0,557.0,2662.0,0.557,9,12,7,9.24,8.905,279,240,2,42,84,42,0,6720,864,41,1,0,42,0,0,0,0,0,244,0,14,1120,3274,89,1350,1300,16,0,438,3.274
594,13.441,28.595,0.084,0.0,0.0,0.0,0.0,0.0,557.0,2662.0,0.588,9,12,7,9.204,8.876,276,240,2,42,84,42,0,6720,864,42,0,0,42,0,0,0,0,0,244,0,14,1120,3248,99,1344,1286,14,0,422,3.248
595,13.82,28.595,0.084,0.0,0.0,0.0,0.0,0.0,557.0,2662.0,0.565,9,12,7,9.465,9.152,278,240,2,42,84,42,0,6720,864,42,0,0,42,0,0,0,0,0,244,0,14,1120,3286,87,1373,1290,16,0,425,3.286
596,13.298,28.595,0.084,0.0,0.0,0.0,0.0,0.0,556.0,2660.0,0.661,8,11,4,9.156,8.845,277,240,2,40,80,40,0,6400,784,36,4,0,40,0,0,3,2,0,240,0,11,640,3042,92,1278,1261,17,0,307,3.042
597,13.493,28.595,0.084,0.0,0.0,0.0,0.0,0.0,556.0,2660.0,0.585,8,11,4,9.281,8.987,274,240,2,38,76,38,0,6080,704,38,0,0,38,0,0,0,0,0,236,0,8,640,3093,87,1385,1265,18,0,252,3.093
598,13.508,28.595,0.084,0.0,0.0,0.0,0.0,0.0,556.0,2660.0,0.623,8,10,3,9.413,9.082,278,240,2,37,74,37,0,5920,672,36,1,0,37,0,0,1,1,0,234,0,7,480,2842,94,1204,1223,15,0,224,2.842
599,13.587,28.595,0.084,0.0,0.0,0.0,0.0,0.0,555.0,2658.0,0.6,8,10,3,9.591,9.289,276,240,2,36,72,36,0,5760,640,36,0,0,36,0,0,0,0,0,232,0,6,480,2682,103,1147,1150,14,0,188,2.682
600,13.538,28.595,0.084,0.0,0.0,0.0,0.0,0.0,553.0,2654.0,0.624,8,10,3,9.51,9.201,276,240,2,36,72,36,0,5760,640,36,0,0,36,0,0,0,0,0,232,0,6,480,2705,90,1232,1099,13,0,189,2.705
601,13.296,28.595,0.084,0.0,0.0,0.0,0.0,0.0,550.0,2648.0,0.568,8,10,3,9.402,9.128,272,240,2,36,72,36,0,5760,640,36,0,0,36,0,0,0,0,0,232,0,6,480,2693,96,1221,1090,12,0,190,2.693
602,13.263,28.595,0.084,0.0,0.0,0.0,0.0,0.0,550.0,2648.0,0.589,8,10,3,9.559,9.277,272,240,2,36,72,36,0,5760,640,36,0,0,36,0,0,0,0,0,232,0,6,480,2706,88,1138,1143,13,0,233,2.706
603,13.232,28.595,0.084,0.0,0.0,0.0,0.0,0.0,548.0,2644.0,0.624,8,10,3,9.361,9.099,271,240,2,36,72,36,0,5760,640,36,0,0,36,0,0,0,0,0,232,0,6,480,2752,90,1150,1216,13,0,194,2.752
604,13.873,28.595,0.084,0.0,0.0,0.0,0.0,0.0,546.0,2640.0,0.744,8,10,3,9.295,9.066,268,240,2,36,72,36,0,5760,640,36,0,0,36,0,0,0,0,0,232,0,6,480,3420,93,1830,1170,16,0,213,3.42
605,15.061,28.595,0.084,0.0,0.0,0.0,0.0,0.0,543.0,2634.0,0.691,8,10,3,10.466,10.229,266,240,2,36,72,36,0,5760,640,36,0,0,36,0,0,0,0,0,232,0,6,480,2978,103,1304,1236,17,0,220,2.978
606,14.555,28.595,0.084,0.0,0.0,0.0,0.0,0.0,543.0,2634.0,0.624,7,10,1,10.169,9.964,263,240,2,36,72,36,0,5760,640,36,0,0,36,0,0,2,1,0,232,0,6,320,3150,332,1290,1229,20,0,191,3.15
607,15.874,28.595,0.084,0.0,0.0,0.0,0.0,0.0,543.0,2634.0,0.734,7,10,1,11.829,11.566,263,240,2,34,68,34,0,5440,560,32,2,0,34,1,0,0,0,0,228,0,2,160,2711,107,1195,1197,21,0,73,2.711
608,15.245,28.595,0.084,0.0,0.0,0.0,0.0,0.0,543.0,2634.0,0.936,7,10,1,11.011,10.782,264,240,2,34,68,34,0,5440,560,34,0,0,34,0,0,0,0,0,228,0,2,160,2674,130,1209,1143,22,0,72,2.674
609,14.761,28.595,0.084,0.0,0.0,0.0,0.0,0.0,543.0,2634.0,0.676,7,10,1,10.575,10.345,263,240,2,34,68,34,0,5440,560,34,0,0,34,0,0,0,0,0,228,0,2,160,2663,151,1201,1127,13,0,86,2.663
610,15.91,28.595,0.084,0.0,0.0,0.0,0.0,0.0,543.0,2634.0,0.708,7,10,1,11.712,11.406,265,240,2,34,68,34,0,5440,560,34,0,0,34,0,0,0,0,0,228,0,2,160,2883,112,1249,1328,17,0,78,2.883
611,15.647,28.595,0.084,0.0,0.0,0.0,0.0,0.0,542.0,2632.0,0.756,7,10,1,11.272,10.879,264,240,2,34,68,34,0,5440,560,34,0,0,34,0,0,0,0,0,228,0,2,160,2803,111,1330,1186,22,0,73,2.803
612,23.65,28.595,0.084,0.0,0.0,0.0,0.0,0.0,542.0,2632.0,1.651,7,10,1,15.958,15.746,262,240,2,34,68,34,0,5440,560,34,0,0,34,0,0,0,0,0,228,0,2,160,6053,200,2542,2653,43,0,238,6.053
613,30.678,28.595,0.084,0.0,0.0,0.0,0.0,0.0,541.0,2630.0,1.447,7,10,1,21.912,21.363,261,240,2,34,68,34,0,5440,560,34,0,0,34,0,0,0,0,0,228,0,2,160,5805,290,2575,2475,52,0,201,5.805
614,32.037,28.595,0.084,0.0,0.0,0.0,0.0,0.0,541.0,2630.0,0.914,7,10,1,23.398,23.04,261,240,2,34,68,34,0,5440,560,34,0,0,34,0,0,0,0,0,228,0,2,160,5816,300,2739,2264,43,0,164,5.816
615,14.948,28.595,0.084,0.0,0.0,0.0,0.0,0.0,541.0,2630.0,0.836,7,10,1,10.66,10.409,261,240,2,34,68,34,0,5440,560,34,0,0,34,0,0,0,0,0,228,0,2,160,2708,102,1265,1164,18,0,75,2.708
616,18.957,28.595,0.084,0.0,0.0,0.0,0.0,0.0,541.0,2630.0,1.093,7,10,1,13.648,13.394,263,240,2,34,68,34,0,5440,560,34,0,0,34,0,0,0,0,0,228,0,2,160,3625,157,1639,1521,29,0,136,3.625
617,22.095,28.595,0.084,0.0,0.0,0.0,0.0,0.0,542.0,2632.0,1.09,7,10,2,15.648,15.364,261,240,2,34,68,34,0,5440,560,34,0,0,34,0,1,0,0,0,228,0,4,320,4088,197,1670,1635,27,192,203,4.088
618,18.79,31.75,0.042,0.0,0.0,0.0,0.0,0.0,540.0,2628.0,0.858,7,10,3,14.065,13.797,263,240,2,34,68,34,0,5440,560,34,0,0,34,0,1,0,0,0,228,0,6,480,2796,95,1209,1078,15,125,190,2.796
619,13.894,31.75,0.042,0.0,0.0,0.0,0.0,0.0,540.0,2628.0,0.683,7,10,3,9.694,9.504,260,240,2,34,68,34,0,5440,560,34,0,0,34,0,0,0,0,0,228,0,6,480,2709,92,1265,1032,16,0,186,2.709
620,13.302,31.75,0.042,0.0,0.0,0.0,0.0,0.0,539.0,2626.0,0.667,7,10,3,9.314,9.162,260,240,2,34,68,34,0,5440,560,34,0,0,34,0,0,0,0,0,228,0,6,480,2646,89,1168,1101,14,0,188,2.646
621,13.461,31.75,0.042,0.0,0.0,0.0,0.0,0.0,539.0,2626.0,0.672,7,10,3,9.602,9.432,258,240,2,34,68,34,0,5440,560,34,0,0,34,0,0,0,0,0,228,0,6,480,2598,97,1143,1044,19,0,227,2.598
622,14.338,31.75,0.042,0.0,0.0,0.0,0.0,0.0,539.0,2626.0,0.677,7,10,3,10.227,10.051,262,240,2,34,68,34,0,5440,560,34,0,0,34,0,0,0,0,0,228,0,6,480,2741,148,1182,1121,17,0,185,2.741
623,14.171,31.75,0.042,0.0,0.0,0.0,0.0,0.0,540.0,2628.0,0.688,7,10,4,9.797,9.622,260,240,2,34,68,34,0,5440,560,34,0,0,34,0,1,0,0,0,228,0,8,640,2903,125,1145,1166,15,113,259,2.903
624,14.529,31.75,0.042,0.0,0.0,0.0,0.0,0.0,540.0,2628.0,0.671,7,10,4,10.499,10.321,260,240,2,34,68,34,0,5440,560,34,0,0,34,0,0,0,0,0,228,0,8,640,2736,96,1136,1127,19,0,281,2.736
625,14.141,31.75,0.042,0.0,0.0,0.0,0.0,0.0,540.0,2628.0,0.672,7,10,4,10.086,9.875,259,240,2,34,68,34,0,5440,560,34,0,0,34,0,0,0,0,0,228,0,8,640,2816,92,1229,1111,14,0,279,2.816
626,13.652,31.75,0.042,0.0,0.0,0.0,0.0,0.0,540.0,2628.0,0.629,7,10,4,9.584,9.408,261,240,2,34,68,34,0,5440,560,34,0,0,34,0,0,0,0,0,228,0,8,640,2778,99,1257,1078,15,0,249,2.778
627,14.088,31.75,0.042,0.0,0.0,0.0,0.0,0.0,540.0,2628.0,0.626,7,10,4,10.206,10.011,260,240,2,34,68,34,0,5440,560,34,0,0,34,0,0,0,0,0,228,0,8,640,2722,94,1142,1131,17,0,258,2.722
628,13.916,31.75,0.042,0.0,0.0,0.0,0.0,0.0,538.0,2624.0,0.66,7,10,4,9.625,9.442,262,240,2,34,68,34,0,5440,560,34,0,0,34,0,0,0,0,0,228,0,8,640,3014,93,1294,1218,25,0,297,3.014
629,13.842,31.75,0.042,0.0,0.0,0.0,0.0,0.0,538.0,2624.0,0.622,7,10,4,9.63,9.401,258,240,2,34,68,34,0,5440,560,34,0,0,34,0,0,0,0,0,228,0,8,640,2725,93,1171,1071,18,0,275,2.725
630,13.904,31.75,0.042,0.0,0.0,0.0,0.0,0.0,538.0,2624.0,0.664,7,10,4,9.443,9.295,258,240,2,34,68,34,0,5440,560,34,0,0,34,0,0,0,0,0,228,0,8,640,3327,122,1410,1331,18,0,336,3.327
631,13.795,31.75,0.042,0.0,0.0,0.0,0.0,0.0,538.0,2624.0,0.684,7,10,4,9.879,9.727,258,240,2,34,68,34,0,5440,560,34,0,0,34,0,0,0,0,0,228,0,8,640,2669,93,1157,1073,16,0,252,2.669
632,13.489,31.75,0.042,0.0,0.0,0.0,0.0,0.0,538.0,2624.0,0.597,7,10,4,9.611,9.474,258,240,2,34,68,34,0,5440,560,34,0,0,34,0,0,0,0,0,228,0,8,640,2712,88,1143,1125,14,0,256,2.712
633,12.986,31.75,0.042,0.0,0.0,0.0,0.0,0.0,539.0,2626.0,0.618,7,10,5,9.098,8.932,259,240,2,34,68,34,0,5440,560,34,0,0,34,0,1,0,0,0,228,0,10,800,2779,87,1108,1065,12,115,306,2.779
634,14.126,31.75,0.042,0.0,0.0,0.0,0.0,0.0,540.0,2628.0,0.622,7,10,6,10.19,9.629,261,240,2,34,68,34,0,5440,560,34,0,0,34,0,1,0,0,0,228,0,12,960,2834,106,1110,1050,17,99,371,2.834
635,13.266,31.75,0.042,0.0,0.0,0.0,0.0,0.0,540.0,2628.0,0.641,7,10,6,9.268,9.105,261,240,2,34,68,34,0,5440,560,34,0,0,34,0,0,0,0,0,228,0,12,960,2709,85,1127,1043,9,0,362,2.709
636,14.046,31.75,0.042,0.0,0.0,0.0,0.0,0.0,543.0,2634.0,0.722,7,10,9,9.761,9.611,261,240,2,34,68,34,0,5440,560,34,0,0,34,0,3,0,0,0,228,0,17,1360,3157,89,1163,1044,18,161,603,3.157
637,15.406,31.75,0.042,0.0,0.0,0.0,0.0,0.0,544.0,2636.0,0.697,6,10,9,9.907,9.731,262,240,2,34,68,34,0,5440,560,34,0,0,34,0,1,1,1,0,228,0,20,1520,3794,168,1525,1214,12,134,648,3.794
638,17.145,31.75,0.042,0.0,0.0,0.0,0.0,0.0,545.0,2638.0,0.658,6,10,9,12.424,12.191,264,240,2,32,64,32,0,5120,480,29,3,0,32,4,1,1,0,0,224,0,20,1520,3420,108,1245,1183,24,101,667,3.42
639,14.369,31.75,0.042,0.0,0.0,0.0,0.0,0.0,545.0,2638.0,0.655,6,10,9,10.115,9.877,267,240,2,32,64,32,0,5120,480,31,1,0,32,2,0,0,0,0,224,0,18,1440,2824,103,1034,981,22,0,618,2.824
640,14.54,31.75,0.042,0.0,0.0,0.0,0.0,0.0,545.0,2638.0,0.63,6,10,9,10.106,9.882,266,240,2,32,64,32,0,5120,480,31,1,0,32,0,0,0,0,0,224,0,18,1440,3158,140,1030,1012,16,0,880,3.158
641,14.279,31.75,0.042,0.0,0.0,0.0,0.0,0.0,545.0,2638.0,0.672,6,10,9,9.989,9.748,266,240,2,32,64,32,0,5120,480,32,0,0,32,0,0,0,0,0,224,0,18,1440,2867,104,1052,1022,15,0,594,2.867
642,14.017,31.75,0.042,0.0,0.0,0.0,0.0,0.0,545.0,2638.0,0.714,6,10,9,9.554,9.323,266,240,2,32,64,32,0,5120,480,32,0,0,32,0,0,0,0,0,224,0,18,1440,3211,102,1061,1120,11,0,831,3.211
643,13.564,31.75,0.042,0.0,0.0,0.0,0.0,0.0,545.0,2638.0,0.665,6,10,8,9.475,9.243,265,240,2,32,64,32,0,5120,480,32,0,0,32,0,0,1,0,0,224,0,18,1360,2806,92,1034,1038,15,0,556,2.806
644,13.872,31.75,0.042,0.0,0.0,0.0,0.0,0.0,546.0,2640.0,0.674,6,10,9,9.566,9.307,266,240,2,32,64,32,0,5120,480,32,0,0,32,0,1,0,0,0,224,0,18,1440,3137,193,1086,1037,16,127,596,3.137
645,15.344,31.75,0.042,0.0,0.0,0.0,0.0,0.0,547.0,2642.0,0.624,6,10,10,11.065,10.813,266,240,2,32,64,32,0,5120,480,32,0,0,32,0,1,0,0,0,224,0,20,1600,3039,91,1061,1048,19,98,638,3.039
646,14.499,31.75,0.042,0.0,0.0,0.0,0.0,0.0,547.0,2642.0,0.756,6,10,10,10.302,10.019,267,240,2,32,64,32,0,5120,480,32,0,0,32,0,0,0,0,0,224,0,20,1600,2970,93,1075,1071,11,0,634,2.97
647,14.302,31.75,0.042,0.0,0.0,0.0,0.0,0.0,547.0,2642.0,0.72,6,10,10,9.855,9.543,269,240,2,32,64,32,0,5120,480,32,0,0,32,0,0,0,0,0,224,0,20,1600,2923,95,1073,997,15,0,664,2.923
648,13.949,31.75,0.042,0.0,0.0,0.0,0.0,0.0,547.0,2642.0,0.672,6,10,10,9.818,9.512,268,240,2,32,64,32,0,5120,480,32,0,0,32,0,0,0,0,0,224,0,20,1600,2824,92,1041,988,14,0,618,2.824
649,13.461,31.75,0.042,0.0,0.0,0.0,0.0,0.0,547.0,2642.0,0.662,6,10,10,9.336,9.091,267,240,2,32,64,32,0,5120,480,32,0,0,32,0,0,0,0,0,224,0,20,1600,2942,95,1091,1042,16,0,617,2.942
650,13.749,31.75,0.042,0.0,0.0,0.0,0.0,0.0,547.0,2642.0,0.634,6,10,10,9.604,9.326,268,240,2,32,64,32,0,5120,480,32,0,0,32,0,0,0,0,0,224,0,20,1600,2957,90,1134,997,14,0,642,2.957
651,14.396,31.75,0.042,0.0,0.0,0.0,0.0,0.0,549.0,2646.0,0.852,6,10,12,9.83,9.508,269,240,2,32,64,32,0,5120,480,32,0,0,32,0,2,0,0,0,224,0,24,1920,3361,94,1204,1058,14,149,763,3.361
652,13.941,31.75,0.042,0.0,0.0,0.0,0.0,0.0,549.0,2646.0,0.666,6,10,12,9.518,9.249,269,240,2,32,64,32,0,5120,480,32,0,0,32,0,0,0,0,0,224,0,24,1920,2986,92,1010,983,21,0,814,2.986
653,14.04,31.75,0.042,0.0,0.0,0.0,0.0,0.0,550.0,2648.0,0.667,5,10,12,9.322,9.056,269,240,2,32,64,32,0,5120,480,32,0,0,32,0,1,1,1,0,224,0,26,2000,3276,112,1043,1048,17,112,860,3.276
654,13.467,31.75,0.042,0.0,0.0,0.0,0.0,0.0,550.0,2648.0,0.625,5,10,11,9.445,9.182,269,240,2,30,60,30,0,4800,400,29,1,0,30,2,0,1,0,0,220,0,24,1840,2810,91,967,930,15,0,730,2.81
655,14.709,31.75,0.042,0.0,0.0,0.0,0.0,0.0,550.0,2648.0,0.681,5,10,11,10.521,10.165,274,240,2,30,60,30,0,4800,400,30,0,0,30,0,0,0,0,0,220,0,22,1760,2819,121,936,957,16,0,719,2.819
656,17.058,31.75,0.042,0.0,0.0,0.0,0.0,0.0,550.0,2648.0,0.769,5,9,9,12.286,11.933,269,240,2,30,60,30,0,4800,400,30,0,0,30,0,0,2,1,0,220,0,22,1600,3457,146,1275,1149,17,0,766,3.457
657,13.851,31.75,0.042,0.0,0.0,0.0,0.0,0.0,550.0,2648.0,0.687,5,9,6,9.839,9.543,271,240,2,28,56,28,0,4480,360,28,0,0,28,0,0,2,0,0,216,0,17,1200,2689,96,958,969,12,0,548,2.689
658,13.856,31.75,0.042,0.0,0.0,0.0,0.0,0.0,550.0,2648.0,0.689,5,8,5,9.736,9.438,271,240,2,28,56,28,0,4480,360,28,0,0,28,0,0,1,1,0,216,0,12,880,2559,148,971,963,13,0,386,2.559
659,14.4,31.75,0.042,0.0,0.0,0.0,0.0,0.0,549.0,2646.0,0.773,5,8,5,10.325,10.06,271,240,2,26,52,26,0,4160,320,25,1,0,26,2,0,0,0,0,212,0,10,800,2513,115,984,940,29,0,366,2.513
660,16.892,31.75,0.042,0.0,0.0,0.0,0.0,0.0,548.0,2644.0,0.768,5,8,5,12.653,12.306,270,240,2,26,52,26,0,4160,320,26,0,0,26,2,0,0,0,0,212,0,10,800,2604,130,970,948,21,0,453,2.604
661,14.903,31.75,0.042,0.0,0.0,0.0,0.0,0.0,549.0,2646.0,0.791,5,8,6,10.958,10.68,268,240,2,26,52,26,0,4160,320,25,1,0,26,1,1,0,0,0,212,0,11,880,2534,104,920,925,14,128,364,2.534
662,15.185,31.75,0.042,0.0,0.0,0.0,0.0,0.0,549.0,2646.0,0.77,5,8,6,11.366,11.054,267,240,2,26,52,26,0,4160,320,26,0,0,26,0,0,0,0,0,212,0,12,960,2367,114,906,871,14,0,392,2.367
663,18.706,31.75,0.042,0.0,0.0,0.0,0.0,0.0,549.0,2646.0,0.759,5,8,6,14.827,14.508,272,240,2,26,52,26,0,4160,320,26,0,0,26,0,0,0,0,0,212,0,12,960,2457,99,977,890,13,0,394,2.457
664,14.12,31.75,0.042,0.0,0.0,0.0,0.0,0.0,549.0,2646.0,0.771,4,8,5,10.181,9.899,268,240,2,26,52,26,0,4160,320,26,0,0,26,0,0,1,1,0,212,0,12,880,2551,112,957,971,10,0,409,2.551
665,14.482,31.75,0.042,0.0,0.0,0.0,0.0,0.0,548.0,2644.0,0.654,3,8,4,10.676,10.336,270,240,2,24,48,24,0,3840,256,21,3,0,24,6,0,1,1,0,208,0,10,720,2206,132,833,779,18,0,382,2.206
666,14.181,31.75,0.042,0.0,0.0,0.0,0.0,0.0,548.0,2644.0,0.714,3,8,4,10.578,10.254,269,240,2,22,44,22,0,3520,192,19,3,0,22,12,0,0,0,0,204,0,8,640,2157,101,833,819,29,0,299,2.157
667,13.673,31.75,0.042,0.0,0.0,0.0,0.0,0.0,548.0,2644.0,0.655,3,8,4,10.274,9.981,270,240,2,22,44,22,0,3520,192,22,0,0,22,12,0,0,0,0,204,0,8,640,1935,96,742,711,17,0,310,1.935
668,13.884,31.75,0.042,0.0,0.0,0.0,0.0,0.0,548.0,2644.0,0.693,3,8,4,10.653,10.377,266,240,2,22,44,22,0,3520,192,22,0,0,22,12,0,0,0,0,204,0,8,640,2032,109,806,764,22,0,268,2.032
669,14.143,31.75,0.042,0.0,0.0,0.0,0.0,0.0,548.0,2644.0,0.636,3,8,4,10.449,10.181,269,240,2,22,44,22,0,3520,192,22,0,0,22,12,0,0,0,0,204,0,8,640,2273,330,722,692,19,0,433,2.273
670,13.337,31.75,0.042,0.0,0.0,0.0,0.0,0.0,548.0,2644.0,0.661,3,8,4,10.227,9.939,270,240,2,22,44,22,0,3520,192,22,0,0,22,12,0,0,0,0,204,0,8,640,1933,96,753,712,22,0,288,1.933
671,14.505,31.75,0.042,0.0,0.0,0.0,0.0,0.0,548.0,2644.0,0.939,3,7,2,10.812,10.553,269,240,2,22,44,22,0,3520,192,22,0,0,22,12,0,2,1,0,204,0,8,480,2267,523,731,686,22,0,244,2.267
672,15.168,31.75,0.042,0.0,0.0,0.0,0.0,0.0,548.0,2644.0,0.698,3,6,1,11.912,11.614,267,240,2,20,40,20,0,3200,168,17,3,0,20,12,0,1,1,0,200,0,4,240,1676,101,669,674,19,0,154,1.676
673,15.008,31.75,0.042,0.0,0.0,0.0,0.0,0.0,548.0,2644.0,0.713,3,6,1,11.823,11.539,269,240,2,18,36,18,0,2880,144,18,0,0,18,10,0,0,0,0,196,0,2,160,1542,98,627,630,20,0,72,1.542
674,14.965,31.75,0.042,0.0,0.0,0.0,0.0,0.0,548.0,2644.0,2.528,3,6,1,11.844,11.564,268,240,2,18,36,18,0,2880,144,18,0,0,18,8,0,0,0,0,196,0,2,160,1548,121,652,587,18,0,106,1.548
675,15.904,31.75,0.042,0.0,0.0,0.0,0.0,0.0,547.0,2642.0,0.767,3,6,1,11.203,10.951,270,240,2,18,36,18,0,2880,144,17,1,0,18,7,0,0,0,0,196,0,2,160,1477,100,617,615,19,0,69,1.477
676,15.044,31.75,0.042,0.0,0.0,0.0,0.0,0.0,546.0,2640.0,0.655,3,6,1,12.093,11.785,266,240,2,18,36,18,0,2880,144,17,1,0,18,5,0,0,0,0,196,0,2,160,1471,108,617,576,16,0,71,1.471
677,14.531,31.75,0.042,0.0,0.0,0.0,0.0,0.0,546.0,2640.0,0.764,3,6,1,11.209,10.952,265,240,2,18,36,18,0,2880,144,18,0,0,18,2,0,0,0,0,196,0,2,160,1998,166,847,792,20,0,87,1.998
678,14.776,31.75,0.042,0.0,0.0,0.0,0.0,0.0,544.0,2636.0,0.867,3,6,1,11.341,11.07,268,240,2,18,36,18,0,2880,144,17,1,0,18,0,0,0,0,0,196,0,2,160,1756,103,776,675,13,0,120,1.756
679,13.83,31.75,0.042,0.0,0.0,0.0,0.0,0.0,541.0,2630.0,0.863,3,6,1,10.507,10.276,266,240,2,18,36,18,0,2880,144,18,0,0,18,0,0,0,0,0,196,0,2,160,1726,101,719,755,11,0,76,1.726
680,14.712,31.75,0.042,0.0,0.0,0.0,0.0,0.0,540.0,2628.0,0.751,3,6,1,11.498,11.258,259,240,2,18,36,18,0,2880,144,18,0,0,18,0,0,0,0,0,196,0,2,160,1647,101,747,657,12,0,72,1.647
681,14.014,31.75,0.042,0.0,0.0,0.0,0.0,0.0,540.0,2628.0,0.879,3,6,1,10.859,10.688,261,240,2,18,36,18,0,2880,144,18,0,0,18,0,0,0,0,0,196,0,2,160,1758,106,703,748,20,0,109,1.758
682,14.264,31.75,0.042,0.0,0.0,0.0,0.0,0.0,540.0,2628.0,0.68,3,6,1,11.231,11.02,260,240,2,18,36,18,0,2880,144,18,0,0,18,0,0,0,0,0,196,0,2,160,1567,136,683,604,14,0,71,1.567
683,14.198,31.75,0.042,0.0,0.0,0.0,0.0,0.0,540.0,2628.0,0.812,3,6,1,11.31,11.106,260,240,2,18,36,18,0,2880,144,18,0,0,18,0,0,0,0,0,196,0,2,160,1683,129,731,664,12,0,84,1.683
684,17.753,31.75,0.042,0.0,0.0,0.0,0.0,0.0,540.0,2628.0,0.755,3,6,1,13.033,12.805,260,240,2,18,36,18,0,2880,144,18,0,0,18,0,0,0,0,0,196,0,2,160,2889,156,990,1480,11,0,148,2.889
685,13.77,31.75,0.042,0.0,0.0,0.0,0.0,0.0,540.0,2628.0,0.673,3,6,1,10.889,10.658,260,240,2,18,36,18,0,2880,144,18,0,0,18,0,0,0,0,0,196,0,2,160,1499,105,655,607,5,0,70,1.499
686,14.609,18.528,0.047,0.0,0.0,0.0,0.0,0.0,539.0,2626.0,0.687,3,6,1,11.557,11.381,259,240,2,18,36,18,0,2880,144,18,0,0,18,0,0,0,0,0,196,0,2,160,1758,131,770,702,12,0,73,1.758
687,15.282,18.528,0.047,0.0,0.0,0.0,0.0,0.0,538.0,2624.0,0.898,3,6,1,12.214,12.045,260,240,2,18,36,18,0,2880,144,18,0,0,18,0,0,0,0,0,196,0,2,160,1733,152,724,702,10,0,74,1.733
688,15.22,18.528,0.047,0.0,0.0,0.0,0.0,0.0,538.0,2624.0,0.936,3,6,1,12.1,11.931,259,240,2,18,36,18,0,2880,144,18,0,0,18,0,0,0,0,0,196,0,2,160,1503,116,652,596,9,0,70,1.503
689,16.52,18.528,0.047,0.0,0.0,0.0,0.0,0.0,538.0,2624.0,0.738,3,6,1,13.298,13.045,257,240,2,18,36,18,0,2880,144,18,0,0,18,0,0,0,0,0,196,0,2,160,1657,114,731,657,12,0,77,1.657
690,16.684,18.528,0.047,0.0,0.0,0.0,0.0,0.0,538.0,2624.0,0.637,3,6,1,13.337,13.136,258,240,2,18,36,18,0,2880,144,18,0,0,18,0,0,0,0,0,196,0,2,160,1538,131,648,588,12,0,103,1.538
691,13.416,18.528,0.047,0.0,0.0,0.0,0.0,0.0,538.0,2624.0,0.71,3,6,1,10.366,10.18,260,240,2,18,36,18,0,2880,144,18,0,0,18,0,0,0,0,0,196,0,2,160,1680,128,726,673,9,0,72,1.68
692,14.401,18.528,0.047,0.0,0.0,0.0,0.0,0.0,539.0,2626.0,0.652,3,6,2,11.262,11.105,258,240,2,18,36,18,0,2880,144,18,0,0,18,0,1,0,0,0,196,0,3,240,1777,103,675,692,12,133,103,1.777
693,13.157,18.528,0.047,0.0,0.0,0.0,0.0,0.0,538.0,2624.0,0.65,3,6,3,10.121,9.966,258,240,2,18,36,18,0,2880,144,18,0,0,18,0,1,0,0,0,196,0,5,400,1692,98,628,579,8,117,203,1.692
694,17.391,18.528,0.047,0.0,0.0,0.0,0.0,0.0,537.0,2622.0,1.026,3,6,3,13.832,13.592,259,240,2,18,36,18,0,2880,144,18,0,0,18,0,0,0,0,0,196,0,6,480,2156,148,875,767,12,0,273,2.156
695,16.109,18.528,0.047,0.0,0.0,0.0,0.0,0.0,537.0,2622.0,0.744,3,6,3,12.849,12.676,257,240,2,18,36,18,0,2880,144,18,0,0,18,0,0,0,0,0,196,0,6,480,1567,99,627,576,6,0,203,1.567
696,13.148,18.528,0.047,0.0,0.0,0.0,0.0,0.0,537.0,2622.0,0.67,3,6,3,10.067,9.916,258,240,2,18,36,18,0,2880,144,18,0,0,18,0,0,0,0,0,196,0,6,480,1607,115,608,613,11,0,204,1.607
697,14.089,18.528,0.047,0.0,0.0,0.0,0.0,0.0,537.0,2622.0,0.712,3,6,3,11.215,11.088,256,240,2,18,36,18,0,2880,144,18,0,0,18,0,0,0,0,0,196,0,6,480,1661,121,615,585,11,0,200,1.661
698,15.395,18.528,0.047,0.0,0.0,0.0,0.0,0.0,538.0,2624.0,0.654,3,6,4,12.091,11.958,257,240,2,18,36,18,0,2880,144,18,0,0,18,0,1,0,0,0,196,0,7,560,1982,110,749,613,11,175,260,1.982
699,14.189,18.528,0.047,0.0,0.0,0.0,0.0,0.0,538.0,2624.0,0.679,3,6,4,11.052,10.879,258,240,2,18,36,18,0,2880,144,18,0,0,18,0,0,0,0,0,196,0,8,640,1882,131,707,670,10,0,299,1.882
700,19.946,18.528,0.047,0.0,0.0,0.0,0.0,0.0,538.0,2624.0,0.819,3,6,4,16.875,16.416,258,240,2,18,36,18,0,2880,144,18,0,0,18,0,0,0,0,0,196,0,8,640,1824,108,717,625,14,0,303,1.824
701,14.685,18.528,0.047,0.0,0.0,0.0,0.0,0.0,538.0,2624.0,0.652,3,6,4,11.484,11.32,258,240,2,18,36,18,0,2880,144,18,0,0,18,0,0,0,0,0,196,0,8,640,1754,100,692,609,11,0,282,1.754
702,15.577,18.528,0.047,0.0,0.0,0.0,0.0,0.0,538.0,2624.0,0.867,3,6,4,11.993,11.829,258,240,2,18,36,18,0,2880,144,18,0,0,18,0,0,0,0,0,196,0,8,640,1922,133,710,715,12,0,279,1.922
703,16.234,18.528,0.047,0.0,0.0,0.0,0.0,0.0,538.0,2624.0,0.736,3,6,4,11.847,11.693,257,240,2,18,36,18,0,2880,144,18,0,0,18,0,0,0,0,0,196,0,8,640,2789,142,706,1525,15,0,326,2.789
704,15.412,18.528,0.047,0.0,0.0,0.0,0.0,0.0,538.0,2624.0,0.775,3,6,4,10.841,10.68,259,240,2,18,36,18,0,2880,144,18,0,0,18,0,0,0,0,0,196,0,8,640,2574,133,876,1189,18,0,264,2.574
705,15.429,18.528,0.047,0.0,0.0,0.0,0.0,0.0,538.0,2624.0,0.828,3,6,4,12.173,12.023,256,240,2,18,36,18,0,2880,144,18,0,0,18,0,0,0,0,0,196,0,8,640,1804,111,711,638,10,0,265,1.804
706,13.506,18.528,0.047,0.0,0.0,0.0,0.0,0.0,538.0,2624.0,0.665,3,6,4,10.294,10.126,259,240,2,18,36,18,0,2880,144,18,0,0,18,0,0,0,0,0,196,0,8,640,1718,111,613,639,10,0,267,1.718
707,15.229,18.528,0.047,0.0,0.0,0.0,0.0,0.0,538.0,2624.0,0.784,3,6,4,12.074,11.891,258,240,2,18,36,18,0,2880,144,18,0,0,18,0,0,0,0,0,196,0,8,640,1729,95,638,649,10,0,271,1.729
708,15.573,18.528,0.047,0.0,0.0,0.0,0.0,0.0,538.0,2624.0,0.978,3,6,4,11.049,10.847,259,240,2,18,36,18,0,2880,144,18,0,0,18,0,0,0,0,0,196,0,8,640,2932,115,1479,843,11,0,388,2.932
709,20.079,18.528,0.047,0.0,0.0,0.0,0.0,0.0,539.0,2626.0,0.809,3,6,5,15.765,15.55,257,240,2,18,36,18,0,2880,144,18,0,0,18,0,1,0,0,0,196,0,9,720,2538,148,891,807,18,184,407,2.538
710,15.121,18.528,0.047,0.0,0.0,0.0,0.0,0.0,539.0,2626.0,1.002,3,6,5,11.215,10.988,259,240,2,18,36,18,0,2880,144,18,0,0,18,0,0,0,0,0,196,0,10,800,2412,99,659,768,11,0,811,2.412
711,15.954,18.528,0.047,0.0,0.0,0.0,0.0,0.0,540.0,2628.0,0.71,3,6,6,12.411,12.18,258,240,2,18,36,18,0,2880,144,18,0,0,18,0,1,0,0,0,196,0,11,880,1914,105,585,544,6,160,453,1.914
712,17.05,18.528,0.047,0.0,0.0,0.0,0.0,0.0,540.0,2628.0,0.639,3,6,6,13.682,13.482,262,240,2,18,36,18,0,2880,144,18,0,0,18,0,0,0,0,0,196,0,12,960,2052,168,716,607,9,0,491,2.052
713,15.962,18.528,0.047,0.0,0.0,0.0,0.0,0.0,540.0,2628.0,0.842,2,6,5,12.512,12.281,259,240,2,17,34,17,0,2720,120,15,2,0,17,2,0,1,1,0,194,0,11,800,2098,147,668,688,17,0,504,2.098
714,14.928,18.528,0.047,0.0,0.0,0.0,0.0,0.0,540.0,2628.0,1.399,2,6,4,11.566,11.367,260,240,2,16,32,16,0,2560,96,16,0,0,16,4,0,1,0,0,192,0,9,640,1694,145,577,522,13,0,373,1.694
715,21.81,18.528,0.047,0.0,0.0,0.0,0.0,0.0,540.0,2628.0,0.678,2,6,4,18.124,17.779,261,240,2,16,32,16,0,2560,96,16,0,0,16,4,0,0,0,0,192,0,8,640,1456,91,542,499,15,0,257,1.456
716,13.171,18.528,0.047,0.0,0.0,0.0,0.0,0.0,540.0,2628.0,0.675,2,6,4,10.517,10.342,260,240,2,16,32,16,0,2560,96,16,0,0,16,4,0,0,0,0,192,0,8,640,1439,96,514,504,14,0,262,1.439
717,14.275,18.528,0.047,0.0,0.0,0.0,0.0,0.0,540.0,2628.0,0.677,2,6,4,9.576,9.396,258,240,2,16,32,16,0,2560,96,16,0,0,16,4,0,0,0,0,192,0,8,640,1697,118,569,641,17,0,291,1.697
718,13.033,18.528,0.047,0.0,0.0,0.0,0.0,0.0,540.0,2628.0,0.622,2,6,4,10.356,10.125,261,240,2,16,32,16,0,2560,96,16,0,0,16,4,0,0,0,0,192,0,8,640,1443,122,509,497,9,0,249,1.443
719,13.28,18.528,0.047,0.0,0.0,0.0,0.0,0.0,540.0,2628.0,0.649,1,6,3,10.698,10.292,260,240,2,15,30,15,0,2400,72,12,3,0,15,7,0,1,1,0,190,0,7,480,1381,96,478,490,14,0,248,1.381
720,12.51,18.528,0.047,0.0,0.0,0.0,0.0,0.0,540.0,2628.0,0.613,1,6,3,9.69,9.509,261,240,2,14,28,14,0,2240,48,14,0,0,14,6,0,0,0,0,188,0,6,480,1418,121,524,511,17,0,189,1.418
721,15.565,18.528,0.047,0.0,0.0,0.0,0.0,0.0,541.0,2630.0,0.801,1,6,4,12.124,11.944,259,240,2,14,28,14,0,2240,48,13,1,0,14,1,1,0,0,0,188,0,8,640,1970,143,664,633,14,153,286,1.97
722,13.455,18.528,0.047,0.0,0.0,0.0,0.0,0.0,541.0,2630.0,0.647,1,6,4,10.503,10.276,260,240,2,14,28,14,0,2240,48,14,0,0,14,0,0,0,0,0,188,0,8,640,1409,101,507,470,5,0,268,1.409
723,12.936,18.528,0.047,0.0,0.0,0.0,0.0,0.0,541.0,2630.0,0.648,1,6,4,10.261,10.04,261,240,2,14,28,14,0,2240,48,14,0,0,14,0,0,0,0,0,188,0,8,640,1479,103,505,468,8,0,343,1.479
724,12.665,18.528,0.047,0.0,0.0,0.0,0.0,0.0,541.0,2630.0,0.809,1,6,4,10.035,9.799,262,240,2,14,28,14,0,2240,48,14,0,0,14,0,0,0,0,0,188,0,8,640,1412,99,473,456,7,0,329,1.412
725,12.6,18.528,0.047,0.0,0.0,0.0,0.0,0.0,541.0,2630.0,0.678,1,6,4,9.849,9.655,261,240,2,14,28,14,0,2240,48,14,0,0,14,0,0,0,0,0,188,0,8,640,1439,135,491,451,4,0,303,1.439
726,12.717,18.528,0.047,0.0,0.0,0.0,0.0,0.0,541.0,2630.0,0.698,1,6,4,9.862,9.671,261,240,2,14,28,14,0,2240,48,14,0,0,14,0,0,0,0,0,188,0,8,640,1475,101,487,494,9,0,334,1.475
727,12.854,18.528,0.047,0.0,0.0,0.0,0.0,0.0,541.0,2630.0,0.739,1,6,4,10.121,9.86,260,240,2,14,28,14,0,2240,48,14,0,0,14,0,0,0,0,0,188,0,8,640,1439,120,518,453,4,0,287,1.439
728,12.786,18.528,0.047,0.0,0.0,0.0,0.0,0.0,541.0,2630.0,0.688,1,6,4,10.133,9.885,259,240,2,14,28,14,0,2240,48,14,0,0,14,0,0,0,0,0,188,0,8,640,1379,98,466,443,6,0,319,1.379
729,13.334,18.528,0.047,0.0,0.0,0.0,0.0,0.0,541.0,2630.0,0.712,1,6,4,10.639,10.455,261,240,2,14,28,14,0,2240,48,14,0,0,14,0,0,0,0,0,188,0,8,640,1472,99,503,508,10,0,301,1.472
730,12.551,18.528,0.047,0.0,0.0,0.0,0.0,0.0,541.0,2630.0,0.766,0,6,3,9.851,9.62,262,240,2,13,26,13,0,2080,24,7,0,6,7,0,0,1,1,0,186,0,7,480,1303,102,488,423,5,0,237,1.303
731,13.369,18.528,0.047,0.0,0.0,0.0,0.0,0.0,541.0,2630.0,0.679,0,6,3,10.909,10.317,262,240,2,12,24,12,0,1920,0,0,0,0,0,0,0,0,0,0,184,0,6,480,1268,115,475,402,0,0,222,1.268
732,11.989,18.528,0.047,0.0,0.0,0.0,0.0,0.0,541.0,2630.0,0.652,0,6,2,9.745,9.508,259,240,2,12,24,12,0,1920,0,0,0,0,0,0,0,1,0,0,184,0,5,320,1204,118,424,421,0,0,190,1.204
733,11.84,18.528,0.047,0.0,0.0,0.0,0.0,0.0,541.0,2630.0,0.678,0,6,2,9.732,9.556,260,240,2,12,24,12,0,1920,0,0,0,0,0,0,0,0,0,0,184,0,4,320,1113,108,446,382,0,0,132,1.113
734,13.764,18.528,0.047,0.0,0.0,0.0,0.0,0.0,541.0,2630.0,0.985,0,6,2,11.229,11.038,263,240,2,12,24,12,0,1920,0,0,0,0,0,0,0,0,0,0,184,0,4,320,1404,153,505,470,0,0,182,1.404
735,14.421,18.528,0.047,0.0,0.0,0.0,0.0,0.0,540.0,2628.0,0.847,0,6,2,11.296,11.047,260,240,2,12,24,12,0,1920,0,0,0,0,0,0,0,0,0,0,184,0,4,320,1572,174,593,510,0,0,216,1.572
736,16.626,18.528,0.047,0.0,0.0,0.0,0.0,0.0,539.0,2626.0,0.953,0,6,2,13.796,13.574,259,240,2,12,24,12,0,1920,0,0,0,0,0,0,0,0,0,0,184,0,4,320,1404,154,502,478,0,0,203,1.404
737,15.894,18.528,0.047,0.0,0.0,0.0,0.0,0.0,539.0,2626.0,0.649,0,6,2,13.29,11.608,261,240,2,12,24,12,0,1920,0,0,0,0,0,0,0,0,0,0,184,0,4,320,1048,113,378,383,0,0,133,1.048
738,12.489,18.528,0.047,0.0,0.0,0.0,0.0,0.0,539.0,2626.0,0.778,0,6,2,10.04,9.893,258,240,2,12,24,12,0,1920,0,0,0,0,0,0,0,0,0,0,184,0,4,320,1449,148,529,464,0,0,201,1.449
739,15.537,18.528,0.047,0.0,0.0,0.0,0.0,0.0,539.0,2626.0,0.718,0,6,2,13.087,12.87,257,240,2,12,24,12,0,1920,0,0,0,0,0,0,0,0,0,0,184,0,4,320,1173,130,428,389,0,0,171,1.173
740,12.882,18.528,0.047,0.0,0.0,0.0,0.0,0.0,539.0,2626.0,0.784,0,6,2,10.227,10.07,259,240,2,12,24,12,0,1920,0,0,0,0,0,0,0,0,0,0,184,0,4,320,1521,190,559,486,0,0,220,1.521
741,17.116,18.528,0.047,0.0,0.0,0.0,0.0,0.0,538.0,2624.0,0.997,0,6,2,14.173,13.982,257,240,2,12,24,12,0,1920,0,0,0,0,0,0,0,0,0,0,184,0,4,320,1535,153,534,546,0,0,190,1.535
742,17.414,18.528,0.047,0.0,0.0,0.0,0.0,0.0,538.0,2624.0,0.87,0,6,2,14.287,14.078,259,240,2,12,24,12,0,1920,0,0,0,0,0,0,0,0,0,0,184,0,4,320,1573,184,602,527,0,0,189,1.573
743,14.815,18.528,0.047,0.0,0.0,0.0,0.0,0.0,538.0,2624.0,0.606,0,6,2,12.425,12.225,257,240,2,12,24,12,0,1920,0,0,0,0,0,0,0,0,0,0,184,0,4,320,1083,141,403,360,0,0,131,1.083
744,11.832,18.528,0.047,0.0,0.0,0.0,0.0,0.0,538.0,2624.0,0.655,0,6,2,9.74,9.603,257,240,2,12,24,12,0,1920,0,0,0,0,0,0,0,0,0,0,184,0,4,320,1107,112,418,401,0,0,125,1.107
745,10.949,18.528,0.047,0.0,0.0,0.0,0.0,0.0,538.0,2624.0,0.624,0,6,2,8.945,8.812,256,240,2,12,24,12,0,1920,0,0,0,0,0,0,0,0,0,0,184,0,4,320,1029,112,376,375,0,0,124,1.029
746,11.155,18.528,0.047,0.0,0.0,0.0,0.0,0.0,538.0,2624.0,0.624,0,6,2,9.192,9.022,258,240,2,12,24,12,0,1920,0,0,0,0,0,0,0,0,0,0,184,0,4,320,1035,106,378,380,0,0,125,1.035
747,11.218,18.528,0.047,0.0,0.0,0.0,0.0,0.0,538.0,2624.0,0.612,0,6,2,9.222,9.09,258,240,2,12,24,12,0,1920,0,0,0,0,0,0,0,0,0,0,184,0,4,320,1037,135,373,361,0,0,126,1.037
748,11.428,18.528,0.047,0.0,0.0,0.0,0.0,0.0,538.0,2624.0,0.603,0,6,2,9.433,9.303,257,240,2,12,24,12,0,1920,0,0,0,0,0,0,0,0,0,0,184,0,4,320,1022,106,390,352,0,0,124,1.022
749,11.59,18.528,0.047,0.0,0.0,0.0,0.0,0.0,538.0,2624.0,0.654,0,6,2,9.431,9.294,258,240,2,12,24,12,0,1920,0,0,0,0,0,0,0,0,0,0,184,0,4,320,1212,133,444,429,0,0,150,1.212
750,12.638,18.528,0.047,0.0,0.0,0.0,0.0,0.0,538.0,2624.0,1.978,0,6,2,10.185,10.039,257,240,2,12,24,12,0,1920,0,0,0,0,0,0,0,0,0,0,184,0,4,320,1414,317,434,415,0,0,195,1.414
751,19.236,18.528,0.047,0.0,0.0,0.0,0.0,0.0,538.0,2624.0,1.186,0,6,2,14.882,14.643,256,240,2,12,24,12,0,1920,0,0,0,0,0,0,0,0,0,0,184,0,4,320,1714,235,568,563,0,0,276,1.714
752,17.728,18.528,0.047,0.0,0.0,0.0,0.0,0.0,537.0,2622.0,1.15,0,6,2,14.298,14.077,258,240,2,12,24,12,0,1920,0,0,0,0,0,0,0,0,0,0,184,0,4,320,1646,259,581,537,0,0,193,1.646
753,17.416,18.528,0.047,0.0,0.0,0.0,0.0,0.0,537.0,2622.0,1.131,0,6,2,14.448,14.203,255,240,2,12,24,12,0,1920,0,0,0,0,0,0,0,0,0,0,184,0,4,320,1269,149,481,400,0,0,186,1.269
754,17.762,22.035,0.036,0.0,0.0,0.0,0.0,0.0,536.0,2620.0,1.347,0,6,2,14.301,14.085,257,240,2,12,24,12,0,1920,0,0,0,0,0,0,0,0,0,0,184,0,4,320,1648,174,638,540,0,0,222,1.648
755,15.06,22.035,0.036,0.0,0.0,0.0,0.0,0.0,536.0,2620.0,0.974,0,6,2,11.44,11.245,256,240,2,12,24,12,0,1920,0,0,0,0,0,0,0,0,0,0,184,0,4,320,1629,164,572,644,0,0,171,1.629
756,13.547,22.035,0.036,0.0,0.0,0.0,0.0,0.0,536.0,2620.0,0.72,0,6,2,10.759,10.571,254,240,2,12,24,12,0,1920,0,0,0,0,0,0,0,0,0,0,184,0,4,320,1262,126,448,448,0,0,180,1.262
757,11.916,22.035,0.036,0.0,0.0,0.0,0.0,0.0,536.0,2620.0,0.6,0,6,2,9.712,9.601,254,240,2,12,24,12,0,1920,0,0,0,0,0,0,0,0,0,0,184,0,4,320,1098,112,414,386,0,0,141,1.098
758,12.563,22.035,0.036,0.0,0.0,0.0,0.0,0.0,536.0,2620.0,0.659,0,6,2,10.244,10.121,256,240,2,12,24,12,0,1920,0,0,0,0,0,0,0,0,0,0,184,0,4,320,1344,223,500,430,0,0,135,1.344
759,11.959,22.035,0.036,0.0,0.0,0.0,0.0,0.0,536.0,2620.0,0.758,0,6,2,9.802,9.583,255,240,2,12,24,12,0,1920,0,0,0,0,0,0,0,0,0,0,184,0,4,320,1134,115,416,411,0,0,145,1.134
760,14.186,22.035,0.036,0.0,0.0,0.0,0.0,0.0,536.0,2620.0,0.599,0,6,2,11.844,11.733,254,240,2,12,24,12,0,1920,0,0,0,0,0,0,0,0,0,0,184,0,4,320,1179,118,442,417,0,0,149,1.179
761,12.757,22.035,0.036,0.0,0.0,0.0,0.0,0.0,536.0,2620.0,0.888,0,6,2,10.516,10.387,257,240,2,12,24,12,0,1920,0,0,0,0,0,0,0,0,0,0,184,0,4,320,1225,121,467,423,0,0,159,1.225
762,12.724,22.035,0.036,0.0,0.0,0.0,0.0,0.0,536.0,2620.0,0.698,0,6,2,9.987,9.845,255,240,2,12,24,12,0,1920,0,0,0,0,0,0,0,0,0,0,184,0,4,320,1432,137,724,382,0,0,135,1.432
763,13.795,22.035,0.036,0.0,0.0,0.0,0.0,0.0,536.0,2620.0,0.894,0,6,2,11.151,11.043,254,240,2,12,24,12,0,1920,0,0,0,0,0,0,0,0,0,0,184,0,4,320,1504,123,507,413,0,0,405,1.504
764,14.383,22.035,0.036,0.0,0.0,0.0,0.0,0.0,536.0,2620.0,0.981,0,6,2,11.552,11.429,255,240,2,12,24,12,0,1920,0,0,0,0,0,0,0,0,0,0,184,0,4,320,1461,201,541,482,0,0,172,1.461
765,17.712,22.035,0.036,0.0,0.0,0.0,0.0,0.0,536.0,2620.0,1.039,0,6,2,14.411,14.265,254,240,2,12,24,12,0,1920,0,0,0,0,0,0,0,0,0,0,184,0,4,320,1784,153,790,525,0,0,248,1.784
766,17.233,22.035,0.036,0.0,0.0,0.0,0.0,0.0,536.0,2620.0,1.123,0,6,2,13.914,13.746,256,240,2,12,24,12,0,1920,0,0,0,0,0,0,0,0,0,0,184,0,4,320,1729,218,659,579,0,0,195,1.729
767,17.862,22.035,0.036,0.0,0.0,0.0,0.0,0.0,536.0,2620.0,1.099,0,6,1,14.65,14.433,256,240,2,12,24,12,0,1920,0,0,0,0,0,0,0,0,0,0,184,0,3,240,1540,219,579,502,0,0,165,1.54
768,13.016,22.035,0.036,0.0,0.0,0.0,0.0,0.0,536.0,2620.0,0.713,0,6,1,10.352,10.193,254,240,2,12,24,12,0,1920,0,0,0,0,0,0,0,0,0,0,184,0,2,160,1110,113,460,417,0,0,71,1.11
769,12.263,22.035,0.036,0.0,0.0,0.0,0.0,0.0,536.0,2620.0,0.721,0,6,1,10.025,9.912,254,240,2,12,24,12,0,1920,0,0,0,0,0,0,0,0,0,0,184,0,2,160,1124,135,443,421,0,0,72,1.124
770,12.195,22.035,0.036,0.0,0.0,0.0,0.0,0.0,536.0,2620.0,0.735,0,6,1,9.97,9.838,257,240,2,12,24,12,0,1920,0,0,0,0,0,0,0,0,0,0,184,0,2,160,1135,110,476,422,0,0,76,1.135
771,13.122,22.035,0.036,0.0,0.0,0.0,0.0,0.0,536.0,2620.0,0.995,0,6,1,10.093,9.98,254,240,2,12,24,12,0,1920,0,0,0,0,0,0,0,0,0,0,184,0,2,160,1787,230,638,664,0,0,154,1.787
772,16.006,22.035,0.036,0.0,0.0,0.0,0.0,0.0,536.0,2620.0,0.673,0,6,1,13.466,13.309,254,240,2,12,24,12,0,1920,0,0,0,0,0,0,0,0,0,0,184,0,2,160,1052,120,421,375,0,0,90,1.052
773,11.517,22.035,0.036,0.0,0.0,0.0,0.0,0.0,536.0,2620.0,0.695,0,6,1,9.394,9.277,255,240,2,12,24,12,0,1920,0,0,0,0,0,0,0,0,0,0,184,0,2,160,1022,116,395,393,0,0,73,1.022
774,11.898,22.035,0.036,0.0,0.0,0.0,0.0,0.0,536.0,2620.0,0.723,0,6,1,9.687,9.569,256,240,2,12,24,12,0,1920,0,0,0,0,0,0,0,0,0,0,184,0,2,160,1111,110,482,401,0,0,71,1.111
775,11.884,22.035,0.036,0.0,0.0,0.0,0.0,0.0,536.0,2620.0,0.645,0,6,1,9.709,9.59,255,240,2,12,24,12,0,1920,0,0,0,0,0,0,0,0,0,0,184,0,2,160,1073,148,403,403,0,0,70,1.073
776,11.56,22.035,0.036,0.0,0.0,0.0,0.0,0.0,536.0,2620.0,0.668,0,6,1,9.504,9.383,255,240,2,12,24,12,0,1920,0,0,0,0,0,0,0,0,0,0,184,0,2,160,1071,107,473,379,0,0,70,1.071
777,11.996,22.035,0.036,0.0,0.0,0.0,0.0,0.0,536.0,2620.0,0.669,0,6,1,9.833,9.727,254,240,2,12,24,12,0,1920,0,0,0,0,0,0,0,0,0,0,184,0,2,160,1135,118,523,376,0,0,70,1.135
778,12.133,22.035,0.036,0.0,0.0,0.0,0.0,0.0,536.0,2620.0,0.664,0,6,1,9.967,9.854,255,240,2,12,24,12,0,1920,0,0,0,0,0,0,0,0,0,0,184,0,2,160,1119,152,423,410,0,0,71,1.119
779,11.77,22.035,0.036,0.0,0.0,0.0,0.0,0.0,536.0,2620.0,0.67,0,6,1,9.67,9.552,255,240,2,12,24,12,0,1920,0,0,0,0,0,0,0,0,0,0,184,0,2,160,1080,147,402,413,0,0,70,1.08
780,17.688,22.035,0.036,0.0,0.0,0.0,0.0,0.0,536.0,2620.0,0.69,0,6,1,15.648,15.536,255,240,2,12,24,12,0,1920,0,0,0,0,0,0,0,0,0,0,184,0,2,160,988,112,407,340,0,0,84,0.988
781,14.546,22.035,0.036,0.0,0.0,0.0,0.0,0.0,536.0,2620.0,0.85,0,6,1,11.871,11.772,254,240,2,12,24,12,0,1920,0,0,0,0,0,0,0,0,0,0,184,0,2,160,1540,233,592,515,0,0,127,1.54
782,13.836,22.035,0.036,0.0,0.0,0.0,0.0,0.0,536.0,2620.0,0.684,0,6,1,11.308,11.128,258,240,2,12,24,12,0,1920,0,0,0,0,0,0,0,0,0,0,184,0,2,160,1250,127,503,383,0,0,185,1.25
783,11.499,22.035,0.036,0.0,0.0,0.0,0.0,0.0,536.0,2620.0,0.706,0,6,1,9.47,9.36,254,240,2,12,24,12,0,1920,0,0,0,0,0,0,0,0,0,0,184,0,2,160,972,108,397,356,0,0,66,0.972
784,11.416,22.035,0.036,0.0,0.0,0.0,0.0,0.0,536.0,2620.0,0.876,0,6,1,9.379,9.267,254,240,2,12,24,12,0,1920,0,0,0,0,0,0,0,0,0,0,184,0,2,160,996,118,422,345,0,0,70,0.996
785,11.204,22.035,0.036,0.0,0.0,0.0,0.0,0.0,536.0,2620.0,0.563,0,6,1,8.934,8.789,255,240,2,12,24,12,0,1920,0,0,0,0,0,0,0,0,0,0,184,0,2,160,1020,101,405,386,0,0,90,1.02
786,12.292,22.035,0.036,0.0,0.0,0.0,0.0,0.0,536.0,2620.0,0.667,0,6,1,10.249,10.136,255,240,2,12,24,12,0,1920,0,0,0,0,0,0,0,0,0,0,184,0,2,160,1076,119,437,401,0,0,71,1.076
787,14.351,22.035,0.036,0.0,0.0,0.0,0.0,0.0,536.0,2620.0,0.85,0,6,1,12.263,12.141,255,240,2,12,24,12,0,1920,0,0,0,0,0,0,0,0,0,0,184,0,2,160,1047,115,402,413,0,0,69,1.047
788,13.033,22.035,0.036,0.0,0.0,0.0,0.0,0.0,536.0,2620.0,0.998,0,6,1,10.283,10.16,256,240,2,12,24,12,0,1920,0,0,0,0,0,0,0,0,0,0,184,0,2,160,1409,124,575,559,0,0,86,1.409
789,13.725,22.035,0.036,0.0,0.0,0.0,0.0,0.0,535.0,2618.0,0.793,0,6,1,10.994,10.783,256,240,2,12,24,12,0,1920,0,0,0,0,0,0,0,0,0,0,184,0,2,160,1170,143,478,409,0,0,83,1.17
790,13.273,22.035,0.036,0.0,0.0,0.0,0.0,0.0,535.0,2618.0,0.807,0,6,1,10.758,10.653,253,240,2,12,24,12,0,1920,0,0,0,0,0,0,0,0,0,0,184,0,2,160,1248,146,522,435,0,0,84,1.248
791,12.513,22.035,0.036,0.0,0.0,0.0,0.0,0.0,535.0,2618.0,0.86,0,6,1,10.011,9.853,254,240,2,12,24,12,0,1920,0,0,0,0,0,0,0,0,0,0,184,0,2,160,1313,113,479,467,0,0,87,1.313
792,12.988,22.035,0.036,0.0,0.0,0.0,0.0,0.0,535.0,2618.0,0.631,0,6,1,10.65,10.539,254,240,2,12,24,12,0,1920,0,0,0,0,0,0,0,0,0,0,184,0,2,160,1061,111,387,442,0,0,75,1.061
793,11.968,22.035,0.036,0.0,0.0,0.0,0.0,0.0,535.0,2618.0,0.689,0,6,1,9.801,9.677,254,240,2,12,24,12,0,1920,0,0,0,0,0,0,0,0,0,0,184,0,2,160,1166,118,429,502,0,0,68,1.166
794,11.844,22.035,0.036,0.0,0.0,0.0,0.0,0.0,535.0,2618.0,0.622,0,6,1,9.726,9.602,255,240,2,12,24,12,0,1920,0,0,0,0,0,0,0,0,0,0,184,0,2,160,1009,107,383,386,0,0,86,1.009
795,12.74,22.035,0.036,0.0,0.0,0.0,0.0,0.0,535.0,2618.0,0.626,0,6,1,10.772,10.676,254,240,2,12,24,12,0,1920,0,0,0,0,0,0,0,0,0,0,184,0,2,160,999,110,415,365,0,0,66,0.999
796,12.613,22.035,0.036,0.0,0.0,0.0,0.0,0.0,535.0,2618.0,0.637,0,6,1,10.651,10.556,254,240,2,12,24,12,0,1920,0,0,0,0,0,0,0,0,0,0,184,0,2,160,1007,104,436,361,0,0,66,1.007
797,11.788,22.035,0.036,0.0,0.0,0.0,0.0,0.0,535.0,2618.0,0.591,0,6,1,9.789,9.7,254,240,2,12,24,12,0,1920,0,0,0,0,0,0,0,0,0,0,184,0,2,160,996,117,381,386,0,0,67,0.996
798,11.084,22.035,0.036,0.0,0.0,0.0,0.0,0.0,535.0,2618.0,0.649,0,6,1,8.901,8.8,255,240,2,12,24,12,0,1920,0,0,0,0,0,0,0,0,0,0,184,0,2,160,1040,121,417,378,0,0,68,1.04
799,14.041,22.035,0.036,0.0,0.0,0.0,0.0,0.0,535.0,2618.0,0.55,0,6,1,12.011,11.91,254,240,2,12,24,12,0,1920,0,0,0,0,0,0,0,0,0,0,184,0,2,160,1012,105,382,410,0,0,67,1.012
800,12.056,22.035,0.036,0.0,0.0,0.0,0.0,0.0,535.0,2618.0,0.605,0,6,1,10.16,10.011,254,240,2,12,24,12,0,1920,0,0,0,0,0,0,0,0,0,0,184,0,2,160,1018,111,410,383,0,0,69,1.018
801,11.513,22.035,0.036,0.0,0.0,0.0,0.0,0.0,535.0,2618.0,0.612,0,6,1,9.556,9.46,254,240,2,12,24,12,0,1920,0,0,0,0,0,0,0,0,0,0,184,0,2,160,1002,110,395,386,0,0,68,1.002
802,11.875,22.035,0.036,0.0,0.0,0.0,0.0,0.0,535.0,2618.0,0.625,0,6,1,9.936,9.841,254,240,2,12,24,12,0,1920,0,0,0,0,0,0,0,0,0,0,184,0,2,160,1010,109,389,393,0,0,72,1.01
803,11.181,22.035,0.036,0.0,0.0,0.0,0.0,0.0,535.0,2618.0,0.677,0,6,1,9.224,9.138,253,240,2,12,24,12,0,1920,0,0,0,0,0,0,0,0,0,0,184,0,2,160,1006,107,403,365,0,0,68,1.006
804,11.454,22.035,0.036,0.0,0.0,0.0,0.0,0.0,535.0,2618.0,0.583,0,6,1,9.416,9.306,255,240,2,12,24,12,0,1920,0,0,0,0,0,0,0,0,0,0,184,0,2,160,999,110,388,387,0,0,68,0.999
805,11.789,22.035,0.036,0.0,0.0,0.0,0.0,0.0,535.0,2618.0,0.649,0,6,1,9.784,9.658,254,240,2,12,24,12,0,1920,0,0,0,0,0,0,0,0,0,0,184,0,2,160,1034,115,406,395,0,0,70,1.034
806,11.754,22.035,0.036,0.0,0.0,0.0,0.0,0.0,535.0,2618.0,0.58,0,6,1,9.701,9.57,255,240,2,12,24,12,0,1920,0,0,0,0,0,0,0,0,0,0,184,0,2,160,1047,114,416,398,0,0,68,1.047
807,12.715,22.035,0.036,0.0,0.0,0.0,0.0,0.0,535.0,2618.0,0.789,0,6,1,10.61,10.48,254,240,2,12,24,12,0,1920,0,0,0,0,0,0,0,0,0,0,184,0,2,160,1102,116,426,424,0,0,86,1.102
808,12.526,22.035,0.036,0.0,0.0,0.0,0.0,0.0,535.0,2618.0,0.637,0,6,1,10.009,9.911,253,240,2,12,24,12,0,1920,0,0,0,0,0,0,0,0,0,0,184,0,2,160,1327,113,444,650,0,0,69,1.327
809,11.789,22.035,0.036,0.0,0.0,0.0,0.0,0.0,535.0,2618.0,0.841,0,6,1,9.236,9.114,254,240,2,12,24,12,0,1920,0,0,0,0,0,0,0,0,0,0,184,0,2,160,1508,111,509,758,0,0,74,1.508
810,17.012,22.035,0.036,0.0,0.0,0.0,0.0,0.0,535.0,2618.0,0.617,0,6,1,14.698,14.523,256,240,2,12,24,12,0,1920,0,0,0,0,0,0,0,0,0,0,184,0,2,160,1099,127,436,378,0,0,82,1.099
811,11.365,22.035,0.036,0.0,0.0,0.0,0.0,0.0,535.0,2618.0,0.591,0,6,1,9.387,9.286,254,240,2,12,24,12,0,1920,0,0,0,0,0,0,0,0,0,0,184,0,2,160,1013,120,390,383,0,0,69,1.013
812,12.05,22.035,0.036,0.0,0.0,0.0,0.0,0.0,535.0,2618.0,0.705,0,6,1,10.049,9.961,253,240,2,12,24,12,0,1920,0,0,0,0,0,0,0,0,0,0,184,0,2,160,1046,115,436,368,0,0,77,1.046
813,11.044,22.035,0.036,0.0,0.0,0.0,0.0,0.0,535.0,2618.0,0.544,0,6,1,8.949,8.84,255,240,2,12,24,12,0,1920,0,0,0,0,0,0,0,0,0,0,184,0,2,160,1005,112,402,377,0,0,68,1.005
814,10.896,22.035,0.036,0.0,0.0,0.0,0.0,0.0,535.0,2618.0,0.614,0,6,1,9.036,8.92,253,240,2,12,24,12,0,1920,0,0,0,0,0,0,0,0,0,0,184,0,2,160,987,102,391,384,0,0,69,0.987
815,11.228,22.035,0.036,0.0,0.0,0.0,0.0,0.0,535.0,2618.0,0.65,0,6,1,9.244,9.151,254,240,2,12,24,12,0,1920,0,0,0,0,0,0,0,0,0,0,184,0,2,160,1033,120,400,379,0,0,88,1.033
816,11.852,22.035,0.036,0.0,0.0,0.0,0.0,0.0,535.0,2618.0,0.605,0,6,1,9.818,9.661,256,240,2,12,24,12,0,1920,0,0,0,0,0,0,0,0,0,0,184,0,2,160,1061,105,478,366,0,0,66,1.061
817,10.735,22.035,0.036,0.0,0.0,0.0,0.0,0.0,535.0,2618.0,0.552,0,6,1,8.67,8.575,253,240,2,12,24,12,0,1920,0,0,0,0,0,0,0,0,0,0,184,0,2,160,1062,109,451,383,0,0,68,1.062
818,10.988,22.035,0.036,0.0,0.0,0.0,0.0,0.0,535.0,2618.0,0.683,0,6,1,9.097,8.999,254,240,2,12,24,12,0,1920,0,0,0,0,0,0,0,0,0,0,184,0,2,160,1004,113,408,374,0,0,68,1.004
819,10.573,22.035,0.036,0.0,0.0,0.0,0.0,0.0,535.0,2618.0,0.613,0,6,1,8.612,8.513,255,240,2,12,24,12,0,1920,0,0,0,0,0,0,0,0,0,0,184,0,2,160,970,103,402,360,0,0,66,0.97
820,10.748,22.035,0.036,0.0,0.0,0.0,0.0,0.0,535.0,2618.0,0.604,0,6,1,8.818,8.733,253,240,2,12,24,12,0,1920,0,0,0,0,0,0,0,0,0,0,184,0,2,160,992,123,389,364,0,0,68,0.992
821,11.177,22.035,0.036,0.0,0.0,0.0,0.0,0.0,535.0,2618.0,0.651,0,6,1,9.273,9.155,254,240,2,12,24,12,0,1920,0,0,0,0,0,0,0,0,0,0,184,0,2,160,994,114,402,365,0,0,68,0.994
822,10.933,22.035,0.036,0.0,0.0,0.0,0.0,0.0,535.0,2618.0,0.622,0,6,1,8.94,8.834,257,240,2,12,24,12,0,1920,0,0,0,0,0,0,0,0,0,0,184,0,2,160,1040,108,392,391,0,0,89,1.04
823,11.335,22.035,0.036,0.0,0.0,0.0,0.0,0.0,535.0,2618.0,0.702,0,6,1,9.315,9.229,253,240,2,12,24,12,0,1920,0,0,0,0,0,0,0,0,0,0,184,0,2,160,1110,104,401,496,0,0,68,1.11
824,10.698,22.035,0.036,0.0,0.0,0.0,0.0,0.0,535.0,2618.0,0.606,0,6,1,8.735,8.645,253,240,2,12,24,12,0,1920,0,0,0,0,0,0,0,0,0,0,184,0,2,160,969,111,370,377,0,0,66,0.969
825,10.91,22.035,0.036,0.0,0.0,0.0,0.0,0.0,535.0,2618.0,0.613,0,6,1,9.003,8.914,254,240,2,12,24,12,0,1920,0,0,0,0,0,0,0,0,0,0,184,0,2,160,966,108,379,352,0,0,83,0.966
826,10.603,22.035,0.036,0.0,0.0,0.0,0.0,0.0,535.0,2618.0,0.621,0,6,1,8.702,8.611,254,240,2,12,24,12,0,1920,0,0,0,0,0,0,0,0,0,0,184,0,2,160,960,113,386,355,0,0,66,0.96
827,10.626,22.035,0.036,0.0,0.0,0.0,0.0,0.0,535.0,2618.0,0.611,0,6,1,8.754,8.665,254,240,2,12,24,12,0,1920,0,0,0,0,0,0,0,0,0,0,184,0,2,160,968,103,370,387,0,0,66,0.968
828,10.427,22.035,0.036,0.0,0.0,0.0,0.0,0.0,535.0,2618.0,0.577,0,6,1,8.5,8.407,255,240,2,12,24,12,0,1920,0,0,0,0,0,0,0,0,0,0,184,0,2,160,1005,110,391,392,0,0,66,1.005
829,10.545,22.035,0.036,0.0,0.0,0.0,0.0,0.0,535.0,2618.0,0.613,0,6,1,8.707,8.612,255,240,2,12,24,12,0,1920,0,0,0,0,0,0,0,0,0,0,184,0,2,160,962,104,380,370,0,0,64,0.962
830,10.563,22.035,0.036,0.0,0.0,0.0,0.0,0.0,535.0,2618.0,0.562,0,6,1,8.649,8.565,253,240,2,12,24,12,0,1920,0,0,0,0,0,0,0,0,0,0,184,0,2,160,964,103,378,375,0,0,66,0.964
831,11.401,22.035,0.036,0.0,0.0,0.0,0.0,0.0,535.0,2618.0,0.618,0,6,1,9.561,9.473,254,240,2,12,24,12,0,1920,0,0,0,0,0,0,0,0,0,0,184,0,2,160,970,105,393,359,0,0,65,0.97
832,10.567,22.035,0.036,0.0,0.0,0.0,0.0,0.0,535.0,2618.0,0.619,0,6,0,8.694,8.609,253,240,2,12,24,12,0,1920,0,0,0,0,0,0,0,0,0,0,184,0,1,80,946,105,380,371,0,0,47,0.946
833,10.663,22.035,0.036,0.0,0.0,0.0,0.0,0.0,535.0,2618.0,0.613,0,6,0,8.84,8.739,253,240,2,12,24,12,0,1920,0,0,0,0,0,0,0,0,0,0,184,0,0,0,908,122,388,354,0,0,2,0.908
834,10.808,17.996,0.076,0.0,0.0,0.0,0.0,0.0,535.0,2618.0,0.62,0,6,0,8.969,8.874,256,240,2,12,24,12,0,1920,0,0,0,0,0,0,0,0,0,0,184,0,0,0,922,109,408,360,0,0,2,0.922
835,10.486,17.996,0.076,0.0,0.0,0.0,0.0,0.0,535.0,2618.0,0.632,0,6,0,8.63,8.545,253,240,2,12,24,12,0,1920,0,0,0,0,0,0,0,0,0,0,184,0,0,0,921,103,375,389,0,0,2,0.921
836,10.493,17.996,0.076,0.0,0.0,0.0,0.0,0.0,535.0,2618.0,0.607,0,6,0,8.631,8.55,253,240,2,12,24,12,0,1920,0,0,0,0,0,0,0,0,0,0,184,0,0,0,931,105,378,402,0,0,3,0.931
837,10.415,17.996,0.076,0.0,0.0,0.0,0.0,0.0,535.0,2618.0,0.577,0,6,0,8.555,8.467,255,240,2,12,24,12,0,1920,0,0,0,0,0,0,0,0,0,0,184,0,0,0,930,108,373,400,0,0,2,0.93
838,10.312,17.996,0.076,0.0,0.0,0.0,0.0,0.0,535.0,2618.0,0.552,0,6,0,8.543,8.466,253,240,2,12,24,12,0,1920,0,0,0,0,0,0,0,0,0,0,184,0,0,0,899,121,377,351,0,0,2,0.899
839,11.371,17.996,0.076,0.0,0.0,0.0,0.0,0.0,535.0,2618.0,0.639,0,6,0,9.529,9.453,253,240,2,12,24,12,0,1920,0,0,0,0,0,0,0,0,0,0,184,0,0,0,914,106,379,387,0,0,1,0.914
840,14.141,17.996,0.076,0.0,0.0,0.0,0.0,0.0,535.0,2618.0,0.658,0,6,0,12.153,12.008,257,240,2,12,24,12,0,1920,0,0,0,0,0,0,0,0,0,0,184,0,0,0,999,145,410,392,0,0,1,0.999
841,14.415,17.996,0.076,0.0,0.0,0.0,0.0,0.0,535.0,2618.0,0.782,0,6,0,12.231,12.14,253,240,2,12,24,12,0,1920,0,0,0,0,0,0,0,0,0,0,184,0,0,0,1105,148,498,399,0,0,3,1.105
842,12.337,17.996,0.076,0.0,0.0,0.0,0.0,0.0,535.0,2618.0,0.636,0,6,0,10.313,10.22,254,240,2,12,24,12,0,1920,0,0,0,0,0,0,0,0,0,0,184,0,0,0,904,107,397,354,0,0,1,0.904
843,12.648,17.996,0.076,0.0,0.0,0.0,0.0,0.0,535.0,2618.0,0.896,0,6,0,10.295,10.144,254,240,2,12,24,12,0,1920,0,0,0,0,0,0,0,0,0,0,184,0,0,0,1245,152,509,513,0,0,4,1.245
844,14.874,17.996,0.076,0.0,0.0,0.0,0.0,0.0,535.0,2618.0,0.781,0,6,0,12.183,12.069,253,240,2,12,24,12,0,1920,0,0,0,0,0,0,0,0,0,0,184,0,0,0,1337,155,599,517,0,0,4,1.337
845,15.098,17.996,0.076,0.0,0.0,0.0,0.0,0.0,535.0,2618.0,0.866,0,6,0,12.537,12.397,253,240,2,12,24,12,0,1920,0,0,0,0,0,0,0,0,0,0,184,0,0,0,1301,191,558,485,0,0,3,1.301
846,15.191,17.996,0.076,0.0,0.0,0.0,0.0,0.0,535.0,2618.0,0.867,0,6,0,12.46,12.33,255,240,2,12,24,12,0,1920,0,0,0,0,0,0,0,0,0,0,184,0,0,0,1370,159,618,522,0,0,4,1.37
847,13.962,17.996,0.076,0.0,0.0,0.0,0.0,0.0,535.0,2618.0,0.645,0,6,0,11.76,11.632,254,240,2,12,24,12,0,1920,0,0,0,0,0,0,0,0,0,0,184,0,0,0,932,141,387,353,0,0,2,0.932
848,11.383,17.996,0.076,0.0,0.0,0.0,0.0,0.0,535.0,2618.0,0.786,0,6,0,9.053,8.968,253,240,2,12,24,12,0,1920,0,0,0,0,0,0,0,0,0,0,184,0,0,0,1290,163,525,534,0,0,3,1.29
849,14.696,17.996,0.076,0.0,0.0,0.0,0.0,0.0,535.0,2618.0,0.797,0,6,0,12.137,12.011,254,240,2,12,24,12,0,1920,0,0,0,0,0,0,0,0,0,0,184,0,0,0,1274,147,543,483,0,0,3,1.274
850,14.001,17.996,0.076,0.0,0.0,0.0,0.0,0.0,535.0,2618.0,0.942,0,6,0,11.617,11.49,254,240,2,12,24,12,0,1920,0,0,0,0,0,0,0,0,0,0,184,0,0,0,1216,136,512,470,0,0,4,1.216
851,12.19,17.996,0.076,0.0,0.0,0.0,0.0,0.0,535.0,2618.0,0.694,0,6,0,9.637,9.547,253,240,2,12,24,12,0,1920,0,0,0,0,0,0,0,0,0,0,184,0,0,0,1185,149,472,501,0,0,3,1.185
852,13.235,17.996,0.076,0.0,0.0,0.0,0.0,0.0,535.0,2618.0,0.795,0,6,0,10.842,10.689,255,240,2,12,24,12,0,1920,0,0,0,0,0,0,0,0,0,0,184,0,0,0,1277,163,534,517,0,0,3,1.277
853,13.171,17.996,0.076,0.0,0.0,0.0,0.0,0.0,535.0,2618.0,0.572,0,6,0,11.061,10.958,253,240,2,12,24,12,0,1920,0,0,0,0,0,0,0,0,0,0,184,0,0,0,931,114,374,397,0,0,1,0.931
854,10.949,17.996,0.076,0.0,0.0,0.0,0.0,0.0,534.0,2616.0,0.527,0,6,0,9.047,8.96,253,240,2,12,24,12,0,1920,0,0,0,0,0,0,0,0,0,0,184,0,0,0,941,108,432,356,0,0,2,0.941
855,10.367,17.996,0.076,0.0,0.0,0.0,0.0,0.0,534.0,2616.0,0.594,0,6,0,8.644,8.559,253,240,2,12,24,12,0,1920,0,0,0,0,0,0,0,0,0,0,184,0,0,0,906,125,386,355,0,0,2,0.906
856,10.379,17.996,0.076,0.0,0.0,0.0,0.0,0.0,534.0,2616.0,0.597,0,6,0,8.599,8.525,253,240,2,12,24,12,0,1920,0,0,0,0,0,0,0,0,0,0,184,0,0,0,895,103,381,351,0,0,1,0.895
857,10.627,17.996,0.076,0.0,0.0,0.0,0.0,0.0,534.0,2616.0,0.609,0,6,0,8.771,8.704,252,240,2,12,24,12,0,1920,0,0,0,0,0,0,0,0,0,0,184,0,0,0,958,144,405,360,0,0,3,0.958
858,10.37,17.996,0.076,0.0,0.0,0.0,0.0,0.0,534.0,2616.0,0.612,0,6,0,8.549,8.47,254,240,2,12,24,12,0,1920,0,0,0,0,0,0,0,0,0,0,184,0,0,0,916,105,412,356,0,0,1,0.916
859,10.571,17.996,0.076,0.0,0.0,0.0,0.0,0.0,534.0,2616.0,0.572,0,6,0,8.706,8.632,253,240,2,12,24,12,0,1920,0,0,0,0,0,0,0,0,0,0,184,0,0,0,917,106,412,354,0,0,2,0.917
860,10.48,17.996,0.076,0.0,0.0,0.0,0.0,0.0,534.0,2616.0,0.664,0,6,0,8.7,8.632,252,240,2,12,24,12,0,1920,0,0,0,0,0,0,0,0,0,0,184,0,0,0,906,132,378,353,0,0,3,0.906
861,10.475,17.996,0.076,0.0,0.0,0.0,0.0,0.0,534.0,2616.0,0.57,0,6,0,8.625,8.55,253,240,2,12,24,12,0,1920,0,0,0,0,0,0,0,0,0,0,184,0,0,0,910,106,373,386,0,0,2,0.91
862,10.478,17.996,0.076,0.0,0.0,0.0,0.0,0.0,534.0,2616.0,0.632,0,6,0,8.625,8.535,252,240,2,12,24,12,0,1920,0,0,0,0,0,0,0,0,0,0,184,0,0,0,978,123,387,410,0,0,1,0.978
863,11.754,17.996,0.076,0.0,0.0,0.0,0.0,0.0,534.0,2616.0,0.626,0,6,0,9.821,8.732,254,240,2,12,24,12,0,1920,0,0,0,0,0,0,0,0,0,0,184,0,0,0,995,107,427,409,0,0,1,0.995
864,10.475,17.996,0.076,0.0,0.0,0.0,0.0,0.0,534.0,2616.0,0.564,0,6,0,8.607,8.536,252,240,2,12,24,12,0,1920,0,0,0,0,0,0,0,0,0,0,184,0,0,0,893,104,386,358,0,0,2,0.893
865,10.729,17.996,0.076,0.0,0.0,0.0,0.0,0.0,534.0,2616.0,0.609,0,6,0,8.963,8.877,254,240,2,12,24,12,0,1920,0,0,0,0,0,0,0,0,0,0,184,0,0,0,919,100,418,360,0,0,2,0.919
866,10.543,17.996,0.076,0.0,0.0,0.0,0.0,0.0,534.0,2616.0,0.617,0,6,0,8.73,8.661,252,240,2,12,24,12,0,1920,0,0,0,0,0,0,0,0,0,0,184,0,0,0,911,105,404,355,0,0,2,0.911
867,12.19,17.996,0.076,0.0,0.0,0.0,0.0,0.0,534.0,2616.0,0.614,0,6,0,10.309,10.231,253,240,2,12,24,12,0,1920,0,0,0,0,0,0,0,0,0,0,184,0,0,0,938,106,397,365,0,0,1,0.938
868,14.216,17.996,0.076,0.0,0.0,0.0,0.0,0.0,534.0,2616.0,0.925,0,6,0,11.897,11.829,252,240,2,12,24,12,0,1920,0,0,0,0,0,0,0,0,0,0,184,0,0,0,1300,173,565,497,0,0,4,1.3
869,16.304,17.996,0.076,0.0,0.0,0.0,0.0,0.0,534.0,2616.0,0.844,0,6,0,13.567,13.447,253,240,2,12,24,12,0,1920,0,0,0,0,0,0,0,0,0,0,184,0,0,0,1370,163,604,527,0,0,2,1.37
870,16.398,17.996,0.076,0.0,0.0,0.0,0.0,0.0,534.0,2616.0,1.04,0,6,0,13.648,13.538,252,240,2,12,24,12,0,1920,0,0,0,0,0,0,0,0,0,0,184,0,0,0,1379,204,560,547,0,0,3,1.379
871,16.656,17.996,0.076,0.0,0.0,0.0,0.0,0.0,534.0,2616.0,0.957,0,6,0,13.845,13.722,254,240,2,12,24,12,0,1920,0,0,0,0,0,0,0,0,0,0,184,0,0,0,1323,163,587,513,0,0,3,1.323
872,16.083,17.996,0.076,0.0,0.0,0.0,0.0,0.0,534.0,2616.0,0.974,0,6,0,13.341,13.241,252,240,2,12,24,12,0,1920,0,0,0,0,0,0,0,0,0,0,184,0,0,0,1334,164,570,531,0,0,4,1.334
873,16.048,17.996,0.076,0.0,0.0,0.0,0.0,0.0,534.0,2616.0,0.959,0,6,0,13.282,13.166,253,240,2,12,24,12,0,1920,0,0,0,0,0,0,0,0,0,0,184,0,0,0,1345,158,604,516,0,0,3,1.345
874,15.701,17.996,0.076,0.0,0.0,0.0,0.0,0.0,534.0,2616.0,0.715,0,6,0,13.442,13.334,252,240,2,12,24,12,0,1920,0,0,0,0,0,0,0,0,0,0,184,0,0,0,892,108,379,361,0,0,2,0.892
875,11.423,17.996,0.076,0.0,0.0,0.0,0.0,0.0,534.0,2616.0,0.6,0,6,0,9.485,9.405,253,240,2,12,24,12,0,1920,0,0,0,0,0,0,0,0,0,0,184,0,0,0,913,102,401,369,0,0,1,0.913
876,11.505,17.996,0.076,0.0,0.0,0.0,0.0,0.0,534.0,2616.0,0.612,0,6,0,9.678,9.606,252,240,2,12,24,12,0,1920,0,0,0,0,0,0,0,0,0,0,184,0,0,0,903,126,380,351,0,0,1,0.903
877,10.992,17.996,0.076,0.0,0.0,0.0,0.0,0.0,534.0,2616.0,0.94,0,6,0,9.062,8.974,254,240,2,12,24,12,0,1920,0,0,0,0,0,0,0,0,0,0,184,0,0,0,1008,106,401,448,0,0,2,1.008
878,11.11,17.996,0.076,0.0,0.0,0.0,0.0,0.0,534.0,2616.0,0.584,0,6,0,8.839,8.717,254,240,2,12,24,12,0,1920,0,0,0,0,0,0,0,0,0,0,184,0,0,0,921,111,375,391,0,0,2,0.921
879,10.841,17.996,0.076,0.0,0.0,0.0,0.0,0.0,534.0,2616.0,0.644,0,6,0,8.956,8.879,253,240,2,12,24,12,0,1920,0,0,0,0,0,0,0,0,0,0,184,0,0,0,903,104,377,374,0,0,2,0.903
880,10.199,17.996,0.076,0.0,0.0,0.0,0.0,0.0,534.0,2616.0,0.575,0,6,0,8.421,8.353,252,240,2,12,24,12,0,1920,0,0,0,0,0,0,0,0,0,0,184,0,0,0,846,94,360,343,0,0,2,0.846
881,10.941,17.996,0.076,0.0,0.0,0.0,0.0,0.0,534.0,2616.0,0.618,0,6,0,9.119,9.044,252,240,2,12,24,12,0,1920,0,0,0,0,0,0,0,0,0,0,184,0,0,0,954,135,410,364,0,0,2,0.954
882,10.695,17.996,0.076,0.0,0.0,0.0,0.0,0.0,534.0,2616.0,0.615,0,6,0,8.795,8.711,253,240,2,12,24,12,0,1920,0,0,0,0,0,0,0,0,0,0,184,0,0,0,987,111,473,358,0,0,3,0.987
883,10.596,17.996,0.076,0.0,0.0,0.0,0.0,0.0,534.0,2616.0,0.571,0,6,0,8.791,8.658,255,240,2,12,24,12,0,1920,0,0,0,0,0,0,0,0,0,0,184,0,0,0,897,102,381,370,0,0,2,0.897
884,11.21,17.996,0.076,0.0,0.0,0.0,0.0,0.0,534.0,2616.0,0.734,0,6,0,9.205,9.133,253,240,2,12,24,12,0,1920,0,0,0,0,0,0,0,0,0,0,184,0,0,0,1113,137,380,552,0,0,2,1.113
885,10.89,17.996,0.076,0.0,0.0,0.0,0.0,0.0,534.0,2616.0,0.737,0,6,0,8.694,8.62,252,240,2,12,24,12,0,1920,0,0,0,0,0,0,0,0,0,0,184,0,0,0,1128,102,622,352,0,0,2,1.128
886,10.498,17.996,0.076,0.0,0.0,0.0,0.0,0.0,534.0,2616.0,0.593,0,6,0,8.568,8.494,252,240,2,12,24,12,0,1920,0,0,0,0,0,0,0,0,0,0,184,0,0,0,888,103,372,349,0,0,1,0.888
887,10.506,17.996,0.076,0.0,0.0,0.0,0.0,0.0,534.0,2616.0,0.558,0,6,0,8.708,8.642,252,240,2,12,24,12,0,1920,0,0,0,0,0,0,0,0,0,0,184,0,0,0,884,100,385,355,0,0,2,0.884
888,10.361,17.996,0.076,0.0,0.0,0.0,0.0,0.0,534.0,2616.0,0.633,0,6,0,8.6,8.511,252,240,2,12,24,12,0,1920,0,0,0,0,0,0,0,0,0,0,184,0,0,0,907,107,394,361,0,0,2,0.907
889,10.682,17.996,0.076,0.0,0.0,0.0,0.0,0.0,534.0,2616.0,0.562,0,6,0,8.825,8.751,253,240,2,12,24,12,0,1920,0,0,0,0,0,0,0,0,0,0,184,0,0,0,900,103,396,355,0,0,1,0.9
890,11.547,17.996,0.076,0.0,0.0,0.0,0.0,0.0,534.0,2616.0,0.643,0,6,0,9.641,9.555,255,240,2,12,24,12,0,1920,0,0,0,0,0,0,0,0,0,0,184,0,0,0,1026,104,488,387,0,0,2,1.026
891,10.61,17.996,0.076,0.0,0.0,0.0,0.0,0.0,534.0,2616.0,0.601,0,6,0,8.736,8.657,252,240,2,12,24,12,0,1920,0,0,0,0,0,0,0,0,0,0,184,0,0,0,925,114,390,375,0,0,1,0.925
892,11.366,17.996,0.076,0.0,0.0,0.0,0.0,0.0,534.0,2616.0,0.826,0,6,0,9.479,9.411,252,240,2,12,24,12,0,1920,0,0,0,0,0,0,0,0,0,0,184,0,0,0,961,110,388,361,0,0,1,0.961
893,11.487,17.996,0.076,0.0,0.0,0.0,0.0,0.0,534.0,2616.0,0.579,0,6,0,9.421,9.345,252,240,2,12,24,12,0,1920,0,0,0,0,0,0,0,0,0,0,184,0,0,0,906,106,401,352,0,0,2,0.906
894,12.327,17.996,0.076,0.0,0.0,0.0,0.0,0.0,534.0,2616.0,0.631,0,6,0,9.855,9.773,254,240,2,12,24,12,0,1920,0,0,0,0,0,0,0,0,0,0,184,0,0,0,951,114,381,406,0,0,2,0.951
895,11.814,17.996,0.076,0.0,0.0,0.0,0.0,0.0,534.0,2616.0,0.704,0,6,0,9.64,9.568,252,240,2,12,24,12,0,1920,0,0,0,0,0,0,0,0,0,0,184,0,0,0,1190,153,451,529,0,0,2,1.19
896,11.502,17.996,0.076,0.0,0.0,0.0,0.0,0.0,534.0,2616.0,0.722,0,6,0,9.45,9.309,255,240,2,12,24,12,0,1920,0,0,0,0,0,0,0,0,0,0,184,0,0,0,1046,158,417,405,0,0,1,1.046
897,11.517,17.996,0.076,0.0,0.0,0.0,0.0,0.0,534.0,2616.0,0.646,0,6,0,9.478,9.386,252,240,2,12,24,12,0,1920,0,0,0,0,0,0,0,0,0,0,184,0,0,0,970,111,435,375,0,0,7,0.97
898,12.105,17.996,0.076,0.0,0.0,0.0,0.0,0.0,534.0,2616.0,0.661,0,6,0,10.018,9.945,252,240,2,12,24,12,0,1920,0,0,0,0,0,0,0,0,0,0,184,0,0,0,1122,132,500,427,0,0,3,1.122
899,11.222,17.996,0.076,0.0,0.0,0.0,0.0,0.0,534.0,2616.0,0.606,0,6,0,9.273,9.171,253,240,2,12,24,12,0,1920,0,0,0,0,0,0,0,0,0,0,184,0,0,0,940,107,399,365,0,0,2,0.94
900,11.07,17.996,0.076,0.0,0.0,0.0,0.0,0.0,534.0,2616.0,0.689,0,6,0,9.177,9.098,253,240,2,12,24,12,0,1920,0,0,0,0,0,0,0,0,0,0,184,0,0,0,971,129,438,359,0,0,2,0.971
901,11.507,17.996,0.076,0.0,0.0,0.0,0.0,0.0,534.0,2616.0,0.781,0,6,0,9.471,9.365,253,240,2,12,24,12,0,1920,0,0,0,0,0,0,0,0,0,0,184,0,0,0,989,102,469,370,0,0,2,0.989
902,12.503,17.996,0.076,0.0,0.0,0.0,0.0,0.0,534.0,2616.0,0.694,0,6,0,10.419,10.301,254,240,2,12,24,12,0,1920,0,0,0,0,0,0,0,0,0,0,184,0,0,0,948,142,373,392,0,0,2,0.948
903,11.877,17.996,0.076,0.0,0.0,0.0,0.0,0.0,534.0,2616.0,0.657,0,6,0,9.824,9.742,253,240,2,12,24,12,0,1920,0,0,0,0,0,0,0,0,0,0,184,0,0,0,1016,147,398,420,0,0,3,1.016
904,12.32,17.996,0.076,0.0,0.0,0.0,0.0,0.0,534.0,2616.0,0.744,0,6,0,10.213,10.114,253,240,2,12,24,12,0,1920,0,0,0,0,0,0,0,0,0,0,184,0,0,0,975,111,411,405,0,0,2,0.975
905,11.714,17.996,0.076,0.0,0.0,0.0,0.0,0.0,534.0,2616.0,0.611,0,6,0,9.686,9.566,252,240,2,12,24,12,0,1920,0,0,0,0,0,0,0,0,0,0,184,0,0,0,947,107,435,362,0,0,2,0.947
906,11.251,17.996,0.076,0.0,0.0,0.0,0.0,0.0,534.0,2616.0,0.713,0,6,0,9.098,9.022,253,240,2,12,24,12,0,1920,0,0,0,0,0,0,0,0,0,0,184,0,0,0,1177,174,473,443,0,0,3,1.177
907,11.858,17.996,0.076,0.0,0.0,0.0,0.0,0.0,534.0,2616.0,0.773,0,6,0,9.686,9.598,252,240,2,12,24,12,0,1920,0,0,0,0,0,0,0,0,0,0,184,0,0,0,1120,123,494,444,0,0,4,1.12
908,11.505,17.996,0.076,0.0,0.0,0.0,0.0,0.0,534.0,2616.0,0.618,0,6,0,9.487,9.392,255,240,2,12,24,12,0,1920,0,0,0,0,0,0,0,0,0,0,184,0,0,0,918,107,382,381,0,0,1,0.918
909,10.429,17.996,0.076,0.0,0.0,0.0,0.0,0.0,534.0,2616.0,0.672,0,6,0,8.583,8.514,252,240,2,12,24,12,0,1920,0,0,0,0,0,0,0,0,0,0,184,0,0,0,935,126,391,374,0,0,2,0.935
910,11.254,17.996,0.076,0.0,0.0,0.0,0.0,0.0,534.0,2616.0,0.612,0,6,0,9.243,9.162,252,240,2,12,24,12,0,1920,0,0,0,0,0,0,0,0,0,0,184,0,0,0,1011,113,427,418,0,0,2,1.011
911,11.699,17.996,0.076,0.0,0.0,0.0,0.0,0.0,534.0,2616.0,0.632,0,6,0,9.792,9.713,253,240,2,12,24,12,0,1920,0,0,0,0,0,0,0,0,0,0,184,0,0,0,971,111,392,419,0,0,3,0.971
912,11.37,17.996,0.076,0.0,0.0,0.0,0.0,0.0,534.0,2616.0,0.659,0,6,0,9.471,9.395,252,240,2,12,24,12,0,1920,0,0,0,0,0,0,0,0,0,0,184,0,0,0,954,108,433,364,0,0,2,0.954
913,12.902,17.996,0.076,0.0,0.0,0.0,0.0,0.0,534.0,2616.0,0.64,0,6,0,10.772,10.676,252,240,2,12,24,12,0,1920,0,0,0,0,0,0,0,0,0,0,184,0,0,0,984,122,388,429,0,0,2,0.984
914,10.974,17.996,0.076,0.0,0.0,0.0,0.0,0.0,534.0,2616.0,0.643,0,6,0,9.071,8.977,255,240,2,12,24,12,0,1920,0,0,0,0,0,0,0,0,0,0,184,0,0,0,898,112,371,370,0,0,2,0.898
915,10.474,17.996,0.076,0.0,0.0,0.0,0.0,0.0,534.0,2616.0,0.647,0,6,0,8.648,8.572,253,240,2,12,24,12,0,1920,0,0,0,0,0,0,0,0,0,0,184,0,0,0,905,111,370,381,0,0,2,0.905
916,11.02,17.996,0.076,0.0,0.0,0.0,0.0,0.0,534.0,2616.0,0.641,0,6,0,9.139,9.067,252,240,2,12,24,12,0,1920,0,0,0,0,0,0,0,0,0,0,184,0,0,0,930,119,384,380,0,0,2,0.93
917,11.77,17.996,0.076,0.0,0.0,0.0,0.0,0.0,534.0,2616.0,0.619,0,6,0,9.799,9.73,252,240,2,12,24,12,0,1920,0,0,0,0,0,0,0,0,0,0,184,0,0,0,1020,152,431,386,0,0,2,1.02
918,11.09,16.722,0.037,0.0,0.0,0.0,0.0,0.0,534.0,2616.0,0.697,0,6,0,9.118,9.041,252,240,2,12,24,12,0,1920,0,0,0,0,0,0,0,0,0,0,184,0,0,0,988,111,457,375,0,0,3,0.988
919,11.187,16.722,0.037,0.0,0.0,0.0,0.0,0.0,534.0,2616.0,0.619,0,6,0,9.231,9.131,253,240,2,12,24,12,0,1920,0,0,0,0,0,0,0,0,0,0,184,0,0,0,932,110,404,373,0,0,2,0.932
920,11.668,16.722,0.037,0.0,0.0,0.0,0.0,0.0,534.0,2616.0,0.597,0,6,0,9.815,9.662,253,240,2,12,24,12,0,1920,0,0,0,0,0,0,0,0,0,0,184,0,0,0,927,106,391,382,0,0,2,0.927
921,11.907,16.722,0.037,0.0,0.0,0.0,0.0,0.0,534.0,2616.0,0.606,0,6,0,10.004,9.893,254,240,2,12,24,12,0,1920,0,0,0,0,0,0,0,0,0,0,184,0,0,0,957,110,422,374,0,0,2,0.957
922,11.162,16.722,0.037,0.0,0.0,0.0,0.0,0.0,534.0,2616.0,0.594,0,6,0,9.24,9.129,252,240,2,12,24,12,0,1920,0,0,0,0,0,0,0,0,0,0,184,0,0,0,995,119,406,396,0,0,3,0.995
923,10.753,16.722,0.037,0.0,0.0,0.0,0.0,0.0,534.0,2616.0,0.58,0,6,0,8.822,8.741,253,240,2,12,24,12,0,1920,0,0,0,0,0,0,0,0,0,0,184,0,0,0,968,114,399,405,0,0,2,0.968
924,10.656,16.722,0.037,0.0,0.0,0.0,0.0,0.0,534.0,2616.0,0.766,0,6,0,8.841,8.759,254,240,2,12,24,12,0,1920,0,0,0,0,0,0,0,0,0,0,184,0,0,0,928,106,392,364,0,0,2,0.928
925,11.047,16.722,0.037,0.0,0.0,0.0,0.0,0.0,534.0,2616.0,0.636,0,6,0,8.993,8.912,252,240,2,12,24,12,0,1920,0,0,0,0,0,0,0,0,0,0,184,0,0,0,940,102,395,397,0,0,1,0.94
926,10.701,16.722,0.037,0.0,0.0,0.0,0.0,0.0,534.0,2616.0,0.617,0,6,0,8.723,8.652,252,240,2,12,24,12,0,1920,0,0,0,0,0,0,0,0,0,0,184,0,0,0,950,129,379,380,0,0,1,0.95
927,10.582,16.722,0.037,0.0,0.0,0.0,0.0,0.0,534.0,2616.0,0.644,0,6,0,8.695,8.613,254,240,2,12,24,12,0,1920,0,0,0,0,0,0,0,0,0,0,184,0,0,0,965,109,403,406,0,0,3,0.965
928,10.673,16.722,0.037,0.0,0.0,0.0,0.0,0.0,534.0,2616.0,0.597,0,6,0,8.825,8.752,252,240,2,12,24,12,0,1920,0,0,0,0,0,0,0,0,0,0,184,0,0,0,899,105,395,354,0,0,3,0.899
929,10.385,16.722,0.037,0.0,0.0,0.0,0.0,0.0,534.0,2616.0,0.66,0,6,0,8.596,8.524,253,240,2,12,24,12,0,1920,0,0,0,0,0,0,0,0,0,0,184,0,0,0,906,102,408,352,0,0,2,0.906
930,11.635,16.722,0.037,0.0,0.0,0.0,0.0,0.0,534.0,2616.0,0.645,0,6,0,9.681,9.611,252,240,2,12,24,12,0,1920,0,0,0,0,0,0,0,0,0,0,184,0,0,0,968,140,419,359,0,0,2,0.968
931,11.169,16.722,0.037,0.0,0.0,0.0,0.0,0.0,534.0,2616.0,0.646,0,6,0,9.315,9.244,252,240,2,12,24,12,0,1920,0,0,0,0,0,0,0,0,0,0,184,0,0,0,882,106,382,352,0,0,2,0.882
932,10.601,16.722,0.037,0.0,0.0,0.0,0.0,0.0,534.0,2616.0,0.618,0,6,0,8.732,8.664,252,240,2,12,24,12,0,1920,0,0,0,0,0,0,0,0,0,0,184,0,0,0,922,115,407,354,0,0,2,0.922
933,10.849,16.722,0.037,0.0,0.0,0.0,0.0,0.0,534.0,2616.0,0.603,0,6,0,8.984,8.877,254,240,2,12,24,12,0,1920,0,0,0,0,0,0,0,0,0,0,184,0,0,0,901,121,385,353,0,0,2,0.901
934,10.599,16.722,0.037,0.0,0.0,0.0,0.0,0.0,534.0,2616.0,0.619,0,6,0,8.755,8.681,253,240,2,12,24,12,0,1920,0,0,0,0,0,0,0,0,0,0,184,0,0,0,918,105,389,377,0,0,3,0.918
935,14.733,16.722,0.037,0.0,0.0,0.0,0.0,0.0,534.0,2616.0,0.668,0,6,0,12.827,12.753,253,240,2,12,24,12,0,1920,0,0,0,0,0,0,0,0,0,0,184,0,0,0,966,112,406,401,0,0,1,0.966
936,11.846,16.722,0.037,0.0,0.0,0.0,0.0,0.0,534.0,2616.0,0.626,0,6,0,9.946,9.866,253,240,2,12,24,12,0,1920,0,0,0,0,0,0,0,0,0,0,184,0,0,0,923,121,374,377,0,0,2,0.923
937,11.394,16.722,0.037,0.0,0.0,0.0,0.0,0.0,534.0,2616.0,0.588,0,6,0,9.493,9.425,252,240,2,12,24,12,0,1920,0,0,0,0,0,0,0,0,0,0,184,0,0,0,947,105,430,363,0,0,2,0.947
938,10.572,16.722,0.037,0.0,0.0,0.0,0.0,0.0,534.0,2616.0,0.639,0,6,0,8.726,8.647,252,240,2,12,24,12,0,1920,0,0,0,0,0,0,0,0,0,0,184,0,0,0,938,104,412,372,0,0,2,0.938
939,11.333,16.722,0.037,0.0,0.0,0.0,0.0,0.0,534.0,2616.0,0.682,0,6,0,9.466,9.38,254,240,2,12,24,12,0,1920,0,0,0,0,0,0,0,0,0,0,184,0,0,0,881,107,375,355,0,0,2,0.881
940,11.009,16.722,0.037,0.0,0.0,0.0,0.0,0.0,534.0,2616.0,0.603,0,6,0,9.099,9.024,252,240,2,12,24,12,0,1920,0,0,0,0,0,0,0,0,0,0,184,0,0,0,928,154,373,356,0,0,1,0.928
941,10.759,16.722,0.037,0.0,0.0,0.0,0.0,0.0,534.0,2616.0,0.636,0,6,0,8.957,8.89,252,240,2,12,24,12,0,1920,0,0,0,0,0,0,0,0,0,0,184,0,0,0,896,104,392,355,0,0,2,0.896
942,10.648,16.722,0.037,0.0,0.0,0.0,0.0,0.0,534.0,2616.0,0.65,0,6,0,8.786,8.716,252,240,2,12,24,12,0,1920,0,0,0,0,0,0,0,0,0,0,184,0,0,0,928,117,404,362,0,0,2,0.928
943,10.969,16.722,0.037,0.0,0.0,0.0,0.0,0.0,534.0,2616.0,0.591,0,6,0,9.043,8.973,252,240,2,12,24,12,0,1920,0,0,0,0,0,0,0,0,0,0,184,0,0,0,937,108,415,367,0,0,2,0.937
944,10.68,16.722,0.037,0.0,0.0,0.0,0.0,0.0,534.0,2616.0,0.75,0,6,0,8.899,8.781,253,240,2,12,24,12,0,1920,0,0,0,0,0,0,0,0,0,0,184,0,0,0,871,101,370,358,0,0,2,0.871
945,10.682,16.722,0.037,0.0,0.0,0.0,0.0,0.0,534.0,2616.0,0.613,0,6,0,8.689,8.617,252,240,2,12,24,12,0,1920,0,0,0,0,0,0,0,0,0,0,184,0,0,0,937,110,395,384,0,0,2,0.937
946,11.137,16.722,0.037,0.0,0.0,0.0,0.0,0.0,534.0,2616.0,0.754,0,6,0,9.26,9.167,253,240,2,12,24,12,0,1920,0,0,0,0,0,0,0,0,0,0,184,0,0,0,950,107,419,376,0,0,2,0.95
947,10.737,16.722,0.037,0.0,0.0,0.0,0.0,0.0,534.0,2616.0,0.605,0,6,0,8.773,8.693,253,240,2,12,24,12,0,1920,0,0,0,0,0,0,0,0,0,0,184,0,0,0,904,107,381,374,0,0,2,0.904
948,10.984,16.722,0.037,0.0,0.0,0.0,0.0,0.0,534.0,2616.0,0.633,0,6,0,9.127,9.048,254,240,2,12,24,12,0,1920,0,0,0,0,0,0,0,0,0,0,184,0,0,0,944,106,389,406,0,0,2,0.944
949,11.887,16.722,0.037,0.0,0.0,0.0,0.0,0.0,534.0,2616.0,0.62,0,6,0,8.896,8.813,254,240,2,12,24,12,0,1920,0,0,0,0,0,0,0,0,0,0,184,0,0,0,953,113,416,373,0,0,2,0.953
950,11.028,16.722,0.037,0.0,0.0,0.0,0.0,0.0,534.0,2616.0,0.635,0,6,0,9.059,8.985,252,240,2,12,24,12,0,1920,0,0,0,0,0,0,0,0,0,0,184,0,0,0,1004,110,401,446,0,0,1,1.004
951,11.401,16.722,0.037,0.0,0.0,0.0,0.0,0.0,534.0,2616.0,0.707,0,6,0,9.484,9.411,252,240,2,12,24,12,0,1920,0,0,0,0,0,0,0,0,0,0,184,0,0,0,964,110,400,403,0,0,1,0.964
952,11.271,16.722,0.037,0.0,0.0,0.0,0.0,0.0,534.0,2616.0,0.653,0,6,0,9.248,9.178,252,240,2,12,24,12,0,1920,0,0,0,0,0,0,0,0,0,0,184,0,0,0,962,111,417,389,0,0,2,0.962
953,12.84,16.722,0.037,0.0,0.0,0.0,0.0,0.0,534.0,2616.0,0.701,0,6,0,10.866,10.791,252,240,2,12,24,12,0,1920,0,0,0,0,0,0,0,0,0,0,184,0,0,0,972,149,397,381,0,0,1,0.972
954,15.389,16.722,0.037,0.0,0.0,0.0,0.0,0.0,534.0,2616.0,0.594,0,6,0,9.316,9.223,255,240,2,12,24,12,0,1920,0,0,0,0,0,0,0,0,0,0,184,0,0,0,4989,111,3153,451,0,0,3,4.989
955,12.66,16.722,0.037,0.0,0.0,0.0,0.0,0.0,534.0,2616.0,0.723,0,6,0,10.718,10.616,252,240,2,12,24,12,0,1920,0,0,0,0,0,0,0,0,0,0,184,0,0,0,939,113,396,389,0,0,1,0.939
956,11.167,16.722,0.037,0.0,0.0,0.0,0.0,0.0,534.0,2616.0,0.61,0,6,0,9.126,9.051,252,240,2,12,24,12,0,1920,0,0,0,0,0,0,0,0,0,0,184,0,0,0,958,113,417,382,0,0,2,0.958
957,11.637,16.722,0.037,0.0,0.0,0.0,0.0,0.0,534.0,2616.0,1.039,0,6,0,9.275,9.193,253,240,2,12,24,12,0,1920,0,0,0,0,0,0,0,0,0,0,184,0,0,0,1417,117,860,384,0,0,2,1.417
958,13.259,16.722,0.037,0.0,0.0,0.0,0.0,0.0,534.0,2616.0,0.666,0,6,0,10.885,10.759,253,240,2,12,24,12,0,1920,0,0,0,0,0,0,0,0,0,0,184,0,0,0,957,115,395,393,0,0,2,0.957
959,11.153,16.722,0.037,0.0,0.0,0.0,0.0,0.0,534.0,2616.0,0.563,0,6,0,9.142,9.068,252,240,2,12,24,12,0,1920,0,0,0,0,0,0,0,0,0,0,184,0,0,0,988,115,424,389,0,0,2,0.988
960,11.201,16.722,0.037,0.0,0.0,0.0,0.0,0.0,534.0,2616.0,0.631,0,6,0,9.287,9.197,254,240,2,12,24,12,0,1920,0,0,0,0,0,0,0,0,0,0,184,0,0,0,986,107,397,436,0,0,3,0.986
961,11.031,16.722,0.037,0.0,0.0,0.0,0.0,0.0,534.0,2616.0,0.618,0,6,0,9.071,8.983,253,240,2,12,24,12,0,1920,0,0,0,0,0,0,0,0,0,0,184,0,0,0,961,130,408,375,0,0,3,0.961
962,12.385,16.722,0.037,0.0,0.0,0.0,0.0,0.0,534.0,2616.0,0.625,0,6,0,10.462,9.383,253,240,2,12,24,12,0,1920,0,0,0,0,0,0,0,0,0,0,184,0,0,0,969,116,408,396,0,0,2,0.969
963,11.738,16.722,0.037,0.0,0.0,0.0,0.0,0.0,534.0,2616.0,0.674,0,6,0,9.729,9.645,253,240,2,12,24,12,0,1920,0,0,0,0,0,0,0,0,0,0,184,0,0,0,1013,114,432,394,0,0,2,1.013
964,12.117,16.722,0.037,0.0,0.0,0.0,0.0,0.0,534.0,2616.0,0.64,0,6,0,10.133,10.049,253,240,2,12,24,12,0,1920,0,0,0,0,0,0,0,0,0,0,184,0,0,0,934,107,389,393,0,0,2,0.934
965,11.205,16.722,0.037,0.0,0.0,0.0,0.0,0.0,534.0,2616.0,0.743,0,6,0,9.258,9.18,253,240,2,12,24,12,0,1920,0,0,0,0,0,0,0,0,0,0,184,0,0,0,992,108,453,380,0,0,2,0.992
966,11.337,16.722,0.037,0.0,0.0,0.0,0.0,0.0,534.0,2616.0,0.645,0,6,0,9.337,9.251,253,240,2,12,24,12,0,1920,0,0,0,0,0,0,0,0,0,0,184,0,0,0,948,107,409,384,0,0,3,0.948
967,11.141,16.722,0.037,0.0,0.0,0.0,0.0,0.0,534.0,2616.0,0.605,0,6,0,8.861,8.773,252,240,2,12,24,12,0,1920,0,0,0,0,0,0,0,0,0,0,184,0,0,0,1200,117,477,512,0,0,3,1.2
968,11.069,16.722,0.037,0.0,0.0,0.0,0.0,0.0,534.0,2616.0,0.632,0,6,0,9.188,9.107,253,240,2,12,24,12,0,1920,0,0,0,0,0,0,0,0,0,0,184,0,0,0,946,108,405,364,0,0,3,0.946
969,12.08,16.722,0.037,0.0,0.0,0.0,0.0,0.0,534.0,2616.0,0.713,0,6,0,10.143,10.06,254,240,2,12,24,12,0,1920,0,0,0,0,0,0,0,0,0,0,184,0,0,0,978,116,404,406,0,0,1,0.978
970,12.149,16.722,0.037,0.0,0.0,0.0,0.0,0.0,534.0,2616.0,0.639,0,6,0,10.145,10.028,254,240,2,12,24,12,0,1920,0,0,0,0,0,0,0,0,0,0,184,0,0,0,946,120,414,364,0,0,3,0.946
971,15.186,16.722,0.037,0.0,0.0,0.0,0.0,0.0,534.0,2616.0,0.842,0,6,0,12.94,12.861,253,240,2,12,24,12,0,1920,0,0,0,0,0,0,0,0,0,0,184,0,0,0,1229,147,496,523,0,0,3,1.229
972,13.878,16.722,0.037,0.0,0.0,0.0,0.0,0.0,534.0,2616.0,0.945,0,6,0,11.32,11.215,253,240,2,12,24,12,0,1920,0,0,0,0,0,0,0,0,0,0,184,0,0,0,1293,131,597,504,0,0,2,1.293
973,14.862,16.722,0.037,0.0,0.0,0.0,0.0,0.0,534.0,2616.0,0.728,0,6,0,11.948,11.849,253,240,2,12,24,12,0,1920,0,0,0,0,0,0,0,0,0,0,184,0,0,0,1614,167,698,684,0,0,3,1.614
974,13.376,16.722,0.037,0.0,0.0,0.0,0.0,0.0,534.0,2616.0,0.798,0,6,0,11.108,11.019,253,240,2,12,24,12,0,1920,0,0,0,0,0,0,0,0,0,0,184,0,0,0,1187,117,460,548,0,0,3,1.187
975,11.503,16.722,0.037,0.0,0.0,0.0,0.0,0.0,534.0,2616.0,0.647,0,6,0,9.395,9.314,252,240,2,12,24,12,0,1920,0,0,0,0,0,0,0,0,0,0,184,0,0,0,964,137,400,380,0,0,2,0.964
976,12.193,16.722,0.037,0.0,0.0,0.0,0.0,0.0,534.0,2616.0,0.81,0,6,0,10.063,9.971,255,240,2,12,24,12,0,1920,0,0,0,0,0,0,0,0,0,0,184,0,0,0,1143,141,468,468,0,0,3,1.143
977,12.144,16.722,0.037,0.0,0.0,0.0,0.0,0.0,534.0,2616.0,0.8,0,6,0,9.5,9.415,252,240,2,12,24,12,0,1920,0,0,0,0,0,0,0,0,0,0,184,0,0,0,1432,141,418,819,0,0,2,1.432
978,13.06,16.722,0.037,0.0,0.0,0.0,0.0,0.0,534.0,2616.0,0.704,0,6,0,9.949,9.859,253,240,2,12,24,12,0,1920,0,0,0,0,0,0,0,0,0,0,184,0,0,0,1958,121,712,1062,0,0,3,1.958
979,11.873,16.722,0.037,0.0,0.0,0.0,0.0,0.0,534.0,2616.0,0.699,0,6,0,9.721,9.631,253,240,2,12,24,12,0,1920,0,0,0,0,0,0,0,0,0,0,184,0,0,0,1090,131,478,423,0,0,2,1.09
980,11.72,16.722,0.037,0.0,0.0,0.0,0.0,0.0,534.0,2616.0,0.792,0,6,0,9.388,9.308,252,240,2,12,24,12,0,1920,0,0,0,0,0,0,0,0,0,0,184,0,0,0,1248,118,406,659,0,0,5,1.248
981,12.977,16.722,0.037,0.0,0.0,0.0,0.0,0.0,534.0,2616.0,0.696,0,6,0,10.742,10.65,254,240,2,12,24,12,0,1920,0,0,0,0,0,0,0,0,0,0,184,0,0,0,1000,124,441,381,0,0,2,1.0
982,11.884,16.722,0.037,0.0,0.0,0.0,0.0,0.0,534.0,2616.0,0.626,0,6,0,9.744,9.652,254,240,2,12,24,12,0,1920,0,0,0,0,0,0,0,0,0,0,184,0,0,0,1068,118,506,392,0,0,2,1.068
983,11.646,16.722,0.037,0.0,0.0,0.0,0.0,0.0,534.0,2616.0,0.795,0,6,0,9.648,9.559,253,240,2,12,24,12,0,1920,0,0,0,0,0,0,0,0,0,0,184,0,0,0,1013,142,433,384,0,0,3,1.013
984,11.855,16.722,0.037,0.0,0.0,0.0,0.0,0.0,534.0,2616.0,0.707,0,6,0,9.514,9.412,252,240,2,12,24,12,0,1920,0,0,0,0,0,0,0,0,0,0,184,0,0,0,1145,139,485,463,0,0,3,1.145
985,11.499,16.722,0.037,0.0,0.0,0.0,0.0,0.0,534.0,2616.0,0.658,0,6,0,9.456,9.373,253,240,2,12,24,12,0,1920,0,0,0,0,0,0,0,0,0,0,184,0,0,0,982,114,407,408,0,0,2,0.982
986,12.811,16.722,0.037,0.0,0.0,0.0,0.0,0.0,534.0,2616.0,0.643,0,6,0,10.523,10.428,253,240,2,12,24,12,0,1920,0,0,0,0,0,0,0,0,0,0,184,0,0,0,1277,116,449,653,0,0,3,1.277
987,12.342,16.722,0.037,0.0,0.0,0.0,0.0,0.0,534.0,2616.0,0.739,0,6,0,10.344,10.25,254,240,2,12,24,12,0,1920,0,0,0,0,0,0,0,0,0,0,184,0,0,0,975,144,398,388,0,0,2,0.975
988,12.273,16.722,0.037,0.0,0.0,0.0,0.0,0.0,534.0,2616.0,0.629,0,6,0,10.318,10.23,253,240,2,12,24,12,0,1920,0,0,0,0,0,0,0,0,0,0,184,0,0,0,873,107,356,364,0,0,2,0.873
989,10.707,16.722,0.037,0.0,0.0,0.0,0.0,0.0,534.0,2616.0,0.619,0,6,0,8.859,8.792,252,240,2,12,24,12,0,1920,0,0,0,0,0,0,0,0,0,0,184,0,0,0,901,124,389,341,0,0,2,0.901
990,9.967,16.722,0.037,0.0,0.0,0.0,0.0,0.0,534.0,2616.0,0.648,0,6,0,8.201,8.123,254,240,2,12,24,12,0,1920,0,0,0,0,0,0,0,0,0,0,184,0,0,0,866,122,352,345,0,0,2,0.866
991,10.327,16.722,0.037,0.0,0.0,0.0,0.0,0.0,534.0,2616.0,0.648,0,6,0,8.46,8.377,254,240,2,12,24,12,0,1920,0,0,0,0,0,0,0,0,0,0,184,0,0,0,904,103,406,345,0,0,2,0.904
992,11.014,16.722,0.037,0.0,0.0,0.0,0.0,0.0,534.0,2616.0,0.905,0,6,0,9.02,8.942,252,240,2,12,24,12,0,1920,0,0,0,0,0,0,0,0,0,0,184,0,0,0,1041,113,423,440,0,0,3,1.041
993,15.418,16.722,0.037,0.0,0.0,0.0,0.0,0.0,534.0,2616.0,0.9,0,6,0,12.734,12.637,253,240,2,12,24,12,0,1920,0,0,0,0,0,0,0,0,0,0,184,0,0,0,1341,158,526,581,0,0,5,1.341
994,15.556,16.722,0.037,0.0,0.0,0.0,0.0,0.0,534.0,2616.0,0.909,0,6,0,13.009,12.879,254,240,2,12,24,12,0,1920,0,0,0,0,0,0,0,0,0,0,184,0,0,0,1200,143,484,508,0,0,5,1.2
995,15.447,16.722,0.037,0.0,0.0,0.0,0.0,0.0,534.0,2616.0,0.972,0,6,0,12.804,12.711,252,240,2,12,24,12,0,1920,0,0,0,0,0,0,0,0,0,0,184,0,0,0,1280,147,546,520,0,0,3,1.28
996,15.801,16.722,0.037,0.0,0.0,0.0,0.0,0.0,534.0,2616.0,0.895,0,6,0,13.052,12.933,253,240,2,12,24,12,0,1920,0,0,0,0,0,0,0,0,0,0,184,0,0,0,1249,146,551,484,0,0,4,1.249
997,14.766,16.722,0.037,0.0,0.0,0.0,0.0,0.0,534.0,2616.0,0.598,0,6,0,12.445,12.333,253,240,2,12,24,12,0,1920,0,0,0,0,0,0,0,0,0,0,184,0,0,0,986,120,418,396,0,0,3,0.986
998,12.396,16.722,0.037,0.0,0.0,0.0,0.0,0.0,534.0,2616.0,0.678,0,6,0,10.229,10.146,253,240,2,12,24,12,0,1920,0,0,0,0,0,0,0,0,0,0,184,0,0,0,1206,123,422,574,0,0,3,1.206
999,11.836,16.722,0.037,0.0,0.0,0.0,0.0,0.0,534.0,2616.0,0.653,0,6,0,9.781,9.69,253,240,2,12,24,12,0,1920,0,0,0,0,0,0,0,0,0,0,184,0,0,0,1017,142,448,379,0,0,2,1.017
1000,12.081,16.722,0.037,0.0,0.0,0.0,0.0,0.0,534.0,2616.0,0.683,0,6,0,9.985,9.901,253,240,2,12,24,12,0,1920,0,0,0,0,0,0,0,0,0,0,184,0,0,0,1089,138,465,428,0,0,2,1.089
1001,12.211,16.722,0.037,0.0,0.0,0.0,0.0,0.0,534.0,2616.0,1.368,0,6,0,10.094,10.003,254,240,2,12,24,12,0,1920,0,0,0,0,0,0,0,0,0,0,184,0,0,0,1049,111,425,462,0,0,3,1.049
1002,12.774,16.695,0.914,0.0,0.0,0.0,0.0,0.0,534.0,2616.0,0.639,0,6,0,10.041,9.966,252,240,2,12,24,12,0,1920,0,0,0,0,0,0,0,0,0,0,184,0,0,0,961,124,392,395,0,0,2,0.961
1003,11.788,16.695,0.914,0.0,0.0,0.0,0.0,0.0,534.0,2616.0,0.653,0,6,0,9.821,9.738,253,240,2,12,24,12,0,1920,0,0,0,0,0,0,0,0,0,0,184,0,0,0,982,116,406,407,0,0,2,0.982
1004,11.851,16.695,0.914,0.0,0.0,0.0,0.0,0.0,534.0,2616.0,0.972,0,6,0,9.743,9.643,254,240,2,12,24,12,0,1920,0,0,0,0,0,0,0,0,0,0,184,0,0,0,1065,116,467,427,0,0,3,1.065
1005,12.942,16.695,0.914,0.0,0.0,0.0,0.0,0.0,534.0,2616.0,0.724,0,6,0,10.52,10.43,253,240,2,12,24,12,0,1920,0,0,0,0,0,0,0,0,0,0,184,0,0,0,1077,123,458,438,0,0,3,1.077
1006,13.592,16.695,0.914,0.0,0.0,0.0,0.0,0.0,534.0,2616.0,0.743,0,6,0,11.505,11.412,254,240,2,12,24,12,0,1920,0,0,0,0,0,0,0,0,0,0,184,0,0,0,945,110,423,365,0,0,1,0.945
1007,12.284,16.695,0.914,0.0,0.0,0.0,0.0,0.0,534.0,2616.0,0.704,0,6,0,10.196,10.096,252,240,2,12,24,12,0,1920,0,0,0,0,0,0,0,0,0,0,184,0,0,0,943,108,410,373,0,0,3,0.943
1008,11.301,16.695,0.914,0.0,0.0,0.0,0.0,0.0,534.0,2616.0,0.677,0,6,0,9.369,9.292,252,240,2,12,24,12,0,1920,0,0,0,0,0,0,0,0,0,0,184,0,0,0,905,105,395,360,0,0,1,0.905
1009,13.26,16.695,0.914,0.0,0.0,0.0,0.0,0.0,534.0,2616.0,1.167,0,6,0,9.369,9.281,255,240,2,12,24,12,0,1920,0,0,0,0,0,0,0,0,0,0,184,0,0,0,2837,143,849,1670,0,0,6,2.837
1010,17.537,16.695,0.914,0.0,0.0,0.0,0.0,0.0,534.0,2616.0,1.283,0,6,0,14.519,14.414,252,240,2,12,24,12,0,1920,0,0,0,0,0,0,0,0,0,0,184,0,0,0,1319,156,565,529,0,0,4,1.319
1011,22.367,16.695,0.914,0.0,0.0,0.0,0.0,0.0,534.0,2616.0,1.415,0,6,0,18.277,18.016,255,240,2,12,24,12,0,1920,0,0,0,0,0,0,0,0,0,0,184,0,0,0,2043,294,846,739,0,0,6,2.043
1012,23.805,16.695,0.914,0.0,0.0,0.0,0.0,0.0,534.0,2616.0,1.034,0,6,0,19.94,19.775,253,240,2,12,24,12,0,1920,0,0,0,0,0,0,0,0,0,0,184,0,0,0,1845,288,834,609,0,0,6,1.845
1013,18.058,16.695,0.914,0.0,0.0,0.0,0.0,0.0,534.0,2616.0,1.412,0,6,0,14.638,14.488,252,240,2,12,24,12,0,1920,0,0,0,0,0,0,0,0,0,0,184,0,0,0,1760,309,724,611,0,0,5,1.76
1014,22.336,16.695,0.914,0.0,0.0,0.0,0.0,0.0,534.0,2616.0,1.35,0,6,0,18.031,17.889,255,240,2,12,24,12,0,1920,0,0,0,0,0,0,0,0,0,0,184,0,0,0,2051,277,822,772,0,0,7,2.051
1015,23.473,16.695,0.914,0.0,0.0,0.0,0.0,0.0,534.0,2616.0,0.9,0,6,0,20.083,19.934,252,240,2,12,24,12,0,1920,0,0,0,0,0,0,0,0,0,0,184,0,0,0,1331,199,566,497,0,0,3,1.331
1016,18.042,16.695,0.914,0.0,0.0,0.0,0.0,0.0,534.0,2616.0,1.213,0,6,0,14.774,14.65,254,240,2,12,24,12,0,1920,0,0,0,0,0,0,0,0,0,0,184,0,0,0,1872,234,853,664,0,0,6,1.872
1017,22.931,16.695,0.914,0.0,0.0,0.0,0.0,0.0,534.0,2616.0,1.564,0,6,0,18.885,18.558,253,240,2,12,24,12,0,1920,0,0,0,0,0,0,0,0,0,0,184,0,0,0,1974,246,802,812,0,0,5,1.974
1018,22.672,16.695,0.914,0.0,0.0,0.0,0.0,0.0,534.0,2616.0,1.463,0,6,0,17.724,17.525,255,240,2,12,24,12,0,1920,0,0,0,0,0,0,0,0,0,0,184,0,0,0,1965,273,801,748,0,0,4,1.965
1019,18.361,16.695,0.914,0.0,0.0,0.0,0.0,0.0,534.0,2616.0,0.986,0,6,0,14.824,14.607,254,240,2,12,24,12,0,1920,0,0,0,0,0,0,0,0,0,0,184,0,0,0,1454,186,672,512,0,0,5,1.454
1020,19.684,16.695,0.914,0.0,0.0,0.0,0.0,0.0,534.0,2616.0,1.364,0,6,0,15.918,15.793,254,240,2,12,24,12,0,1920,0,0,0,0,0,0,0,0,0,0,184,0,0,0,2041,317,823,784,0,0,5,2.041
1021,21.636,16.695,0.914,0.0,0.0,0.0,0.0,0.0,534.0,2616.0,0.833,0,6,0,18.467,18.25,252,240,2,12,24,12,0,1920,0,0,0,0,0,0,0,0,0,0,184,0,0,0,1265,150,565,493,0,0,2,1.265
1022,21.256,16.695,0.914,0.0,0.0,0.0,0.0,0.0,534.0,2616.0,1.057,0,6,0,18.54,18.386,255,240,2,12,24,12,0,1920,0,0,0,0,0,0,0,0,0,0,184,0,0,0,1427,189,633,505,0,0,3,1.427
1023,18.664,16.695,0.914,0.0,0.0,0.0,0.0,0.0,534.0,2616.0,1.273,0,6,0,15.134,15.001,255,240,2,12,24,12,0,1920,0,0,0,0,0,0,0,0,0,0,184,0,0,0,1729,207,718,685,0,0,6,1.729
1024,20.266,16.695,0.914,0.0,0.0,0.0,0.0,0.0,534.0,2616.0,1.462,0,6,0,16.31,16.183,254,240,2,12,24,12,0,1920,0,0,0,0,0,0,0,0,0,0,184,0,0,0,1892,244,802,734,0,0,6,1.892
1025,21.457,16.695,0.914,0.0,0.0,0.0,0.0,0.0,534.0,2616.0,1.733,0,6,0,16.822,16.667,252,240,2,12,24,12,0,1920,0,0,0,0,0,0,0,0,0,0,184,0,0,0,2495,234,1103,1002,0,0,8,2.495
1026,21.309,16.695,0.914,0.0,0.0,0.0,0.0,0.0,534.0,2616.0,0.904,0,6,0,17.686,17.503,255,240,2,12,24,12,0,1920,0,0,0,0,0,0,0,0,0,0,184,0,0,0,1286,158,532,535,0,0,3,1.286
1027,19.53,16.695,0.914,0.0,0.0,0.0,0.0,0.0,534.0,2616.0,1.359,0,6,0,15.769,15.601,253,240,2,12,24,12,0,1920,0,0,0,0,0,0,0,0,0,0,184,0,0,0,2147,354,881,783,0,0,6,2.147
1028,22.386,16.695,0.914,0.0,0.0,0.0,0.0,0.0,534.0,2616.0,1.053,0,6,0,18.987,18.783,254,240,2,12,24,12,0,1920,0,0,0,0,0,0,0,0,0,0,184,0,0,0,1398,161,573,594,0,0,3,1.398
1029,23.043,16.695,0.914,0.0,0.0,0.0,0.0,0.0,534.0,2616.0,1.014,0,6,0,19.642,19.402,254,240,2,12,24,12,0,1920,0,0,0,0,0,0,0,0,0,0,184,0,0,0,1428,200,608,533,0,0,3,1.428
1030,15.721,16.695,0.914,0.0,0.0,0.0,0.0,0.0,534.0,2616.0,0.686,0,6,0,13.244,13.104,255,240,2,12,24,12,0,1920,0,0,0,0,0,0,0,0,0,0,184,0,0,0,974,121,424,383,0,0,2,0.974
1031,11.46,16.695,0.914,0.0,0.0,0.0,0.0,0.0,534.0,2616.0,0.63,0,6,0,9.424,9.339,252,240,2,12,24,12,0,1920,0,0,0,0,0,0,0,0,0,0,184,0,0,0,944,117,390,391,0,0,3,0.944
1032,11.468,16.695,0.914,0.0,0.0,0.0,0.0,0.0,534.0,2616.0,0.654,0,6,0,9.486,9.392,254,240,2,12,24,12,0,1920,0,0,0,0,0,0,0,0,0,0,184,0,0,0,989,117,439,378,0,0,2,0.989
1033,11.19,16.695,0.914,0.0,0.0,0.0,0.0,0.0,534.0,2616.0,0.708,0,6,0,9.248,9.161,253,240,2,12,24,12,0,1920,0,0,0,0,0,0,0,0,0,0,184,0,0,0,962,112,402,401,0,0,1,0.962
1034,11.311,16.695,0.914,0.0,0.0,0.0,0.0,0.0,534.0,2616.0,0.58,0,6,0,9.227,9.14,254,240,2,12,24,12,0,1920,0,0,0,0,0,0,0,0,0,0,184,0,0,0,1036,136,418,431,0,0,3,1.036
1035,11.105,16.695,0.914,0.0,0.0,0.0,0.0,0.0,534.0,2616.0,0.678,0,6,0,9.216,9.136,253,240,2,12,24,12,0,1920,0,0,0,0,0,0,0,0,0,0,184,0,0,0,949,119,410,376,0,0,2,0.949
1036,11.13,16.695,0.914,0.0,0.0,0.0,0.0,0.0,534.0,2616.0,0.576,0,6,0,9.154,9.062,255,240,2,12,24,12,0,1920,0,0,0,0,0,0,0,0,0,0,184,0,0,0,960,113,401,398,0,0,2,0.96
1037,11.172,16.695,0.914,0.0,0.0,0.0,0.0,0.0,534.0,2616.0,0.652,0,6,0,9.323,9.249,252,240,2,12,24,12,0,1920,0,0,0,0,0,0,0,0,0,0,184,0,0,0,963,107,425,384,0,0,2,0.963
1038,11.056,16.695,0.914,0.0,0.0,0.0,0.0,0.0,534.0,2616.0,0.635,0,6,0,9.068,8.982,254,240,2,12,24,12,0,1920,0,0,0,0,0,0,0,0,0,0,184,0,0,0,965,114,400,399,0,0,3,0.965
1039,11.13,16.695,0.914,0.0,0.0,0.0,0.0,0.0,534.0,2616.0,0.673,0,6,0,9.137,9.055,253,240,2,12,24,12,0,1920,0,0,0,0,0,0,0,0,0,0,184,0,0,0,1027,124,416,436,0,0,3,1.027
1040,11.075,16.695,0.914,0.0,0.0,0.0,0.0,0.0,534.0,2616.0,0.659,0,6,0,9.102,9.013,254,240,2,12,24,12,0,1920,0,0,0,0,0,0,0,0,0,0,184,0,0,0,961,114,404,395,0,0,2,0.961
1041,11.062,16.695,0.914,0.0,0.0,0.0,0.0,0.0,534.0,2616.0,0.653,0,6,0,9.073,8.991,253,240,2,12,24,12,0,1920,0,0,0,0,0,0,0,0,0,0,184,0,0,0,968,113,409,398,0,0,2,0.968
1042,11.608,16.695,0.914,0.0,0.0,0.0,0.0,0.0,534.0,2616.0,0.595,0,6,0,9.6,9.501,256,240,2,12,24,12,0,1920,0,0,0,0,0,0,0,0,0,0,184,0,0,0,1007,114,419,420,0,0,2,1.007
1043,11.51,16.695,0.914,0.0,0.0,0.0,0.0,0.0,534.0,2616.0,0.673,0,6,0,9.517,9.428,252,240,2,12,24,12,0,1920,0,0,0,0,0,0,0,0,0,0,184,0,0,0,969,111,423,387,0,0,2,0.969
1044,11.283,16.695,0.914,0.0,0.0,0.0,0.0,0.0,534.0,2616.0,0.597,0,6,0,9.242,9.146,255,240,2,12,24,12,0,1920,0,0,0,0,0,0,0,0,0,0,184,0,0,0,1005,122,418,414,0,0,2,1.005
1045,11.161,16.695,0.914,0.0,0.0,0.0,0.0,0.0,534.0,2616.0,0.671,0,6,0,9.252,9.173,252,240,2,12,24,12,0,1920,0,0,0,0,0,0,0,0,0,0,184,0,0,0,970,115,404,398,0,0,3,0.97
1046,11.045,16.695,0.914,0.0,0.0,0.0,0.0,0.0,534.0,2616.0,0.613,0,6,0,9.079,8.979,255,240,2,12,24,12,0,1920,0,0,0,0,0,0,0,0,0,0,184,0,0,0,959,110,419,382,0,0,2,0.959
1047,11.208,16.695,0.914,0.0,0.0,0.0,0.0,0.0,534.0,2616.0,0.666,0,6,0,9.301,9.208,254,240,2,12,24,12,0,1920,0,0,0,0,0,0,0,0,0,0,184,0,0,0,967,123,394,405,0,0,2,0.967
1048,12.136,16.695,0.914,0.0,0.0,0.0,0.0,0.0,534.0,2616.0,0.671,0,6,0,10.191,9.067,256,240,2,12,24,12,0,1920,0,0,0,0,0,0,0,0,0,0,184,0,0,0,967,113,403,399,0,0,3,0.967
1049,11.101,16.695,0.914,0.0,0.0,0.0,0.0,0.0,534.0,2616.0,0.667,0,6,0,9.149,9.076,252,240,2,12,24,12,0,1920,0,0,0,0,0,0,0,0,0,0,184,0,0,0,963,113,415,385,0,0,2,0.963
1050,11.225,16.695,0.914,0.0,0.0,0.0,0.0,0.0,534.0,2616.0,0.586,0,6,0,9.197,9.11,254,240,2,12,24,12,0,1920,0,0,0,0,0,0,0,0,0,0,184,0,0,0,1030,137,400,428,0,0,3,1.03
1051,11.017,16.695,0.914,0.0,0.0,0.0,0.0,0.0,534.0,2616.0,0.68,0,6,0,9.139,9.05,254,240,2,12,24,12,0,1920,0,0,0,0,0,0,0,0,0,0,184,0,0,0,948,124,390,389,0,0,3,0.948
1052,11.135,16.695,0.914,0.0,0.0,0.0,0.0,0.0,534.0,2616.0,0.586,0,6,0,9.144,9.051,255,240,2,12,24,12,0,1920,0,0,0,0,0,0,0,0,0,0,184,0,0,0,958,112,401,396,0,0,2,0.958
1053,11.184,16.695,0.914,0.0,0.0,0.0,0.0,0.0,534.0,2616.0,0.625,0,6,0,9.311,9.236,252,240,2,12,24,12,0,1920,0,0,0,0,0,0,0,0,0,0,184,0,0,0,980,111,436,388,0,0,2,0.98
1054,11.138,16.695,0.914,0.0,0.0,0.0,0.0,0.0,534.0,2616.0,0.649,0,6,0,9.171,9.066,256,240,2,12,24,12,0,1920,0,0,0,0,0,0,0,0,0,0,184,0,0,0,964,118,407,391,0,0,2,0.964
1055,11.213,16.695,0.914,0.0,0.0,0.0,0.0,0.0,534.0,2616.0,0.639,0,6,0,9.229,9.155,252,240,2,12,24,12,0,1920,0,0,0,0,0,0,0,0,0,0,184,0,0,0,1011,117,457,389,0,0,3,1.011
1056,11.164,16.695,0.914,0.0,0.0,0.0,0.0,0.0,534.0,2616.0,0.797,0,6,0,9.191,9.103,254,240,2,12,24,12,0,1920,0,0,0,0,0,0,0,0,0,0,184,0,0,0,999,115,434,396,0,0,2,0.999
1057,11.46,16.695,0.914,0.0,0.0,0.0,0.0,0.0,534.0,2616.0,0.608,0,6,0,9.361,9.275,253,240,2,12,24,12,0,1920,0,0,0,0,0,0,0,0,0,0,184,0,0,0,958,115,414,379,0,0,3,0.958
1058,11.018,16.695,0.914,0.0,0.0,0.0,0.0,0.0,534.0,2616.0,0.622,0,6,0,9.123,9.005,255,240,2,12,24,12,0,1920,0,0,0,0,0,0,0,0,0,0,184,0,0,0,972,107,436,381,0,0,2,0.972
1059,11.096,16.695,0.914,0.0,0.0,0.0,0.0,0.0,534.0,2616.0,0.67,0,6,0,9.151,9.069,252,240,2,12,24,12,0,1920,0,0,0,0,0,0,0,0,0,0,184,0,0,0,959,131,408,373,0,0,2,0.959
1060,11.071,16.695,0.914,0.0,0.0,0.0,0.0,0.0,534.0,2616.0,0.676,0,6,0,9.07,8.983,254,240,2,12,24,12,0,1920,0,0,0,0,0,0,0,0,0,0,184,0,0,0,1025,133,458,387,0,0,2,1.025
1061,11.471,16.695,0.914,0.0,0.0,0.0,0.0,0.0,534.0,2616.0,0.717,0,6,0,9.53,9.449,253,240,2,12,24,12,0,1920,0,0,0,0,0,0,0,0,0,0,184,0,0,0,926,120,390,372,0,0,2,0.926
1062,11.322,16.695,0.914,0.0,0.0,0.0,0.0,0.0,534.0,2616.0,0.591,0,6,0,9.305,9.214,255,240,2,12,24,12,0,1920,0,0,0,0,0,0,0,0,0,0,184,0,0,0,965,114,404,399,0,0,3,0.965
1063,11.409,16.695,0.914,0.0,0.0,0.0,0.0,0.0,534.0,2616.0,0.696,0,6,0,9.469,9.365,253,240,2,12,24,12,0,1920,0,0,0,0,0,0,0,0,0,0,184,0,0,0,1017,115,418,433,0,0,1,1.017
1064,11.875,16.695,0.914,0.0,0.0,0.0,0.0,0.0,534.0,2616.0,0.694,0,6,0,9.851,9.762,254,240,2,12,24,12,0,1920,0,0,0,0,0,0,0,0,0,0,184,0,0,0,983,128,426,377,0,0,1,0.983
1065,11.4,16.695,0.914,0.0,0.0,0.0,0.0,0.0,534.0,2616.0,0.672,0,6,0,9.37,9.288,253,240,2,12,24,12,0,1920,0,0,0,0,0,0,0,0,0,0,184,0,0,0,975,125,417,381,0,0,1,0.975
1066,11.583,16.695,0.914,0.0,0.0,0.0,0.0,0.0,534.0,2616.0,0.725,0,6,0,9.492,9.394,255,240,2,12,24,12,0,1920,0,0,0,0,0,0,0,0,0,0,184,0,0,0,991,121,403,417,0,0,2,0.991
1067,11.744,16.695,0.914,0.0,0.0,0.0,0.0,0.0,534.0,2616.0,0.641,0,6,0,9.627,9.533,254,240,2,12,24,12,0,1920,0,0,0,0,0,0,0,0,0,0,184,0,0,0,1019,154,405,407,0,0,2,1.019
1068,11.431,16.695,0.914,0.0,0.0,0.0,0.0,0.0,534.0,2616.0,0.762,0,6,0,9.431,9.331,254,240,2,12,24,12,0,1920,0,0,0,0,0,0,0,0,0,0,184,0,0,0,1023,113,397,462,0,0,3,1.023
1069,11.719,16.695,0.914,0.0,0.0,0.0,0.0,0.0,534.0,2616.0,0.781,0,6,0,9.573,9.483,253,240,2,12,24,12,0,1920,0,0,0,0,0,0,0,0,0,0,184,0,0,0,1031,121,432,420,0,0,3,1.031
1070,11.605,16.695,0.914,0.0,0.0,0.0,0.0,0.0,534.0,2616.0,0.658,0,6,0,9.401,9.302,255,240,2,12,24,12,0,1920,0,0,0,0,0,0,0,0,0,0,184,0,0,0,1099,126,412,513,0,0,2,1.099
1071,10.791,16.695,0.914,0.0,0.0,0.0,0.0,0.0,534.0,2616.0,0.641,0,6,0,8.852,8.78,252,240,2,12,24,12,0,1920,0,0,0,0,0,0,0,0,0,0,184,0,0,0,983,120,432,381,0,0,2,0.983
1072,10.756,24.161,0.054,0.0,0.0,0.0,0.0,0.0,534.0,2616.0,0.631,0,6,0,8.85,8.766,254,240,2,12,24,12,0,1920,0,0,0,0,0,0,0,0,0,0,184,0,0,0,953,105,376,428,0,0,2,0.953
1073,10.701,24.161,0.054,0.0,0.0,0.0,0.0,0.0,534.0,2616.0,0.645,0,6,0,8.855,8.775,254,240,2,12,24,12,0,1920,0,0,0,0,0,0,0,0,0,0,184,0,0,0,912,104,394,372,0,0,2,0.912
1074,10.767,24.161,0.054,0.0,0.0,0.0,0.0,0.0,534.0,2616.0,0.542,0,6,0,8.846,8.747,256,240,2,12,24,12,0,1920,0,0,0,0,0,0,0,0,0,0,184,0,0,0,900,110,373,375,0,0,3,0.9
1075,10.593,24.161,0.054,0.0,0.0,0.0,0.0,0.0,534.0,2616.0,0.637,0,6,0,8.85,8.785,252,240,2,12,24,12,0,1920,0,0,0,0,0,0,0,0,0,0,184,0,0,0,906,107,390,366,0,0,2,0.906
1076,11.935,24.161,0.054,0.0,0.0,0.0,0.0,0.0,534.0,2616.0,0.906,0,6,0,9.786,9.701,255,240,2,12,24,12,0,1920,0,0,0,0,0,0,0,0,0,0,184,0,0,0,1095,135,514,392,0,0,2,1.095
1077,13.643,24.161,0.054,0.0,0.0,0.0,0.0,0.0,534.0,2616.0,0.834,0,6,0,11.119,11.036,252,240,2,12,24,12,0,1920,0,0,0,0,0,0,0,0,0,0,184,0,0,0,1038,123,432,428,0,0,3,1.038
1078,14.816,24.161,0.054,0.0,0.0,0.0,0.0,0.0,534.0,2616.0,0.612,0,6,0,12.624,12.512,255,240,2,12,24,12,0,1920,0,0,0,0,0,0,0,0,0,0,184,0,0,0,969,116,414,387,0,0,1,0.969
1079,12.917,24.161,0.054,0.0,0.0,0.0,0.0,0.0,534.0,2616.0,0.649,0,6,0,10.528,10.44,253,240,2,12,24,12,0,1920,0,0,0,0,0,0,0,0,0,0,184,0,0,0,1345,116,513,648,0,0,4,1.345
1080,12.536,24.161,0.054,0.0,0.0,0.0,0.0,0.0,534.0,2616.0,0.721,0,6,0,10.485,10.376,256,240,2,12,24,12,0,1920,0,0,0,0,0,0,0,0,0,0,184,0,0,0,993,129,432,384,0,0,1,0.993
1081,12.297,24.161,0.054,0.0,0.0,0.0,0.0,0.0,534.0,2616.0,0.684,0,6,0,10.332,10.215,252,240,2,12,24,12,0,1920,0,0,0,0,0,0,0,0,0,0,184,0,0,0,908,106,391,363,0,0,2,0.908
1082,10.802,24.161,0.054,0.0,0.0,0.0,0.0,0.0,534.0,2616.0,0.601,0,6,0,8.892,8.805,254,240,2,12,24,12,0,1920,0,0,0,0,0,0,0,0,0,0,184,0,0,0,920,110,410,354,0,0,2,0.92
1083,10.988,24.161,0.054,0.0,0.0,0.0,0.0,0.0,534.0,2616.0,0.65,0,6,0,9.12,9.035,254,240,2,12,24,12,0,1920,0,0,0,0,0,0,0,0,0,0,184,0,0,0,964,139,388,382,0,0,3,0.964
1084,10.77,24.161,0.054,0.0,0.0,0.0,0.0,0.0,534.0,2616.0,0.572,0,6,0,8.883,8.797,254,240,2,12,24,12,0,1920,0,0,0,0,0,0,0,0,0,0,184,0,0,0,928,98,378,405,0,0,2,0.928
1085,10.971,24.161,0.054,0.0,0.0,0.0,0.0,0.0,534.0,2616.0,0.819,0,6,0,8.822,8.753,252,240,2,12,24,12,0,1920,0,0,0,0,0,0,0,0,0,0,184,0,0,0,1202,139,534,472,0,0,3,1.202
1086,14.39,24.161,0.054,0.0,0.0,0.0,0.0,0.0,534.0,2616.0,0.85,0,6,0,11.85,11.673,257,240,2,12,24,12,0,1920,0,0,0,0,0,0,0,0,0,0,184,0,0,0,1222,144,530,480,0,0,2,1.222
1087,14.299,24.161,0.054,0.0,0.0,0.0,0.0,0.0,534.0,2616.0,0.861,0,6,0,11.762,11.665,252,240,2,12,24,12,0,1920,0,0,0,0,0,0,0,0,0,0,184,0,0,0,1283,149,540,530,0,0,3,1.283
1088,14.693,24.161,0.054,0.0,0.0,0.0,0.0,0.0,534.0,2616.0,0.837,0,6,0,12.161,12.032,256,240,2,12,24,12,0,1920,0,0,0,0,0,0,0,0,0,0,184,0,0,0,1216,147,537,472,0,0,2,1.216
1089,14.624,24.161,0.054,0.0,0.0,0.0,0.0,0.0,534.0,2616.0,0.806,0,6,0,12.051,11.955,252,240,2,12,24,12,0,1920,0,0,0,0,0,0,0,0,0,0,184,0,0,0,1284,150,538,523,0,0,4,1.284
1090,14.77,24.161,0.054,0.0,0.0,0.0,0.0,0.0,534.0,2616.0,0.905,0,6,0,12.283,12.164,255,240,2,12,24,12,0,1920,0,0,0,0,0,0,0,0,0,0,184,0,0,0,1249,146,530,508,0,0,3,1.249
1091,14.347,24.161,0.054,0.0,0.0,0.0,0.0,0.0,534.0,2616.0,0.733,0,6,0,11.804,11.696,252,240,2,12,24,12,0,1920,0,0,0,0,0,0,0,0,0,0,184,0,0,0,1161,205,482,411,0,0,3,1.161
1092,16.299,24.161,0.054,0.0,0.0,0.0,0.0,0.0,534.0,2616.0,0.884,0,6,0,13.516,13.414,256,240,2,12,24,12,0,1920,0,0,0,0,0,0,0,0,0,0,184,0,0,0,1474,202,582,600,0,0,6,1.474
1093,21.567,24.161,0.054,0.0,0.0,0.0,0.0,0.0,534.0,2616.0,0.864,0,6,0,18.985,18.883,252,240,2,12,24,12,0,1920,0,0,0,0,0,0,0,0,0,0,184,0,0,0,1239,144,545,492,0,0,3,1.239
1094,16.602,24.161,0.054,0.0,0.0,0.0,0.0,0.0,534.0,2616.0,1.127,0,6,0,13.851,13.703,256,240,2,12,24,12,0,1920,0,0,0,0,0,0,0,0,0,0,184,0,0,0,1363,217,534,540,0,0,3,1.363
1095,16.933,24.161,0.054,0.0,0.0,0.0,0.0,0.0,534.0,2616.0,1.088,0,6,0,13.293,13.081,253,240,2,12,24,12,0,1920,0,0,0,0,0,0,0,0,0,0,184,0,0,0,1728,236,795,571,0,0,4,1.728
1096,21.616,24.161,0.054,0.0,0.0,0.0,0.0,0.0,534.0,2616.0,1.58,0,6,0,17.807,17.657,254,240,2,12,24,12,0,1920,0,0,0,0,0,0,0,0,0,0,184,0,0,0,2001,300,878,691,0,0,6,2.001
1097,19.252,24.161,0.054,0.0,0.0,0.0,0.0,0.0,534.0,2616.0,0.986,0,6,0,15.856,15.658,253,240,2,12,24,12,0,1920,0,0,0,0,0,0,0,0,0,0,184,0,0,0,1273,151,533,525,0,0,2,1.273
1098,21.558,24.161,0.054,0.0,0.0,0.0,0.0,0.0,534.0,2616.0,1.07,0,6,0,18.588,18.432,254,240,2,12,24,12,0,1920,0,0,0,0,0,0,0,0,0,0,184,0,0,0,1376,251,528,530,0,0,3,1.376
1099,19.576,24.161,0.054,0.0,0.0,0.0,0.0,0.0,534.0,2616.0,1.045,0,6,0,16.17,16.047,254,240,2,12,24,12,0,1920,0,0,0,0,0,0,0,0,0,0,184,0,0,0,1730,192,729,695,0,0,5,1.73
1100,20.204,24.161,0.054,0.0,0.0,0.0,0.0,0.0,534.0,2616.0,1.493,0,6,0,16.465,16.339,254,240,2,12,24,12,0,1920,0,0,0,0,0,0,0,0,0,0,184,0,0,0,1964,243,837,774,0,0,7,1.964
1101,21.145,24.161,0.054,0.0,0.0,0.0,0.0,0.0,534.0,2616.0,1.931,0,6,0,16.741,16.572,253,240,2,12,24,12,0,1920,0,0,0,0,0,0,0,0,0,0,184,0,0,0,2255,261,1011,833,0,0,8,2.255
1102,21.613,24.161,0.054,0.0,0.0,0.0,0.0,0.0,534.0,2616.0,0.953,0,6,0,17.196,17.036,254,240,2,12,24,12,0,1920,0,0,0,0,0,0,0,0,0,0,184,0,0,0,1693,229,686,637,0,0,4,1.693
1103,17.74,24.161,0.054,0.0,0.0,0.0,0.0,0.0,534.0,2616.0,0.944,0,6,0,14.944,14.786,254,240,2,12,24,12,0,1920,0,0,0,0,0,0,0,0,0,0,184,0,0,0,1302,156,523,535,0,0,3,1.302
1104,25.229,24.161,0.054,0.0,0.0,0.0,0.0,0.0,534.0,2616.0,0.881,0,6,0,22.344,22.196,253,240,2,12,24,12,0,1920,0,0,0,0,0,0,0,0,0,0,184,0,0,0,1283,161,526,521,0,0,4,1.283
1105,16.696,24.161,0.054,0.0,0.0,0.0,0.0,0.0,534.0,2616.0,0.842,0,6,0,14.362,14.248,253,240,2,12,24,12,0,1920,0,0,0,0,0,0,0,0,0,0,184,0,0,0,1011,125,421,418,0,0,3,1.011
1106,12.67,24.161,0.054,0.0,0.0,0.0,0.0,0.0,534.0,2616.0,0.65,0,6,0,10.366,10.257,254,240,2,12,24,12,0,1920,0,0,0,0,0,0,0,0,0,0,184,0,0,0,989,121,407,410,0,0,3,0.989
1107,12.109,24.161,0.054,0.0,0.0,0.0,0.0,0.0,534.0,2616.0,0.664,0,6,0,9.985,9.848,255,240,2,12,24,12,0,1920,0,0,0,0,0,0,0,0,0,0,184,0,0,0,1019,119,455,390,0,0,2,1.019
1108,12.071,24.161,0.054,0.0,0.0,0.0,0.0,0.0,534.0,2616.0,0.752,0,6,0,9.994,9.881,255,240,2,12,24,12,0,1920,0,0,0,0,0,0,0,0,0,0,184,0,0,0,993,121,444,378,0,0,2,0.993
1109,13.441,24.161,0.054,0.0,0.0,0.0,0.0,0.0,534.0,2616.0,0.679,0,6,0,11.285,11.198,252,240,2,12,24,12,0,1920,0,0,0,0,0,0,0,0,0,0,184,0,0,0,1018,110,412,411,0,0,3,1.018
1110,12.68,24.161,0.054,0.0,0.0,0.0,0.0,0.0,534.0,2616.0,0.715,0,6,0,10.532,10.434,253,240,2,12,24,12,0,1920,0,0,0,0,0,0,0,0,0,0,184,0,0,0,1015,126,422,411,0,0,3,1.015
1111,11.978,24.161,0.054,0.0,0.0,0.0,0.0,0.0,534.0,2616.0,0.781,0,6,0,9.883,9.783,253,240,2,12,24,12,0,1920,0,0,0,0,0,0,0,0,0,0,184,0,0,0,999,112,432,388,0,0,2,0.999
1112,12.896,24.161,0.054,0.0,0.0,0.0,0.0,0.0,534.0,2616.0,0.718,0,6,0,10.596,10.506,253,240,2,12,24,12,0,1920,0,0,0,0,0,0,0,0,0,0,184,0,0,0,1122,118,516,427,0,0,3,1.122
1113,16.395,24.161,0.054,0.0,0.0,0.0,0.0,0.0,534.0,2616.0,1.127,0,6,0,13.889,13.789,254,240,2,12,24,12,0,1920,0,0,0,0,0,0,0,0,0,0,184,0,0,0,1337,148,571,553,0,0,2,1.337
1114,14.368,24.161,0.054,0.0,0.0,0.0,0.0,0.0,534.0,2616.0,0.548,0,6,0,11.696,10.614,254,240,2,12,24,12,0,1920,0,0,0,0,0,0,0,0,0,0,184,0,0,0,1170,149,409,554,0,0,2,1.17
1115,10.392,24.161,0.054,0.0,0.0,0.0,0.0,0.0,534.0,2616.0,0.593,0,6,0,8.65,8.574,252,240,2,12,24,12,0,1920,0,0,0,0,0,0,0,0,0,0,184,0,0,0,895,96,372,386,0,0,3,0.895
1116,10.505,24.161,0.054,0.0,0.0,0.0,0.0,0.0,534.0,2616.0,0.57,0,6,0,8.751,8.662,253,240,2,12,24,12,0,1920,0,0,0,0,0,0,0,0,0,0,184,0,0,0,849,103,354,350,0,0,2,0.849
1117,11.808,24.161,0.054,0.0,0.0,0.0,0.0,0.0,534.0,2616.0,1.12,0,6,0,9.194,9.114,254,240,2,12,24,12,0,1920,0,0,0,0,0,0,0,0,0,0,184,0,0,0,1536,220,670,559,0,0,2,1.536
1118,11.563,24.161,0.054,0.0,0.0,0.0,0.0,0.0,534.0,2616.0,0.596,0,6,0,9.186,9.037,255,240,2,12,24,12,0,1920,0,0,0,0,0,0,0,0,0,0,184,0,0,0,862,120,355,342,0,0,2,0.862
1119,11.552,24.161,0.054,0.0,0.0,0.0,0.0,0.0,534.0,2616.0,1.119,0,6,0,9.579,9.5,253,240,2,12,24,12,0,1920,0,0,0,0,0,0,0,0,0,0,184,0,0,0,1040,131,457,402,0,0,3,1.04
1120,14.267,24.161,0.054,0.0,0.0,0.0,0.0,0.0,534.0,2616.0,0.834,0,6,0,11.482,11.382,253,240,2,12,24,12,0,1920,0,0,0,0,0,0,0,0,0,0,184,0,0,0,1127,125,467,466,0,0,2,1.127
1121,15.963,24.161,0.054,0.0,0.0,0.0,0.0,0.0,534.0,2616.0,1.75,0,6,0,13.27,13.165,254,240,2,12,24,12,0,1920,0,0,0,0,0,0,0,0,0,0,184,0,0,0,1361,157,551,568,0,0,3,1.361
1122,19.768,24.161,0.054,0.0,0.0,0.0,0.0,0.0,534.0,2616.0,1.396,0,6,0,16.345,16.174,253,240,2,12,24,12,0,1920,0,0,0,0,0,0,0,0,0,0,184,0,0,0,1071,149,445,398,0,0,2,1.071
1123,17.501,24.161,0.054,0.0,0.0,0.0,0.0,0.0,534.0,2616.0,1.238,0,6,0,14.149,13.976,252,240,2,12,24,12,0,1920,0,0,0,0,0,0,0,0,0,0,184,0,0,0,1470,221,582,579,0,0,4,1.47
1124,16.46,24.161,0.054,0.0,0.0,0.0,0.0,0.0,534.0,2616.0,0.792,0,6,0,13.468,13.352,253,240,2,12,24,12,0,1920,0,0,0,0,0,0,0,0,0,0,184,0,0,0,1320,143,703,397,0,0,2,1.32
1125,14.456,24.161,0.054,0.0,0.0,0.0,0.0,0.0,534.0,2616.0,0.795,0,6,0,11.56,10.033,255,240,2,12,24,12,0,1920,0,0,0,0,0,0,0,0,0,0,184,0,0,0,1383,153,401,778,0,0,2,1.383
1126,15.516,24.161,0.054,0.0,0.0,0.0,0.0,0.0,534.0,2616.0,0.946,0,6,0,13.035,12.759,254,240,2,12,24,12,0,1920,0,0,0,0,0,0,0,0,0,0,184,0,0,0,1218,163,521,471,0,0,2,1.218
1127,20.049,24.161,0.054,0.0,0.0,0.0,0.0,0.0,534.0,2616.0,1.131,0,6,0,17.123,16.969,252,240,2,12,24,12,0,1920,0,0,0,0,0,0,0,0,0,0,184,0,0,0,1438,179,573,602,0,0,3,1.438
1128,19.832,24.161,0.054,0.0,0.0,0.0,0.0,0.0,534.0,2616.0,1.288,0,6,0,16.713,16.526,253,240,2,12,24,12,0,1920,0,0,0,0,0,0,0,0,0,0,184,0,0,0,1381,183,591,530,0,0,4,1.381
1129,14.447,24.161,0.054,0.0,0.0,0.0,0.0,0.0,534.0,2616.0,0.603,0,6,0,11.63,11.447,254,240,2,12,24,12,0,1920,0,0,0,0,0,0,0,0,0,0,184,0,0,0,1023,120,463,386,0,0,3,1.023
1130,12.944,24.161,0.054,0.0,0.0,0.0,0.0,0.0,534.0,2616.0,0.778,0,6,0,10.798,10.709,253,240,2,12,24,12,0,1920,0,0,0,0,0,0,0,0,0,0,184,0,0,0,1120,130,489,438,0,0,2,1.12
1131,12.075,24.161,0.054,0.0,0.0,0.0,0.0,0.0,534.0,2616.0,0.688,0,6,0,9.823,9.738,252,240,2,12,24,12,0,1920,0,0,0,0,0,0,0,0,0,0,184,0,0,0,1065,111,427,473,0,0,3,1.065
1132,12.153,24.161,0.054,0.0,0.0,0.0,0.0,0.0,534.0,2616.0,0.752,0,6,0,9.84,9.728,255,240,2,12,24,12,0,1920,0,0,0,0,0,0,0,0,0,0,184,0,0,0,1119,183,455,411,0,0,2,1.119
1133,16.527,24.161,0.054,0.0,0.0,0.0,0.0,0.0,534.0,2616.0,0.921,0,6,0,13.696,13.603,252,240,2,12,24,12,0,1920,0,0,0,0,0,0,0,0,0,0,184,0,0,0,1528,218,595,624,0,0,3,1.528
1134,13.812,24.161,0.054,0.0,0.0,0.0,0.0,0.0,534.0,2616.0,0.673,0,6,0,11.456,11.29,254,240,2,12,24,12,0,1920,0,0,0,0,0,0,0,0,0,0,184,0,0,0,1029,113,459,399,0,0,1,1.029
1135,12.742,24.161,0.054,0.0,0.0,0.0,0.0,0.0,534.0,2616.0,0.616,0,6,0,10.715,10.626,254,240,2,12,24,12,0,1920,0,0,0,0,0,0,0,0,0,0,184,0,0,0,969,135,411,374,0,0,2,0.969
1136,11.283,24.161,0.054,0.0,0.0,0.0,0.0,0.0,534.0,2616.0,0.766,0,6,0,9.266,9.181,253,240,2,12,24,12,0,1920,0,0,0,0,0,0,0,0,0,0,184,0,0,0,1030,114,429,435,0,0,3,1.03
1137,12.819,24.161,0.054,0.0,0.0,0.0,0.0,0.0,534.0,2616.0,0.803,0,6,0,10.206,10.132,252,240,2,12,24,12,0,1920,0,0,0,0,0,0,0,0,0,0,184,0,0,0,1460,167,667,533,0,0,2,1.46
1138,12.278,24.161,0.054,0.0,0.0,0.0,0.0,0.0,534.0,2616.0,1.242,0,6,0,10.161,10.067,254,240,2,12,24,12,0,1920,0,0,0,0,0,0,0,0,0,0,184,0,0,0,961,111,403,400,0,0,2,0.961
1139,13.786,24.161,0.054,0.0,0.0,0.0,0.0,0.0,534.0,2616.0,0.717,0,6,0,11.185,11.077,252,240,2,12,24,12,0,1920,0,0,0,0,0,0,0,0,0,0,184,0,0,0,963,114,396,405,0,0,3,0.963
1140,12.07,25.177,0.043,0.0,0.0,0.0,0.0,0.0,534.0,2616.0,0.766,0,6,0,9.944,9.837,255,240,2,12,24,12,0,1920,0,0,0,0,0,0,0,0,0,0,184,0,0,0,1017,128,433,396,0,0,3,1.017
1141,12.593,25.177,0.043,0.0,0.0,0.0,0.0,0.0,534.0,2616.0,0.672,0,6,0,9.781,9.693,253,240,2,12,24,12,0,1920,0,0,0,0,0,0,0,0,0,0,184,0,0,0,1014,131,419,416,0,0,3,1.014
1142,12.19,25.177,0.043,0.0,0.0,0.0,0.0,0.0,534.0,2616.0,0.654,0,6,0,10.142,10.046,253,240,2,12,24,12,0,1920,0,0,0,0,0,0,0,0,0,0,184,0,0,0,1003,131,405,413,0,0,2,1.003
1143,12.408,25.177,0.043,0.0,0.0,0.0,0.0,0.0,534.0,2616.0,0.95,0,6,0,10.207,10.133,252,240,2,12,24,12,0,1920,0,0,0,0,0,0,0,0,0,0,184,0,0,0,1209,122,509,479,0,0,3,1.209
1144,14.15,25.177,0.043,0.0,0.0,0.0,0.0,0.0,534.0,2616.0,1.122,0,6,0,11.761,11.626,254,240,2,12,24,12,0,1920,0,0,0,0,0,0,0,0,0,0,184,0,0,0,1087,153,434,443,0,0,3,1.087
1145,15.213,25.177,0.043,0.0,0.0,0.0,0.0,0.0,534.0,2616.0,0.89,0,6,0,12.46,12.378,252,240,2,12,24,12,0,1920,0,0,0,0,0,0,0,0,0,0,184,0,0,0,1212,142,522,474,0,0,3,1.212
1146,14.043,25.177,0.043,0.0,0.0,0.0,0.0,0.0,534.0,2616.0,0.851,0,6,0,11.526,11.443,253,240,2,12,24,12,0,1920,0,0,0,0,0,0,0,0,0,0,184,0,0,0,1162,148,504,452,0,0,2,1.162
1147,12.494,25.177,0.043,0.0,0.0,0.0,0.0,0.0,534.0,2616.0,0.667,0,6,0,10.284,10.174,255,240,2,12,24,12,0,1920,0,0,0,0,0,0,0,0,0,0,184,0,0,0,996,115,426,405,0,0,3,0.996
1148,12.044,25.177,0.043,0.0,0.0,0.0,0.0,0.0,534.0,2616.0,0.722,0,6,0,9.766,9.678,254,240,2,12,24,12,0,1920,0,0,0,0,0,0,0,0,0,0,184,0,0,0,1232,144,534,472,0,0,3,1.232
1149,13.797,25.177,0.043,0.0,0.0,0.0,0.0,0.0,534.0,2616.0,0.993,0,6,0,11.396,11.308,253,240,2,12,24,12,0,1920,0,0,0,0,0,0,0,0,0,0,184,0,0,0,1257,157,512,523,0,0,3,1.257
1150,14.995,25.177,0.043,0.0,0.0,0.0,0.0,0.0,534.0,2616.0,0.659,0,6,0,12.609,12.512,254,240,2,12,24,12,0,1920,0,0,0,0,0,0,0,0,0,0,184,0,0,0,984,121,404,402,0,0,3,0.984
1151,13.604,25.177,0.043,0.0,0.0,0.0,0.0,0.0,534.0,2616.0,0.64,0,6,0,11.494,11.414,252,240,2,12,24,12,0,1920,0,0,0,0,0,0,0,0,0,0,184,0,0,0,1101,116,504,425,0,0,3,1.101
1152,13.019,25.177,0.043,0.0,0.0,0.0,0.0,0.0,534.0,2616.0,0.736,0,6,0,10.959,10.761,253,240,2,12,24,12,0,1920,0,0,0,0,0,0,0,0,0,0,184,0,0,0,1047,117,483,393,0,0,3,1.047
1153,14.564,25.177,0.043,0.0,0.0,0.0,0.0,0.0,534.0,2616.0,0.697,0,6,0,11.901,11.811,254,240,2,12,24,12,0,1920,0,0,0,0,0,0,0,0,0,0,184,0,0,0,1370,354,466,486,0,0,3,1.37
1154,13.639,25.177,0.043,0.0,0.0,0.0,0.0,0.0,534.0,2616.0,0.836,0,6,0,10.998,10.885,253,240,2,12,24,12,0,1920,0,0,0,0,0,0,0,0,0,0,184,0,0,0,1507,219,612,587,0,0,2,1.507
1155,13.075,25.177,0.043,0.0,0.0,0.0,0.0,0.0,534.0,2616.0,1.037,0,6,0,10.591,10.509,253,240,2,12,24,12,0,1920,0,0,0,0,0,0,0,0,0,0,184,0,0,0,1251,134,551,463,0,0,2,1.251
1156,16.691,25.177,0.043,0.0,0.0,0.0,0.0,0.0,534.0,2616.0,1.299,0,6,0,13.822,13.713,255,240,2,12,24,12,0,1920,0,0,0,0,0,0,0,0,0,0,184,0,0,0,1409,138,577,622,0,0,2,1.409
1157,19.574,25.177,0.043,0.0,0.0,0.0,0.0,0.0,534.0,2616.0,0.787,0,6,0,16.684,16.57,252,240,2,12,24,12,0,1920,0,0,0,0,0,0,0,0,0,0,184,0,0,0,1129,131,457,473,0,0,3,1.129
1158,14.099,25.177,0.043,0.0,0.0,0.0,0.0,0.0,534.0,2616.0,1.179,0,6,0,11.932,11.843,254,240,2,12,24,12,0,1920,0,0,0,0,0,0,0,0,0,0,184,0,0,0,972,119,432,374,0,0,3,0.972
1159,13.436,25.177,0.043,0.0,0.0,0.0,0.0,0.0,534.0,2616.0,0.65,0,6,0,10.798,10.667,253,240,2,12,24,12,0,1920,0,0,0,0,0,0,0,0,0,0,184,0,0,0,1045,113,479,386,0,0,2,1.045
1160,18.476,25.177,0.043,0.0,0.0,0.0,0.0,0.0,534.0,2616.0,0.839,0,6,0,13.435,13.339,254,240,2,12,24,12,0,1920,0,0,0,0,0,0,0,0,0,0,184,0,0,0,3906,190,2969,589,0,0,4,3.906
1161,13.568,25.177,0.043,0.0,0.0,0.0,0.0,0.0,534.0,2616.0,1.052,0,6,0,11.336,11.252,252,240,2,12,24,12,0,1920,0,0,0,0,0,0,0,0,0,0,184,0,0,0,1026,166,424,387,0,0,2,1.026
1162,14.9,25.177,0.043,0.0,0.0,0.0,0.0,0.0,534.0,2616.0,1.084,0,6,0,12.024,11.875,256,240,2,12,24,12,0,1920,0,0,0,0,0,0,0,0,0,0,184,0,0,0,1394,161,559,599,0,0,4,1.394
1163,12.916,25.177,0.043,0.0,0.0,0.0,0.0,0.0,534.0,2616.0,0.645,0,6,0,10.167,10.055,252,240,2,12,24,12,0,1920,0,0,0,0,0,0,0,0,0,0,184,0,0,0,1298,115,507,617,0,0,4,1.298
1164,13.102,25.177,0.043,0.0,0.0,0.0,0.0,0.0,534.0,2616.0,0.862,0,6,0,10.964,10.81,254,240,2,12,24,12,0,1920,0,0,0,0,0,0,0,0,0,0,184,0,0,0,1038,141,437,405,0,0,3,1.038
1165,14.051,25.177,0.043,0.0,0.0,0.0,0.0,0.0,534.0,2616.0,0.704,0,6,0,11.83,11.737,253,240,2,12,24,12,0,1920,0,0,0,0,0,0,0,0,0,0,184,0,0,0,982,131,425,377,0,0,2,0.982
1166,14.723,25.177,0.043,0.0,0.0,0.0,0.0,0.0,534.0,2616.0,0.876,0,6,0,12.66,12.508,254,240,2,12,24,12,0,1920,0,0,0,0,0,0,0,0,0,0,184,0,0,0,969,114,411,399,0,0,3,0.969
1167,13.135,25.177,0.043,0.0,0.0,0.0,0.0,0.0,534.0,2616.0,2.126,0,6,0,10.482,10.384,252,240,2,12,24,12,0,1920,0,0,0,0,0,0,0,0,0,0,184,0,0,0,1427,148,603,614,0,0,3,1.427
1168,20.222,25.177,0.043,0.0,0.0,0.0,0.0,0.0,534.0,2616.0,0.65,0,6,0,16.66,16.557,255,240,2,12,24,12,0,1920,0,0,0,0,0,0,0,0,0,0,184,0,0,0,1027,119,406,424,0,0,3,1.027
1169,15.032,25.177,0.043,0.0,0.0,0.0,0.0,0.0,534.0,2616.0,1.43,0,6,0,13.004,12.853,253,240,2,12,24,12,0,1920,0,0,0,0,0,0,0,0,0,0,184,0,0,0,980,140,399,390,0,0,1,0.98
1170,15.219,25.177,0.043,0.0,0.0,0.0,0.0,0.0,534.0,2616.0,0.675,0,6,0,12.458,12.321,253,240,2,12,24,12,0,1920,0,0,0,0,0,0,0,0,0,0,184,0,0,0,966,121,419,377,0,0,3,0.966
1171,14.583,25.177,0.043,0.0,0.0,0.0,0.0,0.0,534.0,2616.0,0.665,0,6,0,11.823,11.747,252,240,2,12,24,12,0,1920,0,0,0,0,0,0,0,0,0,0,184,0,0,0,1701,267,746,589,0,0,3,1.701
1172,13.38,25.177,0.043,0.0,0.0,0.0,0.0,0.0,534.0,2616.0,0.762,0,6,0,10.885,10.768,256,240,2,12,24,12,0,1920,0,0,0,0,0,0,0,0,0,0,184,0,0,0,1355,144,652,499,0,0,2,1.355
1173,13.021,25.177,0.043,0.0,0.0,0.0,0.0,0.0,534.0,2616.0,1.068,0,6,0,10.273,10.192,252,240,2,12,24,12,0,1920,0,0,0,0,0,0,0,0,0,0,184,0,0,0,1329,148,563,517,0,0,4,1.329
1174,14.943,25.177,0.043,0.0,0.0,0.0,0.0,0.0,534.0,2616.0,0.664,0,6,0,12.502,12.4,255,240,2,12,24,12,0,1920,0,0,0,0,0,0,0,0,0,0,184,0,0,0,983,117,400,417,0,0,3,0.983
1175,13.673,25.177,0.043,0.0,0.0,0.0,0.0,0.0,534.0,2616.0,0.814,0,6,0,11.379,11.288,254,240,2,12,24,12,0,1920,0,0,0,0,0,0,0,0,0,0,184,0,0,0,1287,153,534,532,0,0,1,1.287
1176,13.019,25.177,0.043,0.0,0.0,0.0,0.0,0.0,534.0,2616.0,1.132,0,6,0,10.155,10.06,253,240,2,12,24,12,0,1920,0,0,0,0,0,0,0,0,0,0,184,0,0,0,1701,179,696,731,0,0,4,1.701
1177,18.747,25.177,0.043,0.0,0.0,0.0,0.0,0.0,534.0,2616.0,0.756,0,6,0,16.051,15.929,252,240,2,12,24,12,0,1920,0,0,0,0,0,0,0,0,0,0,184,0,0,0,1141,125,533,420,0,0,3,1.141
1178,16.483,25.177,0.043,0.0,0.0,0.0,0.0,0.0,534.0,2616.0,0.698,0,6,0,13.841,13.742,254,240,2,12,24,12,0,1920,0,0,0,0,0,0,0,0,0,0,184,0,0,0,1386,165,600,541,0,0,3,1.386
1179,14.42,25.177,0.043,0.0,0.0,0.0,0.0,0.0,534.0,2616.0,0.706,0,6,0,12.348,12.129,252,240,2,12,24,12,0,1920,0,0,0,0,0,0,0,0,0,0,184,0,0,0,998,166,405,375,0,0,3,0.998
1180,12.031,25.177,0.043,0.0,0.0,0.0,0.0,0.0,534.0,2616.0,1.085,0,6,0,9.866,9.758,256,240,2,12,24,12,0,1920,0,0,0,0,0,0,0,0,0,0,184,0,0,0,1102,113,473,452,0,0,2,1.102
1181,14.634,25.177,0.043,0.0,0.0,0.0,0.0,0.0,534.0,2616.0,0.653,0,6,0,11.455,11.346,254,240,2,12,24,12,0,1920,0,0,0,0,0,0,0,0,0,0,184,0,0,0,1180,308,424,390,0,0,3,1.18
1182,13.035,25.177,0.043,0.0,0.0,0.0,0.0,0.0,534.0,2616.0,0.767,0,6,0,10.477,10.383,254,240,2,12,24,12,0,1920,0,0,0,0,0,0,0,0,0,0,184,0,0,0,1019,170,396,404,0,0,1,1.019
1183,13.673,25.177,0.043,0.0,0.0,0.0,0.0,0.0,534.0,2616.0,0.746,0,6,0,11.471,11.361,252,240,2,12,24,12,0,1920,0,0,0,0,0,0,0,0,0,0,184,0,0,0,1044,114,443,436,0,0,3,1.044
1184,15.765,25.177,0.043,0.0,0.0,0.0,0.0,0.0,534.0,2616.0,3.268,0,6,0,13.338,13.249,254,240,2,12,24,12,0,1920,0,0,0,0,0,0,0,0,0,0,184,0,0,0,1336,133,581,553,0,0,2,1.336
1185,15.506,25.177,0.043,0.0,0.0,0.0,0.0,0.0,534.0,2616.0,0.661,0,6,0,10.913,10.826,252,240,2,12,24,12,0,1920,0,0,0,0,0,0,0,0,0,0,184,0,0,0,967,113,423,382,0,0,2,0.967
1186,13.09,25.177,0.043,0.0,0.0,0.0,0.0,0.0,534.0,2616.0,1.102,0,6,0,10.848,10.724,253,240,2,12,24,12,0,1920,0,0,0,0,0,0,0,0,0,0,184,0,0,0,1249,137,553,495,0,0,3,1.249
1187,14.143,25.177,0.043,0.0,0.0,0.0,0.0,0.0,534.0,2616.0,0.648,0,6,0,11.731,11.577,255,240,2,12,24,12,0,1920,0,0,0,0,0,0,0,0,0,0,184,0,0,0,956,112,401,393,0,0,2,0.956
1188,12.43,25.177,0.043,0.0,0.0,0.0,0.0,0.0,534.0,2616.0,0.823,0,6,0,10.384,10.292,255,240,2,12,24,12,0,1920,0,0,0,0,0,0,0,0,0,0,184,0,0,0,1058,116,438,453,0,0,3,1.058
1189,14.175,25.177,0.043,0.0,0.0,0.0,0.0,0.0,534.0,2616.0,0.818,0,6,0,12.008,11.915,252,240,2,12,24,12,0,1920,0,0,0,0,0,0,0,0,0,0,184,0,0,0,962,113,424,378,0,0,2,0.962
1190,14.254,25.177,0.043,0.0,0.0,0.0,0.0,0.0,534.0,2616.0,1.19,0,6,0,11.913,11.798,254,240,2,12,24,12,0,1920,0,0,0,0,0,0,0,0,0,0,184,0,0,0,1185,153,498,469,0,0,6,1.185
1191,14.926,25.177,0.043,0.0,0.0,0.0,0.0,0.0,534.0,2616.0,0.945,0,6,0,11.957,11.813,252,240,2,12,24,12,0,1920,0,0,0,0,0,0,0,0,0,0,184,0,0,0,1391,158,666,489,0,0,3,1.391
1192,17.749,25.177,0.043,0.0,0.0,0.0,0.0,0.0,534.0,2616.0,1.113,0,6,0,15.239,15.139,254,240,2,12,24,12,0,1920,0,0,0,0,0,0,0,0,0,0,184,0,0,0,988,128,434,376,0,0,1,0.988
1193,15.693,25.177,0.043,0.0,0.0,0.0,0.0,0.0,534.0,2616.0,0.915,0,6,0,13.0,12.844,254,240,2,12,24,12,0,1920,0,0,0,0,0,0,0,0,0,0,184,0,0,0,1151,304,397,396,0,0,3,1.151
1194,13.546,25.177,0.043,0.0,0.0,0.0,0.0,0.0,534.0,2616.0,1.121,0,6,0,11.086,10.818,255,240,2,12,24,12,0,1920,0,0,0,0,0,0,0,0,0,0,184,0,0,0,1059,132,459,409,0,0,2,1.059
1195,15.414,25.177,0.043,0.0,0.0,0.0,0.0,0.0,534.0,2616.0,0.781,0,6,0,12.582,12.038,254,240,2,12,24,12,0,1920,0,0,0,0,0,0,0,0,0,0,184,0,0,0,1214,139,555,451,0,0,3,1.214
1196,14.683,25.177,0.043,0.0,0.0,0.0,0.0,0.0,534.0,2616.0,1.114,0,6,0,12.524,12.431,254,240,2,12,24,12,0,1920,0,0,0,0,0,0,0,0,0,0,184,0,0,0,980,116,434,380,0,0,2,0.98
1197,17.145,25.177,0.043,0.0,0.0,0.0,0.0,0.0,534.0,2616.0,0.811,0,6,0,14.252,13.04,253,240,2,12,24,12,0,1920,0,0,0,0,0,0,0,0,0,0,184,0,0,0,1231,197,494,457,0,0,3,1.231
1198,25.264,25.177,0.043,0.0,0.0,0.0,0.0,0.0,534.0,2616.0,1.25,0,6,0,22.323,22.194,252,240,2,12,24,12,0,1920,0,0,0,0,0,0,0,0,0,0,184,0,0,0,1421,193,598,559,0,0,4,1.421
1199,23.159,25.177,0.043,0.0,0.0,0.0,0.0,0.0,534.0,2616.0,1.906,0,6,0,19.247,19.118,253,240,2,12,24,12,0,1920,0,0,0,0,0,0,0,0,0,0,184,0,0,0,2072,221,881,859,0,0,5,2.072
1200,27.32,25.177,0.043,0.0,0.0,0.0,0.0,0.0,534.0,2616.0,1.097,0,6,0,23.208,22.949,255,240,2,12,24,12,0,1920,0,0,0,0,0,0,0,0,0,0,184,0,0,0,1561,184,649,611,0,0,5,1.561
1201,21.974,25.177,0.043,0.0,0.0,0.0,0.0,0.0,534.0,2616.0,1.552,0,6,0,18.786,18.64,252,240,2,12,24,12,0,1920,0,0,0,0,0,0,0,0,0,0,184,0,0,0,1480,180,600,623,0,0,4,1.48
1202,25.01,25.177,0.043,0.0,0.0,0.0,0.0,0.0,534.0,2616.0,1.592,0,6,0,21.166,20.908,253,240,2,12,24,12,0,1920,0,0,0,0,0,0,0,0,0,0,184,0,0,0,1546,228,649,583,0,0,4,1.546
1203,22.968,25.177,0.043,0.0,0.0,0.0,0.0,0.0,534.0,2616.0,1.691,0,6,0,18.824,18.607,252,240,2,12,24,12,0,1920,0,0,0,0,0,0,0,0,0,0,184,0,0,0,1775,204,811,663,0,0,4,1.775
1204,24.101,25.177,0.043,0.0,0.0,0.0,0.0,0.0,534.0,2616.0,2.553,0,6,0,18.923,18.693,254,240,2,12,24,12,0,1920,0,0,0,0,0,0,0,0,0,0,184,0,0,0,2648,364,1116,1004,0,0,6,2.648
1205,25.057,27.801,0.036,0.0,0.0,0.0,0.0,0.0,534.0,2616.0,1.543,0,6,0,20.092,19.756,253,240,2,12,24,12,0,1920,0,0,0,0,0,0,0,0,0,0,184,0,0,0,1709,255,657,695,0,0,9,1.709
1206,21.282,27.801,0.036,0.0,0.0,0.0,0.0,0.0,534.0,2616.0,1.38,0,6,0,17.237,17.073,254,240,2,12,24,12,0,1920,0,0,0,0,0,0,0,0,0,0,184,0,0,0,1827,270,755,694,0,0,7,1.827
1207,25.659,27.801,0.036,0.0,0.0,0.0,0.0,0.0,534.0,2616.0,1.83,0,6,0,21.628,21.488,252,240,2,12,24,12,0,1920,0,0,0,0,0,0,0,0,0,0,184,0,0,0,1877,214,756,794,0,0,4,1.877
1208,21.651,27.801,0.036,0.0,0.0,0.0,0.0,0.0,534.0,2616.0,1.098,0,6,0,17.79,17.583,253,240,2,12,24,12,0,1920,0,0,0,0,0,0,0,0,0,0,184,0,0,0,1399,172,616,539,0,0,2,1.399
1209,20.507,27.801,0.036,0.0,0.0,0.0,0.0,0.0,534.0,2616.0,1.257,0,6,0,16.993,16.854,254,240,2,12,24,12,0,1920,0,0,0,0,0,0,0,0,0,0,184,0,0,0,1803,241,793,668,0,0,4,1.803
1210,15.404,27.801,0.036,0.0,0.0,0.0,0.0,0.0,534.0,2616.0,1.267,0,6,0,12.386,12.26,252,240,2,12,24,12,0,1920,0,0,0,0,0,0,0,0,0,0,184,0,0,0,1311,127,518,586,0,0,3,1.311
1211,18.728,27.801,0.036,0.0,0.0,0.0,0.0,0.0,534.0,2616.0,1.568,0,6,0,15.136,14.982,253,240,2,12,24,12,0,1920,0,0,0,0,0,0,0,0,0,0,184,0,0,0,1769,152,931,596,0,0,5,1.769
1212,17.063,27.801,0.036,0.0,0.0,0.0,0.0,0.0,534.0,2616.0,1.09,0,6,0,13.996,13.851,253,240,2,12,24,12,0,1920,0,0,0,0,0,0,0,0,0,0,184,0,0,0,1024,162,416,390,0,0,2,1.024
1213,18.925,27.801,0.036,0.0,0.0,0.0,0.0,0.0,534.0,2616.0,1.126,0,6,0,16.012,15.875,253,240,2,12,24,12,0,1920,0,0,0,0,0,0,0,0,0,0,184,0,0,0,1227,153,530,460,0,0,3,1.227
1214,13.456,27.801,0.036,0.0,0.0,0.0,0.0,0.0,534.0,2616.0,1.155,0,6,0,10.882,10.758,254,240,2,12,24,12,0,1920,0,0,0,0,0,0,0,0,0,0,184,0,0,0,999,119,425,402,0,0,3,0.999
1215,13.007,27.801,0.036,0.0,0.0,0.0,0.0,0.0,534.0,2616.0,0.751,0,6,0,10.065,9.979,252,240,2,12,24,12,0,1920,0,0,0,0,0,0,0,0,0,0,184,0,0,0,1356,150,510,413,0,0,3,1.356
1216,13.429,27.801,0.036,0.0,0.0,0.0,0.0,0.0,534.0,2616.0,0.696,0,6,0,11.265,11.169,253,240,2,12,24,12,0,1920,0,0,0,0,0,0,0,0,0,0,184,0,0,0,1022,112,461,397,0,0,3,1.022
1217,11.806,27.801,0.036,0.0,0.0,0.0,0.0,0.0,534.0,2616.0,0.69,0,6,0,9.749,9.651,253,240,2,12,24,12,0,1920,0,0,0,0,0,0,0,0,0,0,184,0,0,0,976,124,423,375,0,0,2,0.976
1218,15.335,27.801,0.036,0.0,0.0,0.0,0.0,0.0,534.0,2616.0,0.663,0,6,0,13.25,13.162,253,240,2,12,24,12,0,1920,0,0,0,0,0,0,0,0,0,0,184,0,0,0,1016,119,432,386,0,0,1,1.016
1219,11.673,27.801,0.036,0.0,0.0,0.0,0.0,0.0,534.0,2616.0,0.716,0,6,0,9.629,9.538,253,240,2,12,24,12,0,1920,0,0,0,0,0,0,0,0,0,0,184,0,0,0,979,112,428,393,0,0,2,0.979
1220,12.456,27.801,0.036,0.0,0.0,0.0,0.0,0.0,534.0,2616.0,0.762,0,6,0,10.077,9.992,253,240,2,12,24,12,0,1920,0,0,0,0,0,0,0,0,0,0,184,0,0,0,1163,124,579,409,0,0,3,1.163
1221,12.639,27.801,0.036,0.0,0.0,0.0,0.0,0.0,534.0,2616.0,1.109,0,6,0,9.895,9.794,252,240,2,12,24,12,0,1920,0,0,0,0,0,0,0,0,0,0,184,0,0,0,1474,190,620,584,0,0,3,1.474
1222,13.109,27.801,0.036,0.0,0.0,0.0,0.0,0.0,534.0,2616.0,0.761,0,6,0,10.701,10.613,253,240,2,12,24,12,0,1920,0,0,0,0,0,0,0,0,0,0,184,0,0,0,980,107,442,384,0,0,2,0.98
1223,11.823,27.801,0.036,0.0,0.0,0.0,0.0,0.0,534.0,2616.0,0.717,0,6,0,9.673,9.589,253,240,2,12,24,12,0,1920,0,0,0,0,0,0,0,0,0,0,184,0,0,0,1024,141,447,382,0,0,1,1.024
1224,12.32,27.801,0.036,0.0,0.0,0.0,0.0,0.0,534.0,2616.0,0.711,0,6,0,10.232,9.984,252,240,2,12,24,12,0,1920,0,0,0,0,0,0,0,0,0,0,184,0,0,0,969,144,403,374,0,0,2,0.969
1225,11.514,27.801,0.036,0.0,0.0,0.0,0.0,0.0,534.0,2616.0,0.655,0,6,0,9.503,9.42,253,240,2,12,24,12,0,1920,0,0,0,0,0,0,0,0,0,0,184,0,0,0,969,143,398,377,0,0,2,0.969
1226,11.791,27.801,0.036,0.0,0.0,0.0,0.0,0.0,534.0,2616.0,0.611,0,6,0,9.78,9.692,254,240,2,12,24,12,0,1920,0,0,0,0,0,0,0,0,0,0,184,0,0,0,978,112,407,405,0,0,2,0.978
1227,13.322,27.801,0.036,0.0,0.0,0.0,0.0,0.0,534.0,2616.0,0.958,0,6,0,10.906,10.789,253,240,2,12,24,12,0,1920,0,0,0,0,0,0,0,0,0,0,184,0,0,0,1072,137,465,412,0,0,3,1.072
1228,17.394,27.801,0.036,0.0,0.0,0.0,0.0,0.0,534.0,2616.0,0.9,0,6,0,14.657,14.576,252,240,2,12,24,12,0,1920,0,0,0,0,0,0,0,0,0,0,184,0,0,0,1328,162,544,549,0,0,3,1.328
1229,20.361,27.801,0.036,0.0,0.0,0.0,0.0,0.0,534.0,2616.0,0.653,0,6,0,17.816,17.698,253,240,2,12,24,12,0,1920,0,0,0,0,0,0,0,0,0,0,184,0,0,0,1056,134,481,391,0,0,3,1.056
1230,12.5,27.801,0.036,0.0,0.0,0.0,0.0,0.0,534.0,2616.0,0.671,0,6,0,10.497,10.221,252,240,2,12,24,12,0,1920,0,0,0,0,0,0,0,0,0,0,184,0,0,0,958,115,403,395,0,0,1,0.958
1231,14.308,27.801,0.036,0.0,0.0,0.0,0.0,0.0,534.0,2616.0,0.715,0,6,0,10.85,10.774,252,240,2,12,24,12,0,1920,0,0,0,0,0,0,0,0,0,0,184,0,0,0,1146,163,462,459,0,0,3,1.146
1232,13.907,27.801,0.036,0.0,0.0,0.0,0.0,0.0,534.0,2616.0,0.564,0,6,0,11.871,11.726,254,240,2,12,24,12,0,1920,0,0,0,0,0,0,0,0,0,0,184,0,0,0,898,116,372,366,0,0,3,0.898
1233,13.762,27.801,0.036,0.0,0.0,0.0,0.0,0.0,534.0,2616.0,0.716,0,6,0,11.72,11.642,253,240,2,12,24,12,0,1920,0,0,0,0,0,0,0,0,0,0,184,0,0,0,1105,177,426,444,0,0,2,1.105
1234,12.618,27.801,0.036,0.0,0.0,0.0,0.0,0.0,534.0,2616.0,0.878,0,6,0,9.989,9.908,252,240,2,12,24,12,0,1920,0,0,0,0,0,0,0,0,0,0,184,0,0,0,1527,291,586,548,0,0,2,1.527
1235,12.782,27.801,0.036,0.0,0.0,0.0,0.0,0.0,534.0,2616.0,0.708,0,6,0,10.453,10.356,253,240,2,12,24,12,0,1920,0,0,0,0,0,0,0,0,0,0,184,0,0,0,1029,120,428,427,0,0,2,1.029
1236,15.01,27.801,0.036,0.0,0.0,0.0,0.0,0.0,534.0,2616.0,0.671,0,6,0,12.554,12.436,252,240,2,12,24,12,0,1920,0,0,0,0,0,0,0,0,0,0,184,0,0,0,1257,326,445,417,0,0,2,1.257
1237,12.377,27.801,0.036,0.0,0.0,0.0,0.0,0.0,534.0,2616.0,0.715,0,6,0,10.327,10.198,252,240,2,12,24,12,0,1920,0,0,0,0,0,0,0,0,0,0,184,0,0,0,969,120,422,380,0,0,3,0.969
1238,11.525,27.801,0.036,0.0,0.0,0.0,0.0,0.0,534.0,2616.0,0.685,0,6,0,9.382,9.289,254,240,2,12,24,12,0,1920,0,0,0,0,0,0,0,0,0,0,184,0,0,0,1044,118,410,463,0,0,2,1.044
1239,11.858,27.801,0.036,0.0,0.0,0.0,0.0,0.0,534.0,2616.0,0.749,0,6,0,9.826,9.734,253,240,2,12,24,12,0,1920,0,0,0,0,0,0,0,0,0,0,184,0,0,0,1009,145,432,388,0,0,1,1.009
1240,11.869,27.801,0.036,0.0,0.0,0.0,0.0,0.0,534.0,2616.0,0.661,0,6,0,9.722,9.632,253,240,2,12,24,12,0,1920,0,0,0,0,0,0,0,0,0,0,184,0,0,0,988,117,429,388,0,0,2,0.988
1241,12.875,27.801,0.036,0.0,0.0,0.0,0.0,0.0,534.0,2616.0,0.606,0,6,0,10.868,10.769,253,240,2,12,24,12,0,1920,0,0,0,0,0,0,0,0,0,0,184,0,0,0,977,116,425,383,0,0,2,0.977
1242,14.044,27.801,0.036,0.0,0.0,0.0,0.0,0.0,534.0,2616.0,0.721,0,6,0,11.834,11.746,252,240,2,12,24,12,0,1920,0,0,0,0,0,0,0,0,0,0,184,0,0,0,1103,178,404,469,0,0,1,1.103
1243,13.569,27.801,0.036,0.0,0.0,0.0,0.0,0.0,534.0,2616.0,0.609,0,6,0,11.282,11.196,253,240,2,12,24,12,0,1920,0,0,0,0,0,0,0,0,0,0,184,0,0,0,1176,112,554,454,0,0,2,1.176
1244,11.878,27.801,0.036,0.0,0.0,0.0,0.0,0.0,534.0,2616.0,0.619,0,6,0,9.808,9.695,253,240,2,12,24,12,0,1920,0,0,0,0,0,0,0,0,0,0,184,0,0,0,1062,117,449,435,0,0,2,1.062
1245,12.026,27.801,0.036,0.0,0.0,0.0,0.0,0.0,534.0,2616.0,0.963,0,6,0,10.07,9.955,254,240,2,12,24,12,0,1920,0,0,0,0,0,0,0,0,0,0,184,0,0,0,997,119,431,401,0,0,3,0.997
1246,13.669,27.801,0.036,0.0,0.0,0.0,0.0,0.0,534.0,2616.0,0.881,0,6,0,11.195,11.115,252,240,2,12,24,12,0,1920,0,0,0,0,0,0,0,0,0,0,184,0,0,0,1117,122,494,448,0,0,3,1.117
1247,14.223,27.801,0.036,0.0,0.0,0.0,0.0,0.0,534.0,2616.0,0.654,0,6,0,11.866,11.574,253,240,2,12,24,12,0,1920,0,0,0,0,0,0,0,0,0,0,184,0,0,0,1048,117,447,432,0,0,3,1.048
1248,11.919,27.801,0.036,0.0,0.0,0.0,0.0,0.0,534.0,2616.0,0.623,0,6,0,9.861,9.778,253,240,2,12,24,12,0,1920,0,0,0,0,0,0,0,0,0,0,184,0,0,0,1017,128,428,409,0,0,3,1.017
1249,15.099,27.801,0.036,0.0,0.0,0.0,0.0,0.0,534.0,2616.0,0.733,0,6,0,13.098,13.022,252,240,2,12,24,12,0,1920,0,0,0,0,0,0,0,0,0,0,184,0,0,0,975,118,431,376,0,0,2,0.975
1250,12.746,27.801,0.036,0.0,0.0,0.0,0.0,0.0,534.0,2616.0,0.717,0,6,0,10.572,10.466,252,240,2,12,24,12,0,1920,0,0,0,0,0,0,0,0,0,0,184,0,0,0,1046,117,447,420,0,0,3,1.046
1251,12.813,27.801,0.036,0.0,0.0,0.0,0.0,0.0,534.0,2616.0,0.712,0,6,0,10.628,10.532,254,240,2,12,24,12,0,1920,0,0,0,0,0,0,0,0,0,0,184,0,0,0,1080,134,429,458,0,0,2,1.08
1252,12.521,27.801,0.036,0.0,0.0,0.0,0.0,0.0,534.0,2616.0,0.677,0,6,0,10.39,10.304,253,240,2,12,24,12,0,1920,0,0,0,0,0,0,0,0,0,0,184,0,0,0,1015,132,439,387,0,0,3,1.015
1253,17.088,27.801,0.036,0.0,0.0,0.0,0.0,0.0,534.0,2616.0,0.762,0,6,0,14.678,14.569,253,240,2,12,24,12,0,1920,0,0,0,0,0,0,0,0,0,0,184,0,0,0,1202,258,493,389,0,0,2,1.202
1254,18.945,27.801,0.036,0.0,0.0,0.0,0.0,0.0,534.0,2616.0,1.121,0,6,0,15.766,15.599,252,240,2,12,24,12,0,1920,0,0,0,0,0,0,0,0,0,0,184,0,0,0,1924,294,769,781,0,0,2,1.924
1255,17.059,27.801,0.036,0.0,0.0,0.0,0.0,0.0,534.0,2616.0,1.154,0,6,0,13.934,13.727,252,240,2,12,24,12,0,1920,0,0,0,0,0,0,0,0,0,0,184,0,0,0,1423,200,669,473,0,0,2,1.423
1256,18.085,27.801,0.036,0.0,0.0,0.0,0.0,0.0,534.0,2616.0,0.807,0,6,0,15.445,15.147,253,240,2,12,24,12,0,1920,0,0,0,0,0,0,0,0,0,0,184,0,0,0,1014,150,434,379,0,0,2,1.014
1257,13.153,27.801,0.036,0.0,0.0,0.0,0.0,0.0,534.0,2616.0,0.738,0,6,0,10.792,10.701,253,240,2,12,24,12,0,1920,0,0,0,0,0,0,0,0,0,0,184,0,0,0,1192,114,555,468,0,0,3,1.192
1258,12.89,27.801,0.036,0.0,0.0,0.0,0.0,0.0,534.0,2616.0,0.676,0,6,0,10.803,10.711,253,240,2,12,24,12,0,1920,0,0,0,0,0,0,0,0,0,0,184,0,0,0,995,150,414,377,0,0,3,0.995
1259,12.2,27.801,0.036,0.0,0.0,0.0,0.0,0.0,534.0,2616.0,0.82,0,6,0,10.174,10.089,253,240,2,12,24,12,0,1920,0,0,0,0,0,0,0,0,0,0,184,0,0,0,1000,123,416,411,0,0,2,1.0
1260,12.582,27.801,0.036,0.0,0.0,0.0,0.0,0.0,534.0,2616.0,0.685,0,6,0,10.378,10.276,255,240,2,12,24,12,0,1920,0,0,0,0,0,0,0,0,0,0,184,0,0,0,991,114,422,394,0,0,3,0.991
1261,12.809,27.801,0.036,0.0,0.0,0.0,0.0,0.0,534.0,2616.0,0.634,0,6,0,10.697,10.617,252,240,2,12,24,12,0,1920,0,0,0,0,0,0,0,0,0,0,184,0,0,0,1069,157,425,434,0,0,3,1.069
1262,19.842,27.801,0.036,0.0,0.0,0.0,0.0,0.0,534.0,2616.0,1.07,0,6,0,13.932,13.853,252,240,2,12,24,12,0,1920,0,0,0,0,0,0,0,0,0,0,184,0,0,0,4930,192,474,444,0,0,3,4.93
1263,15.745,27.801,0.036,0.0,0.0,0.0,0.0,0.0,534.0,2616.0,1.044,0,6,0,12.549,12.445,253,240,2,12,24,12,0,1920,0,0,0,0,0,0,0,0,0,0,184,0,0,0,1399,166,587,571,0,0,3,1.399
1264,17.122,27.801,0.036,0.0,0.0,0.0,0.0,0.0,534.0,2616.0,0.735,0,6,0,14.52,14.39,253,240,2,12,24,12,0,1920,0,0,0,0,0,0,0,0,0,0,184,0,0,0,1026,123,464,384,0,0,3,1.026
1265,13.793,27.801,0.036,0.0,0.0,0.0,0.0,0.0,534.0,2616.0,0.695,0,6,0,11.668,10.564,255,240,2,12,24,12,0,1920,0,0,0,0,0,0,0,0,0,0,184,0,0,0,1005,136,438,375,0,0,2,1.005
1266,12.226,27.801,0.036,0.0,0.0,0.0,0.0,0.0,534.0,2616.0,0.826,0,6,0,10.133,9.984,254,240,2,12,24,12,0,1920,0,0,0,0,0,0,0,0,0,0,184,0,0,0,1011,122,444,395,0,0,2,1.011
1267,13.007,27.801,0.036,0.0,0.0,0.0,0.0,0.0,534.0,2616.0,0.784,0,6,0,10.688,10.592,253,240,2,12,24,12,0,1920,0,0,0,0,0,0,0,0,0,0,184,0,0,0,1085,120,473,410,0,0,3,1.085
1268,16.061,27.801,0.036,0.0,0.0,0.0,0.0,0.0,534.0,2616.0,2.442,0,6,0,11.874,11.779,253,240,2,12,24,12,0,1920,0,0,0,0,0,0,0,0,0,0,184,0,0,0,2927,156,1753,817,0,0,5,2.927
1269,33.701,27.801,0.036,0.0,0.0,0.0,0.0,0.0,534.0,2616.0,1.533,0,6,0,28.514,28.273,253,240,2,12,24,12,0,1920,0,0,0,0,0,0,0,0,0,0,184,0,0,0,1834,224,765,692,0,0,7,1.834
1270,27.642,27.801,0.036,0.0,0.0,0.0,0.0,0.0,534.0,2616.0,0.981,0,6,0,22.889,22.687,253,240,2,12,24,12,0,1920,0,0,0,0,0,0,0,0,0,0,184,0,0,0,2364,214,1151,854,0,0,5,2.364
1271,27.12,34.483,0.07,0.0,0.0,0.0,0.0,0.0,534.0,2616.0,1.239,0,6,0,22.95,22.814,253,240,2,12,24,12,0,1920,0,0,0,0,0,0,0,0,0,0,184,0,0,0,1835,256,786,660,0,0,5,1.835
1272,30.606,34.483,0.07,0.0,0.0,0.0,0.0,0.0,534.0,2616.0,1.583,0,6,0,26.797,26.596,254,240,2,12,24,12,0,1920,0,0,0,0,0,0,0,0,0,0,184,0,0,0,1808,216,793,671,0,0,5,1.808
1273,25.417,34.483,0.07,0.0,0.0,0.0,0.0,0.0,534.0,2616.0,1.18,0,6,0,20.443,20.282,254,240,2,12,24,12,0,1920,0,0,0,0,0,0,0,0,0,0,184,0,0,0,2461,642,924,731,0,0,8,2.461
1274,26.309,34.483,0.07,0.0,0.0,0.0,0.0,0.0,534.0,2616.0,1.574,0,6,0,22.526,22.353,252,240,2,12,24,12,0,1920,0,0,0,0,0,0,0,0,0,0,184,0,0,0,1827,260,754,704,0,0,6,1.827
1275,30.27,34.483,0.07,0.0,0.0,0.0,0.0,0.0,534.0,2616.0,1.21,0,6,0,25.267,25.083,253,240,2,12,24,12,0,1920,0,0,0,0,0,0,0,0,0,0,184,0,0,0,2274,283,1078,767,0,0,5,2.274
1276,26.865,34.483,0.07,0.0,0.0,0.0,0.0,0.0,534.0,2616.0,1.74,0,6,0,22.928,22.759,254,240,2,12,24,12,0,1920,0,0,0,0,0,0,0,0,0,0,184,0,0,0,1812,364,721,578,0,0,5,1.812
1277,26.991,34.483,0.07,0.0,0.0,0.0,0.0,0.0,534.0,2616.0,1.734,0,6,0,22.415,22.171,253,240,2,12,24,12,0,1920,0,0,0,0,0,0,0,0,0,0,184,0,0,0,1951,253,906,676,0,0,8,1.951
1278,28.497,34.483,0.07,0.0,0.0,0.0,0.0,0.0,534.0,2616.0,1.8,0,6,0,23.47,23.281,252,240,2,12,24,12,0,1920,0,0,0,0,0,0,0,0,0,0,184,0,0,0,1809,258,713,700,0,0,6,1.809
1279,27.417,34.483,0.07,0.0,0.0,0.0,0.0,0.0,534.0,2616.0,1.576,0,6,0,22.48,22.269,255,240,2,12,24,12,0,1920,0,0,0,0,0,0,0,0,0,0,184,0,0,0,1740,358,668,535,0,0,5,1.74
1280,26.267,34.483,0.07,0.0,0.0,0.0,0.0,0.0,534.0,2616.0,1.683,0,6,0,21.79,21.62,254,240,2,12,24,12,0,1920,0,0,0,0,0,0,0,0,0,0,184,0,0,0,2008,364,860,671,0,0,6,2.008
1281,28.441,34.483,0.07,0.0,0.0,0.0,0.0,0.0,534.0,2616.0,1.501,0,6,0,23.263,22.997,253,240,2,12,24,12,0,1920,0,0,0,0,0,0,0,0,0,0,184,0,0,0,2113,456,749,749,0,0,6,2.113
1282,27.305,34.483,0.07,0.0,0.0,0.0,0.0,0.0,534.0,2616.0,1.796,0,6,0,23.364,22.875,253,240,2,12,24,12,0,1920,0,0,0,0,0,0,0,0,0,0,184,0,0,0,1443,194,542,579,0,0,5,1.443
1283,22.828,34.483,0.07,0.0,0.0,0.0,0.0,0.0,534.0,2616.0,0.876,0,6,0,19.18,19.054,253,240,2,12,24,12,0,1920,0,0,0,0,0,0,0,0,0,0,184,0,0,0,1206,196,527,421,0,0,3,1.206
1284,15.907,34.483,0.07,0.0,0.0,0.0,0.0,0.0,534.0,2616.0,1.102,0,6,0,12.974,12.84,253,240,2,12,24,12,0,1920,0,0,0,0,0,0,0,0,0,0,184,0,0,0,1449,211,604,553,0,0,4,1.449
1285,18.222,34.483,0.07,0.0,0.0,0.0,0.0,0.0,534.0,2616.0,0.964,0,6,0,14.962,14.812,254,240,2,12,24,12,0,1920,0,0,0,0,0,0,0,0,0,0,184,0,0,0,1438,206,601,554,0,0,2,1.438
1286,18.501,34.483,0.07,0.0,0.0,0.0,0.0,0.0,534.0,2616.0,1.13,0,6,0,15.474,15.341,254,240,2,12,24,12,0,1920,0,0,0,0,0,0,0,0,0,0,184,0,0,0,1505,172,596,655,0,0,3,1.505
1287,18.585,34.483,0.07,0.0,0.0,0.0,0.0,0.0,534.0,2616.0,1.128,0,6,0,15.388,15.272,252,240,2,12,24,12,0,1920,0,0,0,0,0,0,0,0,0,0,184,0,0,0,1452,183,595,592,0,0,3,1.452
1288,18.441,34.483,0.07,0.0,0.0,0.0,0.0,0.0,534.0,2616.0,0.947,0,6,0,15.152,15.018,253,240,2,12,24,12,0,1920,0,0,0,0,0,0,0,0,0,0,184,0,0,0,1460,176,597,607,0,0,4,1.46
1289,18.484,34.483,0.07,0.0,0.0,0.0,0.0,0.0,534.0,2616.0,0.941,0,6,0,15.372,15.223,254,240,2,12,24,12,0,1920,0,0,0,0,0,0,0,0,0,0,184,0,0,0,1514,189,690,560,0,0,3,1.514
1290,18.214,34.483,0.07,0.0,0.0,0.0,0.0,0.0,534.0,2616.0,0.974,0,6,0,15.254,15.136,252,240,2,12,24,12,0,1920,0,0,0,0,0,0,0,0,0,0,184,0,0,0,1441,169,639,565,0,0,3,1.441
1291,17.993,34.483,0.07,0.0,0.0,0.0,0.0,0.0,534.0,2616.0,0.99,0,6,0,14.893,14.702,255,240,2,12,24,12,0,1920,0,0,0,0,0,0,0,0,0,0,184,0,0,0,1484,172,649,586,0,0,3,1.484
1292,16.822,34.483,0.07,0.0,0.0,0.0,0.0,0.0,534.0,2616.0,1.008,0,6,0,13.697,13.548,252,240,2,12,24,12,0,1920,0,0,0,0,0,0,0,0,0,0,184,0,0,0,1484,208,638,568,0,0,3,1.484
1293,17.978,34.483,0.07,0.0,0.0,0.0,0.0,0.0,534.0,2616.0,1.162,0,6,0,14.877,14.739,254,240,2,12,24,12,0,1920,0,0,0,0,0,0,0,0,0,0,184,0,0,0,1513,184,688,559,0,0,4,1.513
1294,18.099,34.483,0.07,0.0,0.0,0.0,0.0,0.0,534.0,2616.0,0.956,0,6,0,14.7,14.534,253,240,2,12,24,12,0,1920,0,0,0,0,0,0,0,0,0,0,184,0,0,0,1635,175,671,691,0,0,3,1.635
1295,18.035,34.483,0.07,0.0,0.0,0.0,0.0,0.0,534.0,2616.0,1.064,0,6,0,15.047,14.915,253,240,2,12,24,12,0,1920,0,0,0,0,0,0,0,0,0,0,184,0,0,0,1471,182,647,569,0,0,3,1.471
1296,18.047,34.483,0.07,0.0,0.0,0.0,0.0,0.0,534.0,2616.0,0.934,0,6,0,14.886,14.759,252,240,2,12,24,12,0,1920,0,0,0,0,0,0,0,0,0,0,184,0,0,0,1488,213,594,607,0,0,3,1.488
1297,17.886,34.483,0.07,0.0,0.0,0.0,0.0,0.0,534.0,2616.0,0.995,0,6,0,14.984,14.804,255,240,2,12,24,12,0,1920,0,0,0,0,0,0,0,0,0,0,184,0,0,0,1416,159,588,591,0,0,4,1.416
1298,17.693,34.483,0.07,0.0,0.0,0.0,0.0,0.0,534.0,2616.0,1.008,0,6,0,14.608,14.488,253,240,2,12,24,12,0,1920,0,0,0,0,0,0,0,0,0,0,184,0,0,0,1545,169,744,563,0,0,3,1.545
1299,17.567,34.483,0.07,0.0,0.0,0.0,0.0,0.0,534.0,2616.0,0.923,0,6,0,14.547,14.416,252,240,2,12,24,12,0,1920,0,0,0,0,0,0,0,0,0,0,184,0,0,0,1464,179,635,576,0,0,4,1.464
1300,17.515,34.483,0.07,0.0,0.0,0.0,0.0,0.0,534.0,2616.0,1.101,0,6,0,14.436,14.304,253,240,2,12,24,12,0,1920,0,0,0,0,0,0,0,0,0,0,184,0,0,0,1580,223,642,614,0,0,4,1.58
1301,17.753,34.483,0.07,0.0,0.0,0.0,0.0,0.0,534.0,2616.0,0.963,0,6,0,14.587,14.457,254,240,2,12,24,12,0,1920,0,0,0,0,0,0,0,0,0,0,184,0,0,0,1478,182,609,613,0,0,3,1.478
1302,17.615,34.483,0.07,0.0,0.0,0.0,0.0,0.0,534.0,2616.0,0.987,0,6,0,14.632,14.503,252,240,2,12,24,12,0,1920,0,0,0,0,0,0,0,0,0,0,184,0,0,0,1462,173,594,616,0,0,3,1.462
1303,17.652,34.483,0.07,0.0,0.0,0.0,0.0,0.0,534.0,2616.0,0.952,0,6,0,14.63,14.451,255,240,2,12,24,12,0,1920,0,0,0,0,0,0,0,0,0,0,184,0,0,0,1524,200,609,627,0,0,3,1.524
1304,17.693,34.483,0.07,0.0,0.0,0.0,0.0,0.0,534.0,2616.0,1.093,0,6,0,14.631,14.519,252,240,2,12,24,12,0,1920,0,0,0,0,0,0,0,0,0,0,184,0,0,0,1570,184,623,685,0,0,3,1.57
1305,17.706,34.483,0.07,0.0,0.0,0.0,0.0,0.0,534.0,2616.0,0.936,0,6,0,14.596,14.448,253,240,2,12,24,12,0,1920,0,0,0,0,0,0,0,0,0,0,184,0,0,0,1479,162,639,605,0,0,4,1.479
1306,17.463,34.483,0.07,0.0,0.0,0.0,0.0,0.0,534.0,2616.0,0.992,0,6,0,14.537,14.382,253,240,2,12,24,12,0,1920,0,0,0,0,0,0,0,0,0,0,184,0,0,0,1466,203,627,555,0,0,9,1.466
1307,17.786,34.483,0.07,0.0,0.0,0.0,0.0,0.0,534.0,2616.0,1.069,0,6,0,14.681,14.54,253,240,2,12,24,12,0,1920,0,0,0,0,0,0,0,0,0,0,184,0,0,0,1563,180,621,683,0,0,4,1.563
1308,18.231,34.483,0.07,0.0,0.0,0.0,0.0,0.0,534.0,2616.0,0.966,0,6,0,15.12,15.002,253,240,2,12,24,12,0,1920,0,0,0,0,0,0,0,0,0,0,184,0,0,0,1488,211,622,560,0,0,4,1.488
1309,17.657,34.483,0.07,0.0,0.0,0.0,0.0,0.0,534.0,2616.0,0.979,0,6,0,14.695,14.557,254,240,2,12,24,12,0,1920,0,0,0,0,0,0,0,0,0,0,184,0,0,0,1454,172,599,606,0,0,4,1.454
1310,17.277,34.483,0.07,0.0,0.0,0.0,0.0,0.0,534.0,2616.0,0.955,0,6,0,14.225,14.109,252,240,2,12,24,12,0,1920,0,0,0,0,0,0,0,0,0,0,184,0,0,0,1526,169,610,666,0,0,3,1.526
1311,17.399,34.483,0.07,0.0,0.0,0.0,0.0,0.0,534.0,2616.0,0.947,0,6,0,14.446,14.315,253,240,2,12,24,12,0,1920,0,0,0,0,0,0,0,0,0,0,184,0,0,0,1442,176,600,593,0,0,4,1.442
1312,17.837,34.483,0.07,0.0,0.0,0.0,0.0,0.0,534.0,2616.0,0.994,0,6,0,14.865,14.743,253,240,2,12,24,12,0,1920,0,0,0,0,0,0,0,0,0,0,184,0,0,0,1470,173,640,577,0,0,2,1.47
1313,18.138,34.483,0.07,0.0,0.0,0.0,0.0,0.0,534.0,2616.0,1.061,0,6,0,15.001,14.862,254,240,2,12,24,12,0,1920,0,0,0,0,0,0,0,0,0,0,184,0,0,0,1583,184,750,578,0,0,3,1.583
1314,18.644,34.483,0.07,0.0,0.0,0.0,0.0,0.0,534.0,2616.0,1.061,0,6,0,15.474,15.31,253,240,2,12,24,12,0,1920,0,0,0,0,0,0,0,0,0,0,184,0,0,0,1564,176,617,692,0,0,3,1.564
1315,18.081,34.483,0.07,0.0,0.0,0.0,0.0,0.0,534.0,2616.0,1.04,0,6,0,14.989,14.867,252,240,2,12,24,12,0,1920,0,0,0,0,0,0,0,0,0,0,184,0,0,0,1484,219,595,596,0,0,3,1.484
1316,18.824,34.483,0.07,0.0,0.0,0.0,0.0,0.0,534.0,2616.0,0.975,0,6,0,15.706,15.573,253,240,2,12,24,12,0,1920,0,0,0,0,0,0,0,0,0,0,184,0,0,0,1482,181,615,608,0,0,3,1.482
1317,17.947,34.483,0.07,0.0,0.0,0.0,0.0,0.0,534.0,2616.0,0.999,0,6,0,14.932,14.797,253,240,2,12,24,12,0,1920,0,0,0,0,0,0,0,0,0,0,184,0,0,0,1463,169,654,558,0,0,3,1.463
1318,17.971,34.483,0.07,0.0,0.0,0.0,0.0,0.0,534.0,2616.0,0.972,0,6,0,14.88,14.724,255,240,2,12,24,12,0,1920,0,0,0,0,0,0,0,0,0,0,184,0,0,0,1500,175,646,605,0,0,3,1.5
1319,17.674,34.483,0.07,0.0,0.0,0.0,0.0,0.0,534.0,2616.0,1.065,0,6,0,14.762,14.632,252,240,2,12,24,12,0,1920,0,0,0,0,0,0,0,0,0,0,184,0,0,0,1433,166,587,604,0,0,3,1.433
1320,17.788,31.103,0.081,0.0,0.0,0.0,0.0,0.0,534.0,2616.0,0.775,0,6,0,15.341,15.187,254,240,2,12,24,12,0,1920,0,0,0,0,0,0,0,0,0,0,184,0,0,0,931,105,411,373,0,0,2,0.931
1321,12.748,31.103,0.081,0.0,0.0,0.0,0.0,0.0,534.0,2616.0,0.886,0,6,0,10.578,10.455,253,240,2,12,24,12,0,1920,0,0,0,0,0,0,0,0,0,0,184,0,0,0,987,111,441,385,0,0,2,0.987
1322,12.866,31.103,0.081,0.0,0.0,0.0,0.0,0.0,534.0,2616.0,0.576,0,6,0,10.538,10.444,253,240,2,12,24,12,0,1920,0,0,0,0,0,0,0,0,0,0,184,0,0,0,983,110,456,366,0,0,3,0.983
1323,12.101,31.103,0.081,0.0,0.0,0.0,0.0,0.0,534.0,2616.0,0.6,0,6,0,10.184,10.044,253,240,2,12,24,12,0,1920,0,0,0,0,0,0,0,0,0,0,184,0,0,0,952,108,406,390,0,0,2,0.952
1324,11.239,31.103,0.081,0.0,0.0,0.0,0.0,0.0,534.0,2616.0,1.189,0,6,0,9.278,9.196,253,240,2,12,24,12,0,1920,0,0,0,0,0,0,0,0,0,0,184,0,0,0,941,120,389,384,0,0,2,0.941
1325,15.963,31.103,0.081,0.0,0.0,0.0,0.0,0.0,534.0,2616.0,0.783,0,6,0,13.219,13.075,253,240,2,12,24,12,0,1920,0,0,0,0,0,0,0,0,0,0,184,0,0,0,1111,113,487,457,0,0,2,1.111
1326,15.438,31.103,0.081,0.0,0.0,0.0,0.0,0.0,534.0,2616.0,0.688,0,6,0,13.216,13.106,255,240,2,12,24,12,0,1920,0,0,0,0,0,0,0,0,0,0,184,0,0,0,997,165,405,375,0,0,2,0.997
1327,11.743,31.103,0.081,0.0,0.0,0.0,0.0,0.0,534.0,2616.0,0.708,0,6,0,9.67,9.58,253,240,2,12,24,12,0,1920,0,0,0,0,0,0,0,0,0,0,184,0,0,0,985,118,427,383,0,0,2,0.985
1328,11.731,31.103,0.081,0.0,0.0,0.0,0.0,0.0,534.0,2616.0,0.824,0,6,0,9.608,9.518,253,240,2,12,24,12,0,1920,0,0,0,0,0,0,0,0,0,0,184,0,0,0,1001,109,437,400,0,0,2,1.001
1329,12.328,31.103,0.081,0.0,0.0,0.0,0.0,0.0,534.0,2616.0,0.691,0,6,0,10.161,10.066,253,240,2,12,24,12,0,1920,0,0,0,0,0,0,0,0,0,0,184,0,0,0,978,119,432,378,0,0,2,0.978
1330,13.186,31.103,0.081,0.0,0.0,0.0,0.0,0.0,534.0,2616.0,0.638,0,6,0,11.163,9.97,254,240,2,12,24,12,0,1920,0,0,0,0,0,0,0,0,0,0,184,0,0,0,943,116,402,382,0,0,1,0.943
1331,14.742,31.103,0.081,0.0,0.0,0.0,0.0,0.0,534.0,2616.0,0.775,0,6,0,12.234,12.155,252,240,2,12,24,12,0,1920,0,0,0,0,0,0,0,0,0,0,184,0,0,0,1375,326,498,483,0,0,3,1.375
1332,13.101,31.103,0.081,0.0,0.0,0.0,0.0,0.0,534.0,2616.0,0.696,0,6,0,10.961,10.865,253,240,2,12,24,12,0,1920,0,0,0,0,0,0,0,0,0,0,184,0,0,0,978,119,399,406,0,0,3,0.978
1333,11.828,31.103,0.081,0.0,0.0,0.0,0.0,0.0,534.0,2616.0,0.684,0,6,0,9.813,9.706,255,240,2,12,24,12,0,1920,0,0,0,0,0,0,0,0,0,0,184,0,0,0,964,109,403,410,0,0,3,0.964
1334,11.957,31.103,0.081,0.0,0.0,0.0,0.0,0.0,534.0,2616.0,0.752,0,6,0,9.957,9.87,253,240,2,12,24,12,0,1920,0,0,0,0,0,0,0,0,0,0,184,0,0,0,964,117,392,400,0,0,2,0.964
1335,11.699,31.103,0.081,0.0,0.0,0.0,0.0,0.0,534.0,2616.0,0.629,0,6,0,9.644,9.562,252,240,2,12,24,12,0,1920,0,0,0,0,0,0,0,0,0,0,184,0,0,0,953,108,396,407,0,0,3,0.953
1336,11.51,31.103,0.081,0.0,0.0,0.0,0.0,0.0,534.0,2616.0,0.709,0,6,0,9.593,9.503,253,240,2,12,24,12,0,1920,0,0,0,0,0,0,0,0,0,0,184,0,0,0,955,107,401,405,0,0,1,0.955
1337,11.509,31.103,0.081,0.0,0.0,0.0,0.0,0.0,534.0,2616.0,0.631,0,6,0,9.448,9.362,253,240,2,12,24,12,0,1920,0,0,0,0,0,0,0,0,0,0,184,0,0,0,994,146,416,383,0,0,3,0.994
1338,12.521,31.103,0.081,0.0,0.0,0.0,0.0,0.0,534.0,2616.0,0.688,0,6,0,10.548,10.459,253,240,2,12,24,12,0,1920,0,0,0,0,0,0,0,0,0,0,184,0,0,0,970,118,425,377,0,0,3,0.97
1339,11.959,31.103,0.081,0.0,0.0,0.0,0.0,0.0,534.0,2616.0,0.848,0,6,0,9.909,9.818,254,240,2,12,24,12,0,1920,0,0,0,0,0,0,0,0,0,0,184,0,0,0,998,111,409,430,0,0,1,0.998
1340,12.023,31.103,0.081,0.0,0.0,0.0,0.0,0.0,534.0,2616.0,0.725,0,6,0,9.803,9.71,253,240,2,12,24,12,0,1920,0,0,0,0,0,0,0,0,0,0,184,0,0,0,981,130,401,405,0,0,2,0.981
1341,12.546,31.103,0.081,0.0,0.0,0.0,0.0,0.0,534.0,2616.0,0.698,0,6,0,10.396,10.317,252,240,2,12,24,12,0,1920,0,0,0,0,0,0,0,0,0,0,184,0,0,0,1040,114,475,381,0,0,3,1.04
1342,11.813,31.103,0.081,0.0,0.0,0.0,0.0,0.0,534.0,2616.0,0.584,0,6,0,9.743,9.648,254,240,2,12,24,12,0,1920,0,0,0,0,0,0,0,0,0,0,184,0,0,0,964,111,398,403,0,0,2,0.964
1343,11.324,31.103,0.081,0.0,0.0,0.0,0.0,0.0,534.0,2616.0,0.615,0,6,0,9.353,9.273,252,240,2,12,24,12,0,1920,0,0,0,0,0,0,0,0,0,0,184,0,0,0,965,114,394,389,0,0,2,0.965
1344,11.487,31.103,0.081,0.0,0.0,0.0,0.0,0.0,534.0,2616.0,0.669,0,6,0,9.4,9.313,253,240,2,12,24,12,0,1920,0,0,0,0,0,0,0,0,0,0,184,0,0,0,1117,122,485,457,0,0,3,1.117
1345,11.877,31.103,0.081,0.0,0.0,0.0,0.0,0.0,534.0,2616.0,0.667,0,6,0,9.822,9.727,254,240,2,12,24,12,0,1920,0,0,0,0,0,0,0,0,0,0,184,0,0,0,1009,109,395,454,0,0,3,1.009
1346,11.87,31.103,0.081,0.0,0.0,0.0,0.0,0.0,534.0,2616.0,0.82,0,6,0,9.826,9.736,254,240,2,12,24,12,0,1920,0,0,0,0,0,0,0,0,0,0,184,0,0,0,1012,109,398,457,0,0,2,1.012
1347,13.057,31.103,0.081,0.0,0.0,0.0,0.0,0.0,534.0,2616.0,0.701,0,6,0,9.543,9.444,253,240,2,12,24,12,0,1920,0,0,0,0,0,0,0,0,0,0,184,0,0,0,1084,124,410,494,0,0,2,1.084
1348,11.455,31.103,0.081,0.0,0.0,0.0,0.0,0.0,534.0,2616.0,0.587,0,6,0,9.354,9.264,253,240,2,12,24,12,0,1920,0,0,0,0,0,0,0,0,0,0,184,0,0,0,1001,115,430,408,0,0,2,1.001
1349,11.375,31.103,0.081,0.0,0.0,0.0,0.0,0.0,534.0,2616.0,0.677,0,6,0,9.447,9.337,252,240,2,12,24,12,0,1920,0,0,0,0,0,0,0,0,0,0,184,0,0,0,1006,116,458,385,0,0,3,1.006
1350,11.698,31.103,0.081,0.0,0.0,0.0,0.0,0.0,534.0,2616.0,0.654,0,6,0,9.626,9.543,253,240,2,12,24,12,0,1920,0,0,0,0,0,0,0,0,0,0,184,0,0,0,1012,117,421,423,0,0,2,1.012
1351,11.47,31.103,0.081,0.0,0.0,0.0,0.0,0.0,534.0,2616.0,0.738,0,6,0,9.411,9.314,253,240,2,12,24,12,0,1920,0,0,0,0,0,0,0,0,0,0,184,0,0,0,980,116,437,379,0,0,1,0.98
1352,11.655,31.103,0.081,0.0,0.0,0.0,0.0,0.0,534.0,2616.0,0.648,0,6,0,9.592,9.495,255,240,2,12,24,12,0,1920,0,0,0,0,0,0,0,0,0,0,184,0,0,0,971,137,405,380,0,0,2,0.971
1353,13.01,31.103,0.081,0.0,0.0,0.0,0.0,0.0,534.0,2616.0,0.697,0,6,0,10.956,10.871,253,240,2,12,24,12,0,1920,0,0,0,0,0,0,0,0,0,0,184,0,0,0,1025,118,439,416,0,0,2,1.025
1354,11.829,31.103,0.081,0.0,0.0,0.0,0.0,0.0,534.0,2616.0,0.745,0,6,0,9.669,9.427,254,240,2,12,24,12,0,1920,0,0,0,0,0,0,0,0,0,0,184,0,0,0,1014,128,440,389,0,0,2,1.014
1355,12.265,31.103,0.081,0.0,0.0,0.0,0.0,0.0,534.0,2616.0,0.699,0,6,0,10.112,10.024,252,240,2,12,24,12,0,1920,0,0,0,0,0,0,0,0,0,0,184,0,0,0,1035,118,443,418,0,0,3,1.035
1356,11.607,31.103,0.081,0.0,0.0,0.0,0.0,0.0,534.0,2616.0,0.719,0,6,0,9.497,9.41,253,240,2,12,24,12,0,1920,0,0,0,0,0,0,0,0,0,0,184,0,0,0,1000,118,434,399,0,0,2,1.0
1357,11.596,31.103,0.081,0.0,0.0,0.0,0.0,0.0,534.0,2616.0,0.724,0,6,0,9.485,9.37,252,240,2,12,24,12,0,1920,0,0,0,0,0,0,0,0,0,0,184,0,0,0,1029,129,420,426,0,0,1,1.029
1358,11.84,31.103,0.081,0.0,0.0,0.0,0.0,0.0,534.0,2616.0,0.705,0,6,0,9.713,9.618,254,240,2,12,24,12,0,1920,0,0,0,0,0,0,0,0,0,0,184,0,0,0,1011,125,430,404,0,0,2,1.011
1359,11.792,31.103,0.081,0.0,0.0,0.0,0.0,0.0,534.0,2616.0,0.666,0,6,0,9.719,9.595,255,240,2,12,24,12,0,1920,0,0,0,0,0,0,0,0,0,0,184,0,0,0,961,113,423,372,0,0,2,0.961
1360,11.65,31.103,0.081,0.0,0.0,0.0,0.0,0.0,534.0,2616.0,0.679,0,6,0,9.598,9.513,253,240,2,12,24,12,0,1920,0,0,0,0,0,0,0,0,0,0,184,0,0,0,984,111,412,413,0,0,3,0.984
1361,11.914,31.103,0.081,0.0,0.0,0.0,0.0,0.0,534.0,2616.0,0.645,0,6,0,9.86,9.781,252,240,2,12,24,12,0,1920,0,0,0,0,0,0,0,0,0,0,184,0,0,0,1010,138,429,394,0,0,2,1.01
1362,11.78,31.103,0.081,0.0,0.0,0.0,0.0,0.0,534.0,2616.0,0.687,0,6,0,9.786,9.697,253,240,2,12,24,12,0,1920,0,0,0,0,0,0,0,0,0,0,184,0,0,0,998,107,412,432,0,0,1,0.998
1363,12.72,31.103,0.081,0.0,0.0,0.0,0.0,0.0,534.0,2616.0,0.736,0,6,0,10.644,10.559,253,240,2,12,24,12,0,1920,0,0,0,0,0,0,0,0,0,0,184,0,0,0,990,156,406,374,0,0,3,0.99
1364,12.165,31.103,0.081,0.0,0.0,0.0,0.0,0.0,534.0,2616.0,0.671,0,6,0,10.042,9.902,253,240,2,12,24,12,0,1920,0,0,0,0,0,0,0,0,0,0,184,0,0,0,984,119,403,406,0,0,2,0.984
1365,11.992,31.103,0.081,0.0,0.0,0.0,0.0,0.0,534.0,2616.0,0.636,0,6,0,9.909,9.809,255,240,2,12,24,12,0,1920,0,0,0,0,0,0,0,0,0,0,184,0,0,0,989,120,436,382,0,0,3,0.989
1366,11.507,31.103,0.081,0.0,0.0,0.0,0.0,0.0,534.0,2616.0,0.638,0,6,0,9.488,9.356,254,240,2,12,24,12,0,1920,0,0,0,0,0,0,0,0,0,0,184,0,0,0,1003,124,409,413,0,0,3,1.003
1367,11.545,31.103,0.081,0.0,0.0,0.0,0.0,0.0,534.0,2616.0,0.777,0,6,0,9.584,9.506,252,240,2,12,24,12,0,1920,0,0,0,0,0,0,0,0,0,0,184,0,0,0,969,114,424,381,0,0,2,0.969
1368,13.925,31.103,0.081,0.0,0.0,0.0,0.0,0.0,534.0,2616.0,0.797,0,6,0,11.393,11.301,254,240,2,12,24,12,0,1920,0,0,0,0,0,0,0,0,0,0,184,0,0,0,1314,146,548,552,0,0,3,1.314
1369,19.128,31.103,0.081,0.0,0.0,0.0,0.0,0.0,534.0,2616.0,1.569,0,6,0,15.666,15.506,253,240,2,12,24,12,0,1920,0,0,0,0,0,0,0,0,0,0,184,0,0,0,1929,252,786,782,0,0,6,1.929
1370,21.599,31.103,0.081,0.0,0.0,0.0,0.0,0.0,534.0,2616.0,0.868,0,6,0,17.842,17.677,253,240,2,12,24,12,0,1920,0,0,0,0,0,0,0,0,0,0,184,0,0,0,1602,212,696,606,0,0,3,1.602
1371,20.646,31.103,0.081,0.0,0.0,0.0,0.0,0.0,534.0,2616.0,0.873,0,6,0,17.949,17.829,254,240,2,12,24,12,0,1920,0,0,0,0,0,0,0,0,0,0,184,0,0,0,1273,163,559,490,0,0,3,1.273
1372,17.646,31.103,0.081,0.0,0.0,0.0,0.0,0.0,534.0,2616.0,1.463,0,6,0,14.472,14.327,254,240,2,12,24,12,0,1920,0,0,0,0,0,0,0,0,0,0,184,0,0,0,1755,204,721,713,0,0,5,1.755
1373,20.492,31.103,0.081,0.0,0.0,0.0,0.0,0.0,534.0,2616.0,1.462,0,6,0,16.23,16.113,252,240,2,12,24,12,0,1920,0,0,0,0,0,0,0,0,0,0,184,0,0,0,2033,260,856,803,0,0,5,2.033
1374,19.682,31.103,0.081,0.0,0.0,0.0,0.0,0.0,534.0,2616.0,0.82,0,6,0,16.422,16.249,253,240,2,12,24,12,0,1920,0,0,0,0,0,0,0,0,0,0,184,0,0,0,1244,138,547,501,0,0,3,1.244
1375,17.838,31.103,0.081,0.0,0.0,0.0,0.0,0.0,534.0,2616.0,0.78,0,6,0,15.259,15.147,252,240,2,12,24,12,0,1920,0,0,0,0,0,0,0,0,0,0,184,0,0,0,1279,182,523,510,0,0,2,1.279
1376,17.64,31.103,0.081,0.0,0.0,0.0,0.0,0.0,534.0,2616.0,1.219,0,6,0,15.196,15.079,254,240,2,12,24,12,0,1920,0,0,0,0,0,0,0,0,0,0,184,0,0,0,1232,137,543,496,0,0,3,1.232
1377,18.196,31.103,0.081,0.0,0.0,0.0,0.0,0.0,534.0,2616.0,1.314,0,6,0,14.452,14.264,254,240,2,12,24,12,0,1920,0,0,0,0,0,0,0,0,0,0,184,0,0,0,2034,195,854,874,0,0,5,2.034
1378,19.442,31.103,0.081,0.0,0.0,0.0,0.0,0.0,534.0,2616.0,1.377,0,6,0,15.447,15.237,253,240,2,12,24,12,0,1920,0,0,0,0,0,0,0,0,0,0,184,0,0,0,2023,214,899,806,0,0,5,2.023
1379,25.429,31.103,0.081,0.0,0.0,0.0,0.0,0.0,534.0,2616.0,1.311,0,6,0,21.217,21.057,253,240,2,12,24,12,0,1920,0,0,0,0,0,0,0,0,0,0,184,0,0,0,2101,232,904,783,0,0,5,2.101
1380,25.292,31.103,0.081,0.0,0.0,0.0,0.0,0.0,534.0,2616.0,1.547,0,6,0,21.265,21.043,253,240,2,12,24,12,0,1920,0,0,0,0,0,0,0,0,0,0,184,0,0,0,2027,315,834,767,0,0,5,2.027
1381,25.695,31.103,0.081,0.0,0.0,0.0,0.0,0.0,534.0,2616.0,0.917,0,6,0,21.724,21.557,253,240,2,12,24,12,0,1920,0,0,0,0,0,0,0,0,0,0,184,0,0,0,1716,216,742,649,0,0,4,1.716
1382,21.272,31.103,0.081,0.0,0.0,0.0,0.0,0.0,534.0,2616.0,1.242,0,6,0,17.681,17.546,254,240,2,12,24,12,0,1920,0,0,0,0,0,0,0,0,0,0,184,0,0,0,1990,232,811,828,0,0,5,1.99
1383,24.668,31.103,0.081,0.0,0.0,0.0,0.0,0.0,534.0,2616.0,1.338,0,6,0,20.627,20.469,253,240,2,12,24,12,0,1920,0,0,0,0,0,0,0,0,0,0,184,0,0,0,2012,230,839,830,0,0,5,2.012
1384,21.507,31.103,0.081,0.0,0.0,0.0,0.0,0.0,534.0,2616.0,1.392,0,6,0,17.496,17.315,254,240,2,12,24,12,0,1920,0,0,0,0,0,0,0,0,0,0,184,0,0,0,1951,217,868,743,0,0,6,1.951
1385,26.45,31.103,0.081,0.0,0.0,0.0,0.0,0.0,534.0,2616.0,1.613,0,6,0,21.927,21.767,253,240,2,12,24,12,0,1920,0,0,0,0,0,0,0,0,0,0,184,0,0,0,2133,257,943,805,0,0,7,2.133
1386,23.48,31.103,0.081,0.0,0.0,0.0,0.0,0.0,534.0,2616.0,1.779,0,6,0,18.335,18.157,253,240,2,12,24,12,0,1920,0,0,0,0,0,0,0,0,0,0,184,0,0,0,2701,309,1252,970,0,0,6,2.701
1387,12.507,25.954,0.118,0.0,0.0,0.0,0.0,0.0,534.0,2616.0,0.694,0,6,0,9.25,9.167,252,240,2,12,24,12,0,1920,0,0,0,0,0,0,0,0,0,0,184,0,0,0,911,116,394,353,0,0,3,0.911
1388,11.197,25.954,0.118,0.0,0.0,0.0,0.0,0.0,534.0,2616.0,0.693,0,6,0,9.151,9.051,254,240,2,12,24,12,0,1920,0,0,0,0,0,0,0,0,0,0,184,0,0,0,913,108,385,354,0,0,3,0.913
1389,10.808,25.954,0.118,0.0,0.0,0.0,0.0,0.0,534.0,2616.0,0.605,0,6,0,8.837,8.766,252,240,2,12,24,12,0,1920,0,0,0,0,0,0,0,0,0,0,184,0,0,0,937,111,426,355,0,0,2,0.937
1390,10.903,25.954,0.118,0.0,0.0,0.0,0.0,0.0,534.0,2616.0,0.705,0,6,0,8.996,8.907,254,240,2,12,24,12,0,1920,0,0,0,0,0,0,0,0,0,0,184,0,0,0,906,108,380,369,0,0,2,0.906
1391,10.96,25.954,0.118,0.0,0.0,0.0,0.0,0.0,534.0,2616.0,0.619,0,6,0,8.933,8.854,253,240,2,12,24,12,0,1920,0,0,0,0,0,0,0,0,0,0,184,0,0,0,911,109,391,359,0,0,3,0.911
1392,11.763,25.954,0.118,0.0,0.0,0.0,0.0,0.0,534.0,2616.0,0.646,0,6,0,9.868,8.802,254,240,2,12,24,12,0,1920,0,0,0,0,0,0,0,0,0,0,184,0,0,0,910,117,377,352,0,0,2,0.91
1393,10.812,25.954,0.118,0.0,0.0,0.0,0.0,0.0,534.0,2616.0,0.716,0,6,0,8.917,8.838,253,240,2,12,24,12,0,1920,0,0,0,0,0,0,0,0,0,0,184,0,0,0,914,113,378,372,0,0,2,0.914
1394,10.694,25.954,0.118,0.0,0.0,0.0,0.0,0.0,534.0,2616.0,0.619,0,6,0,8.724,8.636,255,240,2,12,24,12,0,1920,0,0,0,0,0,0,0,0,0,0,184,0,0,0,925,116,384,374,0,0,2,0.925
1395,10.519,25.954,0.118,0.0,0.0,0.0,0.0,0.0,534.0,2616.0,0.642,0,6,0,8.665,8.591,252,240,2,12,24,12,0,1920,0,0,0,0,0,0,0,0,0,0,184,0,0,0,903,130,366,364,0,0,2,0.903
1396,10.694,25.954,0.118,0.0,0.0,0.0,0.0,0.0,534.0,2616.0,0.677,0,6,0,8.813,8.737,253,240,2,12,24,12,0,1920,0,0,0,0,0,0,0,0,0,0,184,0,0,0,911,109,395,363,0,0,1,0.911
1397,10.534,25.954,0.118,0.0,0.0,0.0,0.0,0.0,534.0,2616.0,0.666,0,6,0,8.634,8.555,253,240,2,12,24,12,0,1920,0,0,0,0,0,0,0,0,0,0,184,0,0,0,901,109,374,375,0,0,2,0.901
1398,10.712,25.954,0.118,0.0,0.0,0.0,0.0,0.0,534.0,2616.0,0.64,0,6,0,8.778,8.692,254,240,2,12,24,12,0,1920,0,0,0,0,0,0,0,0,0,0,184,0,0,0,928,109,371,402,0,0,1,0.928
1399,10.702,25.954,0.118,0.0,0.0,0.0,0.0,0.0,534.0,2616.0,0.611,0,6,0,8.762,8.691,252,240,2,12,24,12,0,1920,0,0,0,0,0,0,0,0,0,0,184,0,0,0,920,111,397,362,0,0,2,0.92
1400,10.495,25.954,0.118,0.0,0.0,0.0,0.0,0.0,534.0,2616.0,0.681,0,6,0,8.628,8.546,253,240,2,12,24,12,0,1920,0,0,0,0,0,0,0,0,0,0,184,0,0,0,910,103,401,362,0,0,2,0.91
1401,11.352,25.954,0.118,0.0,0.0,0.0,0.0,0.0,534.0,2616.0,0.562,0,6,0,9.381,9.293,254,240,2,12,24,12,0,1920,0,0,0,0,0,0,0,0,0,0,184,0,0,0,923,115,384,376,0,0,2,0.923
1402,10.573,25.954,0.118,0.0,0.0,0.0,0.0,0.0,534.0,2616.0,0.605,0,6,0,8.716,8.633,253,240,2,12,24,12,0,1920,0,0,0,0,0,0,0,0,0,0,184,0,0,0,892,109,377,359,0,0,2,0.892
1403,10.814,25.954,0.118,0.0,0.0,0.0,0.0,0.0,534.0,2616.0,0.664,0,6,0,8.919,8.811,254,240,2,12,24,12,0,1920,0,0,0,0,0,0,0,0,0,0,184,0,0,0,959,122,397,392,0,0,2,0.959
1404,10.717,25.954,0.118,0.0,0.0,0.0,0.0,0.0,534.0,2616.0,0.645,0,6,0,8.828,8.748,253,240,2,12,24,12,0,1920,0,0,0,0,0,0,0,0,0,0,184,0,0,0,917,130,373,371,0,0,1,0.917
1405,10.625,25.954,0.118,0.0,0.0,0.0,0.0,0.0,534.0,2616.0,0.599,0,6,0,8.75,8.678,252,240,2,12,24,12,0,1920,0,0,0,0,0,0,0,0,0,0,184,0,0,0,900,111,388,361,0,0,2,0.9
1406,10.684,25.954,0.118,0.0,0.0,0.0,0.0,0.0,534.0,2616.0,0.621,0,6,0,8.782,8.694,253,240,2,12,24,12,0,1920,0,0,0,0,0,0,0,0,0,0,184,0,0,0,950,108,419,377,0,0,2,0.95
1407,10.521,25.954,0.118,0.0,0.0,0.0,0.0,0.0,534.0,2616.0,0.6,0,6,0,8.697,8.617,253,240,2,12,24,12,0,1920,0,0,0,0,0,0,0,0,0,0,184,0,0,0,896,103,381,370,0,0,2,0.896
1408,10.489,25.954,0.118,0.0,0.0,0.0,0.0,0.0,534.0,2616.0,0.634,0,6,0,8.667,8.566,254,240,2,12,24,12,0,1920,0,0,0,0,0,0,0,0,0,0,184,0,0,0,885,105,383,352,0,0,1,0.885
1409,10.532,25.954,0.118,0.0,0.0,0.0,0.0,0.0,534.0,2616.0,0.611,0,6,0,8.66,8.588,252,240,2,12,24,12,0,1920,0,0,0,0,0,0,0,0,0,0,184,0,0,0,903,106,387,367,0,0,2,0.903
1410,10.303,25.954,0.118,0.0,0.0,0.0,0.0,0.0,534.0,2616.0,0.634,0,6,0,8.485,8.393,255,240,2,12,24,12,0,1920,0,0,0,0,0,0,0,0,0,0,184,0,0,0,883,98,389,349,0,0,1,0.883
1411,10.534,25.954,0.118,0.0,0.0,0.0,0.0,0.0,534.0,2616.0,0.536,0,6,0,8.635,8.566,252,240,2,12,24,12,0,1920,0,0,0,0,0,0,0,0,0,0,184,0,0,0,924,104,383,387,0,0,2,0.924
1412,10.738,25.954,0.118,0.0,0.0,0.0,0.0,0.0,534.0,2616.0,0.663,0,6,0,8.964,8.865,254,240,2,12,24,12,0,1920,0,0,0,0,0,0,0,0,0,0,184,0,0,0,904,134,366,358,0,0,2,0.904
1413,10.531,25.954,0.118,0.0,0.0,0.0,0.0,0.0,534.0,2616.0,0.61,0,6,0,8.653,8.574,253,240,2,12,24,12,0,1920,0,0,0,0,0,0,0,0,0,0,184,0,0,0,912,101,422,343,0,0,3,0.912
1414,10.426,25.954,0.118,0.0,0.0,0.0,0.0,0.0,534.0,2616.0,0.626,0,6,0,8.572,8.486,255,240,2,12,24,12,0,1920,0,0,0,0,0,0,0,0,0,0,184,0,0,0,933,101,406,385,0,0,3,0.933
1415,10.263,25.954,0.118,0.0,0.0,0.0,0.0,0.0,534.0,2616.0,0.595,0,6,0,8.419,8.349,252,240,2,12,24,12,0,1920,0,0,0,0,0,0,0,0,0,0,184,0,0,0,882,102,373,363,0,0,1,0.882
1416,10.327,25.954,0.118,0.0,0.0,0.0,0.0,0.0,534.0,2616.0,0.547,0,6,0,8.461,8.374,254,240,2,12,24,12,0,1920,0,0,0,0,0,0,0,0,0,0,184,0,0,0,917,125,375,373,0,0,2,0.917
1417,10.506,25.954,0.118,0.0,0.0,0.0,0.0,0.0,534.0,2616.0,0.701,0,6,0,8.71,8.636,253,240,2,12,24,12,0,1920,0,0,0,0,0,0,0,0,0,0,184,0,0,0,868,106,366,351,0,0,2,0.868
1418,10.294,25.954,0.118,0.0,0.0,0.0,0.0,0.0,534.0,2616.0,0.591,0,6,0,8.384,8.296,253,240,2,12,24,12,0,1920,0,0,0,0,0,0,0,0,0,0,184,0,0,0,880,107,361,368,0,0,2,0.88
1419,10.646,25.954,0.118,0.0,0.0,0.0,0.0,0.0,534.0,2616.0,0.59,0,6,0,8.719,8.644,253,240,2,12,24,12,0,1920,0,0,0,0,0,0,0,0,0,0,184,0,0,0,998,189,376,385,0,0,2,0.998
1420,10.457,25.954,0.118,0.0,0.0,0.0,0.0,0.0,534.0,2616.0,0.615,0,6,0,8.659,8.58,254,240,2,12,24,12,0,1920,0,0,0,0,0,0,0,0,0,0,184,0,0,0,909,104,395,369,0,0,2,0.909
1421,10.573,25.954,0.118,0.0,0.0,0.0,0.0,0.0,534.0,2616.0,0.635,0,6,0,8.637,8.564,252,240,2,12,24,12,0,1920,0,0,0,0,0,0,0,0,0,0,184,0,0,0,973,108,409,378,0,0,2,0.973
1422,20.837,25.954,0.118,0.0,0.0,0.0,0.0,0.0,534.0,2616.0,0.887,0,6,0,18.538,18.423,254,240,2,12,24,12,0,1920,0,0,0,0,0,0,0,0,0,0,184,0,0,0,1225,153,539,470,0,0,3,1.225
1423,15.168,25.954,0.118,0.0,0.0,0.0,0.0,0.0,534.0,2616.0,0.864,0,6,0,12.566,12.45,253,240,2,12,24,12,0,1920,0,0,0,0,0,0,0,0,0,0,184,0,0,0,1210,157,524,464,0,0,3,1.21
1424,16.066,25.954,0.118,0.0,0.0,0.0,0.0,0.0,534.0,2616.0,0.617,0,6,0,13.809,13.647,255,240,2,12,24,12,0,1920,0,0,0,0,0,0,0,0,0,0,184,0,0,0,943,114,400,379,0,0,1,0.943
1425,11.6,25.954,0.118,0.0,0.0,0.0,0.0,0.0,534.0,2616.0,0.657,0,6,0,9.553,9.467,252,240,2,12,24,12,0,1920,0,0,0,0,0,0,0,0,0,0,184,0,0,0,1013,116,414,432,0,0,2,1.013
1426,11.635,25.954,0.118,0.0,0.0,0.0,0.0,0.0,534.0,2616.0,0.606,0,6,0,9.601,9.514,253,240,2,12,24,12,0,1920,0,0,0,0,0,0,0,0,0,0,184,0,0,0,1017,111,470,386,0,0,1,1.017
1427,11.572,25.954,0.118,0.0,0.0,0.0,0.0,0.0,534.0,2616.0,0.646,0,6,0,9.591,9.513,252,240,2,12,24,12,0,1920,0,0,0,0,0,0,0,0,0,0,184,0,0,0,1020,112,473,385,0,0,3,1.02
1428,11.645,25.954,0.118,0.0,0.0,0.0,0.0,0.0,534.0,2616.0,0.652,0,6,0,9.665,9.58,253,240,2,12,24,12,0,1920,0,0,0,0,0,0,0,0,0,0,184,0,0,0,992,110,448,390,0,0,1,0.992
1429,11.753,25.954,0.118,0.0,0.0,0.0,0.0,0.0,534.0,2616.0,0.677,0,6,0,9.71,9.616,255,240,2,12,24,12,0,1920,0,0,0,0,0,0,0,0,0,0,184,0,0,0,965,120,398,399,0,0,2,0.965
1430,11.534,25.954,0.118,0.0,0.0,0.0,0.0,0.0,534.0,2616.0,0.634,0,6,0,9.566,9.456,253,240,2,12,24,12,0,1920,0,0,0,0,0,0,0,0,0,0,184,0,0,0,954,110,414,381,0,0,2,0.954
1431,11.287,25.954,0.118,0.0,0.0,0.0,0.0,0.0,534.0,2616.0,0.6,0,6,0,9.351,9.268,253,240,2,12,24,12,0,1920,0,0,0,0,0,0,0,0,0,0,184,0,0,0,929,111,397,376,0,0,2,0.929
1432,11.725,25.954,0.118,0.0,0.0,0.0,0.0,0.0,534.0,2616.0,0.632,0,6,0,9.821,9.738,253,240,2,12,24,12,0,1920,0,0,0,0,0,0,0,0,0,0,184,0,0,0,956,110,414,382,0,0,2,0.956
1433,11.567,25.954,0.118,0.0,0.0,0.0,0.0,0.0,534.0,2616.0,0.643,0,6,0,9.623,9.549,252,240,2,12,24,12,0,1920,0,0,0,0,0,0,0,0,0,0,184,0,0,0,975,109,438,383,0,0,3,0.975
1434,11.449,25.954,0.118,0.0,0.0,0.0,0.0,0.0,534.0,2616.0,0.639,0,6,0,9.478,9.359,254,240,2,12,24,12,0,1920,0,0,0,0,0,0,0,0,0,0,184,0,0,0,959,114,420,378,0,0,3,0.959
1435,11.319,25.954,0.118,0.0,0.0,0.0,0.0,0.0,534.0,2616.0,0.593,0,6,0,9.352,9.261,255,240,2,12,24,12,0,1920,0,0,0,0,0,0,0,0,0,0,184,0,0,0,990,111,446,382,0,0,3,0.99
1436,13.805,25.954,0.118,0.0,0.0,0.0,0.0,0.0,534.0,2616.0,0.841,0,6,0,9.515,9.442,252,240,2,12,24,12,0,1920,0,0,0,0,0,0,0,0,0,0,184,0,0,0,3364,152,2577,565,0,0,3,3.364
1437,12.203,25.954,0.118,0.0,0.0,0.0,0.0,0.0,534.0,2616.0,0.779,0,6,0,9.931,9.849,252,240,2,12,24,12,0,1920,0,0,0,0,0,0,0,0,0,0,184,0,0,0,974,114,422,389,0,0,3,0.974
1438,11.688,25.954,0.118,0.0,0.0,0.0,0.0,0.0,534.0,2616.0,0.671,0,6,0,9.569,9.434,254,240,2,12,24,12,0,1920,0,0,0,0,0,0,0,0,0,0,184,0,0,0,999,109,413,428,0,0,2,0.999
1439,11.195,25.954,0.118,0.0,0.0,0.0,0.0,0.0,534.0,2616.0,0.626,0,6,0,9.245,9.162,253,240,2,12,24,12,0,1920,0,0,0,0,0,0,0,0,0,0,184,0,0,0,907,108,381,374,0,0,1,0.907
1440,11.667,25.954,0.118,0.0,0.0,0.0,0.0,0.0,534.0,2616.0,0.716,0,6,0,9.437,9.366,252,240,2,12,24,12,0,1920,0,0,0,0,0,0,0,0,0,0,184,0,0,0,1274,179,523,492,0,0,3,1.274
1441,11.733,25.954,0.118,0.0,0.0,0.0,0.0,0.0,534.0,2616.0,0.611,0,6,0,9.633,9.546,254,240,2,12,24,12,0,1920,0,0,0,0,0,0,0,0,0,0,184,0,0,0,1011,158,427,378,0,0,2,1.011
1442,11.458,25.954,0.118,0.0,0.0,0.0,0.0,0.0,534.0,2616.0,0.638,0,6,0,9.387,9.305,253,240,2,12,24,12,0,1920,0,0,0,0,0,0,0,0,0,0,184,0,0,0,1102,135,441,472,0,0,3,1.102
1443,12.474,25.954,0.118,0.0,0.0,0.0,0.0,0.0,534.0,2616.0,0.574,0,6,0,10.507,10.421,253,240,2,12,24,12,0,1920,0,0,0,0,0,0,0,0,0,0,184,0,0,0,984,144,401,393,0,0,3,0.984
1444,11.265,25.954,0.118,0.0,0.0,0.0,0.0,0.0,534.0,2616.0,0.652,0,6,0,9.398,9.278,255,240,2,12,24,12,0,1920,0,0,0,0,0,0,0,0,0,0,184,0,0,0,968,113,410,395,0,0,3,0.968
1445,11.322,25.954,0.118,0.0,0.0,0.0,0.0,0.0,534.0,2616.0,0.697,0,6,0,9.28,9.21,252,240,2,12,24,12,0,1920,0,0,0,0,0,0,0,0,0,0,184,0,0,0,1070,108,514,389,0,0,2,1.07
1446,10.97,25.954,0.118,0.0,0.0,0.0,0.0,0.0,534.0,2616.0,0.628,0,6,0,9.002,8.928,252,240,2,12,24,12,0,1920,0,0,0,0,0,0,0,0,0,0,184,0,0,0,938,107,417,367,0,0,1,0.938
1447,11.918,25.954,0.118,0.0,0.0,0.0,0.0,0.0,534.0,2616.0,0.643,0,6,0,9.982,9.908,253,240,2,12,24,12,0,1920,0,0,0,0,0,0,0,0,0,0,184,0,0,0,989,114,429,395,0,0,2,0.989
1448,13.197,25.954,0.118,0.0,0.0,0.0,0.0,0.0,534.0,2616.0,0.789,0,6,0,11.199,11.118,253,240,2,12,24,12,0,1920,0,0,0,0,0,0,0,0,0,0,184,0,0,0,993,152,403,378,0,0,1,0.993
1449,13.564,25.954,0.118,0.0,0.0,0.0,0.0,0.0,534.0,2616.0,0.704,0,6,0,11.36,11.264,254,240,2,12,24,12,0,1920,0,0,0,0,0,0,0,0,0,0,184,0,0,0,994,120,433,382,0,0,3,0.994
1450,13.692,25.954,0.118,0.0,0.0,0.0,0.0,0.0,534.0,2616.0,0.927,0,6,0,11.57,11.369,254,240,2,12,24,12,0,1920,0,0,0,0,0,0,0,0,0,0,184,0,0,0,1012,123,441,395,0,0,3,1.012
1451,12.965,25.954,0.118,0.0,0.0,0.0,0.0,0.0,534.0,2616.0,0.675,0,6,0,10.574,10.452,252,240,2,12,24,12,0,1920,0,0,0,0,0,0,0,0,0,0,184,0,0,0,996,121,408,414,0,0,1,0.996
1452,15.561,25.954,0.118,0.0,0.0,0.0,0.0,0.0,534.0,2616.0,0.765,0,6,0,13.476,12.155,253,240,2,12,24,12,0,1920,0,0,0,0,0,0,0,0,0,0,184,0,0,0,1016,112,437,379,0,0,2,1.016
1453,16.182,25.954,0.118,0.0,0.0,0.0,0.0,0.0,534.0,2616.0,0.707,0,6,0,14.033,13.931,253,240,2,12,24,12,0,1920,0,0,0,0,0,0,0,0,0,0,184,0,0,0,998,161,410,374,0,0,3,0.998
1454,14.559,25.954,0.118,0.0,0.0,0.0,0.0,0.0,534.0,2616.0,2.034,0,6,0,10.955,10.869,252,240,2,12,24,12,0,1920,0,0,0,0,0,0,0,0,0,0,184,0,0,0,1885,134,809,843,0,0,6,1.885
1455,28.104,25.954,0.118,0.0,0.0,0.0,0.0,0.0,534.0,2616.0,1.22,0,6,0,23.182,22.976,254,240,2,12,24,12,0,1920,0,0,0,0,0,0,0,0,0,0,184,0,0,0,2007,242,871,738,0,0,6,2.007
1456,24.815,25.954,0.118,0.0,0.0,0.0,0.0,0.0,534.0,2616.0,1.397,0,6,0,20.899,20.68,254,240,2,12,24,12,0,1920,0,0,0,0,0,0,0,0,0,0,184,0,0,0,2004,224,800,873,0,0,5,2.004
1457,26.693,25.954,0.118,0.0,0.0,0.0,0.0,0.0,534.0,2616.0,1.362,0,6,0,22.612,22.461,252,240,2,12,24,12,0,1920,0,0,0,0,0,0,0,0,0,0,184,0,0,0,1924,263,851,702,0,0,5,1.924
1458,26.106,25.954,0.118,0.0,0.0,0.0,0.0,0.0,534.0,2616.0,1.469,0,6,0,22.002,21.821,255,240,2,12,24,12,0,1920,0,0,0,0,0,0,0,0,0,0,184,0,0,0,1973,252,801,770,0,0,7,1.973
1459,24.013,25.954,0.118,0.0,0.0,0.0,0.0,0.0,534.0,2616.0,1.192,0,6,0,20.009,19.773,253,240,2,12,24,12,0,1920,0,0,0,0,0,0,0,0,0,0,184,0,0,0,1725,224,786,617,0,0,4,1.725
1460,22.974,25.954,0.118,0.0,0.0,0.0,0.0,0.0,534.0,2616.0,1.612,0,6,0,18.96,18.83,252,240,2,12,24,12,0,1920,0,0,0,0,0,0,0,0,0,0,184,0,0,0,2224,312,945,847,0,0,7,2.224
1461,25.304,25.954,0.118,0.0,0.0,0.0,0.0,0.0,534.0,2616.0,1.277,0,6,0,20.802,20.6,253,240,2,12,24,12,0,1920,0,0,0,0,0,0,0,0,0,0,184,0,0,0,2037,220,883,833,0,0,6,2.037
1462,25.332,25.954,0.118,0.0,0.0,0.0,0.0,0.0,534.0,2616.0,1.655,0,6,0,20.937,20.637,255,240,2,12,24,12,0,1920,0,0,0,0,0,0,0,0,0,0,184,0,0,0,2210,250,893,924,0,0,6,2.21
1463,25.632,25.954,0.118,0.0,0.0,0.0,0.0,0.0,534.0,2616.0,1.365,0,6,0,21.107,20.936,252,240,2,12,24,12,0,1920,0,0,0,0,0,0,0,0,0,0,184,0,0,0,2072,268,848,844,0,0,6,2.072
1464,24.808,28.247,0.04,0.0,0.0,0.0,0.0,0.0,534.0,2616.0,1.94,0,6,0,21.278,21.128,252,240,2,12,24,12,0,1920,0,0,0,0,0,0,0,0,0,0,184,0,0,0,1454,173,610,581,0,0,6,1.454
1465,24.673,28.247,0.04,0.0,0.0,0.0,0.0,0.0,534.0,2616.0,1.212,0,6,0,20.443,20.248,254,240,2,12,24,12,0,1920,0,0,0,0,0,0,0,0,0,0,184,0,0,0,1514,199,590,644,0,0,5,1.514
1466,23.809,28.247,0.04,0.0,0.0,0.0,0.0,0.0,534.0,2616.0,1.896,0,6,0,19.948,19.806,252,240,2,12,24,12,0,1920,0,0,0,0,0,0,0,0,0,0,184,0,0,0,1621,197,672,553,0,0,3,1.621
1467,15.774,28.247,0.04,0.0,0.0,0.0,0.0,0.0,534.0,2616.0,0.828,0,6,0,12.176,12.06,253,240,2,12,24,12,0,1920,0,0,0,0,0,0,0,0,0,0,184,0,0,0,1176,113,595,407,0,0,3,1.176
1468,14.067,28.247,0.04,0.0,0.0,0.0,0.0,0.0,534.0,2616.0,0.821,0,6,0,11.685,11.579,253,240,2,12,24,12,0,1920,0,0,0,0,0,0,0,0,0,0,184,0,0,0,1087,128,466,437,0,0,3,1.087
1469,13.932,28.247,0.04,0.0,0.0,0.0,0.0,0.0,534.0,2616.0,0.77,0,6,0,11.438,11.298,253,240,2,12,24,12,0,1920,0,0,0,0,0,0,0,0,0,0,184,0,0,0,1072,136,440,416,0,0,2,1.072
1470,18.274,28.247,0.04,0.0,0.0,0.0,0.0,0.0,534.0,2616.0,0.933,0,6,0,15.647,15.554,252,240,2,12,24,12,0,1920,0,0,0,0,0,0,0,0,0,0,184,0,0,0,1368,170,567,560,0,0,3,1.368
1471,18.008,28.247,0.04,0.0,0.0,0.0,0.0,0.0,534.0,2616.0,1.03,0,6,0,14.98,14.763,254,240,2,12,24,12,0,1920,0,0,0,0,0,0,0,0,0,0,184,0,0,0,1442,180,621,560,0,0,4,1.442
1472,17.97,28.247,0.04,0.0,0.0,0.0,0.0,0.0,534.0,2616.0,1.046,0,6,0,14.926,14.705,253,240,2,12,24,12,0,1920,0,0,0,0,0,0,0,0,0,0,184,0,0,0,1393,169,617,535,0,0,3,1.393
1473,17.68,28.247,0.04,0.0,0.0,0.0,0.0,0.0,534.0,2616.0,1.037,0,6,0,14.608,14.433,253,240,2,12,24,12,0,1920,0,0,0,0,0,0,0,0,0,0,184,0,0,0,1453,199,602,550,0,0,29,1.453
1474,17.642,28.247,0.04,0.0,0.0,0.0,0.0,0.0,534.0,2616.0,1.044,0,6,0,14.552,14.416,253,240,2,12,24,12,0,1920,0,0,0,0,0,0,0,0,0,0,184,0,0,0,1437,168,634,562,0,0,3,1.437
1475,17.566,28.247,0.04,0.0,0.0,0.0,0.0,0.0,534.0,2616.0,1.046,0,6,0,14.565,14.441,252,240,2,12,24,12,0,1920,0,0,0,0,0,0,0,0,0,0,184,0,0,0,1321,201,548,498,0,0,4,1.321
1476,17.642,28.247,0.04,0.0,0.0,0.0,0.0,0.0,534.0,2616.0,1.033,0,6,0,14.549,14.423,252,240,2,12,24,12,0,1920,0,0,0,0,0,0,0,0,0,0,184,0,0,0,1466,173,612,593,0,0,3,1.466
1477,17.69,28.247,0.04,0.0,0.0,0.0,0.0,0.0,534.0,2616.0,0.977,0,6,0,14.708,14.565,254,240,2,12,24,12,0,1920,0,0,0,0,0,0,0,0,0,0,184,0,0,0,1365,167,571,559,0,0,3,1.365
1478,17.461,28.247,0.04,0.0,0.0,0.0,0.0,0.0,534.0,2616.0,1.193,0,6,0,14.416,14.275,253,240,2,12,24,12,0,1920,0,0,0,0,0,0,0,0,0,0,184,0,0,0,1460,221,578,582,0,0,4,1.46
1479,18.349,28.247,0.04,0.0,0.0,0.0,0.0,0.0,534.0,2616.0,1.061,0,6,0,15.275,15.136,252,240,2,12,24,12,0,1920,0,0,0,0,0,0,0,0,0,0,184,0,0,0,1332,164,550,553,0,0,3,1.332
1480,17.325,28.247,0.04,0.0,0.0,0.0,0.0,0.0,534.0,2616.0,1.176,0,6,0,14.036,13.869,254,240,2,12,24,12,0,1920,0,0,0,0,0,0,0,0,0,0,184,0,0,0,1628,217,685,647,0,0,3,1.628
1481,17.173,28.247,0.04,0.0,0.0,0.0,0.0,0.0,534.0,2616.0,1.071,0,6,0,13.779,13.65,252,240,2,12,24,12,0,1920,0,0,0,0,0,0,0,0,0,0,184,0,0,0,1632,203,721,627,0,0,4,1.632
1482,18.613,28.247,0.04,0.0,0.0,0.0,0.0,0.0,534.0,2616.0,1.269,0,6,0,15.56,15.421,253,240,2,12,24,12,0,1920,0,0,0,0,0,0,0,0,0,0,184,0,0,0,1399,172,604,540,0,0,4,1.399
1483,17.453,28.247,0.04,0.0,0.0,0.0,0.0,0.0,534.0,2616.0,0.976,0,6,0,14.225,14.063,254,240,2,12,24,12,0,1920,0,0,0,0,0,0,0,0,0,0,184,0,0,0,1299,181,550,497,0,0,4,1.299
1484,16.243,28.247,0.04,0.0,0.0,0.0,0.0,0.0,534.0,2616.0,0.979,0,6,0,13.44,13.33,252,240,2,12,24,12,0,1920,0,0,0,0,0,0,0,0,0,0,184,0,0,0,1205,202,490,439,0,0,4,1.205
1485,16.502,28.247,0.04,0.0,0.0,0.0,0.0,0.0,534.0,2616.0,0.869,0,6,0,13.583,13.476,252,240,2,12,24,12,0,1920,0,0,0,0,0,0,0,0,0,0,184,0,0,0,1345,170,600,510,0,0,2,1.345
1486,17.633,28.247,0.04,0.0,0.0,0.0,0.0,0.0,534.0,2616.0,1.064,0,6,0,14.726,14.598,253,240,2,12,24,12,0,1920,0,0,0,0,0,0,0,0,0,0,184,0,0,0,1397,171,605,542,0,0,3,1.397
1487,17.685,28.247,0.04,0.0,0.0,0.0,0.0,0.0,534.0,2616.0,1.002,0,6,0,14.603,14.426,252,240,2,12,24,12,0,1920,0,0,0,0,0,0,0,0,0,0,184,0,0,0,1486,199,638,574,0,0,3,1.486
1488,17.149,28.247,0.04,0.0,0.0,0.0,0.0,0.0,534.0,2616.0,0.964,0,6,0,14.229,14.113,252,240,2,12,24,12,0,1920,0,0,0,0,0,0,0,0,0,0,184,0,0,0,1314,168,540,502,0,0,3,1.314
1489,16.138,28.247,0.04,0.0,0.0,0.0,0.0,0.0,534.0,2616.0,0.955,0,6,0,13.287,13.152,254,240,2,12,24,12,0,1920,0,0,0,0,0,0,0,0,0,0,184,0,0,0,1320,183,540,531,0,0,3,1.32
1490,16.07,28.247,0.04,0.0,0.0,0.0,0.0,0.0,534.0,2616.0,0.978,0,6,0,13.272,13.144,253,240,2,12,24,12,0,1920,0,0,0,0,0,0,0,0,0,0,184,0,0,0,1315,164,536,538,0,0,3,1.315
1491,16.474,28.247,0.04,0.0,0.0,0.0,0.0,0.0,534.0,2616.0,0.981,0,6,0,13.686,13.531,253,240,2,12,24,12,0,1920,0,0,0,0,0,0,0,0,0,0,184,0,0,0,1339,151,546,546,0,0,3,1.339
1492,15.999,28.247,0.04,0.0,0.0,0.0,0.0,0.0,534.0,2616.0,0.959,0,6,0,13.171,13.047,253,240,2,12,24,12,0,1920,0,0,0,0,0,0,0,0,0,0,184,0,0,0,1297,183,521,517,0,0,4,1.297
1493,15.838,28.247,0.04,0.0,0.0,0.0,0.0,0.0,534.0,2616.0,0.886,0,6,0,13.113,12.966,252,240,2,12,24,12,0,1920,0,0,0,0,0,0,0,0,0,0,184,0,0,0,1266,150,534,518,0,0,2,1.266
1494,16.296,28.247,0.04,0.0,0.0,0.0,0.0,0.0,534.0,2616.0,0.953,0,6,0,13.526,13.398,253,240,2,12,24,12,0,1920,0,0,0,0,0,0,0,0,0,0,184,0,0,0,1340,185,578,507,0,0,3,1.34
1495,16.205,28.247,0.04,0.0,0.0,0.0,0.0,0.0,534.0,2616.0,1.028,0,6,0,13.395,13.277,253,240,2,12,24,12,0,1920,0,0,0,0,0,0,0,0,0,0,184,0,0,0,1291,178,547,502,0,0,2,1.291
1496,16.298,28.247,0.04,0.0,0.0,0.0,0.0,0.0,534.0,2616.0,0.999,0,6,0,13.52,13.396,253,240,2,12,24,12,0,1920,0,0,0,0,0,0,0,0,0,0,184,0,0,0,1240,145,505,513,0,0,4,1.24
1497,16.615,28.247,0.04,0.0,0.0,0.0,0.0,0.0,534.0,2616.0,0.973,0,6,0,13.612,13.495,252,240,2,12,24,12,0,1920,0,0,0,0,0,0,0,0,0,0,184,0,0,0,1425,163,623,559,0,0,4,1.425
1498,16.443,28.247,0.04,0.0,0.0,0.0,0.0,0.0,534.0,2616.0,0.879,0,6,0,13.566,13.439,254,240,2,12,24,12,0,1920,0,0,0,0,0,0,0,0,0,0,184,0,0,0,1260,179,551,467,0,0,4,1.26
1499,16.141,28.247,0.04,0.0,0.0,0.0,0.0,0.0,534.0,2616.0,0.903,0,6,0,13.39,13.245,252,240,2,12,24,12,0,1920,0,0,0,0,0,0,0,0,0,0,184,0,0,0,1356,159,588,535,0,0,3,1.356
1500,16.444,28.247,0.04,0.0,0.0,0.0,0.0,0.0,534.0,2616.0,0.991,0,6,0,13.681,13.556,252,240,2,12,24,12,0,1920,0,0,0,0,0,0,0,0,0,0,184,0,0,0,1293,157,585,482,0,0,3,1.293
1501,16.301,28.247,0.04,0.0,0.0,0.0,0.0,0.0,534.0,2616.0,1.007,0,6,0,13.394,13.259,253,240,2,12,24,12,0,1920,0,0,0,0,0,0,0,0,0,0,184,0,0,0,1325,172,577,509,0,0,3,1.325
1502,16.639,28.247,0.04,0.0,0.0,0.0,0.0,0.0,534.0,2616.0,0.99,0,6,0,13.805,13.654,252,240,2,12,24,12,0,1920,0,0,0,0,0,0,0,0,0,0,184,0,0,0,1306,165,569,509,0,0,3,1.306
1503,16.389,28.247,0.04,0.0,0.0,0.0,0.0,0.0,534.0,2616.0,1.004,0,6,0,13.574,13.452,253,240,2,12,24,12,0,1920,0,0,0,0,0,0,0,0,0,0,184,0,0,0,1312,152,537,514,0,0,3,1.312
1504,17.13,28.247,0.04,0.0,0.0,0.0,0.0,0.0,534.0,2616.0,1.073,0,6,0,14.287,14.122,255,240,2,12,24,12,0,1920,0,0,0,0,0,0,0,0,0,0,184,0,0,0,1331,152,556,553,0,0,3,1.331
1505,16.875,28.247,0.04,0.0,0.0,0.0,0.0,0.0,534.0,2616.0,0.909,0,6,0,13.856,13.738,252,240,2,12,24,12,0,1920,0,0,0,0,0,0,0,0,0,0,184,0,0,0,1334,170,564,530,0,0,4,1.334
1506,17.054,28.247,0.04,0.0,0.0,0.0,0.0,0.0,534.0,2616.0,0.795,0,6,0,14.275,14.108,252,240,2,12,24,12,0,1920,0,0,0,0,0,0,0,0,0,0,184,0,0,0,1050,135,458,401,0,0,3,1.05
1507,12.278,28.247,0.04,0.0,0.0,0.0,0.0,0.0,534.0,2616.0,0.704,0,6,0,9.903,9.801,253,240,2,12,24,12,0,1920,0,0,0,0,0,0,0,0,0,0,184,0,0,0,1119,144,446,465,0,0,2,1.119
1508,13.195,28.247,0.04,0.0,0.0,0.0,0.0,0.0,534.0,2616.0,0.797,0,6,0,10.865,10.743,252,240,2,12,24,12,0,1920,0,0,0,0,0,0,0,0,0,0,184,0,0,0,1091,144,452,438,0,0,3,1.091
1509,12.847,28.247,0.04,0.0,0.0,0.0,0.0,0.0,534.0,2616.0,0.716,0,6,0,10.588,10.446,252,240,2,12,24,12,0,1920,0,0,0,0,0,0,0,0,0,0,184,0,0,0,968,116,406,396,0,0,1,0.968
1510,17.541,28.247,0.04,0.0,0.0,0.0,0.0,0.0,534.0,2616.0,1.582,0,6,0,15.41,14.18,256,240,2,12,24,12,0,1920,0,0,0,0,0,0,0,0,0,0,184,0,0,0,985,114,406,415,0,0,2,0.985
1511,13.598,28.247,0.04,0.0,0.0,0.0,0.0,0.0,534.0,2616.0,0.728,0,6,0,10.467,10.378,252,240,2,12,24,12,0,1920,0,0,0,0,0,0,0,0,0,0,184,0,0,0,1085,139,482,404,0,0,3,1.085
1512,12.575,28.247,0.04,0.0,0.0,0.0,0.0,0.0,534.0,2616.0,0.8,0,6,0,10.486,10.336,252,240,2,12,24,12,0,1920,0,0,0,0,0,0,0,0,0,0,184,0,0,0,986,150,408,380,0,0,1,0.986
1513,12.022,28.247,0.04,0.0,0.0,0.0,0.0,0.0,534.0,2616.0,0.753,0,6,0,9.834,9.738,253,240,2,12,24,12,0,1920,0,0,0,0,0,0,0,0,0,0,184,0,0,0,950,125,402,372,0,0,1,0.95
1514,11.683,28.247,0.04,0.0,0.0,0.0,0.0,0.0,534.0,2616.0,0.634,0,6,0,9.621,9.538,252,240,2,12,24,12,0,1920,0,0,0,0,0,0,0,0,0,0,184,0,0,0,961,110,425,381,0,0,3,0.961
1515,11.399,28.247,0.04,0.0,0.0,0.0,0.0,0.0,534.0,2616.0,0.632,0,6,0,9.384,9.3,252,240,2,12,24,12,0,1920,0,0,0,0,0,0,0,0,0,0,184,0,0,0,946,119,410,370,0,0,2,0.946
1516,11.281,28.247,0.04,0.0,0.0,0.0,0.0,0.0,534.0,2616.0,0.699,0,6,0,9.323,9.222,255,240,2,12,24,12,0,1920,0,0,0,0,0,0,0,0,0,0,184,0,0,0,966,115,417,378,0,0,2,0.966
1517,11.339,28.247,0.04,0.0,0.0,0.0,0.0,0.0,534.0,2616.0,0.689,0,6,0,9.327,9.241,253,240,2,12,24,12,0,1920,0,0,0,0,0,0,0,0,0,0,184,0,0,0,950,122,386,392,0,0,3,0.95
1518,11.475,28.247,0.04,0.0,0.0,0.0,0.0,0.0,534.0,2616.0,0.997,0,6,0,9.34,9.26,252,240,2,12,24,12,0,1920,0,0,0,0,0,0,0,0,0,0,184,0,0,0,993,113,415,419,0,0,3,0.993
1519,18.608,28.247,0.04,0.0,0.0,0.0,0.0,0.0,534.0,2616.0,1.123,0,6,0,15.635,15.544,253,240,2,12,24,12,0,1920,0,0,0,0,0,0,0,0,0,0,184,0,0,0,1445,320,543,504,0,0,4,1.445
1520,17.294,28.247,0.04,0.0,0.0,0.0,0.0,0.0,534.0,2616.0,0.785,0,6,0,11.068,10.962,252,240,2,12,24,12,0,1920,0,0,0,0,0,0,0,0,0,0,184,0,0,0,2626,141,574,1600,0,0,7,2.626
1521,13.575,28.247,0.04,0.0,0.0,0.0,0.0,0.0,534.0,2616.0,1.022,0,6,0,11.284,11.153,252,240,2,12,24,12,0,1920,0,0,0,0,0,0,0,0,0,0,184,0,0,0,1053,126,426,443,0,0,3,1.053
1522,16.876,28.247,0.04,0.0,0.0,0.0,0.0,0.0,534.0,2616.0,0.75,0,6,0,11.607,11.44,255,240,2,12,24,12,0,1920,0,0,0,0,0,0,0,0,0,0,184,0,0,0,3750,177,3074,415,0,0,3,3.75
1523,12.459,28.247,0.04,0.0,0.0,0.0,0.0,0.0,534.0,2616.0,0.753,0,6,0,10.273,10.182,253,240,2,12,24,12,0,1920,0,0,0,0,0,0,0,0,0,0,184,0,0,0,990,151,414,375,0,0,3,0.99
1524,13.593,24.481,0.054,0.0,0.0,0.0,0.0,0.0,534.0,2616.0,0.862,0,6,0,10.516,10.425,253,240,2,12,24,12,0,1920,0,0,0,0,0,0,0,0,0,0,184,0,0,0,1927,147,551,1144,0,0,3,1.927
1525,13.492,24.481,0.054,0.0,0.0,0.0,0.0,0.0,534.0,2616.0,0.698,0,6,0,11.099,10.983,253,240,2,12,24,12,0,1920,0,0,0,0,0,0,0,0,0,0,184,0,0,0,1088,164,436,425,0,0,2,1.088
1526,13.473,24.481,0.054,0.0,0.0,0.0,0.0,0.0,534.0,2616.0,0.775,0,6,0,10.939,10.814,252,240,2,12,24,12,0,1920,0,0,0,0,0,0,0,0,0,0,184,0,0,0,1317,175,578,494,0,0,3,1.317
1527,13.574,24.481,0.054,0.0,0.0,0.0,0.0,0.0,534.0,2616.0,0.629,0,6,0,11.34,11.249,252,240,2,12,24,12,0,1920,0,0,0,0,0,0,0,0,0,0,184,0,0,0,1010,127,433,395,0,0,1,1.01
1528,12.47,24.481,0.054,0.0,0.0,0.0,0.0,0.0,534.0,2616.0,0.778,0,6,0,10.424,10.324,254,240,2,12,24,12,0,1920,0,0,0,0,0,0,0,0,0,0,184,0,0,0,1011,133,436,392,0,0,3,1.011
1529,12.357,24.481,0.054,0.0,0.0,0.0,0.0,0.0,534.0,2616.0,0.812,0,6,0,10.145,10.052,253,240,2,12,24,12,0,1920,0,0,0,0,0,0,0,0,0,0,184,0,0,0,1032,120,451,409,0,0,2,1.032
1530,12.327,24.481,0.054,0.0,0.0,0.0,0.0,0.0,534.0,2616.0,0.695,0,6,0,10.056,9.957,254,240,2,12,24,12,0,1920,0,0,0,0,0,0,0,0,0,0,184,0,0,0,1025,125,427,417,0,0,3,1.025
1531,11.988,24.481,0.054,0.0,0.0,0.0,0.0,0.0,534.0,2616.0,0.671,0,6,0,9.796,9.689,253,240,2,12,24,12,0,1920,0,0,0,0,0,0,0,0,0,0,184,0,0,0,1052,126,469,405,0,0,3,1.052
1532,12.575,24.481,0.054,0.0,0.0,0.0,0.0,0.0,534.0,2616.0,0.718,0,6,0,10.512,10.425,252,240,2,12,24,12,0,1920,0,0,0,0,0,0,0,0,0,0,184,0,0,0,973,116,421,385,0,0,2,0.973
1533,12.902,24.481,0.054,0.0,0.0,0.0,0.0,0.0,534.0,2616.0,0.763,0,6,0,10.659,10.573,252,240,2,12,24,12,0,1920,0,0,0,0,0,0,0,0,0,0,184,0,0,0,1131,134,469,471,0,0,3,1.131
1534,12.096,24.481,0.054,0.0,0.0,0.0,0.0,0.0,534.0,2616.0,0.727,0,6,0,9.882,9.778,254,240,2,12,24,12,0,1920,0,0,0,0,0,0,0,0,0,0,184,0,0,0,1078,163,454,408,0,0,2,1.078
1535,12.121,24.481,0.054,0.0,0.0,0.0,0.0,0.0,534.0,2616.0,0.701,0,6,0,9.996,9.911,252,240,2,12,24,12,0,1920,0,0,0,0,0,0,0,0,0,0,184,0,0,0,1026,117,440,413,0,0,1,1.026
1536,11.838,24.481,0.054,0.0,0.0,0.0,0.0,0.0,534.0,2616.0,0.644,0,6,0,9.723,9.625,254,240,2,12,24,12,0,1920,0,0,0,0,0,0,0,0,0,0,184,0,0,0,1035,117,412,451,0,0,1,1.035
1537,12.494,24.481,0.054,0.0,0.0,0.0,0.0,0.0,534.0,2616.0,0.642,0,6,0,10.304,10.199,254,240,2,12,24,12,0,1920,0,0,0,0,0,0,0,0,0,0,184,0,0,0,1142,126,502,451,0,0,3,1.142
1538,12.322,24.481,0.054,0.0,0.0,0.0,0.0,0.0,534.0,2616.0,0.729,0,6,0,10.22,10.118,252,240,2,12,24,12,0,1920,0,0,0,0,0,0,0,0,0,0,184,0,0,0,989,119,400,419,0,0,3,0.989
1539,13.748,24.481,0.054,0.0,0.0,0.0,0.0,0.0,534.0,2616.0,0.888,0,6,0,11.371,11.263,252,240,2,12,24,12,0,1920,0,0,0,0,0,0,0,0,0,0,184,0,0,0,1177,145,474,492,0,0,2,1.177
1540,13.828,24.481,0.054,0.0,0.0,0.0,0.0,0.0,534.0,2616.0,0.711,0,6,0,11.303,11.167,254,240,2,12,24,12,0,1920,0,0,0,0,0,0,0,0,0,0,184,0,0,0,1230,163,528,470,0,0,3,1.23
1541,13.717,24.481,0.054,0.0,0.0,0.0,0.0,0.0,534.0,2616.0,0.748,0,6,0,11.481,11.349,252,240,2,12,24,12,0,1920,0,0,0,0,0,0,0,0,0,0,184,0,0,0,1139,141,514,426,0,0,3,1.139
1542,14.357,24.481,0.054,0.0,0.0,0.0,0.0,0.0,534.0,2616.0,0.716,0,6,0,12.05,11.939,254,240,2,12,24,12,0,1920,0,0,0,0,0,0,0,0,0,0,184,0,0,0,1104,131,467,447,0,0,3,1.104
1543,14.816,24.481,0.054,0.0,0.0,0.0,0.0,0.0,534.0,2616.0,0.819,0,6,0,12.224,12.126,253,240,2,12,24,12,0,1920,0,0,0,0,0,0,0,0,0,0,184,0,0,0,1468,152,703,547,0,0,8,1.468
1544,18.931,24.481,0.054,0.0,0.0,0.0,0.0,0.0,534.0,2616.0,0.737,0,6,0,16.074,15.921,252,240,2,12,24,12,0,1920,0,0,0,0,0,0,0,0,0,0,184,0,0,0,1637,128,1030,422,0,0,4,1.637
1545,15.484,24.481,0.054,0.0,0.0,0.0,0.0,0.0,534.0,2616.0,0.663,0,6,0,13.316,13.21,253,240,2,12,24,12,0,1920,0,0,0,0,0,0,0,0,0,0,184,0,0,0,1000,156,408,381,0,0,2,1.0
1546,18.628,24.481,0.054,0.0,0.0,0.0,0.0,0.0,534.0,2616.0,0.743,0,6,0,16.418,16.312,255,240,2,12,24,12,0,1920,0,0,0,0,0,0,0,0,0,0,184,0,0,0,1148,149,459,431,0,0,3,1.148
1547,13.803,24.481,0.054,0.0,0.0,0.0,0.0,0.0,534.0,2616.0,0.728,0,6,0,11.218,11.1,252,240,2,12,24,12,0,1920,0,0,0,0,0,0,0,0,0,0,184,0,0,0,1472,159,461,771,0,0,6,1.472
1548,12.623,24.481,0.054,0.0,0.0,0.0,0.0,0.0,534.0,2616.0,0.939,0,6,0,10.375,10.262,254,240,2,12,24,12,0,1920,0,0,0,0,0,0,0,0,0,0,184,0,0,0,1100,121,485,396,0,0,3,1.1
1549,13.851,24.481,0.054,0.0,0.0,0.0,0.0,0.0,534.0,2616.0,0.761,0,6,0,11.382,11.286,253,240,2,12,24,12,0,1920,0,0,0,0,0,0,0,0,0,0,184,0,0,0,1065,169,425,396,0,0,2,1.065
1550,13.125,24.481,0.054,0.0,0.0,0.0,0.0,0.0,534.0,2616.0,0.751,0,6,0,10.873,10.793,252,240,2,12,24,12,0,1920,0,0,0,0,0,0,0,0,0,0,184,0,0,0,1032,153,403,425,0,0,2,1.032
1551,12.784,24.481,0.054,0.0,0.0,0.0,0.0,0.0,534.0,2616.0,0.669,0,6,0,10.533,10.442,253,240,2,12,24,12,0,1920,0,0,0,0,0,0,0,0,0,0,184,0,0,0,1069,126,429,454,0,0,3,1.069
1552,12.754,24.481,0.054,0.0,0.0,0.0,0.0,0.0,534.0,2616.0,0.715,0,6,0,10.586,10.481,253,240,2,12,24,12,0,1920,0,0,0,0,0,0,0,0,0,0,184,0,0,0,1101,158,428,450,0,0,4,1.101
1553,14.336,24.481,0.054,0.0,0.0,0.0,0.0,0.0,534.0,2616.0,0.973,0,6,0,12.213,12.033,255,240,2,12,24,12,0,1920,0,0,0,0,0,0,0,0,0,0,184,0,0,0,969,114,400,403,0,0,2,0.969
1554,13.769,24.481,0.054,0.0,0.0,0.0,0.0,0.0,534.0,2616.0,0.811,0,6,0,11.311,11.223,253,240,2,12,24,12,0,1920,0,0,0,0,0,0,0,0,0,0,184,0,0,0,1055,142,452,397,0,0,3,1.055
1555,14.059,24.481,0.054,0.0,0.0,0.0,0.0,0.0,534.0,2616.0,0.788,0,6,0,11.614,11.48,254,240,2,12,24,12,0,1920,0,0,0,0,0,0,0,0,0,0,184,0,0,0,1205,178,518,447,0,0,3,1.205
1556,13.551,24.481,0.054,0.0,0.0,0.0,0.0,0.0,534.0,2616.0,0.799,0,6,0,11.261,11.177,252,240,2,12,24,12,0,1920,0,0,0,0,0,0,0,0,0,0,184,0,0,0,1016,128,440,395,0,0,2,1.016
1557,13.35,24.481,0.054,0.0,0.0,0.0,0.0,0.0,534.0,2616.0,0.688,0,6,0,11.038,10.934,252,240,2,12,24,12,0,1920,0,0,0,0,0,0,0,0,0,0,184,0,0,0,1127,150,496,430,0,0,2,1.127
1558,17.464,24.481,0.054,0.0,0.0,0.0,0.0,0.0,534.0,2616.0,0.991,0,6,0,14.904,14.814,253,240,2,12,24,12,0,1920,0,0,0,0,0,0,0,0,0,0,184,0,0,0,1372,161,605,535,0,0,3,1.372
1559,16.178,24.481,0.054,0.0,0.0,0.0,0.0,0.0,534.0,2616.0,0.961,0,6,0,13.342,13.211,254,240,2,12,24,12,0,1920,0,0,0,0,0,0,0,0,0,0,184,0,0,0,1333,174,539,547,0,0,4,1.333
1560,15.982,24.481,0.054,0.0,0.0,0.0,0.0,0.0,534.0,2616.0,0.96,0,6,0,13.094,12.983,252,240,2,12,24,12,0,1920,0,0,0,0,0,0,0,0,0,0,184,0,0,0,1391,192,550,581,0,0,4,1.391
1561,15.997,24.481,0.054,0.0,0.0,0.0,0.0,0.0,534.0,2616.0,0.94,0,6,0,13.257,13.125,254,240,2,12,24,12,0,1920,0,0,0,0,0,0,0,0,0,0,184,0,0,0,1317,162,574,519,0,0,4,1.317
1562,16.119,24.481,0.054,0.0,0.0,0.0,0.0,0.0,534.0,2616.0,0.941,0,6,0,13.317,13.206,252,240,2,12,24,12,0,1920,0,0,0,0,0,0,0,0,0,0,184,0,0,0,1332,164,559,514,0,0,3,1.332
1563,16.266,24.481,0.054,0.0,0.0,0.0,0.0,0.0,534.0,2616.0,0.878,0,6,0,13.469,13.318,253,240,2,12,24,12,0,1920,0,0,0,0,0,0,0,0,0,0,184,0,0,0,1353,164,595,523,0,0,3,1.353
1564,16.51,24.481,0.054,0.0,0.0,0.0,0.0,0.0,534.0,2616.0,1.038,0,6,0,13.675,13.513,254,240,2,12,24,12,0,1920,0,0,0,0,0,0,0,0,0,0,184,0,0,0,1369,169,590,536,0,0,3,1.369
1565,16.336,24.481,0.054,0.0,0.0,0.0,0.0,0.0,534.0,2616.0,0.981,0,6,0,13.449,13.316,254,240,2,12,24,12,0,1920,0,0,0,0,0,0,0,0,0,0,184,0,0,0,1384,159,604,554,0,0,2,1.384
1566,17.6,24.481,0.054,0.0,0.0,0.0,0.0,0.0,534.0,2616.0,0.959,0,6,0,14.649,13.17,253,240,2,12,24,12,0,1920,0,0,0,0,0,0,0,0,0,0,184,0,0,0,1378,167,577,557,0,0,3,1.378
1567,16.242,24.481,0.054,0.0,0.0,0.0,0.0,0.0,534.0,2616.0,0.971,0,6,0,13.393,13.28,252,240,2,12,24,12,0,1920,0,0,0,0,0,0,0,0,0,0,184,0,0,0,1333,165,551,548,0,0,3,1.333
1568,16.309,24.481,0.054,0.0,0.0,0.0,0.0,0.0,534.0,2616.0,0.87,0,6,0,13.439,13.307,252,240,2,12,24,12,0,1920,0,0,0,0,0,0,0,0,0,0,184,0,0,0,1356,166,595,521,0,0,3,1.356
1569,16.04,24.481,0.054,0.0,0.0,0.0,0.0,0.0,534.0,2616.0,0.916,0,6,0,13.311,13.168,255,240,2,12,24,12,0,1920,0,0,0,0,0,0,0,0,0,0,184,0,0,0,1357,165,559,562,0,0,2,1.357
1570,16.215,24.481,0.054,0.0,0.0,0.0,0.0,0.0,534.0,2616.0,0.949,0,6,0,13.303,13.19,252,240,2,12,24,12,0,1920,0,0,0,0,0,0,0,0,0,0,184,0,0,0,1506,172,663,601,0,0,4,1.506
1571,16.241,24.481,0.054,0.0,0.0,0.0,0.0,0.0,534.0,2616.0,0.976,0,6,0,13.324,13.201,253,240,2,12,24,12,0,1920,0,0,0,0,0,0,0,0,0,0,184,0,0,0,1449,180,638,560,0,0,3,1.449
1572,16.484,24.481,0.054,0.0,0.0,0.0,0.0,0.0,534.0,2616.0,0.873,0,6,0,13.625,13.512,252,240,2,12,24,12,0,1920,0,0,0,0,0,0,0,0,0,0,184,0,0,0,1393,167,554,602,0,0,3,1.393
1573,16.247,24.481,0.054,0.0,0.0,0.0,0.0,0.0,534.0,2616.0,0.982,0,6,0,13.531,13.384,254,240,2,12,24,12,0,1920,0,0,0,0,0,0,0,0,0,0,184,0,0,0,1323,159,535,522,0,0,3,1.323
1574,16.028,24.481,0.054,0.0,0.0,0.0,0.0,0.0,534.0,2616.0,0.987,0,6,0,13.148,13.02,253,240,2,12,24,12,0,1920,0,0,0,0,0,0,0,0,0,0,184,0,0,0,1357,186,574,525,0,0,3,1.357
1575,15.945,24.481,0.054,0.0,0.0,0.0,0.0,0.0,534.0,2616.0,0.967,0,6,0,13.144,13.03,252,240,2,12,24,12,0,1920,0,0,0,0,0,0,0,0,0,0,184,0,0,0,1250,157,520,500,0,0,3,1.25
1576,14.404,24.481,0.054,0.0,0.0,0.0,0.0,0.0,534.0,2616.0,0.718,0,6,0,11.979,11.859,252,240,2,12,24,12,0,1920,0,0,0,0,0,0,0,0,0,0,184,0,0,0,973,117,400,407,0,0,2,0.973
1577,11.823,24.481,0.054,0.0,0.0,0.0,0.0,0.0,534.0,2616.0,0.819,0,6,0,9.705,9.605,255,240,2,12,24,12,0,1920,0,0,0,0,0,0,0,0,0,0,184,0,0,0,970,114,430,378,0,0,3,0.97
1578,12.973,24.481,0.054,0.0,0.0,0.0,0.0,0.0,534.0,2616.0,0.709,0,6,0,10.545,10.428,253,240,2,12,24,12,0,1920,0,0,0,0,0,0,0,0,0,0,184,0,0,0,1192,108,470,564,0,0,2,1.192
1579,11.964,24.481,0.054,0.0,0.0,0.0,0.0,0.0,534.0,2616.0,0.652,0,6,0,9.896,9.813,252,240,2,12,24,12,0,1920,0,0,0,0,0,0,0,0,0,0,184,0,0,0,982,147,405,377,0,0,2,0.982
1580,11.887,24.481,0.054,0.0,0.0,0.0,0.0,0.0,534.0,2616.0,0.697,0,6,0,9.852,9.771,252,240,2,12,24,12,0,1920,0,0,0,0,0,0,0,0,0,0,184,0,0,0,1012,115,454,393,0,0,1,1.012
1581,12.009,24.481,0.054,0.0,0.0,0.0,0.0,0.0,534.0,2616.0,0.672,0,6,0,9.972,9.882,253,240,2,12,24,12,0,1920,0,0,0,0,0,0,0,0,0,0,184,0,0,0,995,107,420,421,0,0,2,0.995
1582,13.004,24.481,0.054,0.0,0.0,0.0,0.0,0.0,534.0,2616.0,0.884,0,6,0,10.942,10.847,254,240,2,12,24,12,0,1920,0,0,0,0,0,0,0,0,0,0,184,0,0,0,984,112,402,413,0,0,3,0.984
1583,15.1,24.481,0.054,0.0,0.0,0.0,0.0,0.0,534.0,2616.0,2.185,0,6,0,11.506,11.349,252,240,2,12,24,12,0,1920,0,0,0,0,0,0,0,0,0,0,184,0,0,0,1767,143,965,596,0,0,4,1.767
1584,21.528,24.481,0.054,0.0,0.0,0.0,0.0,0.0,534.0,2616.0,1.029,0,6,0,17.273,17.139,254,240,2,12,24,12,0,1920,0,0,0,0,0,0,0,0,0,0,184,0,0,0,1318,166,588,492,0,0,3,1.318
1585,17.234,24.481,0.054,0.0,0.0,0.0,0.0,0.0,534.0,2616.0,0.948,0,6,0,14.23,14.1,253,240,2,12,24,12,0,1920,0,0,0,0,0,0,0,0,0,0,184,0,0,0,1398,158,590,579,0,0,3,1.398
1586,16.914,24.481,0.054,0.0,0.0,0.0,0.0,0.0,534.0,2616.0,0.83,0,6,0,13.989,13.869,252,240,2,12,24,12,0,1920,0,0,0,0,0,0,0,0,0,0,184,0,0,0,1344,168,546,557,0,0,3,1.344
1587,17.816,24.481,0.054,0.0,0.0,0.0,0.0,0.0,534.0,2616.0,0.997,0,6,0,14.942,14.796,254,240,2,12,24,12,0,1920,0,0,0,0,0,0,0,0,0,0,184,0,0,0,1409,185,615,541,0,0,3,1.409
1588,17.02,24.481,0.054,0.0,0.0,0.0,0.0,0.0,534.0,2616.0,0.966,0,6,0,14.059,13.936,252,240,2,12,24,12,0,1920,0,0,0,0,0,0,0,0,0,0,184,0,0,0,1347,204,535,536,0,0,3,1.347
1589,16.927,24.481,0.054,0.0,0.0,0.0,0.0,0.0,534.0,2616.0,0.933,0,6,0,14.029,13.885,254,240,2,12,24,12,0,1920,0,0,0,0,0,0,0,0,0,0,184,0,0,0,1278,162,555,498,0,0,3,1.278
1590,17.208,24.481,0.054,0.0,0.0,0.0,0.0,0.0,534.0,2616.0,0.827,0,6,0,14.366,14.213,252,240,2,12,24,12,0,1920,0,0,0,0,0,0,0,0,0,0,184,0,0,0,1359,178,613,496,0,0,4,1.359
1591,17.16,24.481,0.054,0.0,0.0,0.0,0.0,0.0,534.0,2616.0,1.063,0,6,0,14.382,14.249,252,240,2,12,24,12,0,1920,0,0,0,0,0,0,0,0,0,0,184,0,0,0,1382,172,568,538,0,0,3,1.382
1592,17.293,22.322,0.043,0.0,0.0,0.0,0.0,0.0,534.0,2616.0,1.022,0,6,0,14.32,14.178,253,240,2,12,24,12,0,1920,0,0,0,0,0,0,0,0,0,0,184,0,0,0,1345,162,621,493,0,0,3,1.345
1593,17.147,22.322,0.043,0.0,0.0,0.0,0.0,0.0,534.0,2616.0,0.943,0,6,0,14.294,14.161,254,240,2,12,24,12,0,1920,0,0,0,0,0,0,0,0,0,0,184,0,0,0,1296,170,560,499,0,0,4,1.296
1594,17.072,22.322,0.043,0.0,0.0,0.0,0.0,0.0,534.0,2616.0,1.101,0,6,0,14.256,14.111,253,240,2,12,24,12,0,1920,0,0,0,0,0,0,0,0,0,0,184,0,0,0,1315,163,532,551,0,0,4,1.315
1595,17.473,22.322,0.043,0.0,0.0,0.0,0.0,0.0,534.0,2616.0,1.028,0,6,0,14.385,14.23,254,240,2,12,24,12,0,1920,0,0,0,0,0,0,0,0,0,0,184,0,0,0,1412,161,581,599,0,0,4,1.412
1596,17.648,22.322,0.043,0.0,0.0,0.0,0.0,0.0,534.0,2616.0,1.012,0,6,0,14.762,14.632,253,240,2,12,24,12,0,1920,0,0,0,0,0,0,0,0,0,0,184,0,0,0,1325,161,573,520,0,0,4,1.325
1597,17.375,22.322,0.043,0.0,0.0,0.0,0.0,0.0,534.0,2616.0,1.076,0,6,0,14.347,14.217,252,240,2,12,24,12,0,1920,0,0,0,0,0,0,0,0,0,0,184,0,0,0,1417,164,639,536,0,0,5,1.417
1598,17.423,22.322,0.043,0.0,0.0,0.0,0.0,0.0,534.0,2616.0,0.976,0,6,0,14.367,14.249,253,240,2,12,24,12,0,1920,0,0,0,0,0,0,0,0,0,0,184,0,0,0,1375,217,546,541,0,0,4,1.375
1599,17.129,22.322,0.043,0.0,0.0,0.0,0.0,0.0,534.0,2616.0,0.923,0,6,0,14.312,14.194,252,240,2,12,24,12,0,1920,0,0,0,0,0,0,0,0,0,0,184,0,0,0,1304,159,589,494,0,0,3,1.304
1600,17.486,22.322,0.043,0.0,0.0,0.0,0.0,0.0,534.0,2616.0,0.981,0,6,0,14.566,14.363,253,240,2,12,24,12,0,1920,0,0,0,0,0,0,0,0,0,0,184,0,0,0,1386,199,607,506,0,0,4,1.386
1601,17.678,22.322,0.043,0.0,0.0,0.0,0.0,0.0,534.0,2616.0,0.929,0,6,0,14.649,14.51,255,240,2,12,24,12,0,1920,0,0,0,0,0,0,0,0,0,0,184,0,0,0,1414,194,613,535,0,0,3,1.414
1602,17.442,22.322,0.043,0.0,0.0,0.0,0.0,0.0,534.0,2616.0,1.107,0,6,0,14.486,14.357,252,240,2,12,24,12,0,1920,0,0,0,0,0,0,0,0,0,0,184,0,0,0,1368,200,549,547,0,0,3,1.368
1603,17.248,22.322,0.043,0.0,0.0,0.0,0.0,0.0,534.0,2616.0,0.983,0,6,0,14.184,14.066,253,240,2,12,24,12,0,1920,0,0,0,0,0,0,0,0,0,0,184,0,0,0,1368,191,613,496,0,0,2,1.368
1604,17.121,22.322,0.043,0.0,0.0,0.0,0.0,0.0,534.0,2616.0,0.994,0,6,0,14.162,14.031,253,240,2,12,24,12,0,1920,0,0,0,0,0,0,0,0,0,0,184,0,0,0,1332,169,575,517,0,0,3,1.332
1605,16.885,22.322,0.043,0.0,0.0,0.0,0.0,0.0,534.0,2616.0,0.998,0,6,0,13.987,13.818,253,240,2,12,24,12,0,1920,0,0,0,0,0,0,0,0,0,0,184,0,0,0,1332,184,533,543,0,0,4,1.332
1606,17.115,22.322,0.043,0.0,0.0,0.0,0.0,0.0,534.0,2616.0,1.0,0,6,0,14.247,14.116,254,240,2,12,24,12,0,1920,0,0,0,0,0,0,0,0,0,0,184,0,0,0,1319,168,579,502,0,0,3,1.319
1607,17.484,22.322,0.043,0.0,0.0,0.0,0.0,0.0,534.0,2616.0,0.954,0,6,0,14.485,14.295,254,240,2,12,24,12,0,1920,0,0,0,0,0,0,0,0,0,0,184,0,0,0,1491,161,624,629,0,0,3,1.491
1608,17.143,22.322,0.043,0.0,0.0,0.0,0.0,0.0,534.0,2616.0,0.995,0,6,0,14.307,14.194,252,240,2,12,24,12,0,1920,0,0,0,0,0,0,0,0,0,0,184,0,0,0,1315,159,532,554,0,0,3,1.315
1609,17.132,22.322,0.043,0.0,0.0,0.0,0.0,0.0,534.0,2616.0,1.01,0,6,0,14.24,14.11,253,240,2,12,24,12,0,1920,0,0,0,0,0,0,0,0,0,0,184,0,0,0,1295,165,533,502,0,0,3,1.295
1610,17.262,22.322,0.043,0.0,0.0,0.0,0.0,0.0,534.0,2616.0,0.947,0,6,0,14.286,14.159,253,240,2,12,24,12,0,1920,0,0,0,0,0,0,0,0,0,0,184,0,0,0,1389,167,591,561,0,0,3,1.389
1611,17.05,22.322,0.043,0.0,0.0,0.0,0.0,0.0,534.0,2616.0,0.939,0,6,0,14.255,14.037,253,240,2,12,24,12,0,1920,0,0,0,0,0,0,0,0,0,0,184,0,0,0,1289,154,579,492,0,0,2,1.289
1612,17.284,22.322,0.043,0.0,0.0,0.0,0.0,0.0,534.0,2616.0,0.968,0,6,0,14.431,14.253,252,240,2,12,24,12,0,1920,0,0,0,0,0,0,0,0,0,0,184,0,0,0,1382,172,590,545,0,0,4,1.382
1613,17.426,22.322,0.043,0.0,0.0,0.0,0.0,0.0,534.0,2616.0,1.018,0,6,0,14.399,14.216,253,240,2,12,24,12,0,1920,0,0,0,0,0,0,0,0,0,0,184,0,0,0,1467,187,573,628,0,0,4,1.467
1614,17.035,22.322,0.043,0.0,0.0,0.0,0.0,0.0,534.0,2616.0,0.924,0,6,0,14.087,13.955,255,240,2,12,24,12,0,1920,0,0,0,0,0,0,0,0,0,0,184,0,0,0,1353,255,538,490,0,0,3,1.353
1615,17.479,22.322,0.043,0.0,0.0,0.0,0.0,0.0,534.0,2616.0,0.853,0,6,0,14.678,14.551,253,240,2,12,24,12,0,1920,0,0,0,0,0,0,0,0,0,0,184,0,0,0,1327,167,605,490,0,0,3,1.327
1616,17.035,22.322,0.043,0.0,0.0,0.0,0.0,0.0,534.0,2616.0,0.937,0,6,0,14.285,14.153,253,240,2,12,24,12,0,1920,0,0,0,0,0,0,0,0,0,0,184,0,0,0,1337,153,534,542,0,0,4,1.337
1617,17.138,22.322,0.043,0.0,0.0,0.0,0.0,0.0,534.0,2616.0,1.029,0,6,0,14.23,14.113,252,240,2,12,24,12,0,1920,0,0,0,0,0,0,0,0,0,0,184,0,0,0,1432,158,602,603,0,0,4,1.432
1618,17.791,22.322,0.043,0.0,0.0,0.0,0.0,0.0,534.0,2616.0,1.0,0,6,0,14.794,14.666,253,240,2,12,24,12,0,1920,0,0,0,0,0,0,0,0,0,0,184,0,0,0,1417,171,611,561,0,0,4,1.417
1619,13.46,22.322,0.043,0.0,0.0,0.0,0.0,0.0,534.0,2616.0,0.685,0,6,0,10.896,10.722,252,240,2,12,24,12,0,1920,0,0,0,0,0,0,0,0,0,0,184,0,0,0,1088,158,466,398,0,0,4,1.088
1620,11.556,22.322,0.043,0.0,0.0,0.0,0.0,0.0,534.0,2616.0,0.694,0,6,0,9.531,9.429,254,240,2,12,24,12,0,1920,0,0,0,0,0,0,0,0,0,0,184,0,0,0,936,109,408,375,0,0,3,0.936
1621,12.576,22.322,0.043,0.0,0.0,0.0,0.0,0.0,534.0,2616.0,0.793,0,6,0,10.536,9.42,255,240,2,12,24,12,0,1920,0,0,0,0,0,0,0,0,0,0,184,0,0,0,998,107,407,436,0,0,2,0.998
1622,12.503,22.322,0.043,0.0,0.0,0.0,0.0,0.0,534.0,2616.0,0.662,0,6,0,10.258,10.166,254,240,2,12,24,12,0,1920,0,0,0,0,0,0,0,0,0,0,184,0,0,0,1061,119,476,407,0,0,3,1.061
1623,12.248,22.322,0.043,0.0,0.0,0.0,0.0,0.0,534.0,2616.0,0.663,0,6,0,10.11,9.977,252,240,2,12,24,12,0,1920,0,0,0,0,0,0,0,0,0,0,184,0,0,0,1012,123,400,436,0,0,2,1.012
1624,13.989,22.322,0.043,0.0,0.0,0.0,0.0,0.0,534.0,2616.0,0.795,0,6,0,11.554,11.456,253,240,2,12,24,12,0,1920,0,0,0,0,0,0,0,0,0,0,184,0,0,0,1301,129,611,421,0,0,2,1.301
1625,15.689,22.322,0.043,0.0,0.0,0.0,0.0,0.0,534.0,2616.0,0.783,0,6,0,13.336,13.214,252,240,2,12,24,12,0,1920,0,0,0,0,0,0,0,0,0,0,184,0,0,0,1172,126,537,413,0,0,3,1.172
1626,13.206,22.322,0.043,0.0,0.0,0.0,0.0,0.0,534.0,2616.0,0.756,0,6,0,11.044,10.868,254,240,2,12,24,12,0,1920,0,0,0,0,0,0,0,0,0,0,184,0,0,0,1000,122,443,383,0,0,1,1.0
1627,18.543,22.322,0.043,0.0,0.0,0.0,0.0,0.0,534.0,2616.0,0.955,0,6,0,15.983,15.88,253,240,2,12,24,12,0,1920,0,0,0,0,0,0,0,0,0,0,184,0,0,0,1372,158,540,595,0,0,5,1.372
1628,18.001,22.322,0.043,0.0,0.0,0.0,0.0,0.0,534.0,2616.0,1.069,0,6,0,15.047,14.87,254,240,2,12,24,12,0,1920,0,0,0,0,0,0,0,0,0,0,184,0,0,0,1432,162,598,585,0,0,4,1.432
1629,17.996,22.322,0.043,0.0,0.0,0.0,0.0,0.0,534.0,2616.0,1.045,0,6,0,14.966,14.842,253,240,2,12,24,12,0,1920,0,0,0,0,0,0,0,0,0,0,184,0,0,0,1383,158,575,571,0,0,4,1.383
1630,17.615,22.322,0.043,0.0,0.0,0.0,0.0,0.0,534.0,2616.0,1.16,0,6,0,14.516,14.384,253,240,2,12,24,12,0,1920,0,0,0,0,0,0,0,0,0,0,184,0,0,0,1445,207,608,555,0,0,4,1.445
1631,13.704,22.322,0.043,0.0,0.0,0.0,0.0,0.0,534.0,2616.0,0.695,0,6,0,11.058,10.928,252,240,2,12,24,12,0,1920,0,0,0,0,0,0,0,0,0,0,184,0,0,0,967,122,418,377,0,0,2,0.967
1632,11.962,22.322,0.043,0.0,0.0,0.0,0.0,0.0,534.0,2616.0,0.651,0,6,0,9.923,9.8,254,240,2,12,24,12,0,1920,0,0,0,0,0,0,0,0,0,0,184,0,0,0,948,112,394,399,0,0,2,0.948
1633,11.706,22.322,0.043,0.0,0.0,0.0,0.0,0.0,534.0,2616.0,0.646,0,6,0,9.767,9.685,252,240,2,12,24,12,0,1920,0,0,0,0,0,0,0,0,0,0,184,0,0,0,936,110,388,386,0,0,2,0.936
1634,12.859,22.322,0.043,0.0,0.0,0.0,0.0,0.0,534.0,2616.0,0.712,0,6,0,10.728,10.639,254,240,2,12,24,12,0,1920,0,0,0,0,0,0,0,0,0,0,184,0,0,0,1114,115,417,511,0,0,2,1.114
1635,20.225,22.322,0.043,0.0,0.0,0.0,0.0,0.0,534.0,2616.0,1.051,0,6,0,17.684,17.587,254,240,2,12,24,12,0,1920,0,0,0,0,0,0,0,0,0,0,184,0,0,0,1357,158,526,600,0,0,3,1.357
1636,17.507,22.322,0.043,0.0,0.0,0.0,0.0,0.0,534.0,2616.0,0.732,0,6,0,14.788,14.637,254,240,2,12,24,12,0,1920,0,0,0,0,0,0,0,0,0,0,184,0,0,0,1064,122,431,458,0,0,2,1.064
1637,12.761,22.322,0.043,0.0,0.0,0.0,0.0,0.0,534.0,2616.0,0.673,0,6,0,10.455,10.363,252,240,2,12,24,12,0,1920,0,0,0,0,0,0,0,0,0,0,184,0,0,0,1091,117,411,498,0,0,3,1.091
1638,14.591,22.322,0.043,0.0,0.0,0.0,0.0,0.0,534.0,2616.0,0.751,0,6,0,12.533,12.405,254,240,2,12,24,12,0,1920,0,0,0,0,0,0,0,0,0,0,184,0,0,0,997,109,442,398,0,0,3,0.997
1639,12.169,22.322,0.043,0.0,0.0,0.0,0.0,0.0,534.0,2616.0,0.783,0,6,0,9.96,9.863,253,240,2,12,24,12,0,1920,0,0,0,0,0,0,0,0,0,0,184,0,0,0,1061,123,476,409,0,0,1,1.061
1640,12.128,22.322,0.043,0.0,0.0,0.0,0.0,0.0,534.0,2616.0,0.694,0,6,0,9.975,9.888,252,240,2,12,24,12,0,1920,0,0,0,0,0,0,0,0,0,0,184,0,0,0,958,120,411,382,0,0,2,0.958
1641,12.638,22.322,0.043,0.0,0.0,0.0,0.0,0.0,534.0,2616.0,0.699,0,6,0,10.503,10.415,253,240,2,12,24,12,0,1920,0,0,0,0,0,0,0,0,0,0,184,0,0,0,1043,122,408,460,0,0,2,1.043
1642,11.786,22.322,0.043,0.0,0.0,0.0,0.0,0.0,534.0,2616.0,0.844,0,6,0,9.682,9.586,254,240,2,12,24,12,0,1920,0,0,0,0,0,0,0,0,0,0,184,0,0,0,1031,147,413,418,0,0,2,1.031
1643,12.116,22.322,0.043,0.0,0.0,0.0,0.0,0.0,534.0,2616.0,0.786,0,6,0,9.783,9.665,252,240,2,12,24,12,0,1920,0,0,0,0,0,0,0,0,0,0,184,0,0,0,1096,196,429,413,0,0,3,1.096
1644,11.988,22.322,0.043,0.0,0.0,0.0,0.0,0.0,534.0,2616.0,0.698,0,6,0,9.809,9.704,255,240,2,12,24,12,0,1920,0,0,0,0,0,0,0,0,0,0,184,0,0,0,1011,127,434,397,0,0,1,1.011
1645,11.922,22.322,0.043,0.0,0.0,0.0,0.0,0.0,534.0,2616.0,0.703,0,6,0,9.745,9.668,252,240,2,12,24,12,0,1920,0,0,0,0,0,0,0,0,0,0,184,0,0,0,1116,152,499,394,0,0,2,1.116
1646,11.477,22.322,0.043,0.0,0.0,0.0,0.0,0.0,534.0,2616.0,0.735,0,6,0,9.43,9.348,252,240,2,12,24,12,0,1920,0,0,0,0,0,0,0,0,0,0,184,0,0,0,937,118,399,373,0,0,2,0.937
1647,11.409,22.322,0.043,0.0,0.0,0.0,0.0,0.0,534.0,2616.0,1.302,0,6,0,9.321,9.234,253,240,2,12,24,12,0,1920,0,0,0,0,0,0,0,0,0,0,184,0,0,0,1028,114,456,408,0,0,3,1.028
1648,16.695,22.322,0.043,0.0,0.0,0.0,0.0,0.0,534.0,2616.0,0.95,0,6,0,13.543,13.416,254,240,2,12,24,12,0,1920,0,0,0,0,0,0,0,0,0,0,184,0,0,0,1342,161,577,528,0,0,4,1.342
1649,15.232,22.322,0.043,0.0,0.0,0.0,0.0,0.0,534.0,2616.0,0.888,0,6,0,12.484,12.353,253,240,2,12,24,12,0,1920,0,0,0,0,0,0,0,0,0,0,184,0,0,0,1335,195,588,483,0,0,3,1.335
1650,16.3,22.322,0.043,0.0,0.0,0.0,0.0,0.0,534.0,2616.0,1.045,0,6,0,13.511,13.387,253,240,2,12,24,12,0,1920,0,0,0,0,0,0,0,0,0,0,184,0,0,0,1290,212,532,477,0,0,4,1.29
1651,16.303,22.322,0.043,0.0,0.0,0.0,0.0,0.0,534.0,2616.0,1.058,0,6,0,13.502,13.386,253,240,2,12,24,12,0,1920,0,0,0,0,0,0,0,0,0,0,184,0,0,0,1271,154,510,533,0,0,4,1.271
1652,17.419,22.322,0.043,0.0,0.0,0.0,0.0,0.0,534.0,2616.0,0.942,0,6,0,14.518,14.391,252,240,2,12,24,12,0,1920,0,0,0,0,0,0,0,0,0,0,184,0,0,0,1224,144,462,548,0,0,2,1.224
1653,17.597,22.322,0.043,0.0,0.0,0.0,0.0,0.0,534.0,2616.0,0.995,0,6,0,14.704,14.586,253,240,2,12,24,12,0,1920,0,0,0,0,0,0,0,0,0,0,184,0,0,0,1392,175,611,533,0,0,3,1.392
1654,17.204,22.322,0.043,0.0,0.0,0.0,0.0,0.0,534.0,2616.0,1.079,0,6,0,14.318,14.189,253,240,2,12,24,12,0,1920,0,0,0,0,0,0,0,0,0,0,184,0,0,0,1240,150,511,481,0,0,2,1.24
1655,17.684,22.322,0.043,0.0,0.0,0.0,0.0,0.0,534.0,2616.0,1.052,0,6,0,14.482,14.351,253,240,2,12,24,12,0,1920,0,0,0,0,0,0,0,0,0,0,184,0,0,0,1480,298,581,515,0,0,3,1.48
1656,17.291,19.881,0.046,0.0,0.0,0.0,0.0,0.0,534.0,2616.0,0.724,0,6,0,14.34,14.2,254,240,2,12,24,12,0,1920,0,0,0,0,0,0,0,0,0,0,184,0,0,0,1292,145,620,467,0,0,3,1.292
1657,12.901,19.881,0.046,0.0,0.0,0.0,0.0,0.0,534.0,2616.0,1.034,0,6,0,10.807,10.664,252,240,2,12,24,12,0,1920,0,0,0,0,0,0,0,0,0,0,184,0,0,0,949,111,406,365,0,0,20,0.949
1658,12.001,19.881,0.046,0.0,0.0,0.0,0.0,0.0,534.0,2616.0,0.655,0,6,0,9.452,9.366,252,240,2,12,24,12,0,1920,0,0,0,0,0,0,0,0,0,0,184,0,0,0,941,113,395,368,0,0,20,0.941
1659,11.59,19.881,0.046,0.0,0.0,0.0,0.0,0.0,534.0,2616.0,0.968,0,6,0,9.512,9.423,253,240,2,12,24,12,0,1920,0,0,0,0,0,0,0,0,0,0,184,0,0,0,1052,109,470,420,0,0,3,1.052
1660,15.199,19.881,0.046,0.0,0.0,0.0,0.0,0.0,534.0,2616.0,0.892,0,6,0,12.522,12.408,253,240,2,12,24,12,0,1920,0,0,0,0,0,0,0,0,0,0,184,0,0,0,1247,150,507,523,0,0,1,1.247
1661,15.286,19.881,0.046,0.0,0.0,0.0,0.0,0.0,534.0,2616.0,0.848,0,6,0,12.661,12.531,255,240,2,12,24,12,0,1920,0,0,0,0,0,0,0,0,0,0,184,0,0,0,1268,150,536,522,0,0,3,1.268
1662,14.706,19.881,0.046,0.0,0.0,0.0,0.0,0.0,534.0,2616.0,0.696,0,6,0,12.385,12.259,253,240,2,12,24,12,0,1920,0,0,0,0,0,0,0,0,0,0,184,0,0,0,996,148,399,400,0,0,3,0.996
1663,14.312,19.881,0.046,0.0,0.0,0.0,0.0,0.0,534.0,2616.0,0.864,0,6,0,11.808,11.73,252,240,2,12,24,12,0,1920,0,0,0,0,0,0,0,0,0,0,184,0,0,0,1356,173,578,508,0,0,4,1.356
1664,15.294,19.881,0.046,0.0,0.0,0.0,0.0,0.0,534.0,2616.0,0.869,0,6,0,12.636,12.518,252,240,2,12,24,12,0,1920,0,0,0,0,0,0,0,0,0,0,184,0,0,0,1267,152,520,533,0,0,2,1.267
1665,15.147,19.881,0.046,0.0,0.0,0.0,0.0,0.0,534.0,2616.0,0.88,0,6,0,12.431,12.321,253,240,2,12,24,12,0,1920,0,0,0,0,0,0,0,0,0,0,184,0,0,0,1363,163,620,514,0,0,3,1.363
1666,15.297,19.881,0.046,0.0,0.0,0.0,0.0,0.0,534.0,2616.0,0.882,0,6,0,12.602,12.496,252,240,2,12,24,12,0,1920,0,0,0,0,0,0,0,0,0,0,184,0,0,0,1358,154,568,567,0,0,3,1.358
1667,15.438,19.881,0.046,0.0,0.0,0.0,0.0,0.0,534.0,2616.0,0.979,0,6,0,12.652,12.537,253,240,2,12,24,12,0,1920,0,0,0,0,0,0,0,0,0,0,184,0,0,0,1432,170,617,570,0,0,3,1.432
1668,17.86,19.881,0.046,0.0,0.0,0.0,0.0,0.0,534.0,2616.0,1.045,0,6,0,14.731,14.596,254,240,2,12,24,12,0,1920,0,0,0,0,0,0,0,0,0,0,184,0,0,0,1564,181,700,605,0,0,3,1.564
1669,12.964,19.881,0.046,0.0,0.0,0.0,0.0,0.0,534.0,2616.0,0.794,0,6,0,10.384,10.255,253,240,2,12,24,12,0,1920,0,0,0,0,0,0,0,0,0,0,184,0,0,0,1022,107,400,464,0,0,3,1.022
1670,12.5,19.881,0.046,0.0,0.0,0.0,0.0,0.0,534.0,2616.0,0.731,0,6,0,10.252,10.168,252,240,2,12,24,12,0,1920,0,0,0,0,0,0,0,0,0,0,184,0,0,0,1002,140,440,368,0,0,2,1.002
1671,10.719,19.881,0.046,0.0,0.0,0.0,0.0,0.0,534.0,2616.0,0.626,0,6,0,8.651,8.55,253,240,2,12,24,12,0,1920,0,0,0,0,0,0,0,0,0,0,184,0,0,0,913,104,387,373,0,0,1,0.913
1672,15.274,19.881,0.046,0.0,0.0,0.0,0.0,0.0,534.0,2616.0,0.969,0,6,0,12.766,12.689,252,240,2,12,24,12,0,1920,0,0,0,0,0,0,0,0,0,0,184,0,0,0,1384,202,594,513,0,0,4,1.384
1673,16.525,19.881,0.046,0.0,0.0,0.0,0.0,0.0,534.0,2616.0,0.95,0,6,0,13.534,13.424,252,240,2,12,24,12,0,1920,0,0,0,0,0,0,0,0,0,0,184,0,0,0,1433,159,538,632,0,0,4,1.433
1674,13.524,19.881,0.046,0.0,0.0,0.0,0.0,0.0,534.0,2616.0,0.626,0,6,0,11.129,11.007,253,240,2,12,24,12,0,1920,0,0,0,0,0,0,0,0,0,0,184,0,0,0,988,129,409,404,0,0,2,0.988
1675,14.882,19.881,0.046,0.0,0.0,0.0,0.0,0.0,534.0,2616.0,0.826,0,6,0,12.854,11.71,256,240,2,12,24,12,0,1920,0,0,0,0,0,0,0,0,0,0,184,0,0,0,989,130,424,386,0,0,3,0.989
1676,13.319,19.881,0.046,0.0,0.0,0.0,0.0,0.0,534.0,2616.0,0.736,0,6,0,10.997,10.623,253,240,2,12,24,12,0,1920,0,0,0,0,0,0,0,0,0,0,184,0,0,0,1117,124,547,397,0,0,2,1.117
1677,13.275,19.881,0.046,0.0,0.0,0.0,0.0,0.0,534.0,2616.0,0.73,0,6,0,10.932,10.845,253,240,2,12,24,12,0,1920,0,0,0,0,0,0,0,0,0,0,184,0,0,0,1229,123,489,543,0,0,2,1.229
1678,13.203,19.881,0.046,0.0,0.0,0.0,0.0,0.0,534.0,2616.0,0.753,0,6,0,11.117,10.976,252,240,2,12,24,12,0,1920,0,0,0,0,0,0,0,0,0,0,184,0,0,0,976,112,403,413,0,0,1,0.976
1679,13.44,19.881,0.046,0.0,0.0,0.0,0.0,0.0,534.0,2616.0,0.817,0,6,0,11.272,11.173,253,240,2,12,24,12,0,1920,0,0,0,0,0,0,0,0,0,0,184,0,0,0,1060,128,439,438,0,0,2,1.06
1680,13.635,19.881,0.046,0.0,0.0,0.0,0.0,0.0,534.0,2616.0,0.831,0,6,0,11.139,11.026,253,240,2,12,24,12,0,1920,0,0,0,0,0,0,0,0,0,0,184,0,0,0,1269,162,567,478,0,0,3,1.269
1681,15.082,19.881,0.046,0.0,0.0,0.0,0.0,0.0,534.0,2616.0,0.813,0,6,0,12.458,12.378,252,240,2,12,24,12,0,1920,0,0,0,0,0,0,0,0,0,0,184,0,0,0,1341,153,560,551,0,0,8,1.341
1682,14.958,19.881,0.046,0.0,0.0,0.0,0.0,0.0,534.0,2616.0,0.942,0,6,0,12.272,12.152,254,240,2,12,24,12,0,1920,0,0,0,0,0,0,0,0,0,0,184,0,0,0,1373,217,546,533,0,0,2,1.373
1683,14.51,19.881,0.046,0.0,0.0,0.0,0.0,0.0,534.0,2616.0,0.719,0,6,0,12.192,12.066,254,240,2,12,24,12,0,1920,0,0,0,0,0,0,0,0,0,0,184,0,0,0,962,138,392,388,0,0,1,0.962
1684,16.384,19.881,0.046,0.0,0.0,0.0,0.0,0.0,534.0,2616.0,0.726,0,6,0,14.149,14.069,252,240,2,12,24,12,0,1920,0,0,0,0,0,0,0,0,0,0,184,0,0,0,1063,114,483,400,0,0,2,1.063
1685,15.041,19.881,0.046,0.0,0.0,0.0,0.0,0.0,534.0,2616.0,0.723,0,6,0,12.839,12.754,252,240,2,12,24,12,0,1920,0,0,0,0,0,0,0,0,0,0,184,0,0,0,1073,159,432,425,0,0,2,1.073
1686,12.974,19.881,0.046,0.0,0.0,0.0,0.0,0.0,534.0,2616.0,0.62,0,6,0,10.904,10.81,253,240,2,12,24,12,0,1920,0,0,0,0,0,0,0,0,0,0,184,0,0,0,983,111,403,424,0,0,2,0.983
1687,12.62,19.881,0.046,0.0,0.0,0.0,0.0,0.0,534.0,2616.0,0.699,0,6,0,9.68,9.591,253,240,2,12,24,12,0,1920,0,0,0,0,0,0,0,0,0,0,184,0,0,0,1848,212,1104,461,0,0,7,1.848
1688,11.59,19.881,0.046,0.0,0.0,0.0,0.0,0.0,534.0,2616.0,0.651,0,6,0,9.57,9.479,253,240,2,12,24,12,0,1920,0,0,0,0,0,0,0,0,0,0,184,0,0,0,963,114,395,410,0,0,1,0.963
1689,21.054,19.881,0.046,0.0,0.0,0.0,0.0,0.0,534.0,2616.0,1.01,0,6,0,18.102,17.996,254,240,2,12,24,12,0,1920,0,0,0,0,0,0,0,0,0,0,184,0,0,0,1886,190,850,774,0,0,3,1.886
1690,15.22,19.881,0.046,0.0,0.0,0.0,0.0,0.0,534.0,2616.0,0.714,0,6,0,12.628,12.526,253,240,2,12,24,12,0,1920,0,0,0,0,0,0,0,0,0,0,184,0,0,0,1206,108,451,581,0,0,2,1.206
1691,12.957,19.881,0.046,0.0,0.0,0.0,0.0,0.0,534.0,2616.0,0.79,0,6,0,10.888,10.807,252,240,2,12,24,12,0,1920,0,0,0,0,0,0,0,0,0,0,184,0,0,0,981,111,426,394,0,0,3,0.981
1692,12.121,19.881,0.046,0.0,0.0,0.0,0.0,0.0,534.0,2616.0,0.832,0,6,0,10.031,9.944,253,240,2,12,24,12,0,1920,0,0,0,0,0,0,0,0,0,0,184,0,0,0,956,158,394,362,0,0,1,0.956
1693,13.607,19.881,0.046,0.0,0.0,0.0,0.0,0.0,534.0,2616.0,0.855,0,6,0,10.842,10.728,253,240,2,12,24,12,0,1920,0,0,0,0,0,0,0,0,0,0,184,0,0,0,1288,194,546,482,0,0,4,1.288
1694,15.442,19.881,0.046,0.0,0.0,0.0,0.0,0.0,534.0,2616.0,0.885,0,6,0,12.828,12.699,253,240,2,12,24,12,0,1920,0,0,0,0,0,0,0,0,0,0,184,0,0,0,1272,144,514,553,0,0,3,1.272
1695,15.823,19.881,0.046,0.0,0.0,0.0,0.0,0.0,534.0,2616.0,0.883,0,6,0,13.098,12.957,255,240,2,12,24,12,0,1920,0,0,0,0,0,0,0,0,0,0,184,0,0,0,1288,157,600,463,0,0,4,1.288
1696,15.772,19.881,0.046,0.0,0.0,0.0,0.0,0.0,534.0,2616.0,0.887,0,6,0,13.105,12.996,252,240,2,12,24,12,0,1920,0,0,0,0,0,0,0,0,0,0,184,0,0,0,1257,163,528,500,0,0,3,1.257
1697,15.236,19.881,0.046,0.0,0.0,0.0,0.0,0.0,534.0,2616.0,1.056,0,6,0,12.645,12.532,252,240,2,12,24,12,0,1920,0,0,0,0,0,0,0,0,0,0,184,0,0,0,1206,160,521,455,0,0,3,1.206
1698,15.943,19.881,0.046,0.0,0.0,0.0,0.0,0.0,534.0,2616.0,0.979,0,6,0,13.096,12.967,255,240,2,12,24,12,0,1920,0,0,0,0,0,0,0,0,0,0,184,0,0,0,1230,145,530,496,0,0,2,1.23
1699,15.493,19.881,0.046,0.0,0.0,0.0,0.0,0.0,534.0,2616.0,0.896,0,6,0,12.809,12.715,252,240,2,12,24,12,0,1920,0,0,0,0,0,0,0,0,0,0,184,0,0,0,1262,225,517,459,0,0,3,1.262
1700,15.868,19.881,0.046,0.0,0.0,0.0,0.0,0.0,534.0,2616.0,0.787,0,6,0,13.252,13.087,253,240,2,12,24,12,0,1920,0,0,0,0,0,0,0,0,0,0,184,0,0,0,1246,151,520,462,0,0,3,1.246
1701,16.286,19.881,0.046,0.0,0.0,0.0,0.0,0.0,534.0,2616.0,1.148,0,6,0,13.541,13.407,254,240,2,12,24,12,0,1920,0,0,0,0,0,0,0,0,0,0,184,0,0,0,1396,221,585,523,0,0,3,1.396
1702,16.178,19.881,0.046,0.0,0.0,0.0,0.0,0.0,534.0,2616.0,0.984,0,6,0,13.284,13.159,253,240,2,12,24,12,0,1920,0,0,0,0,0,0,0,0,0,0,184,0,0,0,1200,179,494,463,0,0,7,1.2
1703,15.909,19.881,0.046,0.0,0.0,0.0,0.0,0.0,534.0,2616.0,0.957,0,6,0,13.116,13.011,253,240,2,12,24,12,0,1920,0,0,0,0,0,0,0,0,0,0,184,0,0,0,1254,171,509,505,0,0,3,1.254
1704,15.96,19.881,0.046,0.0,0.0,0.0,0.0,0.0,534.0,2616.0,0.907,0,6,0,13.236,13.131,253,240,2,12,24,12,0,1920,0,0,0,0,0,0,0,0,0,0,184,0,0,0,1220,153,516,480,0,0,3,1.22
1705,15.513,19.881,0.046,0.0,0.0,0.0,0.0,0.0,534.0,2616.0,0.866,0,6,0,12.897,12.802,252,240,2,12,24,12,0,1920,0,0,0,0,0,0,0,0,0,0,184,0,0,0,1203,153,494,495,0,0,2,1.203
1706,15.759,19.881,0.046,0.0,0.0,0.0,0.0,0.0,534.0,2616.0,0.869,0,6,0,13.223,13.061,253,240,2,12,24,12,0,1920,0,0,0,0,0,0,0,0,0,0,184,0,0,0,1187,145,503,483,0,0,2,1.187
1707,15.03,19.881,0.046,0.0,0.0,0.0,0.0,0.0,534.0,2616.0,0.832,0,6,0,12.512,12.398,255,240,2,12,24,12,0,1920,0,0,0,0,0,0,0,0,0,0,184,0,0,0,1159,144,512,445,0,0,2,1.159
1708,15.336,19.881,0.046,0.0,0.0,0.0,0.0,0.0,534.0,2616.0,0.793,0,6,0,12.752,12.648,253,240,2,12,24,12,0,1920,0,0,0,0,0,0,0,0,0,0,184,0,0,0,1294,154,555,519,0,0,3,1.294
1709,15.521,19.881,0.046,0.0,0.0,0.0,0.0,0.0,534.0,2616.0,0.835,0,6,0,12.917,12.811,252,240,2,12,24,12,0,1920,0,0,0,0,0,0,0,0,0,0,184,0,0,0,1245,191,501,488,0,0,3,1.245
1710,15.348,19.881,0.046,0.0,0.0,0.0,0.0,0.0,534.0,2616.0,0.975,0,6,0,12.787,12.661,253,240,2,12,24,12,0,1920,0,0,0,0,0,0,0,0,0,0,184,0,0,0,1226,151,543,465,0,0,3,1.226
1711,15.429,19.881,0.046,0.0,0.0,0.0,0.0,0.0,534.0,2616.0,0.899,0,6,0,12.677,12.56,253,240,2,12,24,12,0,1920,0,0,0,0,0,0,0,0,0,0,184,0,0,0,1243,155,538,480,0,0,3,1.243
1712,15.328,19.881,0.046,0.0,0.0,0.0,0.0,0.0,534.0,2616.0,0.812,0,6,0,12.698,12.578,255,240,2,12,24,12,0,1920,0,0,0,0,0,0,0,0,0,0,184,0,0,0,1205,153,496,495,0,0,3,1.205
1713,15.5,19.881,0.046,0.0,0.0,0.0,0.0,0.0,534.0,2616.0,0.936,0,6,0,12.955,12.84,253,240,2,12,24,12,0,1920,0,0,0,0,0,0,0,0,0,0,184,0,0,0,1255,189,519,488,0,0,3,1.255
1714,15.865,19.881,0.046,0.0,0.0,0.0,0.0,0.0,534.0,2616.0,0.853,0,6,0,13.265,13.136,253,240,2,12,24,12,0,1920,0,0,0,0,0,0,0,0,0,0,184,0,0,0,1233,141,496,530,0,0,4,1.233
1715,15.401,19.881,0.046,0.0,0.0,0.0,0.0,0.0,534.0,2616.0,0.891,0,6,0,12.704,12.598,253,240,2,12,24,12,0,1920,0,0,0,0,0,0,0,0,0,0,184,0,0,0,1297,153,556,515,0,0,5,1.297
1716,15.224,19.881,0.046,0.0,0.0,0.0,0.0,0.0,534.0,2616.0,0.932,0,6,0,12.587,12.456,253,240,2,12,24,12,0,1920,0,0,0,0,0,0,0,0,0,0,184,0,0,0,1243,153,567,450,0,0,3,1.243
1717,15.297,19.881,0.046,0.0,0.0,0.0,0.0,0.0,534.0,2616.0,0.933,0,6,0,12.677,12.565,253,240,2,12,24,12,0,1920,0,0,0,0,0,0,0,0,0,0,184,0,0,0,1199,154,522,457,0,0,3,1.199
1718,15.658,19.881,0.046,0.0,0.0,0.0,0.0,0.0,534.0,2616.0,1.03,0,6,0,12.936,12.82,253,240,2,12,24,12,0,1920,0,0,0,0,0,0,0,0,0,0,184,0,0,0,1222,146,503,510,0,0,3,1.222
1719,14.934,19.881,0.046,0.0,0.0,0.0,0.0,0.0,534.0,2616.0,0.596,0,6,0,12.565,12.431,254,240,2,12,24,12,0,1920,0,0,0,0,0,0,0,0,0,0,184,0,0,0,924,110,408,351,0,0,1,0.924
1720,16.466,19.881,0.046,0.0,0.0,0.0,0.0,0.0,534.0,2616.0,0.608,0,6,0,14.375,14.264,254,240,2,12,24,12,0,1920,0,0,0,0,0,0,0,0,0,0,184,0,0,0,1139,128,431,513,0,0,3,1.139
1721,11.71,19.881,0.046,0.0,0.0,0.0,0.0,0.0,534.0,2616.0,1.023,0,6,0,9.582,9.486,252,240,2,12,24,12,0,1920,0,0,0,0,0,0,0,0,0,0,184,0,0,0,1186,277,411,441,0,0,3,1.186
1722,12.211,19.881,0.046,0.0,0.0,0.0,0.0,0.0,534.0,2616.0,0.743,0,6,0,9.779,9.654,254,240,2,12,24,12,0,1920,0,0,0,0,0,0,0,0,0,0,184,0,0,0,1022,144,405,418,0,0,3,1.022
1723,12.21,19.881,0.046,0.0,0.0,0.0,0.0,0.0,534.0,2616.0,0.539,0,6,0,10.115,10.036,252,240,2,12,24,12,0,1920,0,0,0,0,0,0,0,0,0,0,184,0,0,0,916,113,374,378,0,0,2,0.916
1724,12.283,20.021,0.051,0.0,0.0,0.0,0.0,0.0,534.0,2616.0,0.765,0,6,0,10.089,10.012,252,240,2,12,24,12,0,1920,0,0,0,0,0,0,0,0,0,0,184,0,0,0,1233,149,496,523,0,0,2,1.233
1725,15.568,20.021,0.051,0.0,0.0,0.0,0.0,0.0,534.0,2616.0,0.953,0,6,0,13.364,13.225,255,240,2,12,24,12,0,1920,0,0,0,0,0,0,0,0,0,0,184,0,0,0,1057,198,405,398,0,0,3,1.057
1726,13.222,20.021,0.051,0.0,0.0,0.0,0.0,0.0,534.0,2616.0,0.689,0,6,0,10.612,10.508,254,240,2,12,24,12,0,1920,0,0,0,0,0,0,0,0,0,0,184,0,0,0,1173,120,493,499,0,0,2,1.173
1727,13.457,20.021,0.051,0.0,0.0,0.0,0.0,0.0,534.0,2616.0,0.735,0,6,0,11.328,10.199,254,240,2,12,24,12,0,1920,0,0,0,0,0,0,0,0,0,0,184,0,0,0,994,117,407,418,0,0,3,0.994
1728,12.718,20.021,0.051,0.0,0.0,0.0,0.0,0.0,534.0,2616.0,0.858,0,6,0,10.581,10.478,253,240,2,12,24,12,0,1920,0,0,0,0,0,0,0,0,0,0,184,0,0,0,1040,125,430,433,0,0,2,1.04
1729,12.854,20.021,0.051,0.0,0.0,0.0,0.0,0.0,534.0,2616.0,0.76,0,6,0,10.591,10.505,252,240,2,12,24,12,0,1920,0,0,0,0,0,0,0,0,0,0,184,0,0,0,996,112,450,386,0,0,2,0.996
1730,12.219,20.021,0.051,0.0,0.0,0.0,0.0,0.0,534.0,2616.0,0.713,0,6,0,10.048,9.943,254,240,2,12,24,12,0,1920,0,0,0,0,0,0,0,0,0,0,184,0,0,0,1025,121,430,421,0,0,4,1.025
1731,12.28,20.021,0.051,0.0,0.0,0.0,0.0,0.0,534.0,2616.0,0.75,0,6,0,10.154,10.011,253,240,2,12,24,12,0,1920,0,0,0,0,0,0,0,0,0,0,184,0,0,0,1035,126,429,417,0,0,2,1.035
1732,14.613,20.021,0.051,0.0,0.0,0.0,0.0,0.0,534.0,2616.0,0.859,0,6,0,12.379,12.266,253,240,2,12,24,12,0,1920,0,0,0,0,0,0,0,0,0,0,184,0,0,0,1045,141,433,414,0,0,2,1.045
1733,15.463,20.021,0.051,0.0,0.0,0.0,0.0,0.0,534.0,2616.0,1.001,0,6,0,12.737,12.642,254,240,2,12,24,12,0,1920,0,0,0,0,0,0,0,0,0,0,184,0,0,0,1387,161,610,536,0,0,3,1.387
1734,17.991,20.021,0.051,0.0,0.0,0.0,0.0,0.0,534.0,2616.0,1.112,0,6,0,14.507,14.391,253,240,2,12,24,12,0,1920,0,0,0,0,0,0,0,0,0,0,184,0,0,0,1895,225,858,719,0,0,3,1.895
1735,18.066,20.021,0.051,0.0,0.0,0.0,0.0,0.0,534.0,2616.0,1.024,0,6,0,14.935,14.827,252,240,2,12,24,12,0,1920,0,0,0,0,0,0,0,0,0,0,184,0,0,0,1424,174,578,586,0,0,3,1.424
1736,17.315,20.021,0.051,0.0,0.0,0.0,0.0,0.0,534.0,2616.0,0.959,0,6,0,14.242,14.104,254,240,2,12,24,12,0,1920,0,0,0,0,0,0,0,0,0,0,184,0,0,0,1482,178,600,603,0,0,3,1.482
1737,16.73,20.021,0.051,0.0,0.0,0.0,0.0,0.0,534.0,2616.0,1.168,0,6,0,13.947,13.776,253,240,2,12,24,12,0,1920,0,0,0,0,0,0,0,0,0,0,184,0,0,0,1350,187,540,549,0,0,3,1.35
1738,16.831,20.021,0.051,0.0,0.0,0.0,0.0,0.0,534.0,2616.0,1.024,0,6,0,13.745,13.619,253,240,2,12,24,12,0,1920,0,0,0,0,0,0,0,0,0,0,184,0,0,0,1418,202,578,561,0,0,3,1.418
1739,16.963,20.021,0.051,0.0,0.0,0.0,0.0,0.0,534.0,2616.0,1.0,0,6,0,14.07,13.92,252,240,2,12,24,12,0,1920,0,0,0,0,0,0,0,0,0,0,184,0,0,0,1312,157,557,534,0,0,3,1.312
1740,16.751,20.021,0.051,0.0,0.0,0.0,0.0,0.0,534.0,2616.0,2.105,0,6,0,14.239,14.058,255,240,2,12,24,12,0,1920,0,0,0,0,0,0,0,0,0,0,184,0,0,0,1012,142,412,403,0,0,2,1.012
1741,27.542,20.021,0.051,0.0,0.0,0.0,0.0,0.0,534.0,2616.0,0.85,0,6,0,23.608,23.518,253,240,2,12,24,12,0,1920,0,0,0,0,0,0,0,0,0,0,184,0,0,0,1305,154,512,571,0,0,4,1.305
1742,18.306,20.021,0.051,0.0,0.0,0.0,0.0,0.0,534.0,2616.0,1.044,0,6,0,14.77,14.624,253,240,2,12,24,12,0,1920,0,0,0,0,0,0,0,0,0,0,184,0,0,0,1538,174,630,653,0,0,3,1.538
1743,16.686,20.021,0.051,0.0,0.0,0.0,0.0,0.0,534.0,2616.0,0.934,0,6,0,13.625,13.445,254,240,2,12,24,12,0,1920,0,0,0,0,0,0,0,0,0,0,184,0,0,0,1441,164,621,584,0,0,5,1.441
1744,15.279,20.021,0.051,0.0,0.0,0.0,0.0,0.0,534.0,2616.0,1.09,0,6,0,12.678,12.528,253,240,2,12,24,12,0,1920,0,0,0,0,0,0,0,0,0,0,184,0,0,0,1106,135,452,461,0,0,4,1.106
1745,17.378,20.021,0.051,0.0,0.0,0.0,0.0,0.0,534.0,2616.0,1.049,0,6,0,14.264,14.144,252,240,2,12,24,12,0,1920,0,0,0,0,0,0,0,0,0,0,184,0,0,0,1368,229,547,504,0,0,5,1.368
1746,13.646,20.021,0.051,0.0,0.0,0.0,0.0,0.0,534.0,2616.0,0.691,0,6,0,11.149,10.957,254,240,2,12,24,12,0,1920,0,0,0,0,0,0,0,0,0,0,184,0,0,0,971,115,424,389,0,0,2,0.971
1747,12.622,20.021,0.051,0.0,0.0,0.0,0.0,0.0,534.0,2616.0,0.771,0,6,0,10.498,10.411,252,240,2,12,24,12,0,1920,0,0,0,0,0,0,0,0,0,0,184,0,0,0,998,159,406,378,0,0,2,0.998
1748,12.727,20.021,0.051,0.0,0.0,0.0,0.0,0.0,534.0,2616.0,0.733,0,6,0,10.498,10.404,253,240,2,12,24,12,0,1920,0,0,0,0,0,0,0,0,0,0,184,0,0,0,1052,121,465,407,0,0,3,1.052
1749,16.687,20.021,0.051,0.0,0.0,0.0,0.0,0.0,534.0,2616.0,0.713,0,6,0,14.079,13.969,253,240,2,12,24,12,0,1920,0,0,0,0,0,0,0,0,0,0,184,0,0,0,1337,197,494,571,0,0,3,1.337
1750,12.91,20.021,0.051,0.0,0.0,0.0,0.0,0.0,534.0,2616.0,1.325,0,6,0,10.49,10.348,253,240,2,12,24,12,0,1920,0,0,0,0,0,0,0,0,0,0,184,0,0,0,1184,165,524,441,0,0,3,1.184
1751,13.751,20.021,0.051,0.0,0.0,0.0,0.0,0.0,534.0,2616.0,0.745,0,6,0,11.02,10.901,254,240,2,12,24,12,0,1920,0,0,0,0,0,0,0,0,0,0,184,0,0,0,986,114,412,411,0,0,2,0.986
1752,13.705,20.021,0.051,0.0,0.0,0.0,0.0,0.0,534.0,2616.0,0.906,0,6,0,11.394,11.298,253,240,2,12,24,12,0,1920,0,0,0,0,0,0,0,0,0,0,184,0,0,0,1172,137,525,453,0,0,3,1.172
1753,13.044,20.021,0.051,0.0,0.0,0.0,0.0,0.0,534.0,2616.0,0.768,0,6,0,10.718,10.614,252,240,2,12,24,12,0,1920,0,0,0,0,0,0,0,0,0,0,184,0,0,0,992,115,398,422,0,0,3,0.992
1754,13.364,20.021,0.051,0.0,0.0,0.0,0.0,0.0,534.0,2616.0,0.902,0,6,0,10.817,10.707,254,240,2,12,24,12,0,1920,0,0,0,0,0,0,0,0,0,0,184,0,0,0,1323,156,523,576,0,0,3,1.323
1755,12.59,20.021,0.051,0.0,0.0,0.0,0.0,0.0,534.0,2616.0,0.752,0,6,0,10.233,10.137,253,240,2,12,24,12,0,1920,0,0,0,0,0,0,0,0,0,0,184,0,0,0,1078,125,424,447,0,0,3,1.078
1756,12.322,20.021,0.051,0.0,0.0,0.0,0.0,0.0,534.0,2616.0,0.73,0,6,0,10.079,9.98,253,240,2,12,24,12,0,1920,0,0,0,0,0,0,0,0,0,0,184,0,0,0,1084,169,470,385,0,0,3,1.084
1757,12.791,20.021,0.051,0.0,0.0,0.0,0.0,0.0,534.0,2616.0,0.798,0,6,0,9.631,9.462,253,240,2,12,24,12,0,1920,0,0,0,0,0,0,0,0,0,0,184,0,0,0,1388,201,694,422,0,0,3,1.388
1758,13.055,20.021,0.051,0.0,0.0,0.0,0.0,0.0,534.0,2616.0,0.653,0,6,0,10.873,10.779,253,240,2,12,24,12,0,1920,0,0,0,0,0,0,0,0,0,0,184,0,0,0,991,131,408,381,0,0,3,0.991
1759,13.506,20.021,0.051,0.0,0.0,0.0,0.0,0.0,534.0,2616.0,1.001,0,6,0,11.192,11.089,253,240,2,12,24,12,0,1920,0,0,0,0,0,0,0,0,0,0,184,0,0,0,1071,122,431,444,0,0,2,1.071
1760,12.572,20.021,0.051,0.0,0.0,0.0,0.0,0.0,534.0,2616.0,0.732,0,6,0,10.164,10.072,253,240,2,12,24,12,0,1920,0,0,0,0,0,0,0,0,0,0,184,0,0,0,1007,137,403,418,0,0,2,1.007
1761,20.692,20.021,0.051,0.0,0.0,0.0,0.0,0.0,534.0,2616.0,0.731,0,6,0,18.477,18.39,253,240,2,12,24,12,0,1920,0,0,0,0,0,0,0,0,0,0,184,0,0,0,1048,124,419,451,0,0,2,1.048
1762,15.379,20.021,0.051,0.0,0.0,0.0,0.0,0.0,534.0,2616.0,0.708,0,6,0,13.124,13.024,253,240,2,12,24,12,0,1920,0,0,0,0,0,0,0,0,0,0,184,0,0,0,1086,177,455,396,0,0,3,1.086
1763,17.338,20.021,0.051,0.0,0.0,0.0,0.0,0.0,534.0,2616.0,0.89,0,6,0,15.08,14.982,254,240,2,12,24,12,0,1920,0,0,0,0,0,0,0,0,0,0,184,0,0,0,1075,127,446,445,0,0,3,1.075
1764,12.657,20.021,0.051,0.0,0.0,0.0,0.0,0.0,534.0,2616.0,0.661,0,6,0,10.27,10.16,252,240,2,12,24,12,0,1920,0,0,0,0,0,0,0,0,0,0,184,0,0,0,1057,152,429,421,0,0,3,1.057
1765,17.829,20.021,0.051,0.0,0.0,0.0,0.0,0.0,534.0,2616.0,0.713,0,6,0,15.414,15.326,252,240,2,12,24,12,0,1920,0,0,0,0,0,0,0,0,0,0,184,0,0,0,1321,122,491,629,0,0,3,1.321
1766,14.882,20.021,0.051,0.0,0.0,0.0,0.0,0.0,534.0,2616.0,0.764,0,6,0,12.594,12.491,255,240,2,12,24,12,0,1920,0,0,0,0,0,0,0,0,0,0,184,0,0,0,1024,125,429,397,0,0,2,1.024
1767,12.721,20.021,0.051,0.0,0.0,0.0,0.0,0.0,534.0,2616.0,0.66,0,6,0,10.456,10.356,253,240,2,12,24,12,0,1920,0,0,0,0,0,0,0,0,0,0,184,0,0,0,1090,133,495,411,0,0,2,1.09
1768,11.934,20.021,0.051,0.0,0.0,0.0,0.0,0.0,534.0,2616.0,0.627,0,6,0,9.949,9.855,253,240,2,12,24,12,0,1920,0,0,0,0,0,0,0,0,0,0,184,0,0,0,965,108,409,400,0,0,2,0.965
1769,12.242,20.021,0.051,0.0,0.0,0.0,0.0,0.0,534.0,2616.0,0.626,0,6,0,10.219,10.136,253,240,2,12,24,12,0,1920,0,0,0,0,0,0,0,0,0,0,184,0,0,0,1031,117,411,446,0,0,3,1.031
1770,14.678,20.021,0.051,0.0,0.0,0.0,0.0,0.0,534.0,2616.0,0.827,0,6,0,12.442,12.357,253,240,2,12,24,12,0,1920,0,0,0,0,0,0,0,0,0,0,184,0,0,0,1116,128,498,433,0,0,3,1.116
1771,13.561,20.021,0.051,0.0,0.0,0.0,0.0,0.0,534.0,2616.0,0.918,0,6,0,11.216,11.083,253,240,2,12,24,12,0,1920,0,0,0,0,0,0,0,0,0,0,184,0,0,0,1096,125,503,413,0,0,3,1.096
1772,13.934,20.021,0.051,0.0,0.0,0.0,0.0,0.0,534.0,2616.0,0.826,0,6,0,11.441,11.256,253,240,2,12,24,12,0,1920,0,0,0,0,0,0,0,0,0,0,184,0,0,0,1119,131,489,439,0,0,3,1.119
1773,13.007,20.021,0.051,0.0,0.0,0.0,0.0,0.0,534.0,2616.0,0.708,0,6,0,10.873,10.769,252,240,2,12,24,12,0,1920,0,0,0,0,0,0,0,0,0,0,184,0,0,0,910,110,378,354,0,0,1,0.91
1774,12.566,20.021,0.051,0.0,0.0,0.0,0.0,0.0,534.0,2616.0,0.689,0,6,0,10.504,10.418,254,240,2,12,24,12,0,1920,0,0,0,0,0,0,0,0,0,0,184,0,0,0,983,110,418,409,0,0,3,0.983
1775,15.934,20.021,0.051,0.0,0.0,0.0,0.0,0.0,534.0,2616.0,1.939,0,6,0,13.411,13.296,254,240,2,12,24,12,0,1920,0,0,0,0,0,0,0,0,0,0,184,0,0,0,1419,126,804,436,0,0,2,1.419
1776,22.04,20.021,0.051,0.0,0.0,0.0,0.0,0.0,534.0,2616.0,1.008,0,6,0,18.152,18.06,253,240,2,12,24,12,0,1920,0,0,0,0,0,0,0,0,0,0,184,0,0,0,1465,195,608,590,0,0,3,1.465
1777,17.491,20.021,0.051,0.0,0.0,0.0,0.0,0.0,534.0,2616.0,1.197,0,6,0,14.672,14.562,252,240,2,12,24,12,0,1920,0,0,0,0,0,0,0,0,0,0,184,0,0,0,1300,179,573,467,0,0,3,1.3
1778,21.353,20.021,0.051,0.0,0.0,0.0,0.0,0.0,534.0,2616.0,1.062,0,6,0,18.005,15.794,255,240,2,12,24,12,0,1920,0,0,0,0,0,0,0,0,0,0,184,0,0,0,1547,194,715,547,0,0,4,1.547
1779,13.637,20.021,0.051,0.0,0.0,0.0,0.0,0.0,534.0,2616.0,0.673,0,6,0,11.125,10.978,254,240,2,12,24,12,0,1920,0,0,0,0,0,0,0,0,0,0,184,0,0,0,987,119,429,392,0,0,2,0.987
1780,11.89,20.021,0.051,0.0,0.0,0.0,0.0,0.0,534.0,2616.0,0.685,0,6,0,9.834,9.748,252,240,2,12,24,12,0,1920,0,0,0,0,0,0,0,0,0,0,184,0,0,0,1001,120,441,389,0,0,2,1.001
1781,11.773,20.021,0.051,0.0,0.0,0.0,0.0,0.0,534.0,2616.0,0.708,0,6,0,9.721,9.628,253,240,2,12,24,12,0,1920,0,0,0,0,0,0,0,0,0,0,184,0,0,0,997,142,400,405,0,0,3,0.997
1782,12.423,20.021,0.051,0.0,0.0,0.0,0.0,0.0,534.0,2616.0,0.833,0,6,0,10.345,10.239,253,240,2,12,24,12,0,1920,0,0,0,0,0,0,0,0,0,0,184,0,0,0,997,154,404,379,0,0,3,0.997
1783,12.449,20.021,0.051,0.0,0.0,0.0,0.0,0.0,534.0,2616.0,0.7,0,6,0,10.095,10.001,254,240,2,12,24,12,0,1920,0,0,0,0,0,0,0,0,0,0,184,0,0,0,1115,120,539,400,0,0,2,1.115
1784,11.762,20.021,0.051,0.0,0.0,0.0,0.0,0.0,534.0,2616.0,0.64,0,6,0,9.695,9.593,255,240,2,12,24,12,0,1920,0,0,0,0,0,0,0,0,0,0,184,0,0,0,974,114,425,388,0,0,3,0.974
1785,11.936,20.021,0.051,0.0,0.0,0.0,0.0,0.0,534.0,2616.0,0.604,0,6,0,9.949,9.874,252,240,2,12,24,12,0,1920,0,0,0,0,0,0,0,0,0,0,184,0,0,0,970,123,400,396,0,0,3,0.97
1786,12.261,20.021,0.051,0.0,0.0,0.0,0.0,0.0,534.0,2616.0,0.717,0,6,0,10.272,10.185,253,240,2,12,24,12,0,1920,0,0,0,0,0,0,0,0,0,0,184,0,0,0,985,122,426,391,0,0,2,0.985
1787,12.14,20.021,0.051,0.0,0.0,0.0,0.0,0.0,534.0,2616.0,0.757,0,6,0,10.038,9.945,254,240,2,12,24,12,0,1920,0,0,0,0,0,0,0,0,0,0,184,0,0,0,989,120,413,399,0,0,3,0.989
1788,12.188,20.021,0.051,0.0,0.0,0.0,0.0,0.0,534.0,2616.0,0.74,0,6,0,9.764,9.671,253,240,2,12,24,12,0,1920,0,0,0,0,0,0,0,0,0,0,184,0,0,0,1016,158,430,379,0,0,2,1.016
1789,11.609,20.021,0.051,0.0,0.0,0.0,0.0,0.0,534.0,2616.0,0.622,0,6,0,9.555,9.467,253,240,2,12,24,12,0,1920,0,0,0,0,0,0,0,0,0,0,184,0,0,0,967,108,433,377,0,0,2,0.967
1790,11.548,20.021,0.051,0.0,0.0,0.0,0.0,0.0,534.0,2616.0,0.676,0,6,0,9.609,9.518,254,240,2,12,24,12,0,1920,0,0,0,0,0,0,0,0,0,0,184,0,0,0,969,107,397,414,0,0,1,0.969
1791,11.911,20.021,0.051,0.0,0.0,0.0,0.0,0.0,534.0,2616.0,0.697,0,6,0,9.894,9.804,254,240,2,12,24,12,0,1920,0,0,0,0,0,0,0,0,0,0,184,0,0,0,993,110,458,380,0,0,3,0.993
1792,12.306,20.021,0.051,0.0,0.0,0.0,0.0,0.0,534.0,2616.0,0.618,0,6,0,10.265,10.18,253,240,2,12,24,12,0,1920,0,0,0,0,0,0,0,0,0,0,184,0,0,0,966,118,414,380,0,0,2,0.966
1793,12.029,27.142,0.065,0.0,0.0,0.0,0.0,0.0,534.0,2616.0,0.647,0,6,0,9.933,9.844,253,240,2,12,24,12,0,1920,0,0,0,0,0,0,0,0,0,0,184,0,0,0,1050,123,472,395,0,0,3,1.05
1794,12.169,27.142,0.065,0.0,0.0,0.0,0.0,0.0,534.0,2616.0,0.634,0,6,0,10.111,9.951,253,240,2,12,24,12,0,1920,0,0,0,0,0,0,0,0,0,0,184,0,0,0,998,117,407,421,0,0,2,0.998
1795,12.238,27.142,0.065,0.0,0.0,0.0,0.0,0.0,534.0,2616.0,0.72,0,6,0,10.139,10.02,254,240,2,12,24,12,0,1920,0,0,0,0,0,0,0,0,0,0,184,0,0,0,1078,145,480,395,0,0,3,1.078
1796,12.006,27.142,0.065,0.0,0.0,0.0,0.0,0.0,534.0,2616.0,0.698,0,6,0,9.941,9.809,254,240,2,12,24,12,0,1920,0,0,0,0,0,0,0,0,0,0,184,0,0,0,974,117,404,409,0,0,2,0.974
1797,12.741,27.142,0.065,0.0,0.0,0.0,0.0,0.0,534.0,2616.0,0.828,0,6,0,10.66,10.532,253,240,2,12,24,12,0,1920,0,0,0,0,0,0,0,0,0,0,184,0,0,0,969,111,398,408,0,0,2,0.969
1798,12.361,27.142,0.065,0.0,0.0,0.0,0.0,0.0,534.0,2616.0,0.71,0,6,0,9.799,9.714,252,240,2,12,24,12,0,1920,0,0,0,0,0,0,0,0,0,0,184,0,0,0,1308,121,687,441,0,0,2,1.308
1799,12.008,27.142,0.065,0.0,0.0,0.0,0.0,0.0,534.0,2616.0,0.682,0,6,0,9.904,9.801,255,240,2,12,24,12,0,1920,0,0,0,0,0,0,0,0,0,0,184,0,0,0,1010,117,402,431,0,0,2,1.01
1800,11.964,27.142,0.065,0.0,0.0,0.0,0.0,0.0,534.0,2616.0,0.713,0,6,0,9.78,9.678,255,240,2,12,24,12,0,1920,0,0,0,0,0,0,0,0,0,0,184,0,0,0,1159,241,437,390,0,0,3,1.159
1801,11.618,27.142,0.065,0.0,0.0,0.0,0.0,0.0,534.0,2616.0,0.699,0,6,0,9.571,9.491,252,240,2,12,24,12,0,1920,0,0,0,0,0,0,0,0,0,0,184,0,0,0,952,108,399,403,0,0,3,0.952
1802,13.26,27.142,0.065,0.0,0.0,0.0,0.0,0.0,534.0,2616.0,0.788,0,6,0,11.118,10.999,253,240,2,12,24,12,0,1920,0,0,0,0,0,0,0,0,0,0,184,0,0,0,1059,133,420,447,0,0,3,1.059
1803,12.179,27.142,0.065,0.0,0.0,0.0,0.0,0.0,534.0,2616.0,2.657,0,6,0,9.988,9.897,253,240,2,12,24,12,0,1920,0,0,0,0,0,0,0,0,0,0,184,0,0,0,977,120,401,406,0,0,1,0.977
1804,15.353,27.142,0.065,0.0,0.0,0.0,0.0,0.0,534.0,2616.0,0.666,0,6,0,11.151,11.01,255,240,2,12,24,12,0,1920,0,0,0,0,0,0,0,0,0,0,184,0,0,0,1047,147,417,427,0,0,2,1.047
1805,11.661,27.142,0.065,0.0,0.0,0.0,0.0,0.0,534.0,2616.0,0.682,0,6,0,9.583,9.49,254,240,2,12,24,12,0,1920,0,0,0,0,0,0,0,0,0,0,184,0,0,0,1032,117,476,384,0,0,2,1.032
1806,11.57,27.142,0.065,0.0,0.0,0.0,0.0,0.0,534.0,2616.0,0.69,0,6,0,9.492,9.407,252,240,2,12,24,12,0,1920,0,0,0,0,0,0,0,0,0,0,184,0,0,0,952,110,420,376,0,0,2,0.952
1807,12.073,27.142,0.065,0.0,0.0,0.0,0.0,0.0,534.0,2616.0,0.7,0,6,0,9.909,9.813,253,240,2,12,24,12,0,1920,0,0,0,0,0,0,0,0,0,0,184,0,0,0,1053,117,472,411,0,0,2,1.053
1808,11.869,27.142,0.065,0.0,0.0,0.0,0.0,0.0,534.0,2616.0,0.701,0,6,0,9.719,9.597,255,240,2,12,24,12,0,1920,0,0,0,0,0,0,0,0,0,0,184,0,0,0,997,117,444,385,0,0,2,0.997
1809,11.645,27.142,0.065,0.0,0.0,0.0,0.0,0.0,534.0,2616.0,0.798,0,6,0,9.565,9.444,254,240,2,12,24,12,0,1920,0,0,0,0,0,0,0,0,0,0,184,0,0,0,1015,115,441,404,0,0,2,1.015
1810,11.847,27.142,0.065,0.0,0.0,0.0,0.0,0.0,534.0,2616.0,0.682,0,6,0,9.729,9.638,253,240,2,12,24,12,0,1920,0,0,0,0,0,0,0,0,0,0,184,0,0,0,970,109,396,421,0,0,1,0.97
1811,11.918,27.142,0.065,0.0,0.0,0.0,0.0,0.0,534.0,2616.0,0.685,0,6,0,9.866,9.777,253,240,2,12,24,12,0,1920,0,0,0,0,0,0,0,0,0,0,184,0,0,0,975,125,395,402,0,0,3,0.975
1812,11.829,27.142,0.065,0.0,0.0,0.0,0.0,0.0,534.0,2616.0,0.701,0,6,0,9.769,9.648,253,240,2,12,24,12,0,1920,0,0,0,0,0,0,0,0,0,0,184,0,0,0,991,120,405,408,0,0,2,0.991
1813,11.913,27.142,0.065,0.0,0.0,0.0,0.0,0.0,534.0,2616.0,0.605,0,6,0,9.872,9.776,254,240,2,12,24,12,0,1920,0,0,0,0,0,0,0,0,0,0,184,0,0,0,971,114,403,402,0,0,3,0.971
1814,11.891,27.142,0.065,0.0,0.0,0.0,0.0,0.0,534.0,2616.0,0.658,0,6,0,9.886,9.77,253,240,2,12,24,12,0,1920,0,0,0,0,0,0,0,0,0,0,184,0,0,0,966,118,423,374,0,0,2,0.966
1815,11.843,27.142,0.065,0.0,0.0,0.0,0.0,0.0,534.0,2616.0,0.606,0,6,0,9.806,9.683,254,240,2,12,24,12,0,1920,0,0,0,0,0,0,0,0,0,0,184,0,0,0,974,126,405,393,0,0,2,0.974
1816,11.698,27.142,0.065,0.0,0.0,0.0,0.0,0.0,534.0,2616.0,0.75,0,6,0,9.772,9.675,254,240,2,12,24,12,0,1920,0,0,0,0,0,0,0,0,0,0,184,0,0,0,990,111,405,428,0,0,1,0.99
1817,11.918,27.142,0.065,0.0,0.0,0.0,0.0,0.0,534.0,2616.0,0.675,0,6,0,9.823,9.732,253,240,2,12,24,12,0,1920,0,0,0,0,0,0,0,0,0,0,184,0,0,0,971,116,430,378,0,0,3,0.971
1818,11.667,27.142,0.065,0.0,0.0,0.0,0.0,0.0,534.0,2616.0,0.715,0,6,0,9.671,9.583,253,240,2,12,24,12,0,1920,0,0,0,0,0,0,0,0,0,0,184,0,0,0,975,116,400,412,0,0,2,0.975
1819,11.859,27.142,0.065,0.0,0.0,0.0,0.0,0.0,534.0,2616.0,0.626,0,6,0,9.768,9.68,253,240,2,12,24,12,0,1920,0,0,0,0,0,0,0,0,0,0,184,0,0,0,988,115,398,424,0,0,2,0.988
1820,11.597,27.142,0.065,0.0,0.0,0.0,0.0,0.0,534.0,2616.0,0.653,0,6,0,9.635,9.505,254,240,2,12,24,12,0,1920,0,0,0,0,0,0,0,0,0,0,184,0,0,0,973,118,430,376,0,0,1,0.973
1821,11.893,27.142,0.065,0.0,0.0,0.0,0.0,0.0,534.0,2616.0,0.706,0,6,0,9.893,9.807,253,240,2,12,24,12,0,1920,0,0,0,0,0,0,0,0,0,0,184,0,0,0,991,122,438,380,0,0,2,0.991
1822,11.767,27.142,0.065,0.0,0.0,0.0,0.0,0.0,534.0,2616.0,0.63,0,6,0,9.677,9.548,255,240,2,12,24,12,0,1920,0,0,0,0,0,0,0,0,0,0,184,0,0,0,989,117,411,382,0,0,2,0.989
1823,11.266,27.142,0.065,0.0,0.0,0.0,0.0,0.0,534.0,2616.0,0.711,0,6,0,9.258,9.159,254,240,2,12,24,12,0,1920,0,0,0,0,0,0,0,0,0,0,184,0,0,0,1027,116,470,385,0,0,2,1.027
1824,11.221,27.142,0.065,0.0,0.0,0.0,0.0,0.0,534.0,2616.0,0.744,0,6,0,9.189,9.107,253,240,2,12,24,12,0,1920,0,0,0,0,0,0,0,0,0,0,184,0,0,0,976,136,415,379,0,0,1,0.976
1825,11.635,27.142,0.065,0.0,0.0,0.0,0.0,0.0,534.0,2616.0,0.742,0,6,0,9.542,9.458,253,240,2,12,24,12,0,1920,0,0,0,0,0,0,0,0,0,0,184,0,0,0,981,121,406,407,0,0,2,0.981
1826,14.582,27.142,0.065,0.0,0.0,0.0,0.0,0.0,534.0,2616.0,0.648,0,6,0,12.43,12.341,253,240,2,12,24,12,0,1920,0,0,0,0,0,0,0,0,0,0,184,0,0,0,975,119,417,386,0,0,2,0.975
1827,14.002,27.142,0.065,0.0,0.0,0.0,0.0,0.0,534.0,2616.0,0.886,0,6,0,11.952,11.874,252,240,2,12,24,12,0,1920,0,0,0,0,0,0,0,0,0,0,184,0,0,0,968,113,420,389,0,0,3,0.968
1828,13.698,27.142,0.065,0.0,0.0,0.0,0.0,0.0,534.0,2616.0,0.804,0,6,0,11.432,10.154,255,240,2,12,24,12,0,1920,0,0,0,0,0,0,0,0,0,0,184,0,0,0,987,112,413,417,0,0,1,0.987
1829,12.288,27.142,0.065,0.0,0.0,0.0,0.0,0.0,534.0,2616.0,0.68,0,6,0,10.089,9.998,254,240,2,12,24,12,0,1920,0,0,0,0,0,0,0,0,0,0,184,0,0,0,1012,136,420,393,0,0,12,1.012
1830,11.83,27.142,0.065,0.0,0.0,0.0,0.0,0.0,534.0,2616.0,1.278,0,6,0,9.856,9.771,253,240,2,12,24,12,0,1920,0,0,0,0,0,0,0,0,0,0,184,0,0,0,973,136,417,375,0,0,2,0.973
1831,12.731,27.142,0.065,0.0,0.0,0.0,0.0,0.0,534.0,2616.0,0.667,0,6,0,10.146,10.052,254,240,2,12,24,12,0,1920,0,0,0,0,0,0,0,0,0,0,184,0,0,0,946,118,406,369,0,0,2,0.946
1832,10.919,27.142,0.065,0.0,0.0,0.0,0.0,0.0,534.0,2616.0,0.687,0,6,0,9.046,8.954,255,240,2,12,24,12,0,1920,0,0,0,0,0,0,0,0,0,0,184,0,0,0,904,104,395,364,0,0,2,0.904
1833,12.313,27.142,0.065,0.0,0.0,0.0,0.0,0.0,534.0,2616.0,0.634,0,6,0,10.397,10.316,252,240,2,12,24,12,0,1920,0,0,0,0,0,0,0,0,0,0,184,0,0,0,893,115,372,359,0,0,3,0.893
1834,10.758,27.142,0.065,0.0,0.0,0.0,0.0,0.0,534.0,2616.0,0.619,0,6,0,8.897,8.816,252,240,2,12,24,12,0,1920,0,0,0,0,0,0,0,0,0,0,184,0,0,0,926,104,393,381,0,0,2,0.926
1835,11.761,27.142,0.065,0.0,0.0,0.0,0.0,0.0,534.0,2616.0,0.918,0,6,0,9.797,9.722,253,240,2,12,24,12,0,1920,0,0,0,0,0,0,0,0,0,0,184,0,0,0,1057,118,428,465,0,0,3,1.057
1836,16.021,27.142,0.065,0.0,0.0,0.0,0.0,0.0,534.0,2616.0,0.903,0,6,0,13.274,13.179,255,240,2,12,24,12,0,1920,0,0,0,0,0,0,0,0,0,0,184,0,0,0,1400,172,590,558,0,0,3,1.4
1837,16.169,27.142,0.065,0.0,0.0,0.0,0.0,0.0,534.0,2616.0,0.96,0,6,0,13.369,13.266,252,240,2,12,24,12,0,1920,0,0,0,0,0,0,0,0,0,0,184,0,0,0,1387,154,634,523,0,0,3,1.387
1838,16.271,27.142,0.065,0.0,0.0,0.0,0.0,0.0,534.0,2616.0,0.958,0,6,0,13.523,13.394,254,240,2,12,24,12,0,1920,0,0,0,0,0,0,0,0,0,0,184,0,0,0,1296,161,549,477,0,0,4,1.296
1839,16.167,27.142,0.065,0.0,0.0,0.0,0.0,0.0,534.0,2616.0,0.678,0,6,0,13.383,13.24,254,240,2,12,24,12,0,1920,0,0,0,0,0,0,0,0,0,0,184,0,0,0,1313,155,480,607,0,0,2,1.313
1840,11.883,27.142,0.065,0.0,0.0,0.0,0.0,0.0,534.0,2616.0,0.695,0,6,0,9.713,9.621,253,240,2,12,24,12,0,1920,0,0,0,0,0,0,0,0,0,0,184,0,0,0,1085,149,490,390,0,0,3,1.085
1841,12.03,27.142,0.065,0.0,0.0,0.0,0.0,0.0,534.0,2616.0,0.76,0,6,0,9.745,9.653,253,240,2,12,24,12,0,1920,0,0,0,0,0,0,0,0,0,0,184,0,0,0,1211,134,509,506,0,0,3,1.211
1842,13.073,27.142,0.065,0.0,0.0,0.0,0.0,0.0,534.0,2616.0,0.61,0,6,0,10.928,10.821,254,240,2,12,24,12,0,1920,0,0,0,0,0,0,0,0,0,0,184,0,0,0,978,127,421,382,0,0,2,0.978
1843,11.465,27.142,0.065,0.0,0.0,0.0,0.0,0.0,534.0,2616.0,0.671,0,6,0,9.477,9.386,252,240,2,12,24,12,0,1920,0,0,0,0,0,0,0,0,0,0,184,0,0,0,970,119,423,375,0,0,3,0.97
1844,14.331,27.142,0.065,0.0,0.0,0.0,0.0,0.0,534.0,2616.0,1.052,0,6,0,11.95,11.855,254,240,2,12,24,12,0,1920,0,0,0,0,0,0,0,0,0,0,184,0,0,0,1300,159,526,549,0,0,3,1.3
1845,16.464,27.142,0.065,0.0,0.0,0.0,0.0,0.0,534.0,2616.0,0.973,0,6,0,13.582,13.435,254,240,2,12,24,12,0,1920,0,0,0,0,0,0,0,0,0,0,184,0,0,0,1317,189,524,534,0,0,3,1.317
1846,16.307,27.142,0.065,0.0,0.0,0.0,0.0,0.0,534.0,2616.0,0.971,0,6,0,13.486,13.365,254,240,2,12,24,12,0,1920,0,0,0,0,0,0,0,0,0,0,184,0,0,0,1366,157,583,556,0,0,2,1.366
1847,16.534,27.142,0.065,0.0,0.0,0.0,0.0,0.0,534.0,2616.0,0.982,0,6,0,13.627,13.526,252,240,2,12,24,12,0,1920,0,0,0,0,0,0,0,0,0,0,184,0,0,0,1428,165,602,584,0,0,2,1.428
1848,16.888,27.142,0.065,0.0,0.0,0.0,0.0,0.0,534.0,2616.0,0.985,0,6,0,14.022,13.893,253,240,2,12,24,12,0,1920,0,0,0,0,0,0,0,0,0,0,184,0,0,0,1328,163,527,567,0,0,3,1.328
1849,16.441,27.142,0.065,0.0,0.0,0.0,0.0,0.0,534.0,2616.0,0.973,0,6,0,13.666,13.528,256,240,2,12,24,12,0,1920,0,0,0,0,0,0,0,0,0,0,184,0,0,0,1280,152,533,529,0,0,4,1.28
1850,16.463,27.142,0.065,0.0,0.0,0.0,0.0,0.0,534.0,2616.0,0.895,0,6,0,13.671,13.55,253,240,2,12,24,12,0,1920,0,0,0,0,0,0,0,0,0,0,184,0,0,0,1337,165,558,539,0,0,4,1.337
1851,16.336,27.142,0.065,0.0,0.0,0.0,0.0,0.0,534.0,2616.0,0.933,0,6,0,13.587,13.424,253,240,2,12,24,12,0,1920,0,0,0,0,0,0,0,0,0,0,184,0,0,0,1416,156,650,540,0,0,3,1.416
1852,16.371,27.142,0.065,0.0,0.0,0.0,0.0,0.0,534.0,2616.0,1.046,0,6,0,13.535,13.421,252,240,2,12,24,12,0,1920,0,0,0,0,0,0,0,0,0,0,184,0,0,0,1314,166,536,531,0,0,3,1.314
1853,16.486,27.142,0.065,0.0,0.0,0.0,0.0,0.0,534.0,2616.0,1.009,0,6,0,13.592,13.491,252,240,2,12,24,12,0,1920,0,0,0,0,0,0,0,0,0,0,184,0,0,0,1354,165,538,572,0,0,3,1.354
1854,16.411,27.142,0.065,0.0,0.0,0.0,0.0,0.0,534.0,2616.0,0.903,0,6,0,13.513,13.376,255,240,2,12,24,12,0,1920,0,0,0,0,0,0,0,0,0,0,184,0,0,0,1352,161,531,587,0,0,3,1.352
1855,16.659,27.142,0.065,0.0,0.0,0.0,0.0,0.0,534.0,2616.0,0.933,0,6,0,13.817,13.703,252,240,2,12,24,12,0,1920,0,0,0,0,0,0,0,0,0,0,184,0,0,0,1423,163,640,542,0,0,3,1.423
1856,16.719,27.142,0.065,0.0,0.0,0.0,0.0,0.0,534.0,2616.0,0.882,0,6,0,13.957,13.826,254,240,2,12,24,12,0,1920,0,0,0,0,0,0,0,0,0,0,184,0,0,0,1284,169,521,523,0,0,3,1.284
1857,16.757,27.142,0.065,0.0,0.0,0.0,0.0,0.0,534.0,2616.0,0.975,0,6,0,14.027,13.845,254,240,2,12,24,12,0,1920,0,0,0,0,0,0,0,0,0,0,184,0,0,0,1316,177,525,539,0,0,4,1.316
1858,17.493,27.142,0.065,0.0,0.0,0.0,0.0,0.0,534.0,2616.0,1.068,0,6,0,14.621,14.493,255,240,2,12,24,12,0,1920,0,0,0,0,0,0,0,0,0,0,184,0,0,0,1399,179,571,519,0,0,3,1.399
1859,16.958,27.142,0.065,0.0,0.0,0.0,0.0,0.0,534.0,2616.0,0.942,0,6,0,14.014,13.902,252,240,2,12,24,12,0,1920,0,0,0,0,0,0,0,0,0,0,184,0,0,0,1402,162,584,586,0,0,3,1.402
1860,17.236,27.142,0.065,0.0,0.0,0.0,0.0,0.0,534.0,2616.0,0.967,0,6,0,14.403,14.283,253,240,2,12,24,12,0,1920,0,0,0,0,0,0,0,0,0,0,184,0,0,0,1350,171,576,532,0,0,3,1.35
1861,16.951,27.142,0.065,0.0,0.0,0.0,0.0,0.0,534.0,2616.0,0.947,0,6,0,14.138,14.013,253,240,2,12,24,12,0,1920,0,0,0,0,0,0,0,0,0,0,184,0,0,0,1363,191,564,538,0,0,3,1.363
1862,18.402,27.142,0.065,0.0,0.0,0.0,0.0,0.0,534.0,2616.0,1.016,0,6,0,15.459,15.317,253,240,2,12,24,12,0,1920,0,0,0,0,0,0,0,0,0,0,184,0,0,0,1384,216,576,518,0,0,9,1.384
1863,17.686,27.142,0.065,0.0,0.0,0.0,0.0,0.0,534.0,2616.0,1.252,0,6,0,14.591,14.416,253,240,2,12,24,12,0,1920,0,0,0,0,0,0,0,0,0,0,184,0,0,0,1505,235,626,563,0,0,4,1.505
1864,18.204,27.142,0.065,0.0,0.0,0.0,0.0,0.0,534.0,2616.0,1.035,0,6,0,14.908,14.714,255,240,2,12,24,12,0,1920,0,0,0,0,0,0,0,0,0,0,184,0,0,0,1412,192,624,520,0,0,3,1.412
1865,17.778,27.142,0.065,0.0,0.0,0.0,0.0,0.0,534.0,2616.0,1.151,0,6,0,14.498,14.36,253,240,2,12,24,12,0,1920,0,0,0,0,0,0,0,0,0,0,184,0,0,0,1612,215,683,623,0,0,6,1.612
1866,18.715,18.757,0.061,0.0,0.0,0.0,0.0,0.0,534.0,2616.0,1.107,0,6,0,15.383,15.211,255,240,2,12,24,12,0,1920,0,0,0,0,0,0,0,0,0,0,184,0,0,0,1486,184,677,545,0,0,4,1.486
1867,18.676,18.757,0.061,0.0,0.0,0.0,0.0,0.0,534.0,2616.0,1.086,0,6,0,15.401,15.246,254,240,2,12,24,12,0,1920,0,0,0,0,0,0,0,0,0,0,184,0,0,0,1509,204,639,547,0,0,42,1.509
1868,18.086,18.757,0.061,0.0,0.0,0.0,0.0,0.0,534.0,2616.0,1.058,0,6,0,14.926,14.798,252,240,2,12,24,12,0,1920,0,0,0,0,0,0,0,0,0,0,184,0,0,0,1379,172,574,560,0,0,3,1.379
1869,19.373,18.757,0.061,0.0,0.0,0.0,0.0,0.0,534.0,2616.0,1.121,0,6,0,16.025,15.883,253,240,2,12,24,12,0,1920,0,0,0,0,0,0,0,0,0,0,184,0,0,0,1522,184,615,633,0,0,6,1.522
1870,16.804,18.757,0.061,0.0,0.0,0.0,0.0,0.0,534.0,2616.0,1.115,0,6,0,13.739,13.608,254,240,2,12,24,12,0,1920,0,0,0,0,0,0,0,0,0,0,184,0,0,0,1358,175,528,584,0,0,4,1.358
1871,16.907,18.757,0.061,0.0,0.0,0.0,0.0,0.0,534.0,2616.0,1.154,0,6,0,13.818,13.678,254,240,2,12,24,12,0,1920,0,0,0,0,0,0,0,0,0,0,184,0,0,0,1288,174,559,486,0,0,3,1.288
1872,16.73,18.757,0.061,0.0,0.0,0.0,0.0,0.0,534.0,2616.0,0.904,0,6,0,13.647,13.5,254,240,2,12,24,12,0,1920,0,0,0,0,0,0,0,0,0,0,184,0,0,0,1376,212,550,538,0,0,4,1.376
1873,14.968,18.757,0.061,0.0,0.0,0.0,0.0,0.0,534.0,2616.0,0.991,0,6,0,12.339,12.212,254,240,2,12,24,12,0,1920,0,0,0,0,0,0,0,0,0,0,184,0,0,0,1236,153,505,514,0,0,3,1.236
1874,15.081,18.757,0.061,0.0,0.0,0.0,0.0,0.0,534.0,2616.0,0.896,0,6,0,12.388,12.264,254,240,2,12,24,12,0,1920,0,0,0,0,0,0,0,0,0,0,184,0,0,0,1215,160,514,478,0,0,2,1.215
1875,14.981,18.757,0.061,0.0,0.0,0.0,0.0,0.0,534.0,2616.0,0.901,0,6,0,12.372,12.259,253,240,2,12,24,12,0,1920,0,0,0,0,0,0,0,0,0,0,184,0,0,0,1191,156,514,457,0,0,3,1.191
1876,15.03,18.757,0.061,0.0,0.0,0.0,0.0,0.0,534.0,2616.0,0.87,0,6,0,12.374,12.26,253,240,2,12,24,12,0,1920,0,0,0,0,0,0,0,0,0,0,184,0,0,0,1291,144,527,551,0,0,3,1.291
1877,15.798,18.757,0.061,0.0,0.0,0.0,0.0,0.0,534.0,2616.0,0.846,0,6,0,13.08,12.964,253,240,2,12,24,12,0,1920,0,0,0,0,0,0,0,0,0,0,184,0,0,0,1351,167,584,531,0,0,3,1.351
1878,16.985,18.757,0.061,0.0,0.0,0.0,0.0,0.0,534.0,2616.0,0.866,0,6,0,14.403,12.722,255,240,2,12,24,12,0,1920,0,0,0,0,0,0,0,0,0,0,184,0,0,0,1240,181,510,469,0,0,2,1.24
1879,15.784,18.757,0.061,0.0,0.0,0.0,0.0,0.0,534.0,2616.0,0.909,0,6,0,13.136,13.014,254,240,2,12,24,12,0,1920,0,0,0,0,0,0,0,0,0,0,184,0,0,0,1341,186,563,525,0,0,3,1.341
1880,16.372,18.757,0.061,0.0,0.0,0.0,0.0,0.0,534.0,2616.0,0.883,0,6,0,13.577,13.452,254,240,2,12,24,12,0,1920,0,0,0,0,0,0,0,0,0,0,184,0,0,0,1367,212,549,533,0,0,4,1.367
1881,16.173,18.757,0.061,0.0,0.0,0.0,0.0,0.0,534.0,2616.0,0.973,0,6,0,13.553,13.425,254,240,2,12,24,12,0,1920,0,0,0,0,0,0,0,0,0,0,184,0,0,0,1220,158,534,458,0,0,4,1.22
1882,16.054,18.757,0.061,0.0,0.0,0.0,0.0,0.0,534.0,2616.0,0.901,0,6,0,13.338,13.168,256,240,2,12,24,12,0,1920,0,0,0,0,0,0,0,0,0,0,184,0,0,0,1258,141,522,533,0,0,3,1.258
1883,16.389,18.757,0.061,0.0,0.0,0.0,0.0,0.0,534.0,2616.0,0.886,0,6,0,13.73,13.563,253,240,2,12,24,12,0,1920,0,0,0,0,0,0,0,0,0,0,184,0,0,0,1236,150,530,491,0,0,2,1.236
1884,15.741,18.757,0.061,0.0,0.0,0.0,0.0,0.0,534.0,2616.0,0.785,0,6,0,13.125,13.012,253,240,2,12,24,12,0,1920,0,0,0,0,0,0,0,0,0,0,184,0,0,0,1247,152,531,504,0,0,3,1.247
1885,15.758,18.757,0.061,0.0,0.0,0.0,0.0,0.0,534.0,2616.0,0.894,0,6,0,13.235,13.064,255,240,2,12,24,12,0,1920,0,0,0,0,0,0,0,0,0,0,184,0,0,0,1233,151,513,497,0,0,9,1.233
1886,15.773,18.757,0.061,0.0,0.0,0.0,0.0,0.0,534.0,2616.0,0.863,0,6,0,13.146,13.025,254,240,2,12,24,12,0,1920,0,0,0,0,0,0,0,0,0,0,184,0,0,0,1245,219,498,468,0,0,3,1.245
1887,15.922,18.757,0.061,0.0,0.0,0.0,0.0,0.0,534.0,2616.0,0.9,0,6,0,13.316,13.186,255,240,2,12,24,12,0,1920,0,0,0,0,0,0,0,0,0,0,184,0,0,0,1262,144,539,512,0,0,4,1.262
1888,15.59,18.757,0.061,0.0,0.0,0.0,0.0,0.0,534.0,2616.0,0.784,0,6,0,12.925,12.809,253,240,2,12,24,12,0,1920,0,0,0,0,0,0,0,0,0,0,184,0,0,0,1298,152,571,509,0,0,4,1.298
1889,15.725,18.757,0.061,0.0,0.0,0.0,0.0,0.0,534.0,2616.0,0.826,0,6,0,13.163,13.02,254,240,2,12,24,12,0,1920,0,0,0,0,0,0,0,0,0,0,184,0,0,0,1257,156,531,504,0,0,4,1.257
1890,15.47,18.757,0.061,0.0,0.0,0.0,0.0,0.0,534.0,2616.0,0.937,0,6,0,12.918,12.79,256,240,2,12,24,12,0,1920,0,0,0,0,0,0,0,0,0,0,184,0,0,0,1240,154,543,482,0,0,3,1.24
1891,15.304,18.757,0.061,0.0,0.0,0.0,0.0,0.0,534.0,2616.0,0.938,0,6,0,12.687,12.56,255,240,2,12,24,12,0,1920,0,0,0,0,0,0,0,0,0,0,184,0,0,0,1218,182,500,479,0,0,3,1.218
1892,15.16,18.757,0.061,0.0,0.0,0.0,0.0,0.0,534.0,2616.0,0.872,0,6,0,12.533,12.431,252,240,2,12,24,12,0,1920,0,0,0,0,0,0,0,0,0,0,184,0,0,0,1219,149,498,513,0,0,3,1.219
1893,15.366,18.757,0.061,0.0,0.0,0.0,0.0,0.0,534.0,2616.0,0.834,0,6,0,12.806,12.678,256,240,2,12,24,12,0,1920,0,0,0,0,0,0,0,0,0,0,184,0,0,0,1253,143,506,511,0,0,4,1.253
1894,15.398,18.757,0.061,0.0,0.0,0.0,0.0,0.0,534.0,2616.0,0.863,0,6,0,12.798,12.667,254,240,2,12,24,12,0,1920,0,0,0,0,0,0,0,0,0,0,184,0,0,0,1273,143,589,476,0,0,3,1.273
1895,14.924,18.757,0.061,0.0,0.0,0.0,0.0,0.0,534.0,2616.0,0.804,0,6,0,12.376,12.264,253,240,2,12,24,12,0,1920,0,0,0,0,0,0,0,0,0,0,184,0,0,0,1217,150,475,533,0,0,3,1.217
1896,14.913,18.757,0.061,0.0,0.0,0.0,0.0,0.0,534.0,2616.0,0.85,0,6,0,12.424,12.311,253,240,2,12,24,12,0,1920,0,0,0,0,0,0,0,0,0,0,184,0,0,0,1213,177,513,459,0,0,4,1.213
1897,15.013,18.757,0.061,0.0,0.0,0.0,0.0,0.0,534.0,2616.0,0.843,0,6,0,12.489,12.316,257,240,2,12,24,12,0,1920,0,0,0,0,0,0,0,0,0,0,184,0,0,0,1197,146,533,458,0,0,3,1.197
1898,14.89,18.757,0.061,0.0,0.0,0.0,0.0,0.0,534.0,2616.0,0.817,0,6,0,12.301,12.178,255,240,2,12,24,12,0,1920,0,0,0,0,0,0,0,0,0,0,184,0,0,0,1285,187,528,496,0,0,3,1.285
1899,15.409,18.757,0.061,0.0,0.0,0.0,0.0,0.0,534.0,2616.0,0.838,0,6,0,12.856,12.724,255,240,2,12,24,12,0,1920,0,0,0,0,0,0,0,0,0,0,184,0,0,0,1282,186,509,518,0,0,4,1.282
1900,15.32,18.757,0.061,0.0,0.0,0.0,0.0,0.0,534.0,2616.0,0.84,0,6,0,12.825,12.712,253,240,2,12,24,12,0,1920,0,0,0,0,0,0,0,0,0,0,184,0,0,0,1199,145,531,468,0,0,3,1.199
1901,15.56,18.757,0.061,0.0,0.0,0.0,0.0,0.0,534.0,2616.0,0.902,0,6,0,13.027,12.874,254,240,2,12,24,12,0,1920,0,0,0,0,0,0,0,0,0,0,184,0,0,0,1204,176,506,460,0,0,4,1.204
1902,15.263,18.757,0.061,0.0,0.0,0.0,0.0,0.0,534.0,2616.0,0.818,0,6,0,12.735,12.625,253,240,2,12,24,12,0,1920,0,0,0,0,0,0,0,0,0,0,184,0,0,0,1194,140,474,510,0,0,3,1.194
1903,14.95,18.757,0.061,0.0,0.0,0.0,0.0,0.0,534.0,2616.0,0.831,0,6,0,12.487,12.367,256,240,2,12,24,12,0,1920,0,0,0,0,0,0,0,0,0,0,184,0,0,0,1194,149,528,454,0,0,3,1.194
1904,15.083,18.757,0.061,0.0,0.0,0.0,0.0,0.0,534.0,2616.0,0.794,0,6,0,12.607,12.491,255,240,2,12,24,12,0,1920,0,0,0,0,0,0,0,0,0,0,184,0,0,0,1225,138,530,464,0,0,3,1.225
1905,14.975,18.757,0.061,0.0,0.0,0.0,0.0,0.0,534.0,2616.0,0.954,0,6,0,12.599,12.486,255,240,2,12,24,12,0,1920,0,0,0,0,0,0,0,0,0,0,184,0,0,0,1172,139,520,454,0,0,3,1.172
1906,15.388,18.757,0.061,0.0,0.0,0.0,0.0,0.0,534.0,2616.0,0.778,0,6,0,12.755,12.612,253,240,2,12,24,12,0,1920,0,0,0,0,0,0,0,0,0,0,184,0,0,0,1236,181,503,486,0,0,3,1.236
1907,15.4,18.757,0.061,0.0,0.0,0.0,0.0,0.0,534.0,2616.0,0.843,0,6,0,12.958,12.822,255,240,2,12,24,12,0,1920,0,0,0,0,0,0,0,0,0,0,184,0,0,0,1165,139,478,489,0,0,3,1.165
1908,15.297,18.757,0.061,0.0,0.0,0.0,0.0,0.0,534.0,2616.0,0.861,0,6,0,12.859,12.749,254,240,2,12,24,12,0,1920,0,0,0,0,0,0,0,0,0,0,184,0,0,0,1177,141,528,452,0,0,3,1.177
1909,15.367,18.757,0.061,0.0,0.0,0.0,0.0,0.0,534.0,2616.0,0.83,0,6,0,12.756,12.583,256,240,2,12,24,12,0,1920,0,0,0,0,0,0,0,0,0,0,184,0,0,0,1304,181,534,521,0,0,3,1.304
1910,15.376,18.757,0.061,0.0,0.0,0.0,0.0,0.0,534.0,2616.0,0.819,0,6,0,12.819,12.706,253,240,2,12,24,12,0,1920,0,0,0,0,0,0,0,0,0,0,184,0,0,0,1261,182,550,463,0,0,3,1.261
1911,15.397,18.757,0.061,0.0,0.0,0.0,0.0,0.0,534.0,2616.0,0.928,0,6,0,12.846,12.721,254,240,2,12,24,12,0,1920,0,0,0,0,0,0,0,0,0,0,184,0,0,0,1252,154,543,489,0,0,3,1.252
1912,15.46,18.757,0.061,0.0,0.0,0.0,0.0,0.0,534.0,2616.0,0.967,0,6,0,12.813,12.674,255,240,2,12,24,12,0,1920,0,0,0,0,0,0,0,0,0,0,184,0,0,0,1200,145,522,473,0,0,2,1.2
1913,15.267,18.757,0.061,0.0,0.0,0.0,0.0,0.0,534.0,2616.0,0.879,0,6,0,12.571,12.437,256,240,2,12,24,12,0,1920,0,0,0,0,0,0,0,0,0,0,184,0,0,0,1247,163,502,519,0,0,4,1.247
1914,15.111,18.757,0.061,0.0,0.0,0.0,0.0,0.0,534.0,2616.0,0.875,0,6,0,12.569,12.451,253,240,2,12,24,12,0,1920,0,0,0,0,0,0,0,0,0,0,184,0,0,0,1211,145,492,497,0,0,2,1.211
1915,15.276,18.757,0.061,0.0,0.0,0.0,0.0,0.0,534.0,2616.0,0.836,0,6,0,12.641,12.472,255,240,2,12,24,12,0,1920,0,0,0,0,0,0,0,0,0,0,184,0,0,0,1295,141,546,544,0,0,3,1.295
1916,15.647,18.757,0.061,0.0,0.0,0.0,0.0,0.0,534.0,2616.0,0.872,0,6,0,13.032,12.917,253,240,2,12,24,12,0,1920,0,0,0,0,0,0,0,0,0,0,184,0,0,0,1284,160,577,480,0,0,3,1.284
1917,15.119,18.757,0.061,0.0,0.0,0.0,0.0,0.0,534.0,2616.0,0.905,0,6,0,12.634,12.517,255,240,2,12,24,12,0,1920,0,0,0,0,0,0,0,0,0,0,184,0,0,0,1195,140,533,462,0,0,3,1.195
1918,19.347,18.757,0.061,0.0,0.0,0.0,0.0,0.0,534.0,2616.0,0.88,0,6,0,16.748,16.589,254,240,2,12,24,12,0,1920,0,0,0,0,0,0,0,0,0,0,184,0,0,0,1227,163,520,483,0,0,3,1.227
1919,15.278,18.757,0.061,0.0,0.0,0.0,0.0,0.0,534.0,2616.0,0.882,0,6,0,12.7,12.531,255,240,2,12,24,12,0,1920,0,0,0,0,0,0,0,0,0,0,184,0,0,0,1201,143,501,462,0,0,3,1.201
1920,15.206,18.757,0.061,0.0,0.0,0.0,0.0,0.0,534.0,2616.0,0.864,0,6,0,12.652,12.537,254,240,2,12,24,12,0,1920,0,0,0,0,0,0,0,0,0,0,184,0,0,0,1204,152,529,468,0,0,3,1.204
1921,15.178,18.757,0.061,0.0,0.0,0.0,0.0,0.0,534.0,2616.0,0.85,0,6,0,12.62,12.489,255,240,2,12,24,12,0,1920,0,0,0,0,0,0,0,0,0,0,184,0,0,0,1254,187,503,502,0,0,3,1.254
1922,14.973,18.757,0.061,0.0,0.0,0.0,0.0,0.0,534.0,2616.0,0.905,0,6,0,12.499,12.338,255,240,2,12,24,12,0,1920,0,0,0,0,0,0,0,0,0,0,184,0,0,0,1208,145,488,512,0,0,2,1.208
1923,15.476,18.757,0.061,0.0,0.0,0.0,0.0,0.0,534.0,2616.0,0.832,0,6,0,12.819,12.666,254,240,2,12,24,12,0,1920,0,0,0,0,0,0,0,0,0,0,184,0,0,0,1262,158,557,475,0,0,3,1.262
1924,15.725,18.757,0.061,0.0,0.0,0.0,0.0,0.0,534.0,2616.0,0.82,0,6,0,13.125,12.997,253,240,2,12,24,12,0,1920,0,0,0,0,0,0,0,0,0,0,184,0,0,0,1275,154,533,522,0,0,4,1.275
1925,16.098,18.757,0.061,0.0,0.0,0.0,0.0,0.0,534.0,2616.0,0.863,0,6,0,13.501,13.381,255,240,2,12,24,12,0,1920,0,0,0,0,0,0,0,0,0,0,184,0,0,0,1284,190,547,484,0,0,3,1.284
1926,16.924,18.757,0.061,0.0,0.0,0.0,0.0,0.0,534.0,2616.0,0.983,0,6,0,13.49,13.346,255,240,2,12,24,12,0,1920,0,0,0,0,0,0,0,0,0,0,184,0,0,0,2065,178,549,1259,0,0,5,2.065
1927,18.568,18.757,0.061,0.0,0.0,0.0,0.0,0.0,534.0,2616.0,0.924,0,6,0,15.697,13.735,254,240,2,12,24,12,0,1920,0,0,0,0,0,0,0,0,0,0,184,0,0,0,1325,193,537,522,0,0,3,1.325
1928,14.482,18.757,0.061,0.0,0.0,0.0,0.0,0.0,534.0,2616.0,0.601,0,6,0,12.113,11.968,256,240,2,12,24,12,0,1920,0,0,0,0,0,0,0,0,0,0,184,0,0,0,1006,120,438,397,0,0,2,1.006
1929,12.163,19.239,0.054,0.0,0.0,0.0,0.0,0.0,534.0,2616.0,0.975,0,6,0,9.643,9.551,254,240,2,12,24,12,0,1920,0,0,0,0,0,0,0,0,0,0,184,0,0,0,1555,156,524,808,0,0,3,1.555
1930,17.24,19.239,0.054,0.0,0.0,0.0,0.0,0.0,534.0,2616.0,0.915,0,6,0,14.446,14.002,254,240,2,12,24,12,0,1920,0,0,0,0,0,0,0,0,0,0,184,0,0,0,1284,194,524,495,0,0,4,1.284
1931,16.124,19.239,0.054,0.0,0.0,0.0,0.0,0.0,534.0,2616.0,0.96,0,6,0,13.434,13.306,255,240,2,12,24,12,0,1920,0,0,0,0,0,0,0,0,0,0,184,0,0,0,1278,165,538,508,0,0,3,1.278
1932,16.044,19.239,0.054,0.0,0.0,0.0,0.0,0.0,534.0,2616.0,0.84,0,6,0,13.386,13.256,255,240,2,12,24,12,0,1920,0,0,0,0,0,0,0,0,0,0,184,0,0,0,1234,161,533,479,0,0,3,1.234
1933,15.92,19.239,0.054,0.0,0.0,0.0,0.0,0.0,534.0,2616.0,0.866,0,6,0,13.347,13.195,253,240,2,12,24,12,0,1920,0,0,0,0,0,0,0,0,0,0,184,0,0,0,1268,183,510,507,0,0,4,1.268
1934,14.463,19.239,0.054,0.0,0.0,0.0,0.0,0.0,534.0,2616.0,0.698,0,6,0,12.082,11.929,255,240,2,12,24,12,0,1920,0,0,0,0,0,0,0,0,0,0,184,0,0,0,1043,109,394,488,0,0,2,1.043
1935,11.164,19.239,0.054,0.0,0.0,0.0,0.0,0.0,534.0,2616.0,0.943,0,6,0,9.105,8.979,254,240,2,12,24,12,0,1920,0,0,0,0,0,0,0,0,0,0,184,0,0,0,935,114,390,382,0,0,2,0.935
1936,12.875,19.239,0.054,0.0,0.0,0.0,0.0,0.0,534.0,2616.0,0.64,0,6,0,10.524,10.424,254,240,2,12,24,12,0,1920,0,0,0,0,0,0,0,0,0,0,184,0,0,0,948,104,379,420,0,0,3,0.948
1937,10.724,19.239,0.054,0.0,0.0,0.0,0.0,0.0,534.0,2616.0,0.72,0,6,0,8.842,8.731,255,240,2,12,24,12,0,1920,0,0,0,0,0,0,0,0,0,0,184,0,0,0,903,129,374,360,0,0,1,0.903
1938,11.036,19.239,0.054,0.0,0.0,0.0,0.0,0.0,534.0,2616.0,0.723,0,6,0,9.025,8.942,253,240,2,12,24,12,0,1920,0,0,0,0,0,0,0,0,0,0,184,0,0,0,956,158,381,369,0,0,3,0.956
1939,11.147,19.239,0.054,0.0,0.0,0.0,0.0,0.0,534.0,2616.0,0.558,0,6,0,9.1,8.996,253,240,2,12,24,12,0,1920,0,0,0,0,0,0,0,0,0,0,184,0,0,0,930,108,409,370,0,0,2,0.93
1940,10.827,19.239,0.054,0.0,0.0,0.0,0.0,0.0,534.0,2616.0,0.599,0,6,0,8.954,8.842,256,240,2,12,24,12,0,1920,0,0,0,0,0,0,0,0,0,0,184,0,0,0,958,133,381,392,0,0,3,0.958
1941,10.917,19.239,0.054,0.0,0.0,0.0,0.0,0.0,534.0,2616.0,0.702,0,6,0,9.057,8.977,253,240,2,12,24,12,0,1920,0,0,0,0,0,0,0,0,0,0,184,0,0,0,905,109,396,357,0,0,1,0.905
1942,11.037,19.239,0.054,0.0,0.0,0.0,0.0,0.0,534.0,2616.0,0.804,0,6,0,8.825,8.676,255,240,2,12,24,12,0,1920,0,0,0,0,0,0,0,0,0,0,184,0,0,0,1114,161,459,440,0,0,2,1.114
1943,11.254,19.239,0.054,0.0,0.0,0.0,0.0,0.0,534.0,2616.0,0.612,0,6,0,9.182,9.075,255,240,2,12,24,12,0,1920,0,0,0,0,0,0,0,0,0,0,184,0,0,0,901,101,385,372,0,0,3,0.901
1944,11.103,19.239,0.054,0.0,0.0,0.0,0.0,0.0,534.0,2616.0,0.653,0,6,0,9.109,9.026,254,240,2,12,24,12,0,1920,0,0,0,0,0,0,0,0,0,0,184,0,0,0,988,113,404,419,0,0,2,0.988
1945,11.127,19.239,0.054,0.0,0.0,0.0,0.0,0.0,534.0,2616.0,0.618,0,6,0,9.18,9.031,253,240,2,12,24,12,0,1920,0,0,0,0,0,0,0,0,0,0,184,0,0,0,940,112,409,371,0,0,2,0.94
1946,11.235,19.239,0.054,0.0,0.0,0.0,0.0,0.0,534.0,2616.0,0.646,0,6,0,9.326,9.223,256,240,2,12,24,12,0,1920,0,0,0,0,0,0,0,0,0,0,184,0,0,0,919,112,381,382,0,0,2,0.919
1947,15.757,19.239,0.054,0.0,0.0,0.0,0.0,0.0,534.0,2616.0,0.82,0,6,0,13.389,13.266,254,240,2,12,24,12,0,1920,0,0,0,0,0,0,0,0,0,0,184,0,0,0,1280,152,542,521,0,0,3,1.28
1948,15.99,19.239,0.054,0.0,0.0,0.0,0.0,0.0,534.0,2616.0,0.974,0,6,0,13.304,13.137,254,240,2,12,24,12,0,1920,0,0,0,0,0,0,0,0,0,0,184,0,0,0,1335,190,575,501,0,0,4,1.335
1949,16.302,19.239,0.054,0.0,0.0,0.0,0.0,0.0,534.0,2616.0,1.028,0,6,0,13.525,13.378,255,240,2,12,24,12,0,1920,0,0,0,0,0,0,0,0,0,0,184,0,0,0,1259,197,518,476,0,0,3,1.259
1950,15.919,19.239,0.054,0.0,0.0,0.0,0.0,0.0,534.0,2616.0,0.939,0,6,0,13.09,12.967,254,240,2,12,24,12,0,1920,0,0,0,0,0,0,0,0,0,0,184,0,0,0,1295,158,553,518,0,0,4,1.295
1951,15.896,19.239,0.054,0.0,0.0,0.0,0.0,0.0,534.0,2616.0,0.966,0,6,0,13.122,13.011,253,240,2,12,24,12,0,1920,0,0,0,0,0,0,0,0,0,0,184,0,0,0,1303,166,561,511,0,0,3,1.303
1952,16.228,19.239,0.054,0.0,0.0,0.0,0.0,0.0,534.0,2616.0,1.084,0,6,0,13.439,13.315,255,240,2,12,24,12,0,1920,0,0,0,0,0,0,0,0,0,0,184,0,0,0,1275,156,568,476,0,0,3,1.275
1953,16.447,19.239,0.054,0.0,0.0,0.0,0.0,0.0,534.0,2616.0,1.03,0,6,0,13.49,13.288,255,240,2,12,24,12,0,1920,0,0,0,0,0,0,0,0,0,0,184,0,0,0,1379,175,605,532,0,0,3,1.379
1954,16.348,19.239,0.054,0.0,0.0,0.0,0.0,0.0,534.0,2616.0,1.029,0,6,0,13.431,13.308,253,240,2,12,24,12,0,1920,0,0,0,0,0,0,0,0,0,0,184,0,0,0,1319,185,548,508,0,0,4,1.319
1955,16.806,19.239,0.054,0.0,0.0,0.0,0.0,0.0,534.0,2616.0,1.007,0,6,0,13.706,13.57,254,240,2,12,24,12,0,1920,0,0,0,0,0,0,0,0,0,0,184,0,0,0,1598,241,658,587,0,0,3,1.598
1956,16.635,19.239,0.054,0.0,0.0,0.0,0.0,0.0,534.0,2616.0,0.863,0,6,0,13.783,13.627,255,240,2,12,24,12,0,1920,0,0,0,0,0,0,0,0,0,0,184,0,0,0,1298,153,572,515,0,0,3,1.298
1957,15.792,19.239,0.054,0.0,0.0,0.0,0.0,0.0,534.0,2616.0,1.066,0,6,0,13.008,12.864,252,240,2,12,24,12,0,1920,0,0,0,0,0,0,0,0,0,0,184,0,0,0,1374,206,549,539,0,0,5,1.374
1958,16.785,19.239,0.054,0.0,0.0,0.0,0.0,0.0,534.0,2616.0,1.012,0,6,0,13.837,13.64,256,240,2,12,24,12,0,1920,0,0,0,0,0,0,0,0,0,0,184,0,0,0,1315,165,551,528,0,0,3,1.315
1959,16.694,19.239,0.054,0.0,0.0,0.0,0.0,0.0,534.0,2616.0,0.908,0,6,0,13.839,13.686,255,240,2,12,24,12,0,1920,0,0,0,0,0,0,0,0,0,0,184,0,0,0,1361,153,585,556,0,0,3,1.361
1960,16.728,19.239,0.054,0.0,0.0,0.0,0.0,0.0,534.0,2616.0,1.075,0,6,0,14.004,13.894,254,240,2,12,24,12,0,1920,0,0,0,0,0,0,0,0,0,0,184,0,0,0,1318,162,567,513,0,0,3,1.318
1961,16.731,19.239,0.054,0.0,0.0,0.0,0.0,0.0,534.0,2616.0,0.931,0,6,0,13.721,13.583,255,240,2,12,24,12,0,1920,0,0,0,0,0,0,0,0,0,0,184,0,0,0,1332,188,568,506,0,0,4,1.332
1962,16.866,19.239,0.054,0.0,0.0,0.0,0.0,0.0,534.0,2616.0,0.958,0,6,0,13.981,13.832,254,240,2,12,24,12,0,1920,0,0,0,0,0,0,0,0,0,0,184,0,0,0,1380,166,592,551,0,0,4,1.38
1963,16.399,19.239,0.054,0.0,0.0,0.0,0.0,0.0,534.0,2616.0,1.057,0,6,0,13.57,13.443,254,240,2,12,24,12,0,1920,0,0,0,0,0,0,0,0,0,0,184,0,0,0,1337,159,580,527,0,0,3,1.337
1964,16.333,19.239,0.054,0.0,0.0,0.0,0.0,0.0,534.0,2616.0,1.076,0,6,0,13.363,13.213,256,240,2,12,24,12,0,1920,0,0,0,0,0,0,0,0,0,0,184,0,0,0,1368,156,572,563,0,0,5,1.368
1965,16.187,19.239,0.054,0.0,0.0,0.0,0.0,0.0,534.0,2616.0,1.109,0,6,0,13.219,13.078,254,240,2,12,24,12,0,1920,0,0,0,0,0,0,0,0,0,0,184,0,0,0,1319,175,538,527,0,0,3,1.319
1966,16.486,19.239,0.054,0.0,0.0,0.0,0.0,0.0,534.0,2616.0,0.962,0,6,0,13.668,13.521,253,240,2,12,24,12,0,1920,0,0,0,0,0,0,0,0,0,0,184,0,0,0,1235,147,502,521,0,0,4,1.235
1967,16.718,19.239,0.054,0.0,0.0,0.0,0.0,0.0,534.0,2616.0,1.413,0,6,0,13.866,13.71,256,240,2,12,24,12,0,1920,0,0,0,0,0,0,0,0,0,0,184,0,0,0,1315,185,539,519,0,0,3,1.315
1968,19.057,19.239,0.054,0.0,0.0,0.0,0.0,0.0,534.0,2616.0,1.057,0,6,0,15.575,15.437,254,240,2,12,24,12,0,1920,0,0,0,0,0,0,0,0,0,0,184,0,0,0,1456,178,589,580,0,0,4,1.456
1969,18.567,19.239,0.054,0.0,0.0,0.0,0.0,0.0,534.0,2616.0,1.017,0,6,0,15.463,15.265,254,240,2,12,24,12,0,1920,0,0,0,0,0,0,0,0,0,0,184,0,0,0,1464,185,632,566,0,0,3,1.464
1970,17.608,19.239,0.054,0.0,0.0,0.0,0.0,0.0,534.0,2616.0,1.09,0,6,0,14.659,14.515,255,240,2,12,24,12,0,1920,0,0,0,0,0,0,0,0,0,0,184,0,0,0,1399,168,604,547,0,0,3,1.399
1971,17.633,19.239,0.054,0.0,0.0,0.0,0.0,0.0,534.0,2616.0,1.105,0,6,0,14.59,14.45,255,240,2,12,24,12,0,1920,0,0,0,0,0,0,0,0,0,0,184,0,0,0,1416,140,715,493,0,0,3,1.416
1972,17.143,19.239,0.054,0.0,0.0,0.0,0.0,0.0,534.0,2616.0,0.732,0,6,0,14.538,14.438,253,240,2,12,24,12,0,1920,0,0,0,0,0,0,0,0,0,0,184,0,0,0,1031,114,506,362,0,0,1,1.031
1973,12.22,19.239,0.054,0.0,0.0,0.0,0.0,0.0,534.0,2616.0,0.702,0,6,0,10.154,10.048,256,240,2,12,24,12,0,1920,0,0,0,0,0,0,0,0,0,0,184,0,0,0,942,112,422,364,0,0,2,0.942
1974,11.855,19.239,0.054,0.0,0.0,0.0,0.0,0.0,534.0,2616.0,0.716,0,6,0,9.719,9.58,254,240,2,12,24,12,0,1920,0,0,0,0,0,0,0,0,0,0,184,0,0,0,1021,119,395,453,0,0,2,1.021
1975,14.73,19.239,0.054,0.0,0.0,0.0,0.0,0.0,534.0,2616.0,1.01,0,6,0,12.097,11.041,254,240,2,12,24,12,0,1920,0,0,0,0,0,0,0,0,0,0,184,0,0,0,1512,135,433,607,0,0,2,1.512
1976,25.813,19.239,0.054,0.0,0.0,0.0,0.0,0.0,534.0,2616.0,1.038,0,6,0,18.099,17.741,255,240,2,12,24,12,0,1920,0,0,0,0,0,0,0,0,0,0,184,0,0,0,6113,198,5188,591,0,0,4,6.113
1977,15.913,19.239,0.054,0.0,0.0,0.0,0.0,0.0,534.0,2616.0,1.009,0,6,0,13.045,12.91,255,240,2,12,24,12,0,1920,0,0,0,0,0,0,0,0,0,0,184,0,0,0,1351,160,536,550,0,0,4,1.351
1978,15.285,19.239,0.054,0.0,0.0,0.0,0.0,0.0,534.0,2616.0,0.864,0,6,0,12.501,12.379,254,240,2,12,24,12,0,1920,0,0,0,0,0,0,0,0,0,0,184,0,0,0,1287,149,522,549,0,0,3,1.287
1979,15.003,19.239,0.054,0.0,0.0,0.0,0.0,0.0,534.0,2616.0,0.922,0,6,0,12.423,12.286,257,240,2,12,24,12,0,1920,0,0,0,0,0,0,0,0,0,0,184,0,0,0,1250,146,556,480,0,0,2,1.25
1980,15.179,19.239,0.054,0.0,0.0,0.0,0.0,0.0,534.0,2616.0,1.103,0,6,0,12.442,12.323,254,240,2,12,24,12,0,1920,0,0,0,0,0,0,0,0,0,0,184,0,0,0,1319,188,572,488,0,0,2,1.319
1981,15.081,19.239,0.054,0.0,0.0,0.0,0.0,0.0,534.0,2616.0,0.859,0,6,0,12.291,12.178,253,240,2,12,24,12,0,1920,0,0,0,0,0,0,0,0,0,0,184,0,0,0,1270,147,554,507,0,0,3,1.27
1982,13.729,19.239,0.054,0.0,0.0,0.0,0.0,0.0,534.0,2616.0,0.668,0,6,0,11.12,11.003,253,240,2,12,24,12,0,1920,0,0,0,0,0,0,0,0,0,0,184,0,0,0,988,116,455,370,0,0,3,0.988
1983,14.083,19.239,0.054,0.0,0.0,0.0,0.0,0.0,534.0,2616.0,0.861,0,6,0,10.97,10.869,256,240,2,12,24,12,0,1920,0,0,0,0,0,0,0,0,0,0,184,0,0,0,1589,138,802,546,0,0,4,1.589
1984,13.05,19.239,0.054,0.0,0.0,0.0,0.0,0.0,534.0,2616.0,2.971,0,6,0,10.714,10.611,254,240,2,12,24,12,0,1920,0,0,0,0,0,0,0,0,0,0,184,0,0,0,1042,144,420,415,0,0,3,1.042
1985,27.691,19.239,0.054,0.0,0.0,0.0,0.0,0.0,534.0,2616.0,1.039,0,6,0,22.759,22.64,254,240,2,12,24,12,0,1920,0,0,0,0,0,0,0,0,0,0,184,0,0,0,1414,179,602,558,0,0,3,1.414
1986,16.969,19.239,0.054,0.0,0.0,0.0,0.0,0.0,534.0,2616.0,1.197,0,6,0,13.959,13.823,254,240,2,12,24,12,0,1920,0,0,0,0,0,0,0,0,0,0,184,0,0,0,1449,178,577,619,0,0,3,1.449
1987,17.308,19.239,0.054,0.0,0.0,0.0,0.0,0.0,534.0,2616.0,1.058,0,6,0,14.173,14.027,255,240,2,12,24,12,0,1920,0,0,0,0,0,0,0,0,0,0,184,0,0,0,1379,167,558,574,0,0,3,1.379
1988,17.214,19.239,0.054,0.0,0.0,0.0,0.0,0.0,534.0,2616.0,0.984,0,6,0,14.17,14.037,254,240,2,12,24,12,0,1920,0,0,0,0,0,0,0,0,0,0,184,0,0,0,1408,191,571,577,0,0,4,1.408
1989,17.227,19.239,0.054,0.0,0.0,0.0,0.0,0.0,534.0,2616.0,1.108,0,6,0,14.322,14.144,255,240,2,12,24,12,0,1920,0,0,0,0,0,0,0,0,0,0,184,0,0,0,1413,176,631,536,0,0,3,1.413
1990,17.348,19.239,0.054,0.0,0.0,0.0,0.0,0.0,534.0,2616.0,0.991,0,6,0,14.09,13.96,254,240,2,12,24,12,0,1920,0,0,0,0,0,0,0,0,0,0,184,0,0,0,1569,166,583,742,0,0,4,1.569
1991,16.962,19.239,0.054,0.0,0.0,0.0,0.0,0.0,534.0,2616.0,0.961,0,6,0,14.086,13.933,256,240,2,12,24,12,0,1920,0,0,0,0,0,0,0,0,0,0,184,0,0,0,1406,159,635,544,0,0,3,1.406
1992,17.219,19.239,0.054,0.0,0.0,0.0,0.0,0.0,534.0,2616.0,1.177,0,6,0,14.254,14.127,254,240,2,12,24,12,0,1920,0,0,0,0,0,0,0,0,0,0,184,0,0,0,1425,178,594,573,0,0,3,1.425
1993,18.165,19.239,0.054,0.0,0.0,0.0,0.0,0.0,534.0,2616.0,1.044,0,6,0,14.999,14.869,253,240,2,12,24,12,0,1920,0,0,0,0,0,0,0,0,0,0,184,0,0,0,1408,280,557,500,0,0,4,1.408
1994,19.245,27.202,0.028,0.0,0.0,0.0,0.0,0.0,534.0,2616.0,1.379,0,6,0,15.908,15.692,253,240,2,12,24,12,0,1920,0,0,0,0,0,0,0,0,0,0,184,0,0,0,1582,190,665,634,0,0,4,1.582
1995,17.941,27.202,0.028,0.0,0.0,0.0,0.0,0.0,534.0,2616.0,0.98,0,6,0,14.675,14.512,255,240,2,12,24,12,0,1920,0,0,0,0,0,0,0,0,0,0,184,0,0,0,1312,163,593,480,0,0,2,1.312
1996,16.632,27.202,0.028,0.0,0.0,0.0,0.0,0.0,534.0,2616.0,1.053,0,6,0,13.761,13.603,255,240,2,12,24,12,0,1920,0,0,0,0,0,0,0,0,0,0,184,0,0,0,1271,157,559,482,0,0,3,1.271
1997,19.098,27.202,0.028,0.0,0.0,0.0,0.0,0.0,534.0,2616.0,1.084,0,6,0,16.13,16.003,254,240,2,12,24,12,0,1920,0,0,0,0,0,0,0,0,0,0,184,0,0,0,1351,162,552,556,0,0,4,1.351
1998,18.193,27.202,0.028,0.0,0.0,0.0,0.0,0.0,534.0,2616.0,1.121,0,6,0,14.792,14.602,255,240,2,12,24,12,0,1920,0,0,0,0,0,0,0,0,0,0,184,0,0,0,1678,258,653,678,0,0,4,1.678
1999,17.892,27.202,0.028,0.0,0.0,0.0,0.0,0.0,534.0,2616.0,1.013,0,6,0,14.799,14.642,255,240,2,12,24,12,0,1920,0,0,0,0,0,0,0,0,0,0,184,0,0,0,1314,172,545,533,0,0,3,1.314
2000,16.982,27.202,0.028,0.0,0.0,0.0,0.0,0.0,534.0,2616.0,1.115,0,6,0,14.009,13.862,255,240,2,12,24,12,0,1920,0,0,0,0,0,0,0,0,0,0,184,0,0,0,1373,193,580,527,0,0,3,1.373
2001,17.34,27.202,0.028,0.0,0.0,0.0,0.0,0.0,534.0,2616.0,0.966,0,6,0,14.332,14.171,253,240,2,12,24,12,0,1920,0,0,0,0,0,0,0,0,0,0,184,0,0,0,1375,198,556,547,0,0,3,1.375
2002,17.313,27.202,0.028,0.0,0.0,0.0,0.0,0.0,534.0,2616.0,1.011,0,6,0,14.355,14.231,253,240,2,12,24,12,0,1920,0,0,0,0,0,0,0,0,0,0,184,0,0,0,1410,200,593,537,0,0,3,1.41
2003,17.541,27.202,0.028,0.0,0.0,0.0,0.0,0.0,534.0,2616.0,1.13,0,6,0,14.589,14.447,255,240,2,12,24,12,0,1920,0,0,0,0,0,0,0,0,0,0,184,0,0,0,1375,175,595,524,0,0,3,1.375
2004,17.722,27.202,0.028,0.0,0.0,0.0,0.0,0.0,534.0,2616.0,1.064,0,6,0,14.488,14.344,254,240,2,12,24,12,0,1920,0,0,0,0,0,0,0,0,0,0,184,0,0,0,1472,180,664,552,0,0,3,1.472
2005,17.517,27.202,0.028,0.0,0.0,0.0,0.0,0.0,534.0,2616.0,0.897,0,6,0,14.528,14.377,255,240,2,12,24,12,0,1920,0,0,0,0,0,0,0,0,0,0,184,0,0,0,1403,161,638,534,0,0,3,1.403
2006,16.657,27.202,0.028,0.0,0.0,0.0,0.0,0.0,534.0,2616.0,1.089,0,6,0,13.876,13.742,253,240,2,12,24,12,0,1920,0,0,0,0,0,0,0,0,0,0,184,0,0,0,1319,176,568,503,0,0,3,1.319
2007,16.921,27.202,0.028,0.0,0.0,0.0,0.0,0.0,534.0,2616.0,1.038,0,6,0,13.844,13.657,255,240,2,12,24,12,0,1920,0,0,0,0,0,0,0,0,0,0,184,0,0,0,1409,187,619,530,0,0,2,1.409
2008,17.478,27.202,0.028,0.0,0.0,0.0,0.0,0.0,534.0,2616.0,1.027,0,6,0,14.476,14.345,253,240,2,12,24,12,0,1920,0,0,0,0,0,0,0,0,0,0,184,0,0,0,1375,169,581,545,0,0,3,1.375
2009,17.59,27.202,0.028,0.0,0.0,0.0,0.0,0.0,534.0,2616.0,1.03,0,6,0,14.611,14.461,256,240,2,12,24,12,0,1920,0,0,0,0,0,0,0,0,0,0,184,0,0,0,1354,178,593,509,0,0,3,1.354
2010,17.184,27.202,0.028,0.0,0.0,0.0,0.0,0.0,534.0,2616.0,0.988,0,6,0,14.267,14.106,252,240,2,12,24,12,0,1920,0,0,0,0,0,0,0,0,0,0,184,0,0,0,1403,176,585,558,0,0,4,1.403
2011,16.961,27.202,0.028,0.0,0.0,0.0,0.0,0.0,534.0,2616.0,0.963,0,6,0,14.027,13.868,255,240,2,12,24,12,0,1920,0,0,0,0,0,0,0,0,0,0,184,0,0,0,1324,170,538,545,0,0,3,1.324
2012,16.999,27.202,0.028,0.0,0.0,0.0,0.0,0.0,534.0,2616.0,0.979,0,6,0,14.216,14.021,255,240,2,12,24,12,0,1920,0,0,0,0,0,0,0,0,0,0,184,0,0,0,1344,175,545,552,0,0,4,1.344
2013,18.253,27.202,0.028,0.0,0.0,0.0,0.0,0.0,534.0,2616.0,1.043,0,6,0,15.2,15.057,253,240,2,12,24,12,0,1920,0,0,0,0,0,0,0,0,0,0,184,0,0,0,1449,170,643,525,0,0,4,1.449
2014,17.796,27.202,0.028,0.0,0.0,0.0,0.0,0.0,534.0,2616.0,0.962,0,6,0,14.907,14.789,253,240,2,12,24,12,0,1920,0,0,0,0,0,0,0,0,0,0,184,0,0,0,1320,159,607,484,0,0,3,1.32
2015,16.823,27.202,0.028,0.0,0.0,0.0,0.0,0.0,534.0,2616.0,1.105,0,6,0,13.886,13.725,255,240,2,12,24,12,0,1920,0,0,0,0,0,0,0,0,0,0,184,0,0,0,1341,165,600,507,0,0,4,1.341
2016,17.374,27.202,0.028,0.0,0.0,0.0,0.0,0.0,534.0,2616.0,1.09,0,6,0,14.301,14.153,253,240,2,12,24,12,0,1920,0,0,0,0,0,0,0,0,0,0,184,0,0,0,1404,161,625,544,0,0,4,1.404
2017,17.575,27.202,0.028,0.0,0.0,0.0,0.0,0.0,534.0,2616.0,1.087,0,6,0,14.456,14.301,255,240,2,12,24,12,0,1920,0,0,0,0,0,0,0,0,0,0,184,0,0,0,1388,233,550,521,0,0,4,1.388
2018,17.43,27.202,0.028,0.0,0.0,0.0,0.0,0.0,534.0,2616.0,1.045,0,6,0,14.411,14.216,254,240,2,12,24,12,0,1920,0,0,0,0,0,0,0,0,0,0,184,0,0,0,1416,177,599,557,0,0,4,1.416
2019,17.221,27.202,0.028,0.0,0.0,0.0,0.0,0.0,534.0,2616.0,1.061,0,6,0,14.081,13.936,255,240,2,12,24,12,0,1920,0,0,0,0,0,0,0,0,0,0,184,0,0,0,1523,172,635,577,0,0,4,1.523
2020,18.445,27.202,0.028,0.0,0.0,0.0,0.0,0.0,534.0,2616.0,1.417,0,6,0,15.343,15.206,254,240,2,12,24,12,0,1920,0,0,0,0,0,0,0,0,0,0,184,0,0,0,1399,186,605,523,0,0,4,1.399
2021,18.41,27.202,0.028,0.0,0.0,0.0,0.0,0.0,534.0,2616.0,0.916,0,6,0,14.856,14.647,254,240,2,12,24,12,0,1920,0,0,0,0,0,0,0,0,0,0,184,0,0,0,1406,166,599,567,0,0,4,1.406
2022,17.522,27.202,0.028,0.0,0.0,0.0,0.0,0.0,534.0,2616.0,1.131,0,6,0,14.749,14.611,254,240,2,12,24,12,0,1920,0,0,0,0,0,0,0,0,0,0,184,0,0,0,1279,171,558,475,0,0,4,1.279
2023,19.435,27.202,0.028,0.0,0.0,0.0,0.0,0.0,534.0,2616.0,1.034,0,6,0,16.287,14.579,255,240,2,12,24,12,0,1920,0,0,0,0,0,0,0,0,0,0,184,0,0,0,1395,162,590,571,0,0,3,1.395
2024,17.568,27.202,0.028,0.0,0.0,0.0,0.0,0.0,534.0,2616.0,0.961,0,6,0,14.54,14.362,254,240,2,12,24,12,0,1920,0,0,0,0,0,0,0,0,0,0,184,0,0,0,1393,173,602,544,0,0,4,1.393
2025,17.959,27.202,0.028,0.0,0.0,0.0,0.0,0.0,534.0,2616.0,1.041,0,6,0,15.028,14.885,254,240,2,12,24,12,0,1920,0,0,0,0,0,0,0,0,0,0,184,0,0,0,1351,213,562,506,0,0,3,1.351
2026,17.789,27.202,0.028,0.0,0.0,0.0,0.0,0.0,534.0,2616.0,1.056,0,6,0,14.73,14.62,252,240,2,12,24,12,0,1920,0,0,0,0,0,0,0,0,0,0,184,0,0,0,1487,221,646,537,0,0,5,1.487
2027,17.625,27.202,0.028,0.0,0.0,0.0,0.0,0.0,534.0,2616.0,0.85,0,6,0,14.585,14.442,256,240,2,12,24,12,0,1920,0,0,0,0,0,0,0,0,0,0,184,0,0,0,1411,168,643,521,0,0,3,1.411
2028,17.447,27.202,0.028,0.0,0.0,0.0,0.0,0.0,534.0,2616.0,1.14,0,6,0,14.559,14.395,253,240,2,12,24,12,0,1920,0,0,0,0,0,0,0,0,0,0,184,0,0,0,1390,185,548,574,0,0,4,1.39
2029,17.126,27.202,0.028,0.0,0.0,0.0,0.0,0.0,534.0,2616.0,0.953,0,6,0,14.065,13.92,255,240,2,12,24,12,0,1920,0,0,0,0,0,0,0,0,0,0,184,0,0,0,1379,190,608,508,0,0,5,1.379
2030,17.748,27.202,0.028,0.0,0.0,0.0,0.0,0.0,534.0,2616.0,1.061,0,6,0,14.807,14.689,252,240,2,12,24,12,0,1920,0,0,0,0,0,0,0,0,0,0,184,0,0,0,1439,216,623,501,0,0,5,1.439
2031,15.702,27.202,0.028,0.0,0.0,0.0,0.0,0.0,534.0,2616.0,0.672,0,6,0,13.148,13.018,254,240,2,12,24,12,0,1920,0,0,0,0,0,0,0,0,0,0,184,0,0,0,960,122,412,376,0,0,2,0.96
2032,11.562,27.202,0.028,0.0,0.0,0.0,0.0,0.0,534.0,2616.0,0.689,0,6,0,9.549,9.449,255,240,2,12,24,12,0,1920,0,0,0,0,0,0,0,0,0,0,184,0,0,0,963,114,398,402,0,0,3,0.963
2033,11.559,27.202,0.028,0.0,0.0,0.0,0.0,0.0,534.0,2616.0,0.636,0,6,0,9.453,9.361,254,240,2,12,24,12,0,1920,0,0,0,0,0,0,0,0,0,0,184,0,0,0,994,112,430,401,0,0,3,0.994
2034,11.497,27.202,0.028,0.0,0.0,0.0,0.0,0.0,534.0,2616.0,0.682,0,6,0,9.483,9.36,255,240,2,12,24,12,0,1920,0,0,0,0,0,0,0,0,0,0,184,0,0,0,1032,111,419,417,0,0,3,1.032
2035,11.391,27.202,0.028,0.0,0.0,0.0,0.0,0.0,534.0,2616.0,0.709,0,6,0,9.325,9.233,254,240,2,12,24,12,0,1920,0,0,0,0,0,0,0,0,0,0,184,0,0,0,1008,117,420,422,0,0,2,1.008
2036,11.459,27.202,0.028,0.0,0.0,0.0,0.0,0.0,534.0,2616.0,0.666,0,6,0,9.435,9.305,253,240,2,12,24,12,0,1920,0,0,0,0,0,0,0,0,0,0,184,0,0,0,960,114,421,382,0,0,2,0.96
2037,11.666,27.202,0.028,0.0,0.0,0.0,0.0,0.0,534.0,2616.0,0.661,0,6,0,9.558,9.458,255,240,2,12,24,12,0,1920,0,0,0,0,0,0,0,0,0,0,184,0,0,0,1016,115,421,428,0,0,3,1.016
2038,11.414,27.202,0.028,0.0,0.0,0.0,0.0,0.0,534.0,2616.0,0.714,0,6,0,9.275,9.198,252,240,2,12,24,12,0,1920,0,0,0,0,0,0,0,0,0,0,184,0,0,0,1137,113,492,472,0,0,4,1.137
2039,10.922,27.202,0.028,0.0,0.0,0.0,0.0,0.0,534.0,2616.0,0.632,0,6,0,8.959,8.863,255,240,2,12,24,12,0,1920,0,0,0,0,0,0,0,0,0,0,184,0,0,0,887,106,384,352,0,0,2,0.887
2040,10.567,27.202,0.028,0.0,0.0,0.0,0.0,0.0,534.0,2616.0,0.665,0,6,0,8.717,8.639,253,240,2,12,24,12,0,1920,0,0,0,0,0,0,0,0,0,0,184,0,0,0,882,103,364,369,0,0,1,0.882
2041,10.508,27.202,0.028,0.0,0.0,0.0,0.0,0.0,534.0,2616.0,0.648,0,6,0,8.606,8.503,254,240,2,12,24,12,0,1920,0,0,0,0,0,0,0,0,0,0,184,0,0,0,920,115,401,355,0,0,3,0.92
2042,10.436,27.202,0.028,0.0,0.0,0.0,0.0,0.0,534.0,2616.0,0.597,0,6,0,8.543,8.459,254,240,2,12,24,12,0,1920,0,0,0,0,0,0,0,0,0,0,184,0,0,0,914,101,410,361,0,0,2,0.914
2043,10.772,27.202,0.028,0.0,0.0,0.0,0.0,0.0,534.0,2616.0,0.675,0,6,0,8.978,8.889,255,240,2,12,24,12,0,1920,0,0,0,0,0,0,0,0,0,0,184,0,0,0,851,107,361,338,0,0,1,0.851
2044,10.215,27.202,0.028,0.0,0.0,0.0,0.0,0.0,534.0,2616.0,0.587,0,6,0,8.352,8.275,253,240,2,12,24,12,0,1920,0,0,0,0,0,0,0,0,0,0,184,0,0,0,875,108,365,360,0,0,2,0.875
2045,10.38,27.202,0.028,0.0,0.0,0.0,0.0,0.0,534.0,2616.0,0.643,0,6,0,8.567,8.482,255,240,2,12,24,12,0,1920,0,0,0,0,0,0,0,0,0,0,184,0,0,0,933,123,366,400,0,0,2,0.933
2046,11.14,27.202,0.028,0.0,0.0,0.0,0.0,0.0,534.0,2616.0,0.595,0,6,0,9.265,9.182,253,240,2,12,24,12,0,1920,0,0,0,0,0,0,0,0,0,0,184,0,0,0,906,112,396,353,0,0,3,0.906
2047,10.459,27.202,0.028,0.0,0.0,0.0,0.0,0.0,534.0,2616.0,0.607,0,6,0,8.63,8.494,255,240,2,12,24,12,0,1920,0,0,0,0,0,0,0,0,0,0,184,0,0,0,886,105,398,346,0,0,3,0.886
2048,10.335,27.202,0.028,0.0,0.0,0.0,0.0,0.0,534.0,2616.0,0.631,0,6,0,8.461,8.382,253,240,2,12,24,12,0,1920,0,0,0,0,0,0,0,0,0,0,184,0,0,0,960,100,396,418,0,0,2,0.96
2049,10.576,27.202,0.028,0.0,0.0,0.0,0.0,0.0,534.0,2616.0,0.568,0,6,0,8.727,8.639,255,240,2,12,24,12,0,1920,0,0,0,0,0,0,0,0,0,0,184,0,0,0,867,113,369,343,0,0,2,0.867
2050,10.136,27.202,0.028,0.0,0.0,0.0,0.0,0.0,534.0,2616.0,0.601,0,6,0,8.292,8.209,253,240,2,12,24,12,0,1920,0,0,0,0,0,0,0,0,0,0,184,0,0,0,938,105,440,346,0,0,2,0.938
2051,10.112,27.202,0.028,0.0,0.0,0.0,0.0,0.0,534.0,2616.0,0.584,0,6,0,8.344,8.263,254,240,2,12,24,12,0,1920,0,0,0,0,0,0,0,0,0,0,184,0,0,0,869,100,359,366,0,0,2,0.869
2052,10.265,27.202,0.028,0.0,0.0,0.0,0.0,0.0,534.0,2616.0,0.624,0,6,0,8.409,8.336,253,240,2,12,24,12,0,1920,0,0,0,0,0,0,0,0,0,0,184,0,0,0,919,106,406,363,0,0,3,0.919
2053,10.426,27.202,0.028,0.0,0.0,0.0,0.0,0.0,534.0,2616.0,0.699,0,6,0,8.619,8.511,257,240,2,12,24,12,0,1920,0,0,0,0,0,0,0,0,0,0,184,0,0,0,850,104,361,345,0,0,2,0.85
2054,10.055,27.202,0.028,0.0,0.0,0.0,0.0,0.0,534.0,2616.0,0.632,0,6,0,8.181,8.099,254,240,2,12,24,12,0,1920,0,0,0,0,0,0,0,0,0,0,184,0,0,0,837,103,353,341,0,0,1,0.837
2055,10.174,27.202,0.028,0.0,0.0,0.0,0.0,0.0,534.0,2616.0,0.645,0,6,0,8.346,8.265,254,240,2,12,24,12,0,1920,0,0,0,0,0,0,0,0,0,0,184,0,0,0,905,112,404,350,0,0,2,0.905
2056,15.295,27.202,0.028,0.0,0.0,0.0,0.0,0.0,534.0,2616.0,1.257,0,6,0,12.816,12.744,252,240,2,12,24,12,0,1920,0,0,0,0,0,0,0,0,0,0,184,0,0,0,1349,167,596,510,0,0,3,1.349
2057,16.892,27.202,0.028,0.0,0.0,0.0,0.0,0.0,534.0,2616.0,1.123,0,6,0,13.572,13.394,254,240,2,12,24,12,0,1920,0,0,0,0,0,0,0,0,0,0,184,0,0,0,1510,169,669,585,0,0,3,1.51
2058,18.029,27.202,0.028,0.0,0.0,0.0,0.0,0.0,534.0,2616.0,1.077,0,6,0,15.034,14.894,254,240,2,12,24,12,0,1920,0,0,0,0,0,0,0,0,0,0,184,0,0,0,1290,156,541,526,0,0,3,1.29
2059,17.435,27.202,0.028,0.0,0.0,0.0,0.0,0.0,534.0,2616.0,1.013,0,6,0,14.473,14.299,257,240,2,12,24,12,0,1920,0,0,0,0,0,0,0,0,0,0,184,0,0,0,1281,153,615,447,0,0,3,1.281
2060,18.293,19.271,0.031,0.0,0.0,0.0,0.0,0.0,534.0,2616.0,1.034,0,6,0,15.217,15.041,252,240,2,12,24,12,0,1920,0,0,0,0,0,0,0,0,0,0,184,0,0,0,1419,175,612,510,0,0,4,1.419
2061,16.816,19.271,0.031,0.0,0.0,0.0,0.0,0.0,534.0,2616.0,1.017,0,6,0,13.832,13.689,254,240,2,12,24,12,0,1920,0,0,0,0,0,0,0,0,0,0,184,0,0,0,1391,187,549,576,0,0,3,1.391
2062,17.976,19.271,0.031,0.0,0.0,0.0,0.0,0.0,534.0,2616.0,1.082,0,6,0,14.855,14.712,254,240,2,12,24,12,0,1920,0,0,0,0,0,0,0,0,0,0,184,0,0,0,1505,165,731,531,0,0,4,1.505
2063,18.098,19.271,0.031,0.0,0.0,0.0,0.0,0.0,534.0,2616.0,0.895,0,6,0,15.047,14.897,255,240,2,12,24,12,0,1920,0,0,0,0,0,0,0,0,0,0,184,0,0,0,1387,180,570,559,0,0,4,1.387
2064,17.161,19.271,0.031,0.0,0.0,0.0,0.0,0.0,534.0,2616.0,1.095,0,6,0,14.23,14.099,254,240,2,12,24,12,0,1920,0,0,0,0,0,0,0,0,0,0,184,0,0,0,1334,158,535,570,0,0,3,1.334
2065,17.705,19.271,0.031,0.0,0.0,0.0,0.0,0.0,534.0,2616.0,1.015,0,6,0,14.563,14.42,254,240,2,12,24,12,0,1920,0,0,0,0,0,0,0,0,0,0,184,0,0,0,1373,172,616,502,0,0,3,1.373
2066,17.896,19.271,0.031,0.0,0.0,0.0,0.0,0.0,534.0,2616.0,1.21,0,6,0,14.815,14.695,252,240,2,12,24,12,0,1920,0,0,0,0,0,0,0,0,0,0,184,0,0,0,1391,183,606,528,0,0,3,1.391
2067,19.069,19.271,0.031,0.0,0.0,0.0,0.0,0.0,534.0,2616.0,1.034,0,6,0,15.7,15.544,256,240,2,12,24,12,0,1920,0,0,0,0,0,0,0,0,0,0,184,0,0,0,1484,193,555,660,0,0,5,1.484
2068,16.944,19.271,0.031,0.0,0.0,0.0,0.0,0.0,534.0,2616.0,1.068,0,6,0,14.03,13.873,254,240,2,12,24,12,0,1920,0,0,0,0,0,0,0,0,0,0,184,0,0,0,1323,168,547,540,0,0,3,1.323
2069,13.705,19.271,0.031,0.0,0.0,0.0,0.0,0.0,534.0,2616.0,0.692,0,6,0,11.174,11.008,255,240,2,12,24,12,0,1920,0,0,0,0,0,0,0,0,0,0,184,0,0,0,970,137,400,385,0,0,2,0.97
2070,14.088,19.271,0.031,0.0,0.0,0.0,0.0,0.0,534.0,2616.0,0.761,0,6,0,11.892,10.776,253,240,2,12,24,12,0,1920,0,0,0,0,0,0,0,0,0,0,184,0,0,0,1127,126,558,387,0,0,2,1.127
2071,18.077,19.271,0.031,0.0,0.0,0.0,0.0,0.0,534.0,2616.0,0.688,0,6,0,15.811,15.685,256,240,2,12,24,12,0,1920,0,0,0,0,0,0,0,0,0,0,184,0,0,0,1024,111,481,378,0,0,3,1.024
2072,17.141,19.271,0.031,0.0,0.0,0.0,0.0,0.0,534.0,2616.0,0.725,0,6,0,14.869,14.777,253,240,2,12,24,12,0,1920,0,0,0,0,0,0,0,0,0,0,184,0,0,0,1042,116,429,443,0,0,2,1.042
2073,17.218,19.271,0.031,0.0,0.0,0.0,0.0,0.0,534.0,2616.0,1.079,0,6,0,14.761,14.66,254,240,2,12,24,12,0,1920,0,0,0,0,0,0,0,0,0,0,184,0,0,0,1275,164,523,519,0,0,4,1.275
2074,16.872,19.271,0.031,0.0,0.0,0.0,0.0,0.0,534.0,2616.0,0.976,0,6,0,13.921,13.8,253,240,2,12,24,12,0,1920,0,0,0,0,0,0,0,0,0,0,184,0,0,0,1369,157,577,565,0,0,3,1.369
2075,16.645,19.271,0.031,0.0,0.0,0.0,0.0,0.0,534.0,2616.0,0.983,0,6,0,13.766,13.596,253,240,2,12,24,12,0,1920,0,0,0,0,0,0,0,0,0,0,184,0,0,0,1346,168,525,579,0,0,3,1.346
2076,20.01,19.271,0.031,0.0,0.0,0.0,0.0,0.0,534.0,2616.0,0.973,0,6,0,16.127,15.956,257,240,2,12,24,12,0,1920,0,0,0,0,0,0,0,0,0,0,184,0,0,0,2087,290,935,733,0,0,8,2.087
2077,16.711,19.271,0.031,0.0,0.0,0.0,0.0,0.0,534.0,2616.0,0.943,0,6,0,13.872,13.735,253,240,2,12,24,12,0,1920,0,0,0,0,0,0,0,0,0,0,184,0,0,0,1320,158,536,521,0,0,3,1.32
2078,16.4,19.271,0.031,0.0,0.0,0.0,0.0,0.0,534.0,2616.0,0.96,0,6,0,13.652,13.538,252,240,2,12,24,12,0,1920,0,0,0,0,0,0,0,0,0,0,184,0,0,0,1264,190,524,477,0,0,3,1.264
2079,16.005,19.271,0.031,0.0,0.0,0.0,0.0,0.0,534.0,2616.0,0.977,0,6,0,13.198,13.029,254,240,2,12,24,12,0,1920,0,0,0,0,0,0,0,0,0,0,184,0,0,0,1250,175,508,479,0,0,2,1.25
2080,14.149,19.271,0.031,0.0,0.0,0.0,0.0,0.0,534.0,2616.0,0.613,0,6,0,11.739,11.614,254,240,2,12,24,12,0,1920,0,0,0,0,0,0,0,0,0,0,184,0,0,0,991,113,431,394,0,0,1,0.991
2081,10.994,19.271,0.031,0.0,0.0,0.0,0.0,0.0,534.0,2616.0,0.852,0,6,0,9.087,8.982,255,240,2,12,24,12,0,1920,0,0,0,0,0,0,0,0,0,0,184,0,0,0,909,107,384,375,0,0,1,0.909
2082,11.189,19.271,0.031,0.0,0.0,0.0,0.0,0.0,534.0,2616.0,0.588,0,6,0,9.041,8.947,254,240,2,12,24,12,0,1920,0,0,0,0,0,0,0,0,0,0,184,0,0,0,902,106,393,359,0,0,2,0.902
2083,12.0,19.271,0.031,0.0,0.0,0.0,0.0,0.0,534.0,2616.0,0.623,0,6,0,10.158,10.068,253,240,2,12,24,12,0,1920,0,0,0,0,0,0,0,0,0,0,184,0,0,0,880,108,378,353,0,0,1,0.88
2084,12.55,19.271,0.031,0.0,0.0,0.0,0.0,0.0,534.0,2616.0,0.696,0,6,0,10.675,10.59,254,240,2,12,24,12,0,1920,0,0,0,0,0,0,0,0,0,0,184,0,0,0,910,106,375,375,0,0,3,0.91
2085,13.607,19.271,0.031,0.0,0.0,0.0,0.0,0.0,534.0,2616.0,0.734,0,6,0,11.481,11.343,253,240,2,12,24,12,0,1920,0,0,0,0,0,0,0,0,0,0,184,0,0,0,1022,131,417,419,0,0,2,1.022
2086,11.195,19.271,0.031,0.0,0.0,0.0,0.0,0.0,534.0,2616.0,0.637,0,6,0,9.179,9.055,254,240,2,12,24,12,0,1920,0,0,0,0,0,0,0,0,0,0,184,0,0,0,922,108,399,361,0,0,2,0.922
2087,11.643,19.271,0.031,0.0,0.0,0.0,0.0,0.0,534.0,2616.0,0.89,0,6,0,9.737,9.647,254,240,2,12,24,12,0,1920,0,0,0,0,0,0,0,0,0,0,184,0,0,0,884,109,378,353,0,0,3,0.884
2088,11.812,19.271,0.031,0.0,0.0,0.0,0.0,0.0,534.0,2616.0,0.656,0,6,0,9.631,9.495,255,240,2,12,24,12,0,1920,0,0,0,0,0,0,0,0,0,0,184,0,0,0,922,107,411,360,0,0,2,0.922
2089,11.127,19.271,0.031,0.0,0.0,0.0,0.0,0.0,534.0,2616.0,0.622,0,6,0,9.222,9.137,253,240,2,12,24,12,0,1920,0,0,0,0,0,0,0,0,0,0,184,0,0,0,922,126,396,353,0,0,1,0.922
2090,10.634,19.271,0.031,0.0,0.0,0.0,0.0,0.0,534.0,2616.0,0.623,0,6,0,8.813,8.735,252,240,2,12,24,12,0,1920,0,0,0,0,0,0,0,0,0,0,184,0,0,0,908,110,369,384,0,0,1,0.908
2091,10.662,19.271,0.031,0.0,0.0,0.0,0.0,0.0,534.0,2616.0,0.637,0,6,0,8.849,8.772,253,240,2,12,24,12,0,1920,0,0,0,0,0,0,0,0,0,0,184,0,0,0,896,99,392,367,0,0,1,0.896
2092,10.691,19.271,0.031,0.0,0.0,0.0,0.0,0.0,534.0,2616.0,0.638,0,6,0,8.77,8.687,254,240,2,12,24,12,0,1920,0,0,0,0,0,0,0,0,0,0,184,0,0,0,941,141,386,355,0,0,2,0.941
2093,10.722,19.271,0.031,0.0,0.0,0.0,0.0,0.0,534.0,2616.0,0.655,0,6,0,8.843,8.758,253,240,2,12,24,12,0,1920,0,0,0,0,0,0,0,0,0,0,184,0,0,0,915,108,375,385,0,0,3,0.915
2094,11.098,19.271,0.031,0.0,0.0,0.0,0.0,0.0,534.0,2616.0,0.645,0,6,0,9.161,9.073,255,240,2,12,24,12,0,1920,0,0,0,0,0,0,0,0,0,0,184,0,0,0,954,107,378,389,0,0,2,0.954
2095,10.896,19.271,0.031,0.0,0.0,0.0,0.0,0.0,534.0,2616.0,0.631,0,6,0,9.02,8.931,255,240,2,12,24,12,0,1920,0,0,0,0,0,0,0,0,0,0,184,0,0,0,908,106,373,380,0,0,2,0.908
2096,10.958,19.271,0.031,0.0,0.0,0.0,0.0,0.0,534.0,2616.0,0.665,0,6,0,8.68,8.598,253,240,2,12,24,12,0,1920,0,0,0,0,0,0,0,0,0,0,184,0,0,0,1137,321,406,360,0,0,1,1.137
2097,11.588,19.271,0.031,0.0,0.0,0.0,0.0,0.0,534.0,2616.0,1.486,0,6,0,8.724,8.519,253,240,2,12,24,12,0,1920,0,0,0,0,0,0,0,0,0,0,184,0,0,0,1583,117,607,744,0,0,3,1.583
2098,19.326,19.271,0.031,0.0,0.0,0.0,0.0,0.0,534.0,2616.0,0.739,0,6,0,16.372,16.285,253,240,2,12,24,12,0,1920,0,0,0,0,0,0,0,0,0,0,184,0,0,0,976,138,403,383,0,0,3,0.976
2099,12.81,19.271,0.031,0.0,0.0,0.0,0.0,0.0,534.0,2616.0,0.668,0,6,0,10.595,10.476,253,240,2,12,24,12,0,1920,0,0,0,0,0,0,0,0,0,0,184,0,0,0,1001,119,450,379,0,0,3,1.001
2100,12.127,19.271,0.031,0.0,0.0,0.0,0.0,0.0,534.0,2616.0,0.727,0,6,0,9.998,9.897,254,240,2,12,24,12,0,1920,0,0,0,0,0,0,0,0,0,0,184,0,0,0,1048,117,438,437,0,0,2,1.048
2101,12.305,19.271,0.031,0.0,0.0,0.0,0.0,0.0,534.0,2616.0,0.758,0,6,0,9.849,9.754,254,240,2,12,24,12,0,1920,0,0,0,0,0,0,0,0,0,0,184,0,0,0,1353,222,435,421,0,0,3,1.353
2102,12.653,19.271,0.031,0.0,0.0,0.0,0.0,0.0,534.0,2616.0,0.745,0,6,0,10.544,10.446,252,240,2,12,24,12,0,1920,0,0,0,0,0,0,0,0,0,0,184,0,0,0,970,117,398,401,0,0,2,0.97
2103,12.276,19.271,0.031,0.0,0.0,0.0,0.0,0.0,534.0,2616.0,0.685,0,6,0,10.139,10.046,254,240,2,12,24,12,0,1920,0,0,0,0,0,0,0,0,0,0,184,0,0,0,1018,125,445,378,0,0,2,1.018
2104,12.503,19.271,0.031,0.0,0.0,0.0,0.0,0.0,534.0,2616.0,0.719,0,6,0,10.432,10.338,254,240,2,12,24,12,0,1920,0,0,0,0,0,0,0,0,0,0,184,0,0,0,971,109,428,385,0,0,7,0.971
2105,12.355,19.271,0.031,0.0,0.0,0.0,0.0,0.0,534.0,2616.0,0.695,0,6,0,10.252,10.059,252,240,2,12,24,12,0,1920,0,0,0,0,0,0,0,0,0,0,184,0,0,0,1029,151,452,381,0,0,2,1.029
2106,11.719,19.271,0.031,0.0,0.0,0.0,0.0,0.0,534.0,2616.0,0.697,0,6,0,9.667,9.579,253,240,2,12,24,12,0,1920,0,0,0,0,0,0,0,0,0,0,184,0,0,0,969,116,420,383,0,0,1,0.969
2107,12.268,19.271,0.031,0.0,0.0,0.0,0.0,0.0,534.0,2616.0,0.68,0,6,0,10.185,10.087,254,240,2,12,24,12,0,1920,0,0,0,0,0,0,0,0,0,0,184,0,0,0,1023,137,412,422,0,0,3,1.023
2108,12.248,19.271,0.031,0.0,0.0,0.0,0.0,0.0,534.0,2616.0,0.783,0,6,0,10.12,10.033,253,240,2,12,24,12,0,1920,0,0,0,0,0,0,0,0,0,0,184,0,0,0,1036,118,435,431,0,0,3,1.036
2109,12.47,19.271,0.031,0.0,0.0,0.0,0.0,0.0,534.0,2616.0,0.617,0,6,0,10.247,10.129,254,240,2,12,24,12,0,1920,0,0,0,0,0,0,0,0,0,0,184,0,0,0,1018,118,455,389,0,0,2,1.018
2110,13.134,19.271,0.031,0.0,0.0,0.0,0.0,0.0,534.0,2616.0,0.597,0,6,0,11.213,11.073,254,240,2,12,24,12,0,1920,0,0,0,0,0,0,0,0,0,0,184,0,0,0,930,111,415,355,0,0,2,0.93
2111,15.963,19.271,0.031,0.0,0.0,0.0,0.0,0.0,534.0,2616.0,0.645,0,6,0,13.929,13.841,252,240,2,12,24,12,0,1920,0,0,0,0,0,0,0,0,0,0,184,0,0,0,1005,115,439,397,0,0,2,1.005
2112,13.176,19.271,0.031,0.0,0.0,0.0,0.0,0.0,534.0,2616.0,0.69,0,6,0,11.027,10.941,252,240,2,12,24,12,0,1920,0,0,0,0,0,0,0,0,0,0,184,0,0,0,978,120,409,376,0,0,23,0.978
2113,13.019,19.271,0.031,0.0,0.0,0.0,0.0,0.0,534.0,2616.0,0.696,0,6,0,10.93,10.763,255,240,2,12,24,12,0,1920,0,0,0,0,0,0,0,0,0,0,184,0,0,0,1041,108,426,428,0,0,2,1.041
2114,12.69,19.271,0.031,0.0,0.0,0.0,0.0,0.0,534.0,2616.0,0.784,0,6,0,10.311,10.219,254,240,2,12,24,12,0,1920,0,0,0,0,0,0,0,0,0,0,184,0,0,0,1272,137,572,392,0,0,1,1.272
2115,12.273,19.271,0.031,0.0,0.0,0.0,0.0,0.0,534.0,2616.0,0.794,0,6,0,9.796,9.701,253,240,2,12,24,12,0,1920,0,0,0,0,0,0,0,0,0,0,184,0,0,0,1264,218,508,437,0,0,3,1.264
2116,12.94,19.271,0.031,0.0,0.0,0.0,0.0,0.0,534.0,2616.0,0.686,0,6,0,10.766,10.668,254,240,2,12,24,12,0,1920,0,0,0,0,0,0,0,0,0,0,184,0,0,0,1020,115,427,429,0,0,2,1.02
2117,13.48,19.271,0.031,0.0,0.0,0.0,0.0,0.0,534.0,2616.0,4.009,0,6,0,11.367,10.262,254,240,2,12,24,12,0,1920,0,0,0,0,0,0,0,0,0,0,184,0,0,0,1052,117,438,447,0,0,2,1.052
2118,18.892,19.271,0.031,0.0,0.0,0.0,0.0,0.0,534.0,2616.0,0.669,0,6,0,13.444,13.337,252,240,2,12,24,12,0,1920,0,0,0,0,0,0,0,0,0,0,184,0,0,0,984,117,398,420,0,0,3,0.984
2119,11.407,19.271,0.031,0.0,0.0,0.0,0.0,0.0,534.0,2616.0,0.614,0,6,0,9.333,9.229,254,240,2,12,24,12,0,1920,0,0,0,0,0,0,0,0,0,0,184,0,0,0,1028,113,435,426,0,0,3,1.028
2120,11.26,19.271,0.031,0.0,0.0,0.0,0.0,0.0,534.0,2616.0,0.682,0,6,0,9.292,9.206,253,240,2,12,24,12,0,1920,0,0,0,0,0,0,0,0,0,0,184,0,0,0,964,135,397,384,0,0,1,0.964
2121,11.438,19.271,0.031,0.0,0.0,0.0,0.0,0.0,534.0,2616.0,0.673,0,6,0,9.411,9.329,253,240,2,12,24,12,0,1920,0,0,0,0,0,0,0,0,0,0,184,0,0,0,1015,114,405,441,0,0,2,1.015
2122,11.319,19.271,0.031,0.0,0.0,0.0,0.0,0.0,534.0,2616.0,0.73,0,6,0,9.338,9.25,254,240,2,12,24,12,0,1920,0,0,0,0,0,0,0,0,0,0,184,0,0,0,961,111,426,374,0,0,2,0.961
2123,14.622,19.271,0.031,0.0,0.0,0.0,0.0,0.0,534.0,2616.0,0.924,0,6,0,12.392,12.313,252,240,2,12,24,12,0,1920,0,0,0,0,0,0,0,0,0,0,184,0,0,0,1087,129,475,425,0,0,2,1.087
2124,12.044,19.271,0.031,0.0,0.0,0.0,0.0,0.0,534.0,2616.0,0.661,0,6,0,9.725,9.629,253,240,2,12,24,12,0,1920,0,0,0,0,0,0,0,0,0,0,184,0,0,0,986,116,441,380,0,0,3,0.986
2125,11.873,19.271,0.031,0.0,0.0,0.0,0.0,0.0,534.0,2616.0,0.673,0,6,0,9.882,9.782,254,240,2,12,24,12,0,1920,0,0,0,0,0,0,0,0,0,0,184,0,0,0,966,117,420,376,0,0,1,0.966
2126,11.979,19.271,0.031,0.0,0.0,0.0,0.0,0.0,534.0,2616.0,0.909,0,6,0,9.748,9.666,253,240,2,12,24,12,0,1920,0,0,0,0,0,0,0,0,0,0,184,0,0,0,1190,136,503,490,0,0,2,1.19
2127,15.492,19.271,0.031,0.0,0.0,0.0,0.0,0.0,534.0,2616.0,1.882,0,6,0,13.029,12.91,253,240,2,12,24,12,0,1920,0,0,0,0,0,0,0,0,0,0,184,0,0,0,1057,115,428,465,0,0,3,1.057
2128,15.097,19.271,0.031,0.0,0.0,0.0,0.0,0.0,534.0,2616.0,0.655,0,6,0,11.404,11.302,255,240,2,12,24,12,0,1920,0,0,0,0,0,0,0,0,0,0,184,0,0,0,1064,123,501,384,0,0,2,1.064
2129,14.623,19.271,0.031,0.0,0.0,0.0,0.0,0.0,534.0,2616.0,1.003,0,6,0,12.298,12.203,253,240,2,12,24,12,0,1920,0,0,0,0,0,0,0,0,0,0,184,0,0,0,1236,141,496,524,0,0,2,1.236
2130,13.245,19.271,0.031,0.0,0.0,0.0,0.0,0.0,534.0,2616.0,0.731,0,6,0,10.727,10.62,252,240,2,12,24,12,0,1920,0,0,0,0,0,0,0,0,0,0,184,0,0,0,1020,118,408,442,0,0,3,1.02
2131,17.775,19.271,0.031,0.0,0.0,0.0,0.0,0.0,534.0,2616.0,1.093,0,6,0,15.094,14.933,255,240,2,12,24,12,0,1920,0,0,0,0,0,0,0,0,0,0,184,0,0,0,1361,177,585,524,0,0,6,1.361
2132,16.982,20.093,0.05,0.0,0.0,0.0,0.0,0.0,534.0,2616.0,1.024,0,6,0,14.031,13.869,252,240,2,12,24,12,0,1920,0,0,0,0,0,0,0,0,0,0,184,0,0,0,1281,159,516,520,0,0,12,1.281
2133,16.674,20.093,0.05,0.0,0.0,0.0,0.0,0.0,534.0,2616.0,1.037,0,6,0,13.514,13.394,252,240,2,12,24,12,0,1920,0,0,0,0,0,0,0,0,0,0,184,0,0,0,1450,177,582,594,0,0,4,1.45
2134,17.939,20.093,0.05,0.0,0.0,0.0,0.0,0.0,534.0,2616.0,0.953,0,6,0,14.984,14.847,255,240,2,12,24,12,0,1920,0,0,0,0,0,0,0,0,0,0,184,0,0,0,1326,155,556,546,0,0,3,1.326
2135,17.286,20.093,0.05,0.0,0.0,0.0,0.0,0.0,534.0,2616.0,1.021,0,6,0,14.517,14.387,253,240,2,12,24,12,0,1920,0,0,0,0,0,0,0,0,0,0,184,0,0,0,1322,155,587,513,0,0,3,1.322
2136,16.577,20.093,0.05,0.0,0.0,0.0,0.0,0.0,534.0,2616.0,0.963,0,6,0,13.752,13.595,252,240,2,12,24,12,0,1920,0,0,0,0,0,0,0,0,0,0,184,0,0,0,1268,151,499,549,0,0,4,1.268
2137,19.369,20.093,0.05,0.0,0.0,0.0,0.0,0.0,534.0,2616.0,1.286,0,6,0,16.131,15.996,255,240,2,12,24,12,0,1920,0,0,0,0,0,0,0,0,0,0,184,0,0,0,1670,246,696,648,0,0,3,1.67
2138,19.805,20.093,0.05,0.0,0.0,0.0,0.0,0.0,534.0,2616.0,1.253,0,6,0,16.204,16.04,253,240,2,12,24,12,0,1920,0,0,0,0,0,0,0,0,0,0,184,0,0,0,1713,208,728,666,0,0,5,1.713
2139,19.863,20.093,0.05,0.0,0.0,0.0,0.0,0.0,534.0,2616.0,1.241,0,6,0,16.222,16.069,253,240,2,12,24,12,0,1920,0,0,0,0,0,0,0,0,0,0,184,0,0,0,1725,210,739,692,0,0,5,1.725
2140,20.328,20.093,0.05,0.0,0.0,0.0,0.0,0.0,534.0,2616.0,1.33,0,6,0,16.737,16.553,254,240,2,12,24,12,0,1920,0,0,0,0,0,0,0,0,0,0,184,0,0,0,1726,260,720,664,0,0,4,1.726
2141,20.011,20.093,0.05,0.0,0.0,0.0,0.0,0.0,534.0,2616.0,1.308,0,6,0,16.303,16.133,254,240,2,12,24,12,0,1920,0,0,0,0,0,0,0,0,0,0,184,0,0,0,1786,305,721,675,0,0,3,1.786
2142,20.149,20.093,0.05,0.0,0.0,0.0,0.0,0.0,534.0,2616.0,1.258,0,6,0,16.518,16.374,252,240,2,12,24,12,0,1920,0,0,0,0,0,0,0,0,0,0,184,0,0,0,1659,224,706,653,0,0,3,1.659
2143,17.755,20.093,0.05,0.0,0.0,0.0,0.0,0.0,534.0,2616.0,0.883,0,6,0,14.824,14.69,253,240,2,12,24,12,0,1920,0,0,0,0,0,0,0,0,0,0,184,0,0,0,1139,131,504,446,0,0,3,1.139
2144,13.68,20.093,0.05,0.0,0.0,0.0,0.0,0.0,534.0,2616.0,0.9,0,6,0,11.354,11.221,254,240,2,12,24,12,0,1920,0,0,0,0,0,0,0,0,0,0,184,0,0,0,988,117,437,379,0,0,3,0.988
2145,12.431,20.093,0.05,0.0,0.0,0.0,0.0,0.0,534.0,2616.0,0.739,0,6,0,10.053,9.944,254,240,2,12,24,12,0,1920,0,0,0,0,0,0,0,0,0,0,184,0,0,0,974,114,436,376,0,0,2,0.974
2146,14.219,20.093,0.05,0.0,0.0,0.0,0.0,0.0,534.0,2616.0,0.683,0,6,0,12.155,12.059,254,240,2,12,24,12,0,1920,0,0,0,0,0,0,0,0,0,0,184,0,0,0,912,112,392,361,0,0,1,0.912
2147,12.851,20.093,0.05,0.0,0.0,0.0,0.0,0.0,534.0,2616.0,0.74,0,6,0,10.675,10.587,253,240,2,12,24,12,0,1920,0,0,0,0,0,0,0,0,0,0,184,0,0,0,1113,232,433,392,0,0,1,1.113
2148,14.937,20.093,0.05,0.0,0.0,0.0,0.0,0.0,534.0,2616.0,0.641,0,6,0,12.83,12.748,252,240,2,12,24,12,0,1920,0,0,0,0,0,0,0,0,0,0,184,0,0,0,993,116,420,406,0,0,3,0.993
2149,17.822,20.093,0.05,0.0,0.0,0.0,0.0,0.0,534.0,2616.0,0.776,0,6,0,15.692,15.598,254,240,2,12,24,12,0,1920,0,0,0,0,0,0,0,0,0,0,184,0,0,0,1082,118,431,482,0,0,2,1.082
2150,12.162,20.093,0.05,0.0,0.0,0.0,0.0,0.0,534.0,2616.0,0.735,0,6,0,10.061,9.97,253,240,2,12,24,12,0,1920,0,0,0,0,0,0,0,0,0,0,184,0,0,0,978,109,399,425,0,0,3,0.978
2151,11.505,20.093,0.05,0.0,0.0,0.0,0.0,0.0,534.0,2616.0,0.586,0,6,0,9.464,9.382,252,240,2,12,24,12,0,1920,0,0,0,0,0,0,0,0,0,0,184,0,0,0,953,108,400,396,0,0,3,0.953
2152,11.573,20.093,0.05,0.0,0.0,0.0,0.0,0.0,534.0,2616.0,0.686,0,6,0,9.611,9.498,253,240,2,12,24,12,0,1920,0,0,0,0,0,0,0,0,0,0,184,0,0,0,1002,113,418,425,0,0,1,1.002
2153,11.627,20.093,0.05,0.0,0.0,0.0,0.0,0.0,534.0,2616.0,0.635,0,6,0,9.64,9.542,254,240,2,12,24,12,0,1920,0,0,0,0,0,0,0,0,0,0,184,0,0,0,958,112,400,394,0,0,3,0.958
2154,11.676,20.093,0.05,0.0,0.0,0.0,0.0,0.0,534.0,2616.0,0.611,0,6,0,9.727,9.638,254,240,2,12,24,12,0,1920,0,0,0,0,0,0,0,0,0,0,184,0,0,0,951,111,399,394,0,0,2,0.951
2155,11.645,20.093,0.05,0.0,0.0,0.0,0.0,0.0,534.0,2616.0,0.681,0,6,0,9.686,9.579,253,240,2,12,24,12,0,1920,0,0,0,0,0,0,0,0,0,0,184,0,0,0,1011,110,457,398,0,0,3,1.011
2156,11.561,20.093,0.05,0.0,0.0,0.0,0.0,0.0,534.0,2616.0,0.688,0,6,0,9.403,9.321,253,240,2,12,24,12,0,1920,0,0,0,0,0,0,0,0,0,0,184,0,0,0,1105,113,550,387,0,0,2,1.105
2157,11.351,20.093,0.05,0.0,0.0,0.0,0.0,0.0,534.0,2616.0,0.675,0,6,0,9.293,9.209,252,240,2,12,24,12,0,1920,0,0,0,0,0,0,0,0,0,0,184,0,0,0,1030,119,443,418,0,0,3,1.03
2158,11.594,20.093,0.05,0.0,0.0,0.0,0.0,0.0,534.0,2616.0,0.665,0,6,0,9.547,9.452,253,240,2,12,24,12,0,1920,0,0,0,0,0,0,0,0,0,0,184,0,0,0,1010,118,419,418,0,0,3,1.01
2159,11.295,20.093,0.05,0.0,0.0,0.0,0.0,0.0,534.0,2616.0,0.621,0,6,0,9.369,9.284,253,240,2,12,24,12,0,1920,0,0,0,0,0,0,0,0,0,0,184,0,0,0,925,113,385,382,0,0,2,0.925
2160,15.777,20.093,0.05,0.0,0.0,0.0,0.0,0.0,534.0,2616.0,1.16,0,6,0,13.217,13.113,252,240,2,12,24,12,0,1920,0,0,0,0,0,0,0,0,0,0,184,0,0,0,1521,181,714,546,0,0,4,1.521
2161,18.074,20.093,0.05,0.0,0.0,0.0,0.0,0.0,534.0,2616.0,1.028,0,6,0,14.908,14.779,255,240,2,12,24,12,0,1920,0,0,0,0,0,0,0,0,0,0,184,0,0,0,1500,236,609,578,0,0,4,1.5
2162,19.715,20.093,0.05,0.0,0.0,0.0,0.0,0.0,534.0,2616.0,0.971,0,6,0,16.647,16.509,253,240,2,12,24,12,0,1920,0,0,0,0,0,0,0,0,0,0,184,0,0,0,1496,175,632,605,0,0,4,1.496
2163,17.04,20.093,0.05,0.0,0.0,0.0,0.0,0.0,534.0,2616.0,1.035,0,6,0,14.198,14.089,252,240,2,12,24,12,0,1920,0,0,0,0,0,0,0,0,0,0,184,0,0,0,1368,164,619,515,0,0,4,1.368
2164,19.809,20.093,0.05,0.0,0.0,0.0,0.0,0.0,534.0,2616.0,1.076,0,6,0,16.705,14.858,255,240,2,12,24,12,0,1920,0,0,0,0,0,0,0,0,0,0,184,0,0,0,1466,174,634,584,0,0,3,1.466
2165,16.329,20.093,0.05,0.0,0.0,0.0,0.0,0.0,534.0,2616.0,1.079,0,6,0,13.212,13.091,252,240,2,12,24,12,0,1920,0,0,0,0,0,0,0,0,0,0,184,0,0,0,1513,189,699,546,0,0,4,1.513
2166,20.852,20.093,0.05,0.0,0.0,0.0,0.0,0.0,534.0,2616.0,1.116,0,6,0,17.578,17.437,254,240,2,12,24,12,0,1920,0,0,0,0,0,0,0,0,0,0,184,0,0,0,1615,194,648,690,0,0,3,1.615
2167,16.687,20.093,0.05,0.0,0.0,0.0,0.0,0.0,534.0,2616.0,0.823,0,6,0,14.024,13.882,253,240,2,12,24,12,0,1920,0,0,0,0,0,0,0,0,0,0,184,0,0,0,1032,118,433,426,0,0,3,1.032
2168,13.967,20.093,0.05,0.0,0.0,0.0,0.0,0.0,534.0,2616.0,0.945,0,6,0,11.402,11.309,253,240,2,12,24,12,0,1920,0,0,0,0,0,0,0,0,0,0,184,0,0,0,1259,156,543,495,0,0,3,1.259
2169,13.989,20.093,0.05,0.0,0.0,0.0,0.0,0.0,534.0,2616.0,0.82,0,6,0,11.589,11.433,253,240,2,12,24,12,0,1920,0,0,0,0,0,0,0,0,0,0,184,0,0,0,995,125,411,409,0,0,2,0.995
2170,14.496,20.093,0.05,0.0,0.0,0.0,0.0,0.0,534.0,2616.0,0.73,0,6,0,11.933,11.814,253,240,2,12,24,12,0,1920,0,0,0,0,0,0,0,0,0,0,184,0,0,0,1245,165,518,499,0,0,3,1.245
2171,15.366,20.093,0.05,0.0,0.0,0.0,0.0,0.0,534.0,2616.0,0.881,0,6,0,12.769,12.655,253,240,2,12,24,12,0,1920,0,0,0,0,0,0,0,0,0,0,184,0,0,0,1357,206,565,513,0,0,3,1.357
2172,13.628,20.093,0.05,0.0,0.0,0.0,0.0,0.0,534.0,2616.0,0.723,0,6,0,11.321,11.189,254,240,2,12,24,12,0,1920,0,0,0,0,0,0,0,0,0,0,184,0,0,0,998,113,411,419,0,0,3,0.998
2173,11.778,20.093,0.05,0.0,0.0,0.0,0.0,0.0,534.0,2616.0,0.64,0,6,0,9.691,9.605,252,240,2,12,24,12,0,1920,0,0,0,0,0,0,0,0,0,0,184,0,0,0,942,111,395,391,0,0,2,0.942
2174,11.686,20.093,0.05,0.0,0.0,0.0,0.0,0.0,534.0,2616.0,0.663,0,6,0,9.699,9.602,254,240,2,12,24,12,0,1920,0,0,0,0,0,0,0,0,0,0,184,0,0,0,972,117,422,386,0,0,3,0.972
2175,13.077,20.093,0.05,0.0,0.0,0.0,0.0,0.0,534.0,2616.0,0.828,0,6,0,11.069,10.99,252,240,2,12,24,12,0,1920,0,0,0,0,0,0,0,0,0,0,184,0,0,0,975,118,427,381,0,0,3,0.975
2176,14.408,20.093,0.05,0.0,0.0,0.0,0.0,0.0,534.0,2616.0,0.658,0,6,0,12.2,12.07,255,240,2,12,24,12,0,1920,0,0,0,0,0,0,0,0,0,0,184,0,0,0,980,115,435,382,0,0,3,0.98
2177,15.356,20.093,0.05,0.0,0.0,0.0,0.0,0.0,534.0,2616.0,0.926,0,6,0,12.865,12.768,253,240,2,12,24,12,0,1920,0,0,0,0,0,0,0,0,0,0,184,0,0,0,1363,230,540,522,0,0,3,1.363
2178,16.59,20.093,0.05,0.0,0.0,0.0,0.0,0.0,534.0,2616.0,1.011,0,6,0,13.761,13.634,254,240,2,12,24,12,0,1920,0,0,0,0,0,0,0,0,0,0,184,0,0,0,1408,167,648,514,0,0,4,1.408
2179,18.089,20.093,0.05,0.0,0.0,0.0,0.0,0.0,534.0,2616.0,1.159,0,6,0,15.094,14.978,252,240,2,12,24,12,0,1920,0,0,0,0,0,0,0,0,0,0,184,0,0,0,1433,175,575,522,0,0,4,1.433
2180,18.096,20.093,0.05,0.0,0.0,0.0,0.0,0.0,534.0,2616.0,0.993,0,6,0,14.884,14.752,254,240,2,12,24,12,0,1920,0,0,0,0,0,0,0,0,0,0,184,0,0,0,1483,218,616,567,0,0,4,1.483
2181,18.173,20.093,0.05,0.0,0.0,0.0,0.0,0.0,534.0,2616.0,1.117,0,6,0,15.139,15.013,253,240,2,12,24,12,0,1920,0,0,0,0,0,0,0,0,0,0,184,0,0,0,1418,170,597,568,0,0,3,1.418
2182,18.23,20.093,0.05,0.0,0.0,0.0,0.0,0.0,534.0,2616.0,1.104,0,6,0,15.11,14.92,253,240,2,12,24,12,0,1920,0,0,0,0,0,0,0,0,0,0,184,0,0,0,1412,181,573,582,0,0,3,1.412
2183,18.142,20.093,0.05,0.0,0.0,0.0,0.0,0.0,534.0,2616.0,1.121,0,6,0,14.974,14.846,252,240,2,12,24,12,0,1920,0,0,0,0,0,0,0,0,0,0,184,0,0,0,1412,161,552,578,0,0,4,1.412
2184,18.286,20.093,0.05,0.0,0.0,0.0,0.0,0.0,534.0,2616.0,1.201,0,6,0,15.079,14.933,254,240,2,12,24,12,0,1920,0,0,0,0,0,0,0,0,0,0,184,0,0,0,1441,179,571,607,0,0,3,1.441
2185,18.505,20.093,0.05,0.0,0.0,0.0,0.0,0.0,534.0,2616.0,0.792,0,6,0,15.301,15.175,253,240,2,12,24,12,0,1920,0,0,0,0,0,0,0,0,0,0,184,0,0,0,1276,157,537,510,0,0,2,1.276
2186,14.531,20.093,0.05,0.0,0.0,0.0,0.0,0.0,534.0,2616.0,0.836,0,6,0,12.039,11.936,253,240,2,12,24,12,0,1920,0,0,0,0,0,0,0,0,0,0,184,0,0,0,1211,164,450,533,0,0,3,1.211
2187,13.052,20.093,0.05,0.0,0.0,0.0,0.0,0.0,534.0,2616.0,0.756,0,6,0,10.712,10.612,253,240,2,12,24,12,0,1920,0,0,0,0,0,0,0,0,0,0,184,0,0,0,1038,159,403,419,0,0,2,1.038
2188,12.866,20.093,0.05,0.0,0.0,0.0,0.0,0.0,534.0,2616.0,0.694,0,6,0,10.592,10.448,254,240,2,12,24,12,0,1920,0,0,0,0,0,0,0,0,0,0,184,0,0,0,1046,119,457,418,0,0,2,1.046
2189,21.941,20.093,0.05,0.0,0.0,0.0,0.0,0.0,534.0,2616.0,1.396,0,6,0,18.636,18.521,252,240,2,12,24,12,0,1920,0,0,0,0,0,0,0,0,0,0,184,0,0,0,1901,240,826,725,0,0,5,1.901
2190,24.635,20.093,0.05,0.0,0.0,0.0,0.0,0.0,534.0,2616.0,0.988,0,6,0,20.898,20.744,253,240,2,12,24,12,0,1920,0,0,0,0,0,0,0,0,0,0,184,0,0,0,1649,194,647,705,0,0,3,1.649
2191,18.838,20.093,0.05,0.0,0.0,0.0,0.0,0.0,534.0,2616.0,0.929,0,6,0,15.668,15.5,252,240,2,12,24,12,0,1920,0,0,0,0,0,0,0,0,0,0,184,0,0,0,1442,271,565,521,0,0,3,1.442
2192,21.236,20.093,0.05,0.0,0.0,0.0,0.0,0.0,534.0,2616.0,1.732,0,6,0,17.448,17.332,254,240,2,12,24,12,0,1920,0,0,0,0,0,0,0,0,0,0,184,0,0,0,2120,247,832,927,0,0,6,2.12
2193,22.963,20.093,0.05,0.0,0.0,0.0,0.0,0.0,534.0,2616.0,1.122,0,6,0,19.278,19.043,253,240,2,12,24,12,0,1920,0,0,0,0,0,0,0,0,0,0,184,0,0,0,1317,142,572,542,0,0,3,1.317
2194,24.226,24.883,0.05,0.0,0.0,0.0,0.0,0.0,534.0,2616.0,1.806,0,6,0,20.161,19.856,254,240,2,12,24,12,0,1920,0,0,0,0,0,0,0,0,0,0,184,0,0,0,1640,241,659,637,0,0,5,1.64
2195,20.076,24.883,0.05,0.0,0.0,0.0,0.0,0.0,534.0,2616.0,1.018,0,6,0,16.051,15.921,253,240,2,12,24,12,0,1920,0,0,0,0,0,0,0,0,0,0,184,0,0,0,1392,188,607,521,0,0,3,1.392
2196,26.339,24.883,0.05,0.0,0.0,0.0,0.0,0.0,534.0,2616.0,0.998,0,6,0,23.422,23.298,253,240,2,12,24,12,0,1920,0,0,0,0,0,0,0,0,0,0,184,0,0,0,1285,164,537,512,0,0,3,1.285
2197,23.123,24.883,0.05,0.0,0.0,0.0,0.0,0.0,534.0,2616.0,1.061,0,6,0,19.874,19.749,253,240,2,12,24,12,0,1920,0,0,0,0,0,0,0,0,0,0,184,0,0,0,1640,239,680,608,0,0,4,1.64
2198,20.638,24.883,0.05,0.0,0.0,0.0,0.0,0.0,534.0,2616.0,1.268,0,6,0,16.787,16.656,254,240,2,12,24,12,0,1920,0,0,0,0,0,0,0,0,0,0,184,0,0,0,1983,202,857,720,0,0,5,1.983
2199,17.231,24.883,0.05,0.0,0.0,0.0,0.0,0.0,534.0,2616.0,0.762,0,6,0,14.449,14.318,253,240,2,12,24,12,0,1920,0,0,0,0,0,0,0,0,0,0,184,0,0,0,975,140,396,395,0,0,2,0.975
2200,12.949,24.883,0.05,0.0,0.0,0.0,0.0,0.0,534.0,2616.0,0.743,0,6,0,10.637,10.502,253,240,2,12,24,12,0,1920,0,0,0,0,0,0,0,0,0,0,184,0,0,0,1010,118,401,438,0,0,3,1.01
2201,13.118,24.883,0.05,0.0,0.0,0.0,0.0,0.0,534.0,2616.0,0.757,0,6,0,10.941,10.851,253,240,2,12,24,12,0,1920,0,0,0,0,0,0,0,0,0,0,184,0,0,0,977,125,423,375,0,0,3,0.977
2202,12.491,24.883,0.05,0.0,0.0,0.0,0.0,0.0,534.0,2616.0,0.668,0,6,0,10.437,10.335,254,240,2,12,24,12,0,1920,0,0,0,0,0,0,0,0,0,0,184,0,0,0,869,108,366,352,0,0,2,0.869
2203,10.889,24.883,0.05,0.0,0.0,0.0,0.0,0.0,534.0,2616.0,0.66,0,6,0,8.897,8.812,252,240,2,12,24,12,0,1920,0,0,0,0,0,0,0,0,0,0,184,0,0,0,941,133,375,386,0,0,3,0.941
2204,11.269,24.883,0.05,0.0,0.0,0.0,0.0,0.0,534.0,2616.0,0.674,0,6,0,9.324,9.231,254,240,2,12,24,12,0,1920,0,0,0,0,0,0,0,0,0,0,184,0,0,0,893,109,389,343,0,0,2,0.893
2205,10.325,24.883,0.05,0.0,0.0,0.0,0.0,0.0,534.0,2616.0,0.641,0,6,0,8.391,8.284,253,240,2,12,24,12,0,1920,0,0,0,0,0,0,0,0,0,0,184,0,0,0,910,116,395,358,0,0,2,0.91
2206,11.814,24.883,0.05,0.0,0.0,0.0,0.0,0.0,534.0,2616.0,0.68,0,6,0,9.814,9.729,254,240,2,12,24,12,0,1920,0,0,0,0,0,0,0,0,0,0,184,0,0,0,969,110,399,416,0,0,2,0.969
2207,11.81,24.883,0.05,0.0,0.0,0.0,0.0,0.0,534.0,2616.0,0.656,0,6,0,9.746,9.655,253,240,2,12,24,12,0,1920,0,0,0,0,0,0,0,0,0,0,184,0,0,0,968,121,398,403,0,0,2,0.968
2208,11.429,24.883,0.05,0.0,0.0,0.0,0.0,0.0,534.0,2616.0,0.723,0,6,0,9.412,9.325,253,240,2,12,24,12,0,1920,0,0,0,0,0,0,0,0,0,0,184,0,0,0,965,124,401,394,0,0,1,0.965
2209,11.362,24.883,0.05,0.0,0.0,0.0,0.0,0.0,534.0,2616.0,0.794,0,6,0,9.261,9.181,252,240,2,12,24,12,0,1920,0,0,0,0,0,0,0,0,0,0,184,0,0,0,1033,107,437,438,0,0,1,1.033
2210,13.639,24.883,0.05,0.0,0.0,0.0,0.0,0.0,534.0,2616.0,0.94,0,6,0,11.486,10.335,257,240,2,12,24,12,0,1920,0,0,0,0,0,0,0,0,0,0,184,0,0,0,973,122,404,396,0,0,1,0.973
2211,14.129,24.883,0.05,0.0,0.0,0.0,0.0,0.0,534.0,2616.0,0.663,0,6,0,11.674,10.928,253,240,2,12,24,12,0,1920,0,0,0,0,0,0,0,0,0,0,184,0,0,0,1133,117,566,390,0,0,2,1.133
2212,11.785,24.883,0.05,0.0,0.0,0.0,0.0,0.0,534.0,2616.0,0.701,0,6,0,9.731,9.63,254,240,2,12,24,12,0,1920,0,0,0,0,0,0,0,0,0,0,184,0,0,0,1029,115,445,415,0,0,3,1.029
2213,11.467,24.883,0.05,0.0,0.0,0.0,0.0,0.0,534.0,2616.0,0.745,0,6,0,9.472,9.384,253,240,2,12,24,12,0,1920,0,0,0,0,0,0,0,0,0,0,184,0,0,0,961,137,399,379,0,0,2,0.961
2214,11.542,24.883,0.05,0.0,0.0,0.0,0.0,0.0,534.0,2616.0,0.68,0,6,0,9.519,9.429,254,240,2,12,24,12,0,1920,0,0,0,0,0,0,0,0,0,0,184,0,0,0,967,133,401,386,0,0,2,0.967
2215,12.393,24.883,0.05,0.0,0.0,0.0,0.0,0.0,534.0,2616.0,0.885,0,6,0,10.305,10.231,252,240,2,12,24,12,0,1920,0,0,0,0,0,0,0,0,0,0,184,0,0,0,986,118,420,397,0,0,2,0.986
2216,12.697,24.883,0.05,0.0,0.0,0.0,0.0,0.0,534.0,2616.0,0.713,0,6,0,9.596,9.501,254,240,2,12,24,12,0,1920,0,0,0,0,0,0,0,0,0,0,184,0,0,0,1108,141,525,388,0,0,2,1.108
2217,12.222,24.883,0.05,0.0,0.0,0.0,0.0,0.0,534.0,2616.0,0.659,0,6,0,10.103,10.014,253,240,2,12,24,12,0,1920,0,0,0,0,0,0,0,0,0,0,184,0,0,0,1034,117,474,388,0,0,2,1.034
2218,12.46,24.883,0.05,0.0,0.0,0.0,0.0,0.0,534.0,2616.0,0.671,0,6,0,9.922,9.801,255,240,2,12,24,12,0,1920,0,0,0,0,0,0,0,0,0,0,184,0,0,0,1008,117,436,404,0,0,2,1.008
2219,14.361,24.883,0.05,0.0,0.0,0.0,0.0,0.0,534.0,2616.0,0.91,0,6,0,12.087,11.978,255,240,2,12,24,12,0,1920,0,0,0,0,0,0,0,0,0,0,184,0,0,0,1181,117,435,572,0,0,2,1.181
2220,15.342,24.883,0.05,0.0,0.0,0.0,0.0,0.0,534.0,2616.0,0.691,0,6,0,12.726,12.635,253,240,2,12,24,12,0,1920,0,0,0,0,0,0,0,0,0,0,184,0,0,0,1317,126,424,710,0,0,4,1.317
2221,13.375,24.883,0.05,0.0,0.0,0.0,0.0,0.0,534.0,2616.0,0.997,0,6,0,10.848,10.771,252,240,2,12,24,12,0,1920,0,0,0,0,0,0,0,0,0,0,184,0,0,0,1440,538,411,432,0,0,2,1.44
2222,23.852,24.883,0.05,0.0,0.0,0.0,0.0,0.0,534.0,2616.0,1.071,0,6,0,20.783,20.683,254,240,2,12,24,12,0,1920,0,0,0,0,0,0,0,0,0,0,184,0,0,0,1444,165,632,571,0,0,4,1.444
2223,16.792,24.883,0.05,0.0,0.0,0.0,0.0,0.0,534.0,2616.0,0.971,0,6,0,13.832,13.716,252,240,2,12,24,12,0,1920,0,0,0,0,0,0,0,0,0,0,184,0,0,0,1368,197,576,526,0,0,4,1.368
2224,16.959,24.883,0.05,0.0,0.0,0.0,0.0,0.0,534.0,2616.0,1.167,0,6,0,13.948,13.805,255,240,2,12,24,12,0,1920,0,0,0,0,0,0,0,0,0,0,184,0,0,0,1368,180,595,513,0,0,4,1.368
2225,18.173,24.883,0.05,0.0,0.0,0.0,0.0,0.0,534.0,2616.0,0.747,0,6,0,15.453,15.314,253,240,2,12,24,12,0,1920,0,0,0,0,0,0,0,0,0,0,184,0,0,0,975,130,395,391,0,0,3,0.975
2226,11.682,24.883,0.05,0.0,0.0,0.0,0.0,0.0,534.0,2616.0,0.741,0,6,0,9.613,9.477,255,240,2,12,24,12,0,1920,0,0,0,0,0,0,0,0,0,0,184,0,0,0,960,110,400,402,0,0,1,0.96
2227,11.694,24.883,0.05,0.0,0.0,0.0,0.0,0.0,534.0,2616.0,0.685,0,6,0,9.607,9.517,253,240,2,12,24,12,0,1920,0,0,0,0,0,0,0,0,0,0,184,0,0,0,963,139,398,381,0,0,2,0.963
2228,11.547,24.883,0.05,0.0,0.0,0.0,0.0,0.0,534.0,2616.0,0.654,0,6,0,9.531,9.397,255,240,2,12,24,12,0,1920,0,0,0,0,0,0,0,0,0,0,184,0,0,0,944,113,394,391,0,0,3,0.944
2229,11.288,24.883,0.05,0.0,0.0,0.0,0.0,0.0,534.0,2616.0,0.615,0,6,0,9.313,9.236,252,240,2,12,24,12,0,1920,0,0,0,0,0,0,0,0,0,0,184,0,0,0,965,114,410,394,0,0,1,0.965
2230,11.649,24.883,0.05,0.0,0.0,0.0,0.0,0.0,534.0,2616.0,0.718,0,6,0,9.447,9.341,255,240,2,12,24,12,0,1920,0,0,0,0,0,0,0,0,0,0,184,0,0,0,1193,117,625,398,0,0,1,1.193
2231,11.509,24.883,0.05,0.0,0.0,0.0,0.0,0.0,534.0,2616.0,0.706,0,6,0,9.417,9.327,253,240,2,12,24,12,0,1920,0,0,0,0,0,0,0,0,0,0,184,0,0,0,979,147,402,378,0,0,2,0.979
2232,11.295,24.883,0.05,0.0,0.0,0.0,0.0,0.0,534.0,2616.0,0.665,0,6,0,9.236,9.151,253,240,2,12,24,12,0,1920,0,0,0,0,0,0,0,0,0,0,184,0,0,0,1005,114,460,382,0,0,3,1.005
2233,11.182,24.883,0.05,0.0,0.0,0.0,0.0,0.0,534.0,2616.0,0.746,0,6,0,9.204,9.12,253,240,2,12,24,12,0,1920,0,0,0,0,0,0,0,0,0,0,184,0,0,0,993,176,394,382,0,0,1,0.993
2234,11.427,24.883,0.05,0.0,0.0,0.0,0.0,0.0,534.0,2616.0,0.648,0,6,0,9.354,9.257,254,240,2,12,24,12,0,1920,0,0,0,0,0,0,0,0,0,0,184,0,0,0,962,111,401,401,0,0,3,0.962
2235,11.187,24.883,0.05,0.0,0.0,0.0,0.0,0.0,534.0,2616.0,0.668,0,6,0,9.233,9.139,254,240,2,12,24,12,0,1920,0,0,0,0,0,0,0,0,0,0,184,0,0,0,963,121,401,396,0,0,2,0.963
2236,12.015,24.883,0.05,0.0,0.0,0.0,0.0,0.0,534.0,2616.0,0.671,0,6,0,10.059,9.972,254,240,2,12,24,12,0,1920,0,0,0,0,0,0,0,0,0,0,184,0,0,0,962,121,393,401,0,0,1,0.962
2237,12.421,24.883,0.05,0.0,0.0,0.0,0.0,0.0,534.0,2616.0,0.597,0,6,0,10.392,10.275,254,240,2,12,24,12,0,1920,0,0,0,0,0,0,0,0,0,0,184,0,0,0,996,164,400,383,0,0,1,0.996
2238,12.977,24.883,0.05,0.0,0.0,0.0,0.0,0.0,534.0,2616.0,0.774,0,6,0,10.941,10.865,252,240,2,12,24,12,0,1920,0,0,0,0,0,0,0,0,0,0,184,0,0,0,1065,116,464,430,0,0,2,1.065
2239,11.857,24.883,0.05,0.0,0.0,0.0,0.0,0.0,534.0,2616.0,0.768,0,6,0,9.731,9.65,252,240,2,12,24,12,0,1920,0,0,0,0,0,0,0,0,0,0,184,0,0,0,973,114,405,404,0,0,2,0.973
2240,12.155,24.883,0.05,0.0,0.0,0.0,0.0,0.0,534.0,2616.0,0.748,0,6,0,10.015,9.923,254,240,2,12,24,12,0,1920,0,0,0,0,0,0,0,0,0,0,184,0,0,0,1010,139,420,403,0,0,3,1.01
2241,12.046,24.883,0.05,0.0,0.0,0.0,0.0,0.0,534.0,2616.0,0.725,0,6,0,9.913,9.822,253,240,2,12,24,12,0,1920,0,0,0,0,0,0,0,0,0,0,184,0,0,0,998,117,414,412,0,0,3,0.998
2242,11.883,24.883,0.05,0.0,0.0,0.0,0.0,0.0,534.0,2616.0,1.01,0,6,0,9.671,9.576,254,240,2,12,24,12,0,1920,0,0,0,0,0,0,0,0,0,0,184,0,0,0,1099,128,454,463,0,0,3,1.099
2243,16.573,24.883,0.05,0.0,0.0,0.0,0.0,0.0,534.0,2616.0,0.875,0,6,0,13.67,13.524,255,240,2,12,24,12,0,1920,0,0,0,0,0,0,0,0,0,0,184,0,0,0,1329,158,559,540,0,0,3,1.329
2244,13.099,24.883,0.05,0.0,0.0,0.0,0.0,0.0,534.0,2616.0,0.687,0,6,0,10.823,10.722,252,240,2,12,24,12,0,1920,0,0,0,0,0,0,0,0,0,0,184,0,0,0,972,128,423,376,0,0,3,0.972
2245,11.856,24.883,0.05,0.0,0.0,0.0,0.0,0.0,534.0,2616.0,0.68,0,6,0,9.801,9.715,253,240,2,12,24,12,0,1920,0,0,0,0,0,0,0,0,0,0,184,0,0,0,969,135,406,375,0,0,2,0.969
2246,12.073,24.883,0.05,0.0,0.0,0.0,0.0,0.0,534.0,2616.0,0.661,0,6,0,10.001,9.908,254,240,2,12,24,12,0,1920,0,0,0,0,0,0,0,0,0,0,184,0,0,0,987,119,412,406,0,0,3,0.987
2247,15.056,24.883,0.05,0.0,0.0,0.0,0.0,0.0,534.0,2616.0,0.916,0,6,0,12.559,12.483,252,240,2,12,24,12,0,1920,0,0,0,0,0,0,0,0,0,0,184,0,0,0,1356,161,582,534,0,0,3,1.356
2248,12.896,24.883,0.05,0.0,0.0,0.0,0.0,0.0,534.0,2616.0,0.696,0,6,0,10.436,10.314,253,240,2,12,24,12,0,1920,0,0,0,0,0,0,0,0,0,0,184,0,0,0,1128,180,411,484,0,0,3,1.128
2249,11.65,24.883,0.05,0.0,0.0,0.0,0.0,0.0,534.0,2616.0,0.642,0,6,0,9.567,9.456,255,240,2,12,24,12,0,1920,0,0,0,0,0,0,0,0,0,0,184,0,0,0,998,121,431,394,0,0,1,0.998
2250,11.432,24.883,0.05,0.0,0.0,0.0,0.0,0.0,534.0,2616.0,0.675,0,6,0,9.441,9.362,252,240,2,12,24,12,0,1920,0,0,0,0,0,0,0,0,0,0,184,0,0,0,1003,115,406,431,0,0,3,1.003
2251,11.194,24.883,0.05,0.0,0.0,0.0,0.0,0.0,534.0,2616.0,0.73,0,6,0,9.239,9.146,254,240,2,12,24,12,0,1920,0,0,0,0,0,0,0,0,0,0,184,0,0,0,960,112,421,385,0,0,2,0.96
2252,11.103,24.883,0.05,0.0,0.0,0.0,0.0,0.0,534.0,2616.0,0.665,0,6,0,9.08,8.993,254,240,2,12,24,12,0,1920,0,0,0,0,0,0,0,0,0,0,184,0,0,0,962,114,424,382,0,0,2,0.962
2253,11.721,24.883,0.05,0.0,0.0,0.0,0.0,0.0,534.0,2616.0,0.678,0,6,0,9.713,9.609,253,240,2,12,24,12,0,1920,0,0,0,0,0,0,0,0,0,0,184,0,0,0,994,144,427,378,0,0,2,0.994
2254,11.629,24.883,0.05,0.0,0.0,0.0,0.0,0.0,534.0,2616.0,0.631,0,6,0,9.588,9.514,252,240,2,12,24,12,0,1920,0,0,0,0,0,0,0,0,0,0,184,0,0,0,966,116,402,396,0,0,1,0.966
2255,11.371,24.883,0.05,0.0,0.0,0.0,0.0,0.0,534.0,2616.0,0.672,0,6,0,9.393,9.269,255,240,2,12,24,12,0,1920,0,0,0,0,0,0,0,0,0,0,184,0,0,0,962,121,399,393,0,0,2,0.962
2256,11.894,24.883,0.05,0.0,0.0,0.0,0.0,0.0,534.0,2616.0,0.655,0,6,0,9.845,9.755,254,240,2,12,24,12,0,1920,0,0,0,0,0,0,0,0,0,0,184,0,0,0,979,145,410,376,0,0,2,0.979
2257,12.884,24.883,0.05,0.0,0.0,0.0,0.0,0.0,534.0,2616.0,0.572,0,6,0,10.854,9.748,253,240,2,12,24,12,0,1920,0,0,0,0,0,0,0,0,0,0,184,0,0,0,979,119,418,376,0,0,2,0.979
2258,11.523,24.883,0.05,0.0,0.0,0.0,0.0,0.0,534.0,2616.0,0.974,0,6,0,9.524,9.426,254,240,2,12,24,12,0,1920,0,0,0,0,0,0,0,0,0,0,184,0,0,0,1063,116,445,444,0,0,3,1.063
2259,12.327,24.883,0.05,0.0,0.0,0.0,0.0,0.0,534.0,2616.0,0.638,0,6,0,9.985,9.816,253,240,2,12,24,12,0,1920,0,0,0,0,0,0,0,0,0,0,184,0,0,0,955,110,398,401,0,0,3,0.955
2260,11.869,24.883,0.05,0.0,0.0,0.0,0.0,0.0,534.0,2616.0,0.813,0,6,0,9.498,9.421,252,240,2,12,24,12,0,1920,0,0,0,0,0,0,0,0,0,0,184,0,0,0,1350,165,554,552,0,0,4,1.35
2261,11.87,24.883,0.05,0.0,0.0,0.0,0.0,0.0,534.0,2616.0,0.672,0,6,0,9.738,9.601,254,240,2,12,24,12,0,1920,0,0,0,0,0,0,0,0,0,0,184,0,0,0,961,136,396,382,0,0,2,0.961
2262,11.856,24.883,0.05,0.0,0.0,0.0,0.0,0.0,534.0,2616.0,0.686,0,6,0,9.776,9.701,252,240,2,12,24,12,0,1920,0,0,0,0,0,0,0,0,0,0,184,0,0,0,1068,138,441,433,0,0,3,1.068
2263,11.759,24.883,0.05,0.0,0.0,0.0,0.0,0.0,534.0,2616.0,0.692,0,6,0,9.726,9.634,253,240,2,12,24,12,0,1920,0,0,0,0,0,0,0,0,0,0,184,0,0,0,964,120,402,390,0,0,1,0.964
2264,11.446,24.883,0.05,0.0,0.0,0.0,0.0,0.0,534.0,2616.0,0.645,0,6,0,9.397,9.303,254,240,2,12,24,12,0,1920,0,0,0,0,0,0,0,0,0,0,184,0,0,0,1012,147,408,404,0,0,2,1.012
2265,11.63,24.883,0.05,0.0,0.0,0.0,0.0,0.0,534.0,2616.0,0.716,0,6,0,9.366,9.277,253,240,2,12,24,12,0,1920,0,0,0,0,0,0,0,0,0,0,184,0,0,0,1259,358,400,447,0,0,2,1.259
2266,11.486,24.883,0.05,0.0,0.0,0.0,0.0,0.0,534.0,2616.0,0.702,0,6,0,9.437,9.347,253,240,2,12,24,12,0,1920,0,0,0,0,0,0,0,0,0,0,184,0,0,0,947,118,393,392,0,0,3,0.947
2267,11.446,24.883,0.05,0.0,0.0,0.0,0.0,0.0,534.0,2616.0,0.719,0,6,0,9.436,9.348,253,240,2,12,24,12,0,1920,0,0,0,0,0,0,0,0,0,0,184,0,0,0,969,122,403,396,0,0,1,0.969
2268,12.266,24.883,0.05,0.0,0.0,0.0,0.0,0.0,534.0,2616.0,0.736,0,6,0,10.144,10.058,252,240,2,12,24,12,0,1920,0,0,0,0,0,0,0,0,0,0,184,0,0,0,991,120,437,386,0,0,3,0.991
2269,11.711,26.5,0.048,0.0,0.0,0.0,0.0,0.0,534.0,2616.0,0.677,0,6,0,9.634,9.545,253,240,2,12,24,12,0,1920,0,0,0,0,0,0,0,0,0,0,184,0,0,0,979,117,432,381,0,0,2,0.979
2270,12.433,26.5,0.048,0.0,0.0,0.0,0.0,0.0,534.0,2616.0,0.735,0,6,0,10.398,10.261,255,240,2,12,24,12,0,1920,0,0,0,0,0,0,0,0,0,0,184,0,0,0,997,166,409,377,0,0,2,0.997
2271,11.852,26.5,0.048,0.0,0.0,0.0,0.0,0.0,534.0,2616.0,0.742,0,6,0,9.798,9.719,252,240,2,12,24,12,0,1920,0,0,0,0,0,0,0,0,0,0,184,0,0,0,969,116,399,405,0,0,2,0.969
2272,11.625,26.5,0.048,0.0,0.0,0.0,0.0,0.0,534.0,2616.0,0.667,0,6,0,9.558,9.472,253,240,2,12,24,12,0,1920,0,0,0,0,0,0,0,0,0,0,184,0,0,0,973,134,411,377,0,0,3,0.973
2273,11.724,26.5,0.048,0.0,0.0,0.0,0.0,0.0,534.0,2616.0,0.599,0,6,0,9.691,9.597,254,240,2,12,24,12,0,1920,0,0,0,0,0,0,0,0,0,0,184,0,0,0,973,113,404,404,0,0,3,0.973
2274,11.081,26.5,0.048,0.0,0.0,0.0,0.0,0.0,534.0,2616.0,0.625,0,6,0,9.204,9.127,252,240,2,12,24,12,0,1920,0,0,0,0,0,0,0,0,0,0,184,0,0,0,953,108,405,395,0,0,2,0.953
2275,11.104,26.5,0.048,0.0,0.0,0.0,0.0,0.0,534.0,2616.0,0.633,0,6,0,9.182,9.079,252,240,2,12,24,12,0,1920,0,0,0,0,0,0,0,0,0,0,184,0,0,0,952,107,420,382,0,0,1,0.952
2276,11.212,26.5,0.048,0.0,0.0,0.0,0.0,0.0,534.0,2616.0,0.686,0,6,0,9.217,9.124,253,240,2,12,24,12,0,1920,0,0,0,0,0,0,0,0,0,0,184,0,0,0,1011,116,401,447,0,0,3,1.011
2277,11.113,26.5,0.048,0.0,0.0,0.0,0.0,0.0,534.0,2616.0,0.71,0,6,0,9.133,9.048,253,240,2,12,24,12,0,1920,0,0,0,0,0,0,0,0,0,0,184,0,0,0,960,113,400,403,0,0,2,0.96
2278,11.465,26.5,0.048,0.0,0.0,0.0,0.0,0.0,534.0,2616.0,0.718,0,6,0,9.391,9.285,254,240,2,12,24,12,0,1920,0,0,0,0,0,0,0,0,0,0,184,0,0,0,1002,123,433,384,0,0,2,1.002
2279,11.378,26.5,0.048,0.0,0.0,0.0,0.0,0.0,534.0,2616.0,0.674,0,6,0,9.323,9.182,253,240,2,12,24,12,0,1920,0,0,0,0,0,0,0,0,0,0,184,0,0,0,960,113,422,375,0,0,1,0.96
2280,11.282,26.5,0.048,0.0,0.0,0.0,0.0,0.0,534.0,2616.0,0.702,0,6,0,9.296,9.222,252,240,2,12,24,12,0,1920,0,0,0,0,0,0,0,0,0,0,184,0,0,0,960,113,418,381,0,0,3,0.96
2281,11.248,26.5,0.048,0.0,0.0,0.0,0.0,0.0,534.0,2616.0,0.619,0,6,0,9.191,9.115,252,240,2,12,24,12,0,1920,0,0,0,0,0,0,0,0,0,0,184,0,0,0,996,112,403,391,0,0,3,0.996
2282,12.552,26.5,0.048,0.0,0.0,0.0,0.0,0.0,534.0,2616.0,0.737,0,6,0,10.5,10.417,253,240,2,12,24,12,0,1920,0,0,0,0,0,0,0,0,0,0,184,0,0,0,999,125,433,387,0,0,2,0.999
2283,11.681,26.5,0.048,0.0,0.0,0.0,0.0,0.0,534.0,2616.0,0.604,0,6,0,9.438,9.358,252,240,2,12,24,12,0,1920,0,0,0,0,0,0,0,0,0,0,184,0,0,0,1078,137,490,387,0,0,2,1.078
2284,11.845,26.5,0.048,0.0,0.0,0.0,0.0,0.0,534.0,2616.0,0.61,0,6,0,9.765,9.656,254,240,2,12,24,12,0,1920,0,0,0,0,0,0,0,0,0,0,184,0,0,0,1024,126,462,386,0,0,2,1.024
2285,11.457,26.5,0.048,0.0,0.0,0.0,0.0,0.0,534.0,2616.0,0.685,0,6,0,9.487,9.4,253,240,2,12,24,12,0,1920,0,0,0,0,0,0,0,0,0,0,184,0,0,0,1017,122,465,386,0,0,3,1.017
2286,11.374,26.5,0.048,0.0,0.0,0.0,0.0,0.0,534.0,2616.0,0.772,0,6,0,9.408,9.316,254,240,2,12,24,12,0,1920,0,0,0,0,0,0,0,0,0,0,184,0,0,0,960,147,390,374,0,0,1,0.96
2287,12.07,26.5,0.048,0.0,0.0,0.0,0.0,0.0,534.0,2616.0,0.752,0,6,0,10.054,9.977,252,240,2,12,24,12,0,1920,0,0,0,0,0,0,0,0,0,0,184,0,0,0,892,105,376,366,0,0,2,0.892
2288,10.884,26.5,0.048,0.0,0.0,0.0,0.0,0.0,534.0,2616.0,0.603,0,6,0,8.899,8.82,252,240,2,12,24,12,0,1920,0,0,0,0,0,0,0,0,0,0,184,0,0,0,884,104,372,361,0,0,2,0.884
2289,10.904,26.5,0.048,0.0,0.0,0.0,0.0,0.0,534.0,2616.0,0.67,0,6,0,9.031,8.945,254,240,2,12,24,12,0,1920,0,0,0,0,0,0,0,0,0,0,184,0,0,0,951,105,388,412,0,0,1,0.951
2290,10.92,26.5,0.048,0.0,0.0,0.0,0.0,0.0,534.0,2616.0,0.618,0,6,0,8.961,8.88,253,240,2,12,24,12,0,1920,0,0,0,0,0,0,0,0,0,0,184,0,0,0,965,105,410,399,0,0,2,0.965
2291,10.786,26.5,0.048,0.0,0.0,0.0,0.0,0.0,534.0,2616.0,0.663,0,6,0,8.95,8.864,254,240,2,12,24,12,0,1920,0,0,0,0,0,0,0,0,0,0,184,0,0,0,908,109,380,375,0,0,3,0.908
2292,11.553,26.5,0.048,0.0,0.0,0.0,0.0,0.0,534.0,2616.0,0.631,0,6,0,9.555,9.454,252,240,2,12,24,12,0,1920,0,0,0,0,0,0,0,0,0,0,184,0,0,0,984,124,434,372,0,0,2,0.984
2293,11.049,26.5,0.048,0.0,0.0,0.0,0.0,0.0,534.0,2616.0,0.577,0,6,0,9.154,9.047,254,240,2,12,24,12,0,1920,0,0,0,0,0,0,0,0,0,0,184,0,0,0,901,107,391,354,0,0,2,0.901
2294,10.94,26.5,0.048,0.0,0.0,0.0,0.0,0.0,534.0,2616.0,0.571,0,6,0,9.091,9.013,253,240,2,12,24,12,0,1920,0,0,0,0,0,0,0,0,0,0,184,0,0,0,936,104,425,361,0,0,1,0.936
2295,10.541,26.5,0.048,0.0,0.0,0.0,0.0,0.0,534.0,2616.0,0.616,0,6,0,8.765,8.689,252,240,2,12,24,12,0,1920,0,0,0,0,0,0,0,0,0,0,184,0,0,0,902,110,394,354,0,0,2,0.902
2296,12.648,26.5,0.048,0.0,0.0,0.0,0.0,0.0,534.0,2616.0,0.788,0,6,0,10.769,10.621,253,240,2,12,24,12,0,1920,0,0,0,0,0,0,0,0,0,0,184,0,0,0,937,109,391,390,0,0,2,0.937
2297,11.578,26.5,0.048,0.0,0.0,0.0,0.0,0.0,534.0,2616.0,0.706,0,6,0,9.447,9.349,252,240,2,12,24,12,0,1920,0,0,0,0,0,0,0,0,0,0,184,0,0,0,971,109,394,423,0,0,1,0.971
2298,11.578,26.5,0.048,0.0,0.0,0.0,0.0,0.0,534.0,2616.0,0.636,0,6,0,9.612,9.538,252,240,2,12,24,12,0,1920,0,0,0,0,0,0,0,0,0,0,184,0,0,0,934,107,410,370,0,0,2,0.934
2299,21.526,26.5,0.048,0.0,0.0,0.0,0.0,0.0,534.0,2616.0,0.745,0,6,0,19.447,19.353,255,240,2,12,24,12,0,1920,0,0,0,0,0,0,0,0,0,0,184,0,0,0,1087,132,427,466,0,0,1,1.087
2300,12.792,26.5,0.048,0.0,0.0,0.0,0.0,0.0,534.0,2616.0,0.707,0,6,0,10.699,10.611,253,240,2,12,24,12,0,1920,0,0,0,0,0,0,0,0,0,0,184,0,0,0,981,113,398,426,0,0,3,0.981
2301,12.968,26.5,0.048,0.0,0.0,0.0,0.0,0.0,534.0,2616.0,0.693,0,6,0,10.917,10.83,253,240,2,12,24,12,0,1920,0,0,0,0,0,0,0,0,0,0,184,0,0,0,972,118,406,402,0,0,1,0.972
2302,12.039,26.5,0.048,0.0,0.0,0.0,0.0,0.0,534.0,2616.0,0.772,0,6,0,9.92,9.834,253,240,2,12,24,12,0,1920,0,0,0,0,0,0,0,0,0,0,184,0,0,0,1084,109,488,440,0,0,3,1.084
2303,12.34,26.5,0.048,0.0,0.0,0.0,0.0,0.0,534.0,2616.0,0.602,0,6,0,10.195,10.102,253,240,2,12,24,12,0,1920,0,0,0,0,0,0,0,0,0,0,184,0,0,0,983,138,417,375,0,0,2,0.983
2304,13.448,26.5,0.048,0.0,0.0,0.0,0.0,0.0,534.0,2616.0,0.7,0,6,0,11.416,10.127,253,240,2,12,24,12,0,1920,0,0,0,0,0,0,0,0,0,0,184,0,0,0,1058,141,467,389,0,0,2,1.058
2305,16.245,26.5,0.048,0.0,0.0,0.0,0.0,0.0,534.0,2616.0,0.975,0,6,0,13.661,13.565,254,240,2,12,24,12,0,1920,0,0,0,0,0,0,0,0,0,0,184,0,0,0,1382,174,581,557,0,0,3,1.382
2306,17.054,26.5,0.048,0.0,0.0,0.0,0.0,0.0,534.0,2616.0,1.15,0,6,0,13.901,13.786,252,240,2,12,24,12,0,1920,0,0,0,0,0,0,0,0,0,0,184,0,0,0,1763,226,724,733,0,0,4,1.763
2307,19.344,26.5,0.048,0.0,0.0,0.0,0.0,0.0,534.0,2616.0,1.2,0,6,0,15.86,15.713,253,240,2,12,24,12,0,1920,0,0,0,0,0,0,0,0,0,0,184,0,0,0,1754,259,722,686,0,0,3,1.754
2308,19.868,26.5,0.048,0.0,0.0,0.0,0.0,0.0,534.0,2616.0,1.276,0,6,0,16.345,16.2,253,240,2,12,24,12,0,1920,0,0,0,0,0,0,0,0,0,0,184,0,0,0,1741,193,743,731,0,0,3,1.741
2309,19.488,26.5,0.048,0.0,0.0,0.0,0.0,0.0,534.0,2616.0,1.165,0,6,0,15.904,15.774,252,240,2,12,24,12,0,1920,0,0,0,0,0,0,0,0,0,0,184,0,0,0,1748,216,717,733,0,0,3,1.748
2310,19.74,26.5,0.048,0.0,0.0,0.0,0.0,0.0,534.0,2616.0,1.074,0,6,0,16.326,16.18,253,240,2,12,24,12,0,1920,0,0,0,0,0,0,0,0,0,0,184,0,0,0,1712,220,702,710,0,0,3,1.712
2311,19.423,26.5,0.048,0.0,0.0,0.0,0.0,0.0,534.0,2616.0,1.149,0,6,0,15.955,15.83,253,240,2,12,24,12,0,1920,0,0,0,0,0,0,0,0,0,0,184,0,0,0,1843,217,757,783,0,0,3,1.843
2312,19.408,26.5,0.048,0.0,0.0,0.0,0.0,0.0,534.0,2616.0,1.191,0,6,0,15.977,15.773,255,240,2,12,24,12,0,1920,0,0,0,0,0,0,0,0,0,0,184,0,0,0,1683,214,716,666,0,0,3,1.683
2313,18.236,26.5,0.048,0.0,0.0,0.0,0.0,0.0,534.0,2616.0,0.969,0,6,0,15.004,14.867,252,240,2,12,24,12,0,1920,0,0,0,0,0,0,0,0,0,0,184,0,0,0,1509,165,631,609,0,0,3,1.509
2314,17.012,26.5,0.048,0.0,0.0,0.0,0.0,0.0,534.0,2616.0,0.961,0,6,0,14.088,13.954,253,240,2,12,24,12,0,1920,0,0,0,0,0,0,0,0,0,0,184,0,0,0,1449,170,609,566,0,0,3,1.449
2315,17.05,26.5,0.048,0.0,0.0,0.0,0.0,0.0,534.0,2616.0,0.919,0,6,0,14.25,14.131,253,240,2,12,24,12,0,1920,0,0,0,0,0,0,0,0,0,0,184,0,0,0,1349,160,593,524,0,0,3,1.349
2316,17.033,26.5,0.048,0.0,0.0,0.0,0.0,0.0,534.0,2616.0,0.935,0,6,0,14.134,14.016,253,240,2,12,24,12,0,1920,0,0,0,0,0,0,0,0,0,0,184,0,0,0,1451,212,594,567,0,0,3,1.451
2317,15.395,26.5,0.048,0.0,0.0,0.0,0.0,0.0,534.0,2616.0,0.735,0,6,0,13.096,12.968,254,240,2,12,24,12,0,1920,0,0,0,0,0,0,0,0,0,0,184,0,0,0,966,111,434,377,0,0,3,0.966
2318,11.333,26.5,0.048,0.0,0.0,0.0,0.0,0.0,534.0,2616.0,0.616,0,6,0,9.287,9.207,252,240,2,12,24,12,0,1920,0,0,0,0,0,0,0,0,0,0,184,0,0,0,952,113,411,379,0,0,2,0.952
2319,11.079,26.5,0.048,0.0,0.0,0.0,0.0,0.0,534.0,2616.0,0.625,0,6,0,9.191,9.118,252,240,2,12,24,12,0,1920,0,0,0,0,0,0,0,0,0,0,184,0,0,0,948,106,417,381,0,0,2,0.948
2320,11.358,26.5,0.048,0.0,0.0,0.0,0.0,0.0,534.0,2616.0,0.671,0,6,0,9.464,9.366,252,240,2,12,24,12,0,1920,0,0,0,0,0,0,0,0,0,0,184,0,0,0,954,107,420,384,0,0,2,0.954
2321,11.28,26.5,0.048,0.0,0.0,0.0,0.0,0.0,534.0,2616.0,0.681,0,6,0,9.255,9.173,253,240,2,12,24,12,0,1920,0,0,0,0,0,0,0,0,0,0,184,0,0,0,1013,117,403,441,0,0,3,1.013
2322,11.204,26.5,0.048,0.0,0.0,0.0,0.0,0.0,534.0,2616.0,0.697,0,6,0,9.198,9.101,255,240,2,12,24,12,0,1920,0,0,0,0,0,0,0,0,0,0,184,0,0,0,950,118,411,377,0,0,1,0.95
2323,11.168,26.5,0.048,0.0,0.0,0.0,0.0,0.0,534.0,2616.0,0.573,0,6,0,9.169,9.097,252,240,2,12,24,12,0,1920,0,0,0,0,0,0,0,0,0,0,184,0,0,0,960,110,409,392,0,0,3,0.96
2324,11.186,26.5,0.048,0.0,0.0,0.0,0.0,0.0,534.0,2616.0,0.649,0,6,0,9.29,9.209,253,240,2,12,24,12,0,1920,0,0,0,0,0,0,0,0,0,0,184,0,0,0,982,112,446,377,0,0,2,0.982
2325,11.217,26.5,0.048,0.0,0.0,0.0,0.0,0.0,534.0,2616.0,0.672,0,6,0,9.267,9.192,252,240,2,12,24,12,0,1920,0,0,0,0,0,0,0,0,0,0,184,0,0,0,964,114,418,384,0,0,3,0.964
2326,11.078,26.5,0.048,0.0,0.0,0.0,0.0,0.0,534.0,2616.0,0.672,0,6,0,9.094,9.022,252,240,2,12,24,12,0,1920,0,0,0,0,0,0,0,0,0,0,184,0,0,0,999,107,432,409,0,0,2,0.999
2327,11.471,26.5,0.048,0.0,0.0,0.0,0.0,0.0,534.0,2616.0,0.647,0,6,0,9.469,9.39,253,240,2,12,24,12,0,1920,0,0,0,0,0,0,0,0,0,0,184,0,0,0,966,113,402,400,0,0,2,0.966
2328,11.139,26.5,0.048,0.0,0.0,0.0,0.0,0.0,534.0,2616.0,0.616,0,6,0,9.221,9.099,254,240,2,12,24,12,0,1920,0,0,0,0,0,0,0,0,0,0,184,0,0,0,955,107,397,410,0,0,1,0.955
2329,11.319,26.5,0.048,0.0,0.0,0.0,0.0,0.0,534.0,2616.0,0.663,0,6,0,9.364,9.284,252,240,2,12,24,12,0,1920,0,0,0,0,0,0,0,0,0,0,184,0,0,0,966,116,422,382,0,0,1,0.966
2330,11.378,26.5,0.048,0.0,0.0,0.0,0.0,0.0,534.0,2616.0,0.618,0,6,0,9.421,9.348,252,240,2,12,24,12,0,1920,0,0,0,0,0,0,0,0,0,0,184,0,0,0,950,118,394,391,0,0,2,0.95
2331,14.914,26.5,0.048,0.0,0.0,0.0,0.0,0.0,534.0,2616.0,0.896,0,6,0,12.567,12.492,252,240,2,12,24,12,0,1920,0,0,0,0,0,0,0,0,0,0,184,0,0,0,1323,198,538,524,0,0,4,1.323
2332,15.128,26.5,0.048,0.0,0.0,0.0,0.0,0.0,534.0,2616.0,1.063,0,6,0,12.413,12.244,255,240,2,12,24,12,0,1920,0,0,0,0,0,0,0,0,0,0,184,0,0,0,1356,165,534,578,0,0,4,1.356
2333,17.395,26.5,0.048,0.0,0.0,0.0,0.0,0.0,534.0,2616.0,0.95,0,6,0,14.43,14.317,252,240,2,12,24,12,0,1920,0,0,0,0,0,0,0,0,0,0,184,0,0,0,1309,172,545,514,0,0,4,1.309
2334,17.741,26.5,0.048,0.0,0.0,0.0,0.0,0.0,534.0,2616.0,0.91,0,6,0,15.042,14.92,254,240,2,12,24,12,0,1920,0,0,0,0,0,0,0,0,0,0,184,0,0,0,1270,195,538,469,0,0,3,1.27
2335,15.689,26.5,0.048,0.0,0.0,0.0,0.0,0.0,534.0,2616.0,0.888,0,6,0,13.096,12.943,252,240,2,12,24,12,0,1920,0,0,0,0,0,0,0,0,0,0,184,0,0,0,1199,155,519,458,0,0,3,1.199
2336,16.55,26.5,0.048,0.0,0.0,0.0,0.0,0.0,534.0,2616.0,1.018,0,6,0,13.801,13.637,252,240,2,12,24,12,0,1920,0,0,0,0,0,0,0,0,0,0,184,0,0,0,1311,173,530,536,0,0,4,1.311
2337,17.746,26.5,0.048,0.0,0.0,0.0,0.0,0.0,534.0,2616.0,1.036,0,6,0,14.789,14.672,253,240,2,12,24,12,0,1920,0,0,0,0,0,0,0,0,0,0,184,0,0,0,1427,171,636,541,0,0,3,1.427
2338,17.549,26.5,0.048,0.0,0.0,0.0,0.0,0.0,534.0,2616.0,1.035,0,6,0,14.6,14.464,254,240,2,12,24,12,0,1920,0,0,0,0,0,0,0,0,0,0,184,0,0,0,1327,166,574,515,0,0,3,1.327
2339,17.38,26.5,0.048,0.0,0.0,0.0,0.0,0.0,534.0,2616.0,1.114,0,6,0,14.432,14.248,253,240,2,12,24,12,0,1920,0,0,0,0,0,0,0,0,0,0,184,0,0,0,1391,162,586,560,0,0,3,1.391
2340,16.869,26.5,0.048,0.0,0.0,0.0,0.0,0.0,534.0,2616.0,0.954,0,6,0,13.899,13.792,252,240,2,12,24,12,0,1920,0,0,0,0,0,0,0,0,0,0,184,0,0,0,1366,216,534,540,0,0,4,1.366
2341,16.748,26.5,0.048,0.0,0.0,0.0,0.0,0.0,534.0,2616.0,1.109,0,6,0,13.782,13.642,253,240,2,12,24,12,0,1920,0,0,0,0,0,0,0,0,0,0,184,0,0,0,1322,167,588,494,0,0,4,1.322
2342,16.7,21.309,0.057,0.0,0.0,0.0,0.0,0.0,534.0,2616.0,0.877,0,6,0,13.649,13.533,252,240,2,12,24,12,0,1920,0,0,0,0,0,0,0,0,0,0,184,0,0,0,1348,150,559,579,0,0,2,1.348
2343,15.616,21.309,0.057,0.0,0.0,0.0,0.0,0.0,534.0,2616.0,0.808,0,6,0,12.942,12.841,252,240,2,12,24,12,0,1920,0,0,0,0,0,0,0,0,0,0,184,0,0,0,1319,156,546,548,0,0,2,1.319
2344,15.687,21.309,0.057,0.0,0.0,0.0,0.0,0.0,534.0,2616.0,0.981,0,6,0,13.097,12.972,254,240,2,12,24,12,0,1920,0,0,0,0,0,0,0,0,0,0,184,0,0,0,1191,163,514,448,0,0,3,1.191
2345,16.416,21.309,0.057,0.0,0.0,0.0,0.0,0.0,534.0,2616.0,0.987,0,6,0,13.584,13.464,254,240,2,12,24,12,0,1920,0,0,0,0,0,0,0,0,0,0,184,0,0,0,1348,162,535,574,0,0,4,1.348
2346,16.338,21.309,0.057,0.0,0.0,0.0,0.0,0.0,534.0,2616.0,0.992,0,6,0,13.462,13.328,253,240,2,12,24,12,0,1920,0,0,0,0,0,0,0,0,0,0,184,0,0,0,1275,170,515,514,0,0,4,1.275
2347,16.606,21.309,0.057,0.0,0.0,0.0,0.0,0.0,534.0,2616.0,0.828,0,6,0,13.85,13.739,252,240,2,12,24,12,0,1920,0,0,0,0,0,0,0,0,0,0,184,0,0,0,1278,152,539,521,0,0,4,1.278
2348,11.97,21.309,0.057,0.0,0.0,0.0,0.0,0.0,534.0,2616.0,0.553,0,6,0,9.772,9.651,253,240,2,12,24,12,0,1920,0,0,0,0,0,0,0,0,0,0,184,0,0,0,883,115,383,340,0,0,2,0.883
2349,10.039,21.309,0.057,0.0,0.0,0.0,0.0,0.0,534.0,2616.0,0.576,0,6,0,8.257,8.185,252,240,2,12,24,12,0,1920,0,0,0,0,0,0,0,0,0,0,184,0,0,0,877,100,353,381,0,0,2,0.877
2350,10.267,21.309,0.057,0.0,0.0,0.0,0.0,0.0,534.0,2616.0,0.54,0,6,0,8.446,8.369,253,240,2,12,24,12,0,1920,0,0,0,0,0,0,0,0,0,0,184,0,0,0,917,113,371,385,0,0,3,0.917
2351,11.29,21.309,0.057,0.0,0.0,0.0,0.0,0.0,534.0,2616.0,0.632,0,6,0,9.525,8.393,253,240,2,12,24,12,0,1920,0,0,0,0,0,0,0,0,0,0,184,0,0,0,888,105,389,348,0,0,1,0.888
2352,10.544,21.309,0.057,0.0,0.0,0.0,0.0,0.0,534.0,2616.0,0.57,0,6,0,8.693,8.613,254,240,2,12,24,12,0,1920,0,0,0,0,0,0,0,0,0,0,184,0,0,0,906,135,365,359,0,0,1,0.906
2353,10.201,21.309,0.057,0.0,0.0,0.0,0.0,0.0,534.0,2616.0,0.568,0,6,0,8.474,8.406,252,240,2,12,24,12,0,1920,0,0,0,0,0,0,0,0,0,0,184,0,0,0,882,98,371,353,0,0,3,0.882
2354,10.23,21.309,0.057,0.0,0.0,0.0,0.0,0.0,534.0,2616.0,0.605,0,6,0,8.487,8.404,254,240,2,12,24,12,0,1920,0,0,0,0,0,0,0,0,0,0,184,0,0,0,887,107,361,375,0,0,2,0.887
2355,10.487,21.309,0.057,0.0,0.0,0.0,0.0,0.0,534.0,2616.0,0.626,0,6,0,8.669,8.6,252,240,2,12,24,12,0,1920,0,0,0,0,0,0,0,0,0,0,184,0,0,0,894,105,390,353,0,0,2,0.894
2356,11.083,21.309,0.057,0.0,0.0,0.0,0.0,0.0,534.0,2616.0,0.576,0,6,0,9.244,9.169,253,240,2,12,24,12,0,1920,0,0,0,0,0,0,0,0,0,0,184,0,0,0,901,107,375,356,0,0,2,0.901
2357,10.942,21.309,0.057,0.0,0.0,0.0,0.0,0.0,534.0,2616.0,0.584,0,6,0,9.159,9.091,252,240,2,12,24,12,0,1920,0,0,0,0,0,0,0,0,0,0,184,0,0,0,898,106,378,368,0,0,3,0.898
2358,10.765,21.309,0.057,0.0,0.0,0.0,0.0,0.0,534.0,2616.0,0.621,0,6,0,8.937,8.861,253,240,2,12,24,12,0,1920,0,0,0,0,0,0,0,0,0,0,184,0,0,0,940,126,414,354,0,0,1,0.94
2359,10.568,21.309,0.057,0.0,0.0,0.0,0.0,0.0,534.0,2616.0,0.602,0,6,0,8.746,8.671,253,240,2,12,24,12,0,1920,0,0,0,0,0,0,0,0,0,0,184,0,0,0,901,106,391,359,0,0,1,0.901
2360,10.59,21.309,0.057,0.0,0.0,0.0,0.0,0.0,534.0,2616.0,0.577,0,6,0,8.749,8.667,253,240,2,12,24,12,0,1920,0,0,0,0,0,0,0,0,0,0,184,0,0,0,910,109,400,356,0,0,2,0.91
2361,11.179,21.309,0.057,0.0,0.0,0.0,0.0,0.0,534.0,2616.0,0.61,0,6,0,9.012,8.943,252,240,2,12,24,12,0,1920,0,0,0,0,0,0,0,0,0,0,184,0,0,0,1299,401,445,396,0,0,2,1.299
2362,15.388,21.309,0.057,0.0,0.0,0.0,0.0,0.0,534.0,2616.0,0.832,0,6,0,13.023,12.913,253,240,2,12,24,12,0,1920,0,0,0,0,0,0,0,0,0,0,184,0,0,0,1346,187,586,503,0,0,2,1.346
2363,13.935,21.309,0.057,0.0,0.0,0.0,0.0,0.0,534.0,2616.0,0.651,0,6,0,11.795,11.637,252,240,2,12,24,12,0,1920,0,0,0,0,0,0,0,0,0,0,184,0,0,0,948,115,415,368,0,0,2,0.948
2364,10.692,21.309,0.057,0.0,0.0,0.0,0.0,0.0,534.0,2616.0,0.587,0,6,0,8.749,8.659,254,240,2,12,24,12,0,1920,0,0,0,0,0,0,0,0,0,0,184,0,0,0,950,137,408,357,0,0,2,0.95
2365,10.634,21.309,0.057,0.0,0.0,0.0,0.0,0.0,534.0,2616.0,0.668,0,6,0,8.827,8.708,252,240,2,12,24,12,0,1920,0,0,0,0,0,0,0,0,0,0,184,0,0,0,907,124,382,357,0,0,1,0.907
2366,10.963,21.309,0.057,0.0,0.0,0.0,0.0,0.0,534.0,2616.0,0.64,0,6,0,9.038,8.962,252,240,2,12,24,12,0,1920,0,0,0,0,0,0,0,0,0,0,184,0,0,0,943,144,375,377,0,0,1,0.943
2367,10.666,21.309,0.057,0.0,0.0,0.0,0.0,0.0,534.0,2616.0,0.617,0,6,0,8.826,8.732,253,240,2,12,24,12,0,1920,0,0,0,0,0,0,0,0,0,0,184,0,0,0,906,102,370,381,0,0,2,0.906
2368,10.817,21.309,0.057,0.0,0.0,0.0,0.0,0.0,534.0,2616.0,0.693,0,6,0,8.984,8.901,252,240,2,12,24,12,0,1920,0,0,0,0,0,0,0,0,0,0,184,0,0,0,911,110,377,381,0,0,2,0.911
2369,11.133,21.309,0.057,0.0,0.0,0.0,0.0,0.0,534.0,2616.0,0.6,0,6,0,9.062,8.976,254,240,2,12,24,12,0,1920,0,0,0,0,0,0,0,0,0,0,184,0,0,0,969,129,421,368,0,0,3,0.969
2370,11.899,21.309,0.057,0.0,0.0,0.0,0.0,0.0,534.0,2616.0,0.777,0,6,0,9.702,9.618,254,240,2,12,24,12,0,1920,0,0,0,0,0,0,0,0,0,0,184,0,0,0,1203,144,508,496,0,0,2,1.203
2371,11.607,21.309,0.057,0.0,0.0,0.0,0.0,0.0,534.0,2616.0,0.616,0,6,0,9.561,9.429,252,240,2,12,24,12,0,1920,0,0,0,0,0,0,0,0,0,0,184,0,0,0,883,107,377,353,0,0,1,0.883
2372,10.552,21.309,0.057,0.0,0.0,0.0,0.0,0.0,534.0,2616.0,0.625,0,6,0,8.632,8.548,252,240,2,12,24,12,0,1920,0,0,0,0,0,0,0,0,0,0,184,0,0,0,963,120,403,388,0,0,2,0.963
2373,11.315,21.309,0.057,0.0,0.0,0.0,0.0,0.0,534.0,2616.0,0.719,0,6,0,9.009,8.932,253,240,2,12,24,12,0,1920,0,0,0,0,0,0,0,0,0,0,184,0,0,0,1364,106,570,562,0,0,3,1.364
2374,10.878,21.309,0.057,0.0,0.0,0.0,0.0,0.0,534.0,2616.0,0.575,0,6,0,8.853,8.774,252,240,2,12,24,12,0,1920,0,0,0,0,0,0,0,0,0,0,184,0,0,0,952,121,407,379,0,0,2,0.952
2375,12.834,21.309,0.057,0.0,0.0,0.0,0.0,0.0,534.0,2616.0,0.678,0,6,0,10.936,10.857,253,240,2,12,24,12,0,1920,0,0,0,0,0,0,0,0,0,0,184,0,0,0,997,114,422,415,0,0,2,0.997
2376,17.346,21.309,0.057,0.0,0.0,0.0,0.0,0.0,534.0,2616.0,0.879,0,6,0,15.004,14.925,253,240,2,12,24,12,0,1920,0,0,0,0,0,0,0,0,0,0,184,0,0,0,1244,147,503,521,0,0,2,1.244
2377,15.573,21.309,0.057,0.0,0.0,0.0,0.0,0.0,534.0,2616.0,0.894,0,6,0,12.984,12.816,254,240,2,12,24,12,0,1920,0,0,0,0,0,0,0,0,0,0,184,0,0,0,1259,140,538,516,0,0,3,1.259
2378,15.418,21.309,0.057,0.0,0.0,0.0,0.0,0.0,534.0,2616.0,0.904,0,6,0,12.818,12.712,253,240,2,12,24,12,0,1920,0,0,0,0,0,0,0,0,0,0,184,0,0,0,1279,140,597,479,0,0,2,1.279
2379,15.933,21.309,0.057,0.0,0.0,0.0,0.0,0.0,534.0,2616.0,0.849,0,6,0,13.206,13.06,253,240,2,12,24,12,0,1920,0,0,0,0,0,0,0,0,0,0,184,0,0,0,1356,159,611,519,0,0,3,1.356
2380,15.442,21.309,0.057,0.0,0.0,0.0,0.0,0.0,534.0,2616.0,0.936,0,6,0,12.882,12.777,252,240,2,12,24,12,0,1920,0,0,0,0,0,0,0,0,0,0,184,0,0,0,1290,176,556,493,0,0,3,1.29
2381,13.928,21.309,0.057,0.0,0.0,0.0,0.0,0.0,534.0,2616.0,0.56,0,6,0,11.679,11.564,253,240,2,12,24,12,0,1920,0,0,0,0,0,0,0,0,0,0,184,0,0,0,918,106,399,366,0,0,3,0.918
2382,13.655,21.309,0.057,0.0,0.0,0.0,0.0,0.0,534.0,2616.0,4.294,0,6,0,11.746,11.652,253,240,2,12,24,12,0,1920,0,0,0,0,0,0,0,0,0,0,184,0,0,0,981,118,432,382,0,0,2,0.981
2383,16.657,21.309,0.057,0.0,0.0,0.0,0.0,0.0,534.0,2616.0,0.648,0,6,0,10.923,10.806,252,240,2,12,24,12,0,1920,0,0,0,0,0,0,0,0,0,0,184,0,0,0,1028,214,389,378,0,0,3,1.028
2384,11.305,21.309,0.057,0.0,0.0,0.0,0.0,0.0,534.0,2616.0,0.659,0,6,0,9.276,9.188,253,240,2,12,24,12,0,1920,0,0,0,0,0,0,0,0,0,0,184,0,0,0,904,106,398,354,0,0,2,0.904
2385,11.541,21.309,0.057,0.0,0.0,0.0,0.0,0.0,534.0,2616.0,0.586,0,6,0,9.627,9.542,254,240,2,12,24,12,0,1920,0,0,0,0,0,0,0,0,0,0,184,0,0,0,917,107,375,389,0,0,2,0.917
2386,11.096,21.309,0.057,0.0,0.0,0.0,0.0,0.0,534.0,2616.0,0.617,0,6,0,9.276,9.186,253,240,2,12,24,12,0,1920,0,0,0,0,0,0,0,0,0,0,184,0,0,0,921,126,387,360,0,0,1,0.921
2387,10.852,21.309,0.057,0.0,0.0,0.0,0.0,0.0,534.0,2616.0,0.581,0,6,0,8.945,8.873,252,240,2,12,24,12,0,1920,0,0,0,0,0,0,0,0,0,0,184,0,0,0,971,141,409,373,0,0,2,0.971
2388,12.042,21.309,0.057,0.0,0.0,0.0,0.0,0.0,534.0,2616.0,0.596,0,6,0,10.155,10.051,254,240,2,12,24,12,0,1920,0,0,0,0,0,0,0,0,0,0,184,0,0,0,940,109,397,385,0,0,2,0.94
2389,10.698,21.309,0.057,0.0,0.0,0.0,0.0,0.0,534.0,2616.0,0.634,0,6,0,8.875,8.801,252,240,2,12,24,12,0,1920,0,0,0,0,0,0,0,0,0,0,184,0,0,0,875,105,375,349,0,0,2,0.875
2390,11.284,21.309,0.057,0.0,0.0,0.0,0.0,0.0,534.0,2616.0,0.579,0,6,0,9.456,9.38,253,240,2,12,24,12,0,1920,0,0,0,0,0,0,0,0,0,0,184,0,0,0,884,101,363,374,0,0,3,0.884
2391,11.847,21.309,0.057,0.0,0.0,0.0,0.0,0.0,534.0,2616.0,0.603,0,6,0,9.916,9.833,254,240,2,12,24,12,0,1920,0,0,0,0,0,0,0,0,0,0,184,0,0,0,1012,153,412,395,0,0,2,1.012
2392,16.031,21.309,0.057,0.0,0.0,0.0,0.0,0.0,534.0,2616.0,0.571,0,6,0,14.168,14.095,252,240,2,12,24,12,0,1920,0,0,0,0,0,0,0,0,0,0,184,0,0,0,926,109,410,355,0,0,2,0.926
2393,12.656,21.309,0.057,0.0,0.0,0.0,0.0,0.0,534.0,2616.0,0.894,0,6,0,10.698,10.626,252,240,2,12,24,12,0,1920,0,0,0,0,0,0,0,0,0,0,184,0,0,0,1045,108,414,473,0,0,2,1.045
2394,13.885,21.309,0.057,0.0,0.0,0.0,0.0,0.0,534.0,2616.0,1.365,0,6,0,10.928,10.778,253,240,2,12,24,12,0,1920,0,0,0,0,0,0,0,0,0,0,184,0,0,0,1676,155,812,621,0,0,2,1.676
2395,13.324,21.309,0.057,0.0,0.0,0.0,0.0,0.0,534.0,2616.0,1.231,0,6,0,10.631,10.492,253,240,2,12,24,12,0,1920,0,0,0,0,0,0,0,0,0,0,184,0,0,0,930,109,406,368,0,0,2,0.93
2396,12.755,21.309,0.057,0.0,0.0,0.0,0.0,0.0,534.0,2616.0,1.183,0,6,0,9.987,9.898,254,240,2,12,24,12,0,1920,0,0,0,0,0,0,0,0,0,0,184,0,0,0,1044,108,437,445,0,0,3,1.044
2397,11.926,21.309,0.057,0.0,0.0,0.0,0.0,0.0,534.0,2616.0,0.661,0,6,0,9.476,9.385,254,240,2,12,24,12,0,1920,0,0,0,0,0,0,0,0,0,0,184,0,0,0,906,107,375,377,0,0,2,0.906
2398,13.142,21.309,0.057,0.0,0.0,0.0,0.0,0.0,534.0,2616.0,0.655,0,6,0,10.737,9.711,255,240,2,12,24,12,0,1920,0,0,0,0,0,0,0,0,0,0,184,0,0,0,1294,165,548,497,0,0,3,1.294
2399,11.536,21.309,0.057,0.0,0.0,0.0,0.0,0.0,534.0,2616.0,0.622,0,6,0,9.57,9.492,252,240,2,12,24,12,0,1920,0,0,0,0,0,0,0,0,0,0,184,0,0,0,940,123,407,364,0,0,3,0.94
2400,13.277,21.309,0.057,0.0,0.0,0.0,0.0,0.0,534.0,2616.0,0.93,0,6,0,10.839,10.749,253,240,2,12,24,12,0,1920,0,0,0,0,0,0,0,0,0,0,184,0,0,0,1395,220,590,514,0,0,3,1.395
2401,15.947,21.309,0.057,0.0,0.0,0.0,0.0,0.0,534.0,2616.0,0.901,0,6,0,13.651,13.529,254,240,2,12,24,12,0,1920,0,0,0,0,0,0,0,0,0,0,184,0,0,0,973,118,403,388,0,0,1,0.973
2402,14.569,21.309,0.057,0.0,0.0,0.0,0.0,0.0,534.0,2616.0,0.656,0,6,0,12.363,12.246,253,240,2,12,24,12,0,1920,0,0,0,0,0,0,0,0,0,0,184,0,0,0,923,108,381,387,0,0,2,0.923
2403,10.959,21.309,0.057,0.0,0.0,0.0,0.0,0.0,534.0,2616.0,0.616,0,6,0,8.958,8.854,253,240,2,12,24,12,0,1920,0,0,0,0,0,0,0,0,0,0,184,0,0,0,1015,106,396,464,0,0,2,1.015
2404,10.725,21.309,0.057,0.0,0.0,0.0,0.0,0.0,534.0,2616.0,0.624,0,6,0,8.876,8.801,252,240,2,12,24,12,0,1920,0,0,0,0,0,0,0,0,0,0,184,0,0,0,918,142,372,361,0,0,3,0.918
2405,10.631,21.309,0.057,0.0,0.0,0.0,0.0,0.0,534.0,2616.0,0.63,0,6,0,8.761,8.689,252,240,2,12,24,12,0,1920,0,0,0,0,0,0,0,0,0,0,184,0,0,0,940,105,411,377,0,0,2,0.94
2406,10.389,21.309,0.057,0.0,0.0,0.0,0.0,0.0,534.0,2616.0,0.608,0,6,0,8.568,8.481,255,240,2,12,24,12,0,1920,0,0,0,0,0,0,0,0,0,0,184,0,0,0,875,104,376,351,0,0,2,0.875
2407,15.572,21.309,0.057,0.0,0.0,0.0,0.0,0.0,534.0,2616.0,0.674,0,6,0,13.636,13.556,253,240,2,12,24,12,0,1920,0,0,0,0,0,0,0,0,0,0,184,0,0,0,992,127,412,401,0,0,1,0.992
2408,21.171,21.309,0.057,0.0,0.0,0.0,0.0,0.0,534.0,2616.0,2.15,0,6,0,19.144,19.061,252,240,2,12,24,12,0,1920,0,0,0,0,0,0,0,0,0,0,184,0,0,0,977,117,425,384,0,0,2,0.977
2409,12.537,21.309,0.057,0.0,0.0,0.0,0.0,0.0,534.0,2616.0,1.964,0,6,0,8.99,8.849,254,240,2,12,24,12,0,1920,0,0,0,0,0,0,0,0,0,0,184,0,0,0,971,109,433,381,0,0,2,0.971
2410,24.608,21.309,0.057,0.0,0.0,0.0,0.0,0.0,534.0,2616.0,0.804,0,6,0,20.861,20.771,252,240,2,12,24,12,0,1920,0,0,0,0,0,0,0,0,0,0,184,0,0,0,1313,161,564,507,0,0,3,1.313
2411,12.405,21.309,0.057,0.0,0.0,0.0,0.0,0.0,534.0,2616.0,0.658,0,6,0,10.194,10.107,252,240,2,12,24,12,0,1920,0,0,0,0,0,0,0,0,0,0,184,0,0,0,1001,114,456,378,0,0,2,1.001
2412,11.82,21.309,0.057,0.0,0.0,0.0,0.0,0.0,534.0,2616.0,0.647,0,6,0,9.515,9.393,255,240,2,12,24,12,0,1920,0,0,0,0,0,0,0,0,0,0,184,0,0,0,1231,127,443,599,0,0,4,1.231
2413,11.072,21.309,0.057,0.0,0.0,0.0,0.0,0.0,534.0,2616.0,0.663,0,6,0,9.13,9.039,253,240,2,12,24,12,0,1920,0,0,0,0,0,0,0,0,0,0,184,0,0,0,905,110,396,356,0,0,1,0.905
2414,10.783,21.309,0.057,0.0,0.0,0.0,0.0,0.0,534.0,2616.0,0.624,0,6,0,8.886,8.81,252,240,2,12,24,12,0,1920,0,0,0,0,0,0,0,0,0,0,184,0,0,0,881,105,375,354,0,0,3,0.881
2415,11.741,21.309,0.057,0.0,0.0,0.0,0.0,0.0,534.0,2616.0,0.577,0,6,0,9.869,9.787,254,240,2,12,24,12,0,1920,0,0,0,0,0,0,0,0,0,0,184,0,0,0,928,115,408,356,0,0,2,0.928
2416,10.926,21.309,0.057,0.0,0.0,0.0,0.0,0.0,534.0,2616.0,0.977,0,6,0,8.913,8.84,252,240,2,12,24,12,0,1920,0,0,0,0,0,0,0,0,0,0,184,0,0,0,1078,126,480,421,0,0,2,1.078
2417,12.355,21.309,0.057,0.0,0.0,0.0,0.0,0.0,534.0,2616.0,0.699,0,6,0,9.844,9.745,254,240,2,12,24,12,0,1920,0,0,0,0,0,0,0,0,0,0,184,0,0,0,1202,187,514,450,0,0,3,1.202
2418,11.971,21.309,0.057,0.0,0.0,0.0,0.0,0.0,534.0,2616.0,0.639,0,6,0,10.0,9.908,254,240,2,12,24,12,0,1920,0,0,0,0,0,0,0,0,0,0,184,0,0,0,918,143,377,353,0,0,2,0.918
2419,10.99,21.309,0.057,0.0,0.0,0.0,0.0,0.0,534.0,2616.0,0.622,0,6,0,9.071,8.991,253,240,2,12,24,12,0,1920,0,0,0,0,0,0,0,0,0,0,184,0,0,0,952,107,417,366,0,0,3,0.952
2420,11.031,24.203,0.054,0.0,0.0,0.0,0.0,0.0,534.0,2616.0,0.67,0,6,0,9.188,9.116,252,240,2,12,24,12,0,1920,0,0,0,0,0,0,0,0,0,0,184,0,0,0,880,104,372,361,0,0,2,0.88
2421,11.586,24.203,0.054,0.0,0.0,0.0,0.0,0.0,534.0,2616.0,0.767,0,6,0,9.521,9.432,254,240,2,12,24,12,0,1920,0,0,0,0,0,0,0,0,0,0,184,0,0,0,972,120,413,390,0,0,3,0.972
2422,12.182,24.203,0.054,0.0,0.0,0.0,0.0,0.0,534.0,2616.0,0.637,0,6,0,10.085,9.979,253,240,2,12,24,12,0,1920,0,0,0,0,0,0,0,0,0,0,184,0,0,0,959,114,423,371,0,0,3,0.959
2423,11.607,24.203,0.054,0.0,0.0,0.0,0.0,0.0,534.0,2616.0,0.899,0,6,0,9.614,9.517,253,240,2,12,24,12,0,1920,0,0,0,0,0,0,0,0,0,0,184,0,0,0,992,124,411,404,0,0,3,0.992
2424,11.401,24.203,0.054,0.0,0.0,0.0,0.0,0.0,534.0,2616.0,0.635,0,6,0,9.25,9.13,253,240,2,12,24,12,0,1920,0,0,0,0,0,0,0,0,0,0,184,0,0,0,900,106,376,372,0,0,1,0.9
2425,12.947,24.203,0.054,0.0,0.0,0.0,0.0,0.0,534.0,2616.0,1.055,0,6,0,10.63,10.555,253,240,2,12,24,12,0,1920,0,0,0,0,0,0,0,0,0,0,184,0,0,0,1348,114,683,490,0,0,2,1.348
2426,13.334,24.203,0.054,0.0,0.0,0.0,0.0,0.0,534.0,2616.0,0.677,0,6,0,10.881,10.762,254,240,2,12,24,12,0,1920,0,0,0,0,0,0,0,0,0,0,184,0,0,0,1007,166,395,394,0,0,2,1.007
2427,14.512,24.203,0.054,0.0,0.0,0.0,0.0,0.0,534.0,2616.0,1.043,0,6,0,12.007,11.925,253,240,2,12,24,12,0,1920,0,0,0,0,0,0,0,0,0,0,184,0,0,0,1314,162,587,495,0,0,3,1.314
2428,12.318,24.203,0.054,0.0,0.0,0.0,0.0,0.0,534.0,2616.0,0.754,0,6,0,9.907,9.822,252,240,2,12,24,12,0,1920,0,0,0,0,0,0,0,0,0,0,184,0,0,0,967,115,400,382,0,0,3,0.967
2429,11.41,24.203,0.054,0.0,0.0,0.0,0.0,0.0,534.0,2616.0,0.636,0,6,0,9.281,9.202,252,240,2,12,24,12,0,1920,0,0,0,0,0,0,0,0,0,0,184,0,0,0,992,120,399,420,0,0,2,0.992
2430,11.287,24.203,0.054,0.0,0.0,0.0,0.0,0.0,534.0,2616.0,0.663,0,6,0,9.309,9.191,254,240,2,12,24,12,0,1920,0,0,0,0,0,0,0,0,0,0,184,0,0,0,993,117,424,383,0,0,23,0.993
2431,13.84,24.203,0.054,0.0,0.0,0.0,0.0,0.0,534.0,2616.0,0.643,0,6,0,11.781,11.689,254,240,2,12,24,12,0,1920,0,0,0,0,0,0,0,0,0,0,184,0,0,0,996,118,438,389,0,0,2,0.996
2432,11.84,24.203,0.054,0.0,0.0,0.0,0.0,0.0,534.0,2616.0,0.685,0,6,0,9.793,9.704,252,240,2,12,24,12,0,1920,0,0,0,0,0,0,0,0,0,0,184,0,0,0,971,116,398,407,0,0,3,0.971
2433,14.564,24.203,0.054,0.0,0.0,0.0,0.0,0.0,534.0,2616.0,1.123,0,6,0,12.411,12.308,252,240,2,12,24,12,0,1920,0,0,0,0,0,0,0,0,0,0,184,0,0,0,1077,125,456,436,0,0,3,1.077
2434,12.732,24.203,0.054,0.0,0.0,0.0,0.0,0.0,534.0,2616.0,0.689,0,6,0,10.128,9.976,254,240,2,12,24,12,0,1920,0,0,0,0,0,0,0,0,0,0,184,0,0,0,1048,116,439,439,0,0,3,1.048
2435,12.815,24.203,0.054,0.0,0.0,0.0,0.0,0.0,534.0,2616.0,1.385,0,6,0,10.702,10.556,254,240,2,12,24,12,0,1920,0,0,0,0,0,0,0,0,0,0,184,0,0,0,1004,126,419,385,0,0,1,1.004
2436,12.883,24.203,0.054,0.0,0.0,0.0,0.0,0.0,534.0,2616.0,0.693,0,6,0,9.93,9.845,252,240,2,12,24,12,0,1920,0,0,0,0,0,0,0,0,0,0,184,0,0,0,1118,120,415,522,0,0,3,1.118
2437,11.912,24.203,0.054,0.0,0.0,0.0,0.0,0.0,534.0,2616.0,0.611,0,6,0,9.815,9.69,252,240,2,12,24,12,0,1920,0,0,0,0,0,0,0,0,0,0,184,0,0,0,1013,118,402,422,0,0,2,1.013
2438,13.59,24.203,0.054,0.0,0.0,0.0,0.0,0.0,534.0,2616.0,0.778,0,6,0,11.369,11.269,254,240,2,12,24,12,0,1920,0,0,0,0,0,0,0,0,0,0,184,0,0,0,1249,135,485,571,0,0,2,1.249
2439,13.572,24.203,0.054,0.0,0.0,0.0,0.0,0.0,534.0,2616.0,2.472,0,6,0,11.228,11.128,253,240,2,12,24,12,0,1920,0,0,0,0,0,0,0,0,0,0,184,0,0,0,1106,176,446,427,0,0,3,1.106
2440,15.078,24.203,0.054,0.0,0.0,0.0,0.0,0.0,534.0,2616.0,0.7,0,6,0,10.937,10.843,252,240,2,12,24,12,0,1920,0,0,0,0,0,0,0,0,0,0,184,0,0,0,994,129,427,385,0,0,3,0.994
2441,15.942,24.203,0.054,0.0,0.0,0.0,0.0,0.0,534.0,2616.0,0.657,0,6,0,13.643,13.438,252,240,2,12,24,12,0,1920,0,0,0,0,0,0,0,0,0,0,184,0,0,0,997,109,463,374,0,0,3,0.997
2442,11.917,24.203,0.054,0.0,0.0,0.0,0.0,0.0,534.0,2616.0,0.558,0,6,0,9.911,9.82,253,240,2,12,24,12,0,1920,0,0,0,0,0,0,0,0,0,0,184,0,0,0,913,114,395,356,0,0,2,0.913
2443,13.31,24.203,0.054,0.0,0.0,0.0,0.0,0.0,534.0,2616.0,0.901,0,6,0,11.011,10.928,253,240,2,12,24,12,0,1920,0,0,0,0,0,0,0,0,0,0,184,0,0,0,1310,156,549,540,0,0,3,1.31
2444,15.253,24.203,0.054,0.0,0.0,0.0,0.0,0.0,534.0,2616.0,0.927,0,6,0,12.619,12.5,253,240,2,12,24,12,0,1920,0,0,0,0,0,0,0,0,0,0,184,0,0,0,1281,159,530,525,0,0,3,1.281
2445,15.502,24.203,0.054,0.0,0.0,0.0,0.0,0.0,534.0,2616.0,0.85,0,6,0,12.843,12.731,253,240,2,12,24,12,0,1920,0,0,0,0,0,0,0,0,0,0,184,0,0,0,1297,180,530,522,0,0,3,1.297
2446,17.021,24.203,0.054,0.0,0.0,0.0,0.0,0.0,534.0,2616.0,0.915,0,6,0,14.406,12.903,254,240,2,12,24,12,0,1920,0,0,0,0,0,0,0,0,0,0,184,0,0,0,1308,180,562,500,0,0,3,1.308
2447,15.246,24.203,0.054,0.0,0.0,0.0,0.0,0.0,534.0,2616.0,0.927,0,6,0,12.594,12.497,252,240,2,12,24,12,0,1920,0,0,0,0,0,0,0,0,0,0,184,0,0,0,1267,155,550,496,0,0,2,1.267
2448,15.415,24.203,0.054,0.0,0.0,0.0,0.0,0.0,534.0,2616.0,0.859,0,6,0,12.778,12.657,254,240,2,12,24,12,0,1920,0,0,0,0,0,0,0,0,0,0,184,0,0,0,1280,155,531,531,0,0,3,1.28
2449,15.152,24.203,0.054,0.0,0.0,0.0,0.0,0.0,534.0,2616.0,0.828,0,6,0,12.565,12.445,252,240,2,12,24,12,0,1920,0,0,0,0,0,0,0,0,0,0,184,0,0,0,1300,155,577,504,0,0,3,1.3
2450,15.473,24.203,0.054,0.0,0.0,0.0,0.0,0.0,534.0,2616.0,0.877,0,6,0,12.821,12.708,253,240,2,12,24,12,0,1920,0,0,0,0,0,0,0,0,0,0,184,0,0,0,1352,159,601,524,0,0,3,1.352
2451,15.248,24.203,0.054,0.0,0.0,0.0,0.0,0.0,534.0,2616.0,0.887,0,6,0,12.591,12.48,253,240,2,12,24,12,0,1920,0,0,0,0,0,0,0,0,0,0,184,0,0,0,1332,164,571,526,0,0,2,1.332
2452,15.169,24.203,0.054,0.0,0.0,0.0,0.0,0.0,534.0,2616.0,0.925,0,6,0,12.573,12.472,252,240,2,12,24,12,0,1920,0,0,0,0,0,0,0,0,0,0,184,0,0,0,1277,154,561,500,0,0,3,1.277
2453,15.292,24.203,0.054,0.0,0.0,0.0,0.0,0.0,534.0,2616.0,0.862,0,6,0,12.611,12.505,252,240,2,12,24,12,0,1920,0,0,0,0,0,0,0,0,0,0,184,0,0,0,1309,175,567,501,0,0,2,1.309
2454,15.152,24.203,0.054,0.0,0.0,0.0,0.0,0.0,534.0,2616.0,0.825,0,6,0,12.526,12.349,255,240,2,12,24,12,0,1920,0,0,0,0,0,0,0,0,0,0,184,0,0,0,1288,164,555,507,0,0,2,1.288
2455,15.151,24.203,0.054,0.0,0.0,0.0,0.0,0.0,534.0,2616.0,0.887,0,6,0,12.43,12.323,253,240,2,12,24,12,0,1920,0,0,0,0,0,0,0,0,0,0,184,0,0,0,1416,166,600,580,0,0,3,1.416
2456,15.182,24.203,0.054,0.0,0.0,0.0,0.0,0.0,534.0,2616.0,0.84,0,6,0,12.523,12.415,253,240,2,12,24,12,0,1920,0,0,0,0,0,0,0,0,0,0,184,0,0,0,1318,154,563,533,0,0,3,1.318
2457,15.15,24.203,0.054,0.0,0.0,0.0,0.0,0.0,534.0,2616.0,0.861,0,6,0,12.574,12.46,253,240,2,12,24,12,0,1920,0,0,0,0,0,0,0,0,0,0,184,0,0,0,1296,155,569,509,0,0,2,1.296
2458,14.857,24.203,0.054,0.0,0.0,0.0,0.0,0.0,534.0,2616.0,0.861,0,6,0,12.322,12.231,252,240,2,12,24,12,0,1920,0,0,0,0,0,0,0,0,0,0,184,0,0,0,1242,159,532,485,0,0,3,1.242
2459,14.704,24.203,0.054,0.0,0.0,0.0,0.0,0.0,534.0,2616.0,0.859,0,6,0,12.098,12.001,252,240,2,12,24,12,0,1920,0,0,0,0,0,0,0,0,0,0,184,0,0,0,1298,156,552,522,0,0,3,1.298
2460,14.963,24.203,0.054,0.0,0.0,0.0,0.0,0.0,534.0,2616.0,0.85,0,6,0,12.331,12.224,253,240,2,12,24,12,0,1920,0,0,0,0,0,0,0,0,0,0,184,0,0,0,1296,154,516,549,0,0,2,1.296
2461,14.925,24.203,0.054,0.0,0.0,0.0,0.0,0.0,534.0,2616.0,0.838,0,6,0,12.378,12.261,254,240,2,12,24,12,0,1920,0,0,0,0,0,0,0,0,0,0,184,0,0,0,1250,151,542,490,0,0,2,1.25
2462,14.982,24.203,0.054,0.0,0.0,0.0,0.0,0.0,534.0,2616.0,0.829,0,6,0,12.442,12.3,252,240,2,12,24,12,0,1920,0,0,0,0,0,0,0,0,0,0,184,0,0,0,1246,150,536,493,0,0,2,1.246
2463,14.854,24.203,0.054,0.0,0.0,0.0,0.0,0.0,534.0,2616.0,0.7,0,6,0,12.291,12.167,255,240,2,12,24,12,0,1920,0,0,0,0,0,0,0,0,0,0,184,0,0,0,1310,151,574,520,0,0,3,1.31
2464,10.909,24.203,0.054,0.0,0.0,0.0,0.0,0.0,534.0,2616.0,0.638,0,6,0,8.957,8.813,253,240,2,12,24,12,0,1920,0,0,0,0,0,0,0,0,0,0,184,0,0,0,904,115,370,376,0,0,2,0.904
2465,10.543,24.203,0.054,0.0,0.0,0.0,0.0,0.0,534.0,2616.0,0.605,0,6,0,8.676,8.605,252,240,2,12,24,12,0,1920,0,0,0,0,0,0,0,0,0,0,184,0,0,0,924,105,412,361,0,0,2,0.924
2466,10.511,24.203,0.054,0.0,0.0,0.0,0.0,0.0,534.0,2616.0,0.575,0,6,0,8.652,8.576,253,240,2,12,24,12,0,1920,0,0,0,0,0,0,0,0,0,0,184,0,0,0,916,101,372,400,0,0,2,0.916
2467,10.713,24.203,0.054,0.0,0.0,0.0,0.0,0.0,534.0,2616.0,0.678,0,6,0,8.94,8.863,253,240,2,12,24,12,0,1920,0,0,0,0,0,0,0,0,0,0,184,0,0,0,912,126,391,352,0,0,2,0.912
2468,10.853,24.203,0.054,0.0,0.0,0.0,0.0,0.0,534.0,2616.0,0.624,0,6,0,8.97,8.898,252,240,2,12,24,12,0,1920,0,0,0,0,0,0,0,0,0,0,184,0,0,0,912,105,377,389,0,0,2,0.912
2469,10.57,24.203,0.054,0.0,0.0,0.0,0.0,0.0,534.0,2616.0,0.559,0,6,0,8.676,8.6,253,240,2,12,24,12,0,1920,0,0,0,0,0,0,0,0,0,0,184,0,0,0,957,147,379,384,0,0,2,0.957
2470,11.755,24.203,0.054,0.0,0.0,0.0,0.0,0.0,534.0,2616.0,0.584,0,6,0,9.924,9.824,253,240,2,12,24,12,0,1920,0,0,0,0,0,0,0,0,0,0,184,0,0,0,933,106,409,368,0,0,3,0.933
2471,10.698,24.203,0.054,0.0,0.0,0.0,0.0,0.0,534.0,2616.0,0.655,0,6,0,8.897,8.813,254,240,2,12,24,12,0,1920,0,0,0,0,0,0,0,0,0,0,184,0,0,0,903,105,400,352,0,0,2,0.903
2472,10.649,24.203,0.054,0.0,0.0,0.0,0.0,0.0,534.0,2616.0,0.579,0,6,0,8.756,8.669,255,240,2,12,24,12,0,1920,0,0,0,0,0,0,0,0,0,0,184,0,0,0,913,107,406,356,0,0,2,0.913
2473,10.907,24.203,0.054,0.0,0.0,0.0,0.0,0.0,534.0,2616.0,0.622,0,6,0,9.026,8.958,252,240,2,12,24,12,0,1920,0,0,0,0,0,0,0,0,0,0,184,0,0,0,948,147,373,386,0,0,2,0.948
2474,10.768,24.203,0.054,0.0,0.0,0.0,0.0,0.0,534.0,2616.0,0.718,0,6,0,8.888,8.807,253,240,2,12,24,12,0,1920,0,0,0,0,0,0,0,0,0,0,184,0,0,0,905,111,394,365,0,0,2,0.905
2475,10.597,24.203,0.054,0.0,0.0,0.0,0.0,0.0,534.0,2616.0,0.619,0,6,0,8.655,8.576,253,240,2,12,24,12,0,1920,0,0,0,0,0,0,0,0,0,0,184,0,0,0,909,103,374,388,0,0,2,0.909
2476,10.716,24.203,0.054,0.0,0.0,0.0,0.0,0.0,534.0,2616.0,0.583,0,6,0,8.83,8.754,253,240,2,12,24,12,0,1920,0,0,0,0,0,0,0,0,0,0,184,0,0,0,918,105,412,356,0,0,2,0.918
2477,13.138,24.203,0.054,0.0,0.0,0.0,0.0,0.0,534.0,2616.0,0.703,0,6,0,11.016,10.911,253,240,2,12,24,12,0,1920,0,0,0,0,0,0,0,0,0,0,184,0,0,0,1152,132,469,449,0,0,3,1.152
2478,11.416,24.203,0.054,0.0,0.0,0.0,0.0,0.0,534.0,2616.0,0.633,0,6,0,9.432,9.324,253,240,2,12,24,12,0,1920,0,0,0,0,0,0,0,0,0,0,184,0,0,0,885,108,380,356,0,0,1,0.885
2479,11.439,24.203,0.054,0.0,0.0,0.0,0.0,0.0,534.0,2616.0,0.576,0,6,0,9.503,9.427,253,240,2,12,24,12,0,1920,0,0,0,0,0,0,0,0,0,0,184,0,0,0,911,110,372,382,0,0,1,0.911
2480,14.155,24.203,0.054,0.0,0.0,0.0,0.0,0.0,534.0,2616.0,0.671,0,6,0,12.286,12.211,252,240,2,12,24,12,0,1920,0,0,0,0,0,0,0,0,0,0,184,0,0,0,941,106,416,377,0,0,1,0.941
2481,10.729,24.203,0.054,0.0,0.0,0.0,0.0,0.0,534.0,2616.0,0.562,0,6,0,8.804,8.675,254,240,2,12,24,12,0,1920,0,0,0,0,0,0,0,0,0,0,184,0,0,0,919,101,426,345,0,0,2,0.919
2482,10.563,24.203,0.054,0.0,0.0,0.0,0.0,0.0,534.0,2616.0,0.616,0,6,0,8.731,8.646,254,240,2,12,24,12,0,1920,0,0,0,0,0,0,0,0,0,0,184,0,0,0,936,108,365,418,0,0,2,0.936
2483,10.775,24.203,0.054,0.0,0.0,0.0,0.0,0.0,534.0,2616.0,0.657,0,6,0,8.947,8.874,252,240,2,12,24,12,0,1920,0,0,0,0,0,0,0,0,0,0,184,0,0,0,888,101,374,372,0,0,3,0.888
2484,10.478,24.203,0.054,0.0,0.0,0.0,0.0,0.0,534.0,2616.0,0.595,0,6,0,8.529,8.445,253,240,2,12,24,12,0,1920,0,0,0,0,0,0,0,0,0,0,184,0,0,0,882,107,387,344,0,0,2,0.882
2485,10.665,24.203,0.054,0.0,0.0,0.0,0.0,0.0,534.0,2616.0,0.613,0,6,0,8.767,8.684,254,240,2,12,24,12,0,1920,0,0,0,0,0,0,0,0,0,0,184,0,0,0,975,110,396,422,0,0,3,0.975
2486,10.766,24.203,0.054,0.0,0.0,0.0,0.0,0.0,534.0,2616.0,0.658,0,6,0,8.954,8.878,252,240,2,12,24,12,0,1920,0,0,0,0,0,0,0,0,0,0,184,0,0,0,873,99,360,371,0,0,2,0.873
2487,10.853,24.203,0.054,0.0,0.0,0.0,0.0,0.0,534.0,2616.0,0.596,0,6,0,8.949,8.81,256,240,2,12,24,12,0,1920,0,0,0,0,0,0,0,0,0,0,184,0,0,0,893,110,371,365,0,0,2,0.893
2488,10.271,24.203,0.054,0.0,0.0,0.0,0.0,0.0,534.0,2616.0,0.656,0,6,0,8.403,8.324,253,240,2,12,24,12,0,1920,0,0,0,0,0,0,0,0,0,0,184,0,0,0,957,98,447,365,0,0,2,0.957
2489,10.368,24.203,0.054,0.0,0.0,0.0,0.0,0.0,534.0,2616.0,0.687,0,6,0,8.484,8.409,252,240,2,12,24,12,0,1920,0,0,0,0,0,0,0,0,0,0,184,0,0,0,880,100,375,367,0,0,2,0.88
2490,10.839,24.203,0.054,0.0,0.0,0.0,0.0,0.0,534.0,2616.0,0.67,0,6,0,8.894,8.811,253,240,2,12,24,12,0,1920,0,0,0,0,0,0,0,0,0,0,184,0,0,0,876,139,355,343,0,0,2,0.876
2491,10.586,24.203,0.054,0.0,0.0,0.0,0.0,0.0,534.0,2616.0,0.678,0,6,0,8.613,8.53,253,240,2,12,24,12,0,1920,0,0,0,0,0,0,0,0,0,0,184,0,0,0,957,106,379,422,0,0,2,0.957
2492,10.548,24.203,0.054,0.0,0.0,0.0,0.0,0.0,534.0,2616.0,0.623,0,6,0,8.668,8.589,253,240,2,12,24,12,0,1920,0,0,0,0,0,0,0,0,0,0,184,0,0,0,854,105,362,337,0,0,3,0.854
2493,10.229,24.203,0.054,0.0,0.0,0.0,0.0,0.0,534.0,2616.0,0.589,0,6,0,8.414,8.333,254,240,2,12,24,12,0,1920,0,0,0,0,0,0,0,0,0,0,184,0,0,0,902,152,368,340,0,0,3,0.902
2494,12.328,24.203,0.054,0.0,0.0,0.0,0.0,0.0,534.0,2616.0,0.646,0,6,0,10.537,9.108,253,240,2,12,24,12,0,1920,0,0,0,0,0,0,0,0,0,0,184,0,0,0,890,106,374,362,0,0,2,0.89
2495,11.065,24.203,0.054,0.0,0.0,0.0,0.0,0.0,534.0,2616.0,0.579,0,6,0,9.183,8.206,254,240,2,12,24,12,0,1920,0,0,0,0,0,0,0,0,0,0,184,0,0,0,929,108,396,378,0,0,2,0.929
2496,10.606,24.203,0.054,0.0,0.0,0.0,0.0,0.0,534.0,2616.0,0.61,0,6,0,8.309,8.227,253,240,2,12,24,12,0,1920,0,0,0,0,0,0,0,0,0,0,184,0,0,0,1424,168,390,451,0,0,12,1.424
2497,10.727,24.203,0.054,0.0,0.0,0.0,0.0,0.0,534.0,2616.0,0.574,0,6,0,8.925,8.839,254,240,2,12,24,12,0,1920,0,0,0,0,0,0,0,0,0,0,184,0,0,0,857,111,364,342,0,0,1,0.857
2498,9.981,24.203,0.054,0.0,0.0,0.0,0.0,0.0,534.0,2616.0,0.633,0,6,0,8.265,8.197,252,240,2,12,24,12,0,1920,0,0,0,0,0,0,0,0,0,0,184,0,0,0,843,99,362,340,0,0,3,0.843
2499,10.431,24.203,0.054,0.0,0.0,0.0,0.0,0.0,534.0,2616.0,0.566,0,6,0,8.61,8.532,254,240,2,12,24,12,0,1920,0,0,0,0,0,0,0,0,0,0,184,0,0,0,892,109,366,369,0,0,1,0.892
2500,10.153,16.966,0.038,0.0,0.0,0.0,0.0,0.0,534.0,2616.0,0.62,0,6,0,8.336,8.246,252,240,2,12,24,12,0,1920,0,0,0,0,0,0,0,0,0,0,184,0,0,0,961,120,388,404,0,0,2,0.961
2501,10.072,16.966,0.038,0.0,0.0,0.0,0.0,0.0,534.0,2616.0,0.595,0,6,0,8.285,8.209,252,240,2,12,24,12,0,1920,0,0,0,0,0,0,0,0,0,0,184,0,0,0,876,103,370,361,0,0,1,0.876
2502,10.504,16.966,0.038,0.0,0.0,0.0,0.0,0.0,534.0,2616.0,0.565,0,6,0,8.655,8.582,253,240,2,12,24,12,0,1920,0,0,0,0,0,0,0,0,0,0,184,0,0,0,903,111,376,371,0,0,2,0.903
2503,9.82,16.966,0.038,0.0,0.0,0.0,0.0,0.0,534.0,2616.0,0.586,0,6,0,8.12,8.036,255,240,2,12,24,12,0,1920,0,0,0,0,0,0,0,0,0,0,184,0,0,0,830,99,354,332,0,0,2,0.83
2504,9.875,16.966,0.038,0.0,0.0,0.0,0.0,0.0,534.0,2616.0,0.589,0,6,0,8.113,8.043,253,240,2,12,24,12,0,1920,0,0,0,0,0,0,0,0,0,0,184,0,0,0,900,131,385,339,0,0,2,0.9
2505,10.553,16.966,0.038,0.0,0.0,0.0,0.0,0.0,534.0,2616.0,0.548,0,6,0,8.792,8.713,254,240,2,12,24,12,0,1920,0,0,0,0,0,0,0,0,0,0,184,0,0,0,862,103,377,337,0,0,1,0.862
2506,10.161,16.966,0.038,0.0,0.0,0.0,0.0,0.0,534.0,2616.0,0.584,0,6,0,8.38,8.293,252,240,2,12,24,12,0,1920,0,0,0,0,0,0,0,0,0,0,184,0,0,0,898,119,393,340,0,0,1,0.898
2507,10.298,16.966,0.038,0.0,0.0,0.0,0.0,0.0,534.0,2616.0,0.638,0,6,0,8.549,8.464,252,240,2,12,24,12,0,1920,0,0,0,0,0,0,0,0,0,0,184,0,0,0,880,98,363,382,0,0,2,0.88
2508,10.105,16.966,0.038,0.0,0.0,0.0,0.0,0.0,534.0,2616.0,0.589,0,6,0,8.322,8.242,254,240,2,12,24,12,0,1920,0,0,0,0,0,0,0,0,0,0,184,0,0,0,828,100,356,335,0,0,1,0.828
2509,10.507,16.966,0.038,0.0,0.0,0.0,0.0,0.0,534.0,2616.0,0.566,0,6,0,8.687,8.612,253,240,2,12,24,12,0,1920,0,0,0,0,0,0,0,0,0,0,184,0,0,0,914,101,367,373,0,0,29,0.914
2510,15.065,16.966,0.038,0.0,0.0,0.0,0.0,0.0,534.0,2616.0,0.734,0,6,0,13.143,13.064,253,240,2,12,24,12,0,1920,0,0,0,0,0,0,0,0,0,0,184,0,0,0,990,117,412,382,0,0,3,0.99
2511,13.119,16.966,0.038,0.0,0.0,0.0,0.0,0.0,534.0,2616.0,0.657,0,6,0,10.971,10.822,253,240,2,12,24,12,0,1920,0,0,0,0,0,0,0,0,0,0,184,0,0,0,1011,121,462,379,0,0,2,1.011
2512,13.66,16.966,0.038,0.0,0.0,0.0,0.0,0.0,534.0,2616.0,0.837,0,6,0,11.556,11.469,253,240,2,12,24,12,0,1920,0,0,0,0,0,0,0,0,0,0,184,0,0,0,1052,116,433,448,0,0,3,1.052
2513,12.201,16.966,0.038,0.0,0.0,0.0,0.0,0.0,534.0,2616.0,0.709,0,6,0,9.953,9.87,252,240,2,12,24,12,0,1920,0,0,0,0,0,0,0,0,0,0,184,0,0,0,1032,118,449,413,0,0,2,1.032
2514,12.173,16.966,0.038,0.0,0.0,0.0,0.0,0.0,534.0,2616.0,0.679,0,6,0,10.019,9.932,253,240,2,12,24,12,0,1920,0,0,0,0,0,0,0,0,0,0,184,0,0,0,1076,156,457,405,0,0,2,1.076
2515,12.222,16.966,0.038,0.0,0.0,0.0,0.0,0.0,534.0,2616.0,0.649,0,6,0,10.04,9.953,253,240,2,12,24,12,0,1920,0,0,0,0,0,0,0,0,0,0,184,0,0,0,1112,159,448,446,0,0,3,1.112
2516,11.976,16.966,0.038,0.0,0.0,0.0,0.0,0.0,534.0,2616.0,0.739,0,6,0,9.983,9.877,255,240,2,12,24,12,0,1920,0,0,0,0,0,0,0,0,0,0,184,0,0,0,969,120,429,377,0,0,3,0.969
2517,14.635,16.966,0.038,0.0,0.0,0.0,0.0,0.0,534.0,2616.0,0.935,0,6,0,12.011,11.923,253,240,2,12,24,12,0,1920,0,0,0,0,0,0,0,0,0,0,184,0,0,0,1372,168,575,555,0,0,3,1.372
2518,16.296,16.966,0.038,0.0,0.0,0.0,0.0,0.0,534.0,2616.0,1.381,0,6,0,13.536,13.409,252,240,2,12,24,12,0,1920,0,0,0,0,0,0,0,0,0,0,184,0,0,0,1316,164,561,522,0,0,3,1.316
2519,17.233,16.966,0.038,0.0,0.0,0.0,0.0,0.0,534.0,2616.0,0.897,0,6,0,13.969,13.842,253,240,2,12,24,12,0,1920,0,0,0,0,0,0,0,0,0,0,184,0,0,0,1319,168,573,507,0,0,3,1.319
2520,15.219,16.966,0.038,0.0,0.0,0.0,0.0,0.0,534.0,2616.0,0.718,0,6,0,12.683,12.543,253,240,2,12,24,12,0,1920,0,0,0,0,0,0,0,0,0,0,184,0,0,0,1235,179,522,476,0,0,2,1.235
2521,14.33,16.966,0.038,0.0,0.0,0.0,0.0,0.0,534.0,2616.0,0.811,0,6,0,11.907,11.805,253,240,2,12,24,12,0,1920,0,0,0,0,0,0,0,0,0,0,184,0,0,0,1234,148,499,520,0,0,2,1.234
2522,13.89,16.966,0.038,0.0,0.0,0.0,0.0,0.0,534.0,2616.0,0.928,0,6,0,11.535,11.44,252,240,2,12,24,12,0,1920,0,0,0,0,0,0,0,0,0,0,184,0,0,0,1149,138,505,453,0,0,3,1.149
2523,16.923,16.966,0.038,0.0,0.0,0.0,0.0,0.0,534.0,2616.0,0.725,0,6,0,14.336,14.076,255,240,2,12,24,12,0,1920,0,0,0,0,0,0,0,0,0,0,184,0,0,0,1152,143,502,448,0,0,3,1.152
2524,13.612,16.966,0.038,0.0,0.0,0.0,0.0,0.0,534.0,2616.0,0.713,0,6,0,11.301,11.207,252,240,2,12,24,12,0,1920,0,0,0,0,0,0,0,0,0,0,184,0,0,0,1194,140,513,450,0,0,2,1.194
2525,15.38,16.966,0.038,0.0,0.0,0.0,0.0,0.0,534.0,2616.0,0.745,0,6,0,13.135,13.039,253,240,2,12,24,12,0,1920,0,0,0,0,0,0,0,0,0,0,184,0,0,0,1054,138,456,400,0,0,3,1.054
2526,14.727,16.966,0.038,0.0,0.0,0.0,0.0,0.0,534.0,2616.0,0.883,0,6,0,12.271,12.158,252,240,2,12,24,12,0,1920,0,0,0,0,0,0,0,0,0,0,184,0,0,0,1198,151,546,436,0,0,4,1.198
2527,15.649,16.966,0.038,0.0,0.0,0.0,0.0,0.0,534.0,2616.0,0.861,0,6,0,12.908,12.774,253,240,2,12,24,12,0,1920,0,0,0,0,0,0,0,0,0,0,184,0,0,0,1247,162,524,475,0,0,5,1.247
2528,12.932,16.966,0.038,0.0,0.0,0.0,0.0,0.0,534.0,2616.0,0.575,0,6,0,10.75,10.635,252,240,2,12,24,12,0,1920,0,0,0,0,0,0,0,0,0,0,184,0,0,0,921,126,388,356,0,0,2,0.921
2529,10.719,16.966,0.038,0.0,0.0,0.0,0.0,0.0,534.0,2616.0,0.558,0,6,0,8.907,8.787,253,240,2,12,24,12,0,1920,0,0,0,0,0,0,0,0,0,0,184,0,0,0,898,104,372,378,0,0,1,0.898
2530,10.713,16.966,0.038,0.0,0.0,0.0,0.0,0.0,534.0,2616.0,0.577,0,6,0,8.761,8.675,253,240,2,12,24,12,0,1920,0,0,0,0,0,0,0,0,0,0,184,0,0,0,967,122,374,417,0,0,3,0.967
2531,10.352,16.966,0.038,0.0,0.0,0.0,0.0,0.0,534.0,2616.0,0.573,0,6,0,8.557,8.478,253,240,2,12,24,12,0,1920,0,0,0,0,0,0,0,0,0,0,184,0,0,0,896,120,372,359,0,0,2,0.896
2532,10.695,16.966,0.038,0.0,0.0,0.0,0.0,0.0,534.0,2616.0,0.574,0,6,0,8.877,8.806,252,240,2,12,24,12,0,1920,0,0,0,0,0,0,0,0,0,0,184,0,0,0,899,104,375,370,0,0,2,0.899
2533,10.482,16.966,0.038,0.0,0.0,0.0,0.0,0.0,534.0,2616.0,0.621,0,6,0,8.631,8.56,252,240,2,12,24,12,0,1920,0,0,0,0,0,0,0,0,0,0,184,0,0,0,962,106,382,426,0,0,2,0.962
2534,10.62,16.966,0.038,0.0,0.0,0.0,0.0,0.0,534.0,2616.0,0.577,0,6,0,8.793,8.721,252,240,2,12,24,12,0,1920,0,0,0,0,0,0,0,0,0,0,184,0,0,0,903,103,398,353,0,0,2,0.903
2535,10.829,16.966,0.038,0.0,0.0,0.0,0.0,0.0,534.0,2616.0,0.585,0,6,0,9.026,8.945,254,240,2,12,24,12,0,1920,0,0,0,0,0,0,0,0,0,0,184,0,0,0,899,105,370,373,0,0,3,0.899
2536,10.459,16.966,0.038,0.0,0.0,0.0,0.0,0.0,534.0,2616.0,0.605,0,6,0,8.623,8.544,253,240,2,12,24,12,0,1920,0,0,0,0,0,0,0,0,0,0,184,0,0,0,942,103,422,371,0,0,2,0.942
2537,10.446,16.966,0.038,0.0,0.0,0.0,0.0,0.0,534.0,2616.0,0.593,0,6,0,8.636,8.567,252,240,2,12,24,12,0,1920,0,0,0,0,0,0,0,0,0,0,184,0,0,0,892,126,376,350,0,0,2,0.892
2538,10.259,16.966,0.038,0.0,0.0,0.0,0.0,0.0,534.0,2616.0,0.525,0,6,0,8.426,8.357,252,240,2,12,24,12,0,1920,0,0,0,0,0,0,0,0,0,0,184,0,0,0,939,103,436,355,0,0,3,0.939
2539,10.187,16.966,0.038,0.0,0.0,0.0,0.0,0.0,534.0,2616.0,0.566,0,6,0,8.501,8.426,253,240,2,12,24,12,0,1920,0,0,0,0,0,0,0,0,0,0,184,0,0,0,881,100,398,343,0,0,2,0.881
2540,10.059,16.966,0.038,0.0,0.0,0.0,0.0,0.0,534.0,2616.0,0.587,0,6,0,8.281,8.208,253,240,2,12,24,12,0,1920,0,0,0,0,0,0,0,0,0,0,184,0,0,0,874,102,361,365,0,0,2,0.874
2541,10.151,16.966,0.038,0.0,0.0,0.0,0.0,0.0,534.0,2616.0,0.599,0,6,0,8.398,8.326,253,240,2,12,24,12,0,1920,0,0,0,0,0,0,0,0,0,0,184,0,0,0,872,102,379,345,0,0,2,0.872
2542,10.085,16.966,0.038,0.0,0.0,0.0,0.0,0.0,534.0,2616.0,0.585,0,6,0,8.32,8.248,253,240,2,12,24,12,0,1920,0,0,0,0,0,0,0,0,0,0,184,0,0,0,869,102,362,362,0,0,2,0.869
2543,10.153,16.966,0.038,0.0,0.0,0.0,0.0,0.0,534.0,2616.0,0.659,0,6,0,8.389,8.318,253,240,2,12,24,12,0,1920,0,0,0,0,0,0,0,0,0,0,184,0,0,0,891,127,371,348,0,0,1,0.891
2544,11.078,16.966,0.038,0.0,0.0,0.0,0.0,0.0,534.0,2616.0,0.594,0,6,0,9.253,8.243,253,240,2,12,24,12,0,1920,0,0,0,0,0,0,0,0,0,0,184,0,0,0,851,101,360,345,0,0,1,0.851
2545,10.916,16.966,0.038,0.0,0.0,0.0,0.0,0.0,534.0,2616.0,0.592,0,6,0,9.152,9.085,252,240,2,12,24,12,0,1920,0,0,0,0,0,0,0,0,0,0,184,0,0,0,882,126,369,345,0,0,2,0.882
2546,10.277,16.966,0.038,0.0,0.0,0.0,0.0,0.0,534.0,2616.0,0.618,0,6,0,8.482,8.407,253,240,2,12,24,12,0,1920,0,0,0,0,0,0,0,0,0,0,184,0,0,0,898,106,375,369,0,0,2,0.898
2547,10.541,16.966,0.038,0.0,0.0,0.0,0.0,0.0,534.0,2616.0,0.609,0,6,0,8.737,8.661,253,240,2,12,24,12,0,1920,0,0,0,0,0,0,0,0,0,0,184,0,0,0,895,105,375,373,0,0,2,0.895
2548,10.505,16.966,0.038,0.0,0.0,0.0,0.0,0.0,534.0,2616.0,0.578,0,6,0,8.66,8.586,253,240,2,12,24,12,0,1920,0,0,0,0,0,0,0,0,0,0,184,0,0,0,934,109,380,394,0,0,2,0.934
2549,10.209,16.966,0.038,0.0,0.0,0.0,0.0,0.0,534.0,2616.0,0.557,0,6,0,8.483,8.407,253,240,2,12,24,12,0,1920,0,0,0,0,0,0,0,0,0,0,184,0,0,0,873,101,383,346,0,0,2,0.873
2550,10.363,16.966,0.038,0.0,0.0,0.0,0.0,0.0,534.0,2616.0,0.6,0,6,0,8.584,8.498,252,240,2,12,24,12,0,1920,0,0,0,0,0,0,0,0,0,0,184,0,0,0,935,105,375,409,0,0,2,0.935
2551,10.668,16.966,0.038,0.0,0.0,0.0,0.0,0.0,534.0,2616.0,0.575,0,6,0,8.847,8.778,252,240,2,12,24,12,0,1920,0,0,0,0,0,0,0,0,0,0,184,0,0,0,931,102,377,409,0,0,2,0.931
2552,10.511,16.966,0.038,0.0,0.0,0.0,0.0,0.0,534.0,2616.0,0.603,0,6,0,8.729,8.648,254,240,2,12,24,12,0,1920,0,0,0,0,0,0,0,0,0,0,184,0,0,0,877,104,370,359,0,0,2,0.877
2553,10.645,16.966,0.038,0.0,0.0,0.0,0.0,0.0,534.0,2616.0,0.63,0,6,0,8.828,8.76,252,240,2,12,24,12,0,1920,0,0,0,0,0,0,0,0,0,0,184,0,0,0,920,101,391,387,0,0,1,0.92
2554,10.862,16.966,0.038,0.0,0.0,0.0,0.0,0.0,534.0,2616.0,0.578,0,6,0,8.978,8.898,253,240,2,12,24,12,0,1920,0,0,0,0,0,0,0,0,0,0,184,0,0,0,942,104,399,391,0,0,2,0.942
2555,10.674,16.966,0.038,0.0,0.0,0.0,0.0,0.0,534.0,2616.0,0.581,0,6,0,8.776,8.698,253,240,2,12,24,12,0,1920,0,0,0,0,0,0,0,0,0,0,184,0,0,0,969,103,431,385,0,0,3,0.969
2556,10.66,16.966,0.038,0.0,0.0,0.0,0.0,0.0,534.0,2616.0,0.626,0,6,0,8.857,8.777,253,240,2,12,24,12,0,1920,0,0,0,0,0,0,0,0,0,0,184,0,0,0,898,105,396,352,0,0,1,0.898
2557,10.746,16.966,0.038,0.0,0.0,0.0,0.0,0.0,534.0,2616.0,0.612,0,6,0,8.866,8.796,252,240,2,12,24,12,0,1920,0,0,0,0,0,0,0,0,0,0,184,0,0,0,951,126,422,357,0,0,2,0.951
2558,10.585,16.966,0.038,0.0,0.0,0.0,0.0,0.0,534.0,2616.0,0.564,0,6,0,8.736,8.648,255,240,2,12,24,12,0,1920,0,0,0,0,0,0,0,0,0,0,184,0,0,0,893,103,392,355,0,0,2,0.893
2559,10.785,16.966,0.038,0.0,0.0,0.0,0.0,0.0,534.0,2616.0,0.626,0,6,0,8.958,8.888,252,240,2,12,24,12,0,1920,0,0,0,0,0,0,0,0,0,0,184,0,0,0,944,107,423,370,0,0,3,0.944
2560,10.449,16.966,0.038,0.0,0.0,0.0,0.0,0.0,534.0,2616.0,0.647,0,6,0,8.624,8.545,253,240,2,12,24,12,0,1920,0,0,0,0,0,0,0,0,0,0,184,0,0,0,912,97,378,390,0,0,2,0.912
2561,10.424,16.966,0.038,0.0,0.0,0.0,0.0,0.0,534.0,2616.0,0.588,0,6,0,8.565,8.486,253,240,2,12,24,12,0,1920,0,0,0,0,0,0,0,0,0,0,184,0,0,0,873,102,378,351,0,0,2,0.873
2562,10.454,16.966,0.038,0.0,0.0,0.0,0.0,0.0,534.0,2616.0,0.555,0,6,0,8.656,8.588,252,240,2,12,24,12,0,1920,0,0,0,0,0,0,0,0,0,0,184,0,0,0,910,102,415,350,0,0,2,0.91
2563,10.211,16.966,0.038,0.0,0.0,0.0,0.0,0.0,534.0,2616.0,0.581,0,6,0,8.437,8.37,252,240,2,12,24,12,0,1920,0,0,0,0,0,0,0,0,0,0,184,0,0,0,890,104,370,352,0,0,2,0.89
2564,10.182,16.966,0.038,0.0,0.0,0.0,0.0,0.0,534.0,2616.0,0.599,0,6,0,8.405,8.324,254,240,2,12,24,12,0,1920,0,0,0,0,0,0,0,0,0,0,184,0,0,0,876,109,362,361,0,0,1,0.876
2565,10.072,16.966,0.038,0.0,0.0,0.0,0.0,0.0,534.0,2616.0,0.597,0,6,0,8.293,8.22,253,240,2,12,24,12,0,1920,0,0,0,0,0,0,0,0,0,0,184,0,0,0,884,102,374,358,0,0,1,0.884
2566,10.184,16.966,0.038,0.0,0.0,0.0,0.0,0.0,534.0,2616.0,0.618,0,6,0,8.41,8.311,252,240,2,12,24,12,0,1920,0,0,0,0,0,0,0,0,0,0,184,0,0,0,885,122,367,349,0,0,1,0.885
2567,10.208,16.966,0.038,0.0,0.0,0.0,0.0,0.0,534.0,2616.0,0.631,0,6,0,8.377,8.293,254,240,2,12,24,12,0,1920,0,0,0,0,0,0,0,0,0,0,184,0,0,0,875,101,361,374,0,0,3,0.875
2568,10.461,16.966,0.038,0.0,0.0,0.0,0.0,0.0,534.0,2616.0,0.658,0,6,0,8.592,8.524,252,240,2,12,24,12,0,1920,0,0,0,0,0,0,0,0,0,0,184,0,0,0,930,118,404,361,0,0,2,0.93
2569,13.118,16.966,0.038,0.0,0.0,0.0,0.0,0.0,534.0,2616.0,0.674,0,6,0,10.942,9.38,254,240,2,12,24,12,0,1920,0,0,0,0,0,0,0,0,0,0,184,0,0,0,1146,135,500,443,0,0,3,1.146
2570,12.159,16.966,0.038,0.0,0.0,0.0,0.0,0.0,534.0,2616.0,0.777,0,6,0,10.065,9.97,254,240,2,12,24,12,0,1920,0,0,0,0,0,0,0,0,0,0,184,0,0,0,997,115,421,411,0,0,2,0.997
2571,12.784,16.966,0.038,0.0,0.0,0.0,0.0,0.0,534.0,2616.0,0.693,0,6,0,10.616,10.527,253,240,2,12,24,12,0,1920,0,0,0,0,0,0,0,0,0,0,184,0,0,0,1039,121,436,416,0,0,3,1.039
2572,12.416,16.966,0.038,0.0,0.0,0.0,0.0,0.0,534.0,2616.0,0.751,0,6,0,10.271,10.191,252,240,2,12,24,12,0,1920,0,0,0,0,0,0,0,0,0,0,184,0,0,0,1082,132,463,426,0,0,3,1.082
2573,13.084,16.966,0.038,0.0,0.0,0.0,0.0,0.0,534.0,2616.0,0.651,0,6,0,10.912,10.815,254,240,2,12,24,12,0,1920,0,0,0,0,0,0,0,0,0,0,184,0,0,0,1017,138,448,381,0,0,2,1.017
2574,11.758,16.966,0.038,0.0,0.0,0.0,0.0,0.0,534.0,2616.0,0.738,0,6,0,9.798,9.712,252,240,2,12,24,12,0,1920,0,0,0,0,0,0,0,0,0,0,184,0,0,0,979,109,429,397,0,0,2,0.979
2575,11.906,16.966,0.038,0.0,0.0,0.0,0.0,0.0,534.0,2616.0,0.722,0,6,0,9.812,9.729,252,240,2,12,24,12,0,1920,0,0,0,0,0,0,0,0,0,0,184,0,0,0,986,120,430,385,0,0,2,0.986
2576,21.11,16.966,0.038,0.0,0.0,0.0,0.0,0.0,534.0,2616.0,0.965,0,6,0,18.614,18.5,253,240,2,12,24,12,0,1920,0,0,0,0,0,0,0,0,0,0,184,0,0,0,1342,163,593,518,0,0,3,1.342
2577,17.61,16.966,0.038,0.0,0.0,0.0,0.0,0.0,534.0,2616.0,0.978,0,6,0,14.643,14.442,255,240,2,12,24,12,0,1920,0,0,0,0,0,0,0,0,0,0,184,0,0,0,1549,166,594,673,0,0,3,1.549
2578,17.183,16.966,0.038,0.0,0.0,0.0,0.0,0.0,534.0,2616.0,1.0,0,6,0,14.287,14.17,252,240,2,12,24,12,0,1920,0,0,0,0,0,0,0,0,0,0,184,0,0,0,1362,237,549,505,0,0,4,1.362
2579,17.286,16.966,0.038,0.0,0.0,0.0,0.0,0.0,534.0,2616.0,0.941,0,6,0,14.484,14.336,255,240,2,12,24,12,0,1920,0,0,0,0,0,0,0,0,0,0,184,0,0,0,1321,157,582,516,0,0,3,1.321
2580,17.292,16.966,0.038,0.0,0.0,0.0,0.0,0.0,534.0,2616.0,1.102,0,6,0,14.366,14.234,252,240,2,12,24,12,0,1920,0,0,0,0,0,0,0,0,0,0,184,0,0,0,1384,164,542,600,0,0,3,1.384
2581,17.969,16.966,0.038,0.0,0.0,0.0,0.0,0.0,534.0,2616.0,0.934,0,6,0,14.859,14.717,252,240,2,12,24,12,0,1920,0,0,0,0,0,0,0,0,0,0,184,0,0,0,1377,167,572,568,0,0,2,1.377
2582,18.425,16.966,0.038,0.0,0.0,0.0,0.0,0.0,534.0,2616.0,0.928,0,6,0,15.51,15.382,253,240,2,12,24,12,0,1920,0,0,0,0,0,0,0,0,0,0,184,0,0,0,1384,155,547,609,0,0,4,1.384
2583,17.332,20.645,0.044,0.0,0.0,0.0,0.0,0.0,534.0,2616.0,1.031,0,6,0,14.433,14.297,253,240,2,12,24,12,0,1920,0,0,0,0,0,0,0,0,0,0,184,0,0,0,1309,158,572,512,0,0,3,1.309
2584,18.952,20.645,0.044,0.0,0.0,0.0,0.0,0.0,534.0,2616.0,1.034,0,6,0,15.885,15.763,252,240,2,12,24,12,0,1920,0,0,0,0,0,0,0,0,0,0,184,0,0,0,1369,172,568,550,0,0,4,1.369
2585,17.488,20.645,0.044,0.0,0.0,0.0,0.0,0.0,534.0,2616.0,1.044,0,6,0,14.499,14.328,255,240,2,12,24,12,0,1920,0,0,0,0,0,0,0,0,0,0,184,0,0,0,1305,172,576,491,0,0,3,1.305
2586,17.899,20.645,0.044,0.0,0.0,0.0,0.0,0.0,534.0,2616.0,1.077,0,6,0,14.864,14.743,252,240,2,12,24,12,0,1920,0,0,0,0,0,0,0,0,0,0,184,0,0,0,1394,171,605,545,0,0,4,1.394
2587,17.143,20.645,0.044,0.0,0.0,0.0,0.0,0.0,534.0,2616.0,1.067,0,6,0,14.009,13.898,252,240,2,12,24,12,0,1920,0,0,0,0,0,0,0,0,0,0,184,0,0,0,1471,225,607,552,0,0,4,1.471
2588,16.886,20.645,0.044,0.0,0.0,0.0,0.0,0.0,534.0,2616.0,1.02,0,6,0,13.812,13.674,253,240,2,12,24,12,0,1920,0,0,0,0,0,0,0,0,0,0,184,0,0,0,1386,206,581,524,0,0,4,1.386
2589,17.597,20.645,0.044,0.0,0.0,0.0,0.0,0.0,534.0,2616.0,1.163,0,6,0,14.618,14.476,253,240,2,12,24,12,0,1920,0,0,0,0,0,0,0,0,0,0,184,0,0,0,1352,170,555,550,0,0,3,1.352
2590,17.423,20.645,0.044,0.0,0.0,0.0,0.0,0.0,534.0,2616.0,1.078,0,6,0,14.168,14.031,253,240,2,12,24,12,0,1920,0,0,0,0,0,0,0,0,0,0,184,0,0,0,1483,176,603,610,0,0,5,1.483
2591,16.376,20.645,0.044,0.0,0.0,0.0,0.0,0.0,534.0,2616.0,0.995,0,6,0,13.332,13.196,253,240,2,12,24,12,0,1920,0,0,0,0,0,0,0,0,0,0,184,0,0,0,1271,164,553,486,0,0,3,1.271
2592,16.556,20.645,0.044,0.0,0.0,0.0,0.0,0.0,534.0,2616.0,1.003,0,6,0,13.682,13.575,252,240,2,12,24,12,0,1920,0,0,0,0,0,0,0,0,0,0,184,0,0,0,1327,199,542,518,0,0,2,1.327
2593,16.292,20.645,0.044,0.0,0.0,0.0,0.0,0.0,534.0,2616.0,0.989,0,6,0,13.369,13.245,252,240,2,12,24,12,0,1920,0,0,0,0,0,0,0,0,0,0,184,0,0,0,1288,163,562,495,0,0,4,1.288
2594,18.104,20.645,0.044,0.0,0.0,0.0,0.0,0.0,534.0,2616.0,1.053,0,6,0,15.091,13.299,255,240,2,12,24,12,0,1920,0,0,0,0,0,0,0,0,0,0,184,0,0,0,1343,201,581,491,0,0,4,1.343
2595,17.002,20.645,0.044,0.0,0.0,0.0,0.0,0.0,534.0,2616.0,0.9,0,6,0,13.881,13.749,253,240,2,12,24,12,0,1920,0,0,0,0,0,0,0,0,0,0,184,0,0,0,1417,218,615,505,0,0,4,1.417
2596,16.572,20.645,0.044,0.0,0.0,0.0,0.0,0.0,534.0,2616.0,1.208,0,6,0,13.801,13.644,255,240,2,12,24,12,0,1920,0,0,0,0,0,0,0,0,0,0,184,0,0,0,1350,157,599,526,0,0,4,1.35
2597,17.121,20.645,0.044,0.0,0.0,0.0,0.0,0.0,534.0,2616.0,1.084,0,6,0,13.905,13.773,253,240,2,12,24,12,0,1920,0,0,0,0,0,0,0,0,0,0,184,0,0,0,1402,210,568,534,0,0,3,1.402
2598,17.313,20.645,0.044,0.0,0.0,0.0,0.0,0.0,534.0,2616.0,0.921,0,6,0,14.261,14.136,252,240,2,12,24,12,0,1920,0,0,0,0,0,0,0,0,0,0,184,0,0,0,1374,200,590,506,0,0,3,1.374
2599,13.832,20.645,0.044,0.0,0.0,0.0,0.0,0.0,534.0,2616.0,0.74,0,6,0,11.448,11.333,252,240,2,12,24,12,0,1920,0,0,0,0,0,0,0,0,0,0,184,0,0,0,1024,110,455,410,0,0,2,1.024
2600,12.277,20.645,0.044,0.0,0.0,0.0,0.0,0.0,534.0,2616.0,0.754,0,6,0,10.084,9.978,254,240,2,12,24,12,0,1920,0,0,0,0,0,0,0,0,0,0,184,0,0,0,1035,119,444,412,0,0,3,1.035
2601,12.462,20.645,0.044,0.0,0.0,0.0,0.0,0.0,534.0,2616.0,0.615,0,6,0,10.23,10.14,252,240,2,12,24,12,0,1920,0,0,0,0,0,0,0,0,0,0,184,0,0,0,1026,144,447,382,0,0,2,1.026
2602,11.909,20.645,0.044,0.0,0.0,0.0,0.0,0.0,534.0,2616.0,0.671,0,6,0,9.757,9.647,253,240,2,12,24,12,0,1920,0,0,0,0,0,0,0,0,0,0,184,0,0,0,1006,129,411,407,0,0,3,1.006
2603,12.075,20.645,0.044,0.0,0.0,0.0,0.0,0.0,534.0,2616.0,0.662,0,6,0,9.957,9.819,255,240,2,12,24,12,0,1920,0,0,0,0,0,0,0,0,0,0,184,0,0,0,996,140,427,376,0,0,2,0.996
2604,11.682,20.645,0.044,0.0,0.0,0.0,0.0,0.0,534.0,2616.0,0.7,0,6,0,9.631,9.521,252,240,2,12,24,12,0,1920,0,0,0,0,0,0,0,0,0,0,184,0,0,0,1003,116,463,374,0,0,2,1.003
2605,12.955,20.645,0.044,0.0,0.0,0.0,0.0,0.0,534.0,2616.0,1.467,0,6,0,10.87,10.777,254,240,2,12,24,12,0,1920,0,0,0,0,0,0,0,0,0,0,184,0,0,0,996,120,407,408,0,0,2,0.996
2606,15.368,20.645,0.044,0.0,0.0,0.0,0.0,0.0,534.0,2616.0,0.589,0,6,0,12.493,12.376,253,240,2,12,24,12,0,1920,0,0,0,0,0,0,0,0,0,0,184,0,0,0,975,116,422,386,0,0,3,0.975
2607,13.987,20.645,0.044,0.0,0.0,0.0,0.0,0.0,534.0,2616.0,0.716,0,6,0,11.852,11.72,252,240,2,12,24,12,0,1920,0,0,0,0,0,0,0,0,0,0,184,0,0,0,1045,124,473,394,0,0,2,1.045
2608,13.955,20.645,0.044,0.0,0.0,0.0,0.0,0.0,534.0,2616.0,0.635,0,6,0,11.838,11.733,252,240,2,12,24,12,0,1920,0,0,0,0,0,0,0,0,0,0,184,0,0,0,957,118,397,394,0,0,2,0.957
2609,11.865,20.645,0.044,0.0,0.0,0.0,0.0,0.0,534.0,2616.0,0.744,0,6,0,9.69,9.592,255,240,2,12,24,12,0,1920,0,0,0,0,0,0,0,0,0,0,184,0,0,0,1160,133,496,455,0,0,22,1.16
2610,13.129,20.645,0.044,0.0,0.0,0.0,0.0,0.0,534.0,2616.0,0.725,0,6,0,10.697,10.613,253,240,2,12,24,12,0,1920,0,0,0,0,0,0,0,0,0,0,184,0,0,0,1267,154,607,448,0,0,3,1.267
2611,11.797,20.645,0.044,0.0,0.0,0.0,0.0,0.0,534.0,2616.0,0.658,0,6,0,9.788,9.682,252,240,2,12,24,12,0,1920,0,0,0,0,0,0,0,0,0,0,184,0,0,0,910,109,394,362,0,0,2,0.91
2612,11.353,20.645,0.044,0.0,0.0,0.0,0.0,0.0,534.0,2616.0,0.61,0,6,0,9.408,9.312,253,240,2,12,24,12,0,1920,0,0,0,0,0,0,0,0,0,0,184,0,0,0,956,109,405,398,0,0,2,0.956
2613,11.031,20.645,0.044,0.0,0.0,0.0,0.0,0.0,534.0,2616.0,0.612,0,6,0,9.094,9.017,252,240,2,12,24,12,0,1920,0,0,0,0,0,0,0,0,0,0,184,0,0,0,987,106,419,409,0,0,2,0.987
2614,10.895,20.645,0.044,0.0,0.0,0.0,0.0,0.0,534.0,2616.0,0.596,0,6,0,8.984,8.898,253,240,2,12,24,12,0,1920,0,0,0,0,0,0,0,0,0,0,184,0,0,0,958,102,424,385,0,0,2,0.958
2615,12.147,20.645,0.044,0.0,0.0,0.0,0.0,0.0,534.0,2616.0,0.853,0,6,0,9.833,9.725,255,240,2,12,24,12,0,1920,0,0,0,0,0,0,0,0,0,0,184,0,0,0,1287,149,525,552,0,0,3,1.287
2616,11.56,20.645,0.044,0.0,0.0,0.0,0.0,0.0,534.0,2616.0,0.63,0,6,0,9.372,9.273,252,240,2,12,24,12,0,1920,0,0,0,0,0,0,0,0,0,0,184,0,0,0,964,129,418,364,0,0,2,0.964
2617,11.641,20.645,0.044,0.0,0.0,0.0,0.0,0.0,534.0,2616.0,0.634,0,6,0,9.73,9.652,252,240,2,12,24,12,0,1920,0,0,0,0,0,0,0,0,0,0,184,0,0,0,974,106,423,395,0,0,1,0.974
2618,11.648,20.645,0.044,0.0,0.0,0.0,0.0,0.0,534.0,2616.0,0.648,0,6,0,9.75,9.662,254,240,2,12,24,12,0,1920,0,0,0,0,0,0,0,0,0,0,184,0,0,0,928,108,391,381,0,0,2,0.928
2619,11.155,20.645,0.044,0.0,0.0,0.0,0.0,0.0,534.0,2616.0,0.6,0,6,0,9.247,9.149,252,240,2,12,24,12,0,1920,0,0,0,0,0,0,0,0,0,0,184,0,0,0,944,122,409,366,0,0,2,0.944
2620,11.206,20.645,0.044,0.0,0.0,0.0,0.0,0.0,534.0,2616.0,0.655,0,6,0,9.327,9.251,252,240,2,12,24,12,0,1920,0,0,0,0,0,0,0,0,0,0,184,0,0,0,925,113,385,367,0,0,3,0.925
2621,11.173,20.645,0.044,0.0,0.0,0.0,0.0,0.0,534.0,2616.0,0.706,0,6,0,8.954,8.856,256,240,2,12,24,12,0,1920,0,0,0,0,0,0,0,0,0,0,184,0,0,0,1181,140,485,495,0,0,3,1.181
2622,11.127,20.645,0.044,0.0,0.0,0.0,0.0,0.0,534.0,2616.0,0.608,0,6,0,9.13,9.043,253,240,2,12,24,12,0,1920,0,0,0,0,0,0,0,0,0,0,184,0,0,0,936,128,377,384,0,0,3,0.936
2623,11.1,20.645,0.044,0.0,0.0,0.0,0.0,0.0,534.0,2616.0,0.661,0,6,0,9.211,9.138,252,240,2,12,24,12,0,1920,0,0,0,0,0,0,0,0,0,0,184,0,0,0,905,109,382,370,0,0,3,0.905
2624,11.071,20.645,0.044,0.0,0.0,0.0,0.0,0.0,534.0,2616.0,0.593,0,6,0,9.135,9.054,253,240,2,12,24,12,0,1920,0,0,0,0,0,0,0,0,0,0,184,0,0,0,925,105,406,366,0,0,2,0.925
2625,11.487,20.645,0.044,0.0,0.0,0.0,0.0,0.0,534.0,2616.0,2.33,0,6,0,9.482,9.407,252,240,2,12,24,12,0,1920,0,0,0,0,0,0,0,0,0,0,184,0,0,0,1081,147,467,411,0,0,2,1.081
2626,14.441,20.645,0.044,0.0,0.0,0.0,0.0,0.0,534.0,2616.0,0.631,0,6,0,10.746,10.652,253,240,2,12,24,12,0,1920,0,0,0,0,0,0,0,0,0,0,184,0,0,0,905,109,370,380,0,0,1,0.905
2627,12.339,20.645,0.044,0.0,0.0,0.0,0.0,0.0,534.0,2616.0,0.583,0,6,0,10.382,10.282,255,240,2,12,24,12,0,1920,0,0,0,0,0,0,0,0,0,0,184,0,0,0,918,114,403,355,0,0,3,0.918
2628,12.856,20.645,0.044,0.0,0.0,0.0,0.0,0.0,534.0,2616.0,0.64,0,6,0,10.734,10.651,252,240,2,12,24,12,0,1920,0,0,0,0,0,0,0,0,0,0,184,0,0,0,1001,117,415,424,0,0,3,1.001
2629,11.711,20.645,0.044,0.0,0.0,0.0,0.0,0.0,534.0,2616.0,0.663,0,6,0,9.757,9.645,253,240,2,12,24,12,0,1920,0,0,0,0,0,0,0,0,0,0,184,0,0,0,941,146,380,364,0,0,1,0.941
2630,12.458,20.645,0.044,0.0,0.0,0.0,0.0,0.0,534.0,2616.0,0.684,0,6,0,10.509,10.421,254,240,2,12,24,12,0,1920,0,0,0,0,0,0,0,0,0,0,184,0,0,0,960,106,424,383,0,0,2,0.96
2631,13.337,20.645,0.044,0.0,0.0,0.0,0.0,0.0,534.0,2616.0,0.768,0,6,0,11.259,9.607,253,240,2,12,24,12,0,1920,0,0,0,0,0,0,0,0,0,0,184,0,0,0,1013,149,410,407,0,0,2,1.013
2632,13.078,20.645,0.044,0.0,0.0,0.0,0.0,0.0,534.0,2616.0,0.756,0,6,0,10.927,10.845,252,240,2,12,24,12,0,1920,0,0,0,0,0,0,0,0,0,0,184,0,0,0,1021,114,474,382,0,0,3,1.021
2633,12.901,20.645,0.044,0.0,0.0,0.0,0.0,0.0,534.0,2616.0,0.687,0,6,0,10.599,10.486,254,240,2,12,24,12,0,1920,0,0,0,0,0,0,0,0,0,0,184,0,0,0,1124,122,564,384,0,0,3,1.124
2634,12.004,20.645,0.044,0.0,0.0,0.0,0.0,0.0,534.0,2616.0,0.681,0,6,0,9.85,9.754,254,240,2,12,24,12,0,1920,0,0,0,0,0,0,0,0,0,0,184,0,0,0,1085,113,461,459,0,0,3,1.085
2635,12.265,20.645,0.044,0.0,0.0,0.0,0.0,0.0,534.0,2616.0,0.685,0,6,0,10.199,10.119,252,240,2,12,24,12,0,1920,0,0,0,0,0,0,0,0,0,0,184,0,0,0,1014,129,418,390,0,0,2,1.014
2636,13.783,20.645,0.044,0.0,0.0,0.0,0.0,0.0,534.0,2616.0,1.144,0,6,0,11.183,11.092,253,240,2,12,24,12,0,1920,0,0,0,0,0,0,0,0,0,0,184,0,0,0,1391,183,551,578,0,0,5,1.391
2637,14.99,20.645,0.044,0.0,0.0,0.0,0.0,0.0,534.0,2616.0,0.702,0,6,0,12.095,11.954,255,240,2,12,24,12,0,1920,0,0,0,0,0,0,0,0,0,0,184,0,0,0,1322,122,496,654,0,0,3,1.322
2638,12.468,20.645,0.044,0.0,0.0,0.0,0.0,0.0,534.0,2616.0,0.639,0,6,0,10.387,10.306,252,240,2,12,24,12,0,1920,0,0,0,0,0,0,0,0,0,0,184,0,0,0,995,146,396,399,0,0,3,0.995
2639,12.493,20.645,0.044,0.0,0.0,0.0,0.0,0.0,534.0,2616.0,0.662,0,6,0,10.551,10.474,252,240,2,12,24,12,0,1920,0,0,0,0,0,0,0,0,0,0,184,0,0,0,967,122,420,376,0,0,1,0.967
2640,11.951,20.645,0.044,0.0,0.0,0.0,0.0,0.0,534.0,2616.0,0.817,0,6,0,9.797,9.709,254,240,2,12,24,12,0,1920,0,0,0,0,0,0,0,0,0,0,184,0,0,0,1117,134,433,487,0,0,3,1.117
2641,12.025,20.645,0.044,0.0,0.0,0.0,0.0,0.0,534.0,2616.0,0.882,0,6,0,9.814,9.713,253,240,2,12,24,12,0,1920,0,0,0,0,0,0,0,0,0,0,184,0,0,0,1002,133,410,396,0,0,2,1.002
2642,12.987,20.645,0.044,0.0,0.0,0.0,0.0,0.0,534.0,2616.0,0.657,0,6,0,10.727,10.633,254,240,2,12,24,12,0,1920,0,0,0,0,0,0,0,0,0,0,184,0,0,0,1016,118,459,384,0,0,3,1.016
2643,11.543,20.645,0.044,0.0,0.0,0.0,0.0,0.0,534.0,2616.0,0.672,0,6,0,9.524,9.437,254,240,2,12,24,12,0,1920,0,0,0,0,0,0,0,0,0,0,184,0,0,0,991,122,402,414,0,0,3,0.991
2644,11.802,20.645,0.044,0.0,0.0,0.0,0.0,0.0,534.0,2616.0,0.758,0,6,0,9.73,9.629,252,240,2,12,24,12,0,1920,0,0,0,0,0,0,0,0,0,0,184,0,0,0,1062,155,440,407,0,0,1,1.062
2645,12.951,20.645,0.044,0.0,0.0,0.0,0.0,0.0,534.0,2616.0,0.653,0,6,0,10.81,9.703,254,240,2,12,24,12,0,1920,0,0,0,0,0,0,0,0,0,0,184,0,0,0,1026,112,442,420,0,0,2,1.026
2646,22.945,20.645,0.044,0.0,0.0,0.0,0.0,0.0,534.0,2616.0,2.925,0,6,0,20.968,20.885,253,240,2,12,24,12,0,1920,0,0,0,0,0,0,0,0,0,0,184,0,0,0,988,112,445,381,0,0,2,0.988
2647,17.713,20.645,0.044,0.0,0.0,0.0,0.0,0.0,534.0,2616.0,0.629,0,6,0,13.407,13.316,253,240,2,12,24,12,0,1920,0,0,0,0,0,0,0,0,0,0,184,0,0,0,965,113,419,384,0,0,2,0.965
2648,17.103,20.645,0.044,0.0,0.0,0.0,0.0,0.0,534.0,2616.0,1.407,0,6,0,14.963,14.869,254,240,2,12,24,12,0,1920,0,0,0,0,0,0,0,0,0,0,184,0,0,0,1144,132,532,418,0,0,3,1.144
2649,12.717,20.645,0.044,0.0,0.0,0.0,0.0,0.0,534.0,2616.0,0.723,0,6,0,9.924,9.828,253,240,2,12,24,12,0,1920,0,0,0,0,0,0,0,0,0,0,184,0,0,0,994,107,414,424,0,0,2,0.994
2650,12.53,20.645,0.044,0.0,0.0,0.0,0.0,0.0,534.0,2616.0,0.724,0,6,0,10.435,10.34,254,240,2,12,24,12,0,1920,0,0,0,0,0,0,0,0,0,0,184,0,0,0,1015,116,405,400,0,0,1,1.015
2651,12.653,20.645,0.044,0.0,0.0,0.0,0.0,0.0,534.0,2616.0,0.638,0,6,0,10.488,10.405,252,240,2,12,24,12,0,1920,0,0,0,0,0,0,0,0,0,0,184,0,0,0,1086,116,440,472,0,0,3,1.086
2652,12.219,20.645,0.044,0.0,0.0,0.0,0.0,0.0,534.0,2616.0,0.794,0,6,0,10.161,10.052,253,240,2,12,24,12,0,1920,0,0,0,0,0,0,0,0,0,0,184,0,0,0,1053,113,473,409,0,0,2,1.053
2653,11.86,20.645,0.044,0.0,0.0,0.0,0.0,0.0,534.0,2616.0,0.635,0,6,0,9.688,9.597,253,240,2,12,24,12,0,1920,0,0,0,0,0,0,0,0,0,0,184,0,0,0,1022,114,462,377,0,0,2,1.022
2654,11.852,20.645,0.044,0.0,0.0,0.0,0.0,0.0,534.0,2616.0,0.678,0,6,0,9.82,9.733,253,240,2,12,24,12,0,1920,0,0,0,0,0,0,0,0,0,0,184,0,0,0,1034,136,462,386,0,0,2,1.034
2655,12.234,20.645,0.044,0.0,0.0,0.0,0.0,0.0,534.0,2616.0,0.697,0,6,0,10.051,9.962,254,240,2,12,24,12,0,1920,0,0,0,0,0,0,0,0,0,0,184,0,0,0,1139,125,493,469,0,0,2,1.139
2656,11.471,22.943,0.044,0.0,0.0,0.0,0.0,0.0,534.0,2616.0,0.666,0,6,0,9.429,9.338,254,240,2,12,24,12,0,1920,0,0,0,0,0,0,0,0,0,0,184,0,0,0,973,111,439,376,0,0,2,0.973
2657,12.391,22.943,0.044,0.0,0.0,0.0,0.0,0.0,534.0,2616.0,0.684,0,6,0,10.379,10.273,252,240,2,12,24,12,0,1920,0,0,0,0,0,0,0,0,0,0,184,0,0,0,1006,115,400,433,0,0,2,1.006
2658,11.515,22.943,0.044,0.0,0.0,0.0,0.0,0.0,534.0,2616.0,0.699,0,6,0,9.515,9.428,254,240,2,12,24,12,0,1920,0,0,0,0,0,0,0,0,0,0,184,0,0,0,962,119,420,376,0,0,2,0.962
2659,12.108,22.943,0.044,0.0,0.0,0.0,0.0,0.0,534.0,2616.0,0.68,0,6,0,10.071,9.938,253,240,2,12,24,12,0,1920,0,0,0,0,0,0,0,0,0,0,184,0,0,0,971,113,407,402,0,0,1,0.971
2660,11.573,22.943,0.044,0.0,0.0,0.0,0.0,0.0,534.0,2616.0,1.039,0,6,0,9.585,9.508,252,240,2,12,24,12,0,1920,0,0,0,0,0,0,0,0,0,0,184,0,0,0,959,111,402,399,0,0,3,0.959
2661,12.12,22.943,0.044,0.0,0.0,0.0,0.0,0.0,534.0,2616.0,0.787,0,6,0,9.758,9.633,253,240,2,12,24,12,0,1920,0,0,0,0,0,0,0,0,0,0,184,0,0,0,968,135,404,379,0,0,1,0.968
2662,11.208,22.943,0.044,0.0,0.0,0.0,0.0,0.0,534.0,2616.0,0.636,0,6,0,9.066,8.977,254,240,2,12,24,12,0,1920,0,0,0,0,0,0,0,0,0,0,184,0,0,0,950,109,416,376,0,0,2,0.95
2663,11.36,22.943,0.044,0.0,0.0,0.0,0.0,0.0,534.0,2616.0,0.649,0,6,0,9.424,9.351,252,240,2,12,24,12,0,1920,0,0,0,0,0,0,0,0,0,0,184,0,0,0,970,113,405,401,0,0,1,0.97
2664,12.214,22.943,0.044,0.0,0.0,0.0,0.0,0.0,534.0,2616.0,0.745,0,6,0,10.229,10.149,253,240,2,12,24,12,0,1920,0,0,0,0,0,0,0,0,0,0,184,0,0,0,973,116,398,410,0,0,2,0.973
2665,11.787,22.943,0.044,0.0,0.0,0.0,0.0,0.0,534.0,2616.0,0.637,0,6,0,9.722,9.63,252,240,2,12,24,12,0,1920,0,0,0,0,0,0,0,0,0,0,184,0,0,0,957,111,400,394,0,0,2,0.957
2666,11.32,22.943,0.044,0.0,0.0,0.0,0.0,0.0,534.0,2616.0,0.659,0,6,0,9.372,9.286,254,240,2,12,24,12,0,1920,0,0,0,0,0,0,0,0,0,0,184,0,0,0,995,107,430,412,0,0,2,0.995
2667,11.704,22.943,0.044,0.0,0.0,0.0,0.0,0.0,534.0,2616.0,0.702,0,6,0,9.377,9.302,252,240,2,12,24,12,0,1920,0,0,0,0,0,0,0,0,0,0,184,0,0,0,1313,117,460,676,0,0,3,1.313
2668,11.303,22.943,0.044,0.0,0.0,0.0,0.0,0.0,534.0,2616.0,0.677,0,6,0,9.262,9.176,253,240,2,12,24,12,0,1920,0,0,0,0,0,0,0,0,0,0,184,0,0,0,1001,141,435,376,0,0,2,1.001
2669,11.469,22.943,0.044,0.0,0.0,0.0,0.0,0.0,534.0,2616.0,0.664,0,6,0,9.493,9.4,255,240,2,12,24,12,0,1920,0,0,0,0,0,0,0,0,0,0,184,0,0,0,963,112,402,401,0,0,2,0.963
2670,11.273,22.943,0.044,0.0,0.0,0.0,0.0,0.0,534.0,2616.0,0.649,0,6,0,9.306,9.221,253,240,2,12,24,12,0,1920,0,0,0,0,0,0,0,0,0,0,184,0,0,0,951,110,394,394,0,0,2,0.951
2671,11.307,22.943,0.044,0.0,0.0,0.0,0.0,0.0,534.0,2616.0,0.718,0,6,0,9.383,9.263,252,240,2,12,24,12,0,1920,0,0,0,0,0,0,0,0,0,0,184,0,0,0,954,109,403,374,0,0,3,0.954
2672,15.602,22.943,0.044,0.0,0.0,0.0,0.0,0.0,534.0,2616.0,1.78,0,6,0,13.226,13.148,252,240,2,12,24,12,0,1920,0,0,0,0,0,0,0,0,0,0,184,0,0,0,1218,139,501,515,0,0,3,1.218
2673,14.914,22.943,0.044,0.0,0.0,0.0,0.0,0.0,534.0,2616.0,0.687,0,6,0,11.662,11.546,253,240,2,12,24,12,0,1920,0,0,0,0,0,0,0,0,0,0,184,0,0,0,1000,114,402,420,0,0,2,1.0
2674,13.195,22.943,0.044,0.0,0.0,0.0,0.0,0.0,534.0,2616.0,1.192,0,6,0,10.777,10.685,254,240,2,12,24,12,0,1920,0,0,0,0,0,0,0,0,0,0,184,0,0,0,1289,177,540,498,0,0,2,1.289
2675,16.677,22.943,0.044,0.0,0.0,0.0,0.0,0.0,534.0,2616.0,0.668,0,6,0,13.035,12.745,252,240,2,12,24,12,0,1920,0,0,0,0,0,0,0,0,0,0,184,0,0,0,1981,142,1303,470,0,0,3,1.981
2676,13.935,22.943,0.044,0.0,0.0,0.0,0.0,0.0,534.0,2616.0,0.676,0,6,0,11.789,11.7,252,240,2,12,24,12,0,1920,0,0,0,0,0,0,0,0,0,0,184,0,0,0,1024,120,464,386,0,0,2,1.024
2677,16.264,22.943,0.044,0.0,0.0,0.0,0.0,0.0,534.0,2616.0,1.037,0,6,0,13.881,13.74,253,240,2,12,24,12,0,1920,0,0,0,0,0,0,0,0,0,0,184,0,0,0,1242,139,543,482,0,0,3,1.242
2678,17.876,22.943,0.044,0.0,0.0,0.0,0.0,0.0,534.0,2616.0,0.98,0,6,0,14.937,14.82,253,240,2,12,24,12,0,1920,0,0,0,0,0,0,0,0,0,0,184,0,0,0,1429,195,567,584,0,0,3,1.429
2679,12.646,22.943,0.044,0.0,0.0,0.0,0.0,0.0,534.0,2616.0,0.827,0,6,0,10.226,10.137,252,240,2,12,24,12,0,1920,0,0,0,0,0,0,0,0,0,0,184,0,0,0,985,155,399,383,0,0,1,0.985
2680,12.797,22.943,0.044,0.0,0.0,0.0,0.0,0.0,534.0,2616.0,0.756,0,6,0,10.333,9.976,253,240,2,12,24,12,0,1920,0,0,0,0,0,0,0,0,0,0,184,0,0,0,1113,175,456,419,0,0,2,1.113
2681,13.729,22.943,0.044,0.0,0.0,0.0,0.0,0.0,534.0,2616.0,0.746,0,6,0,10.123,9.964,255,240,2,12,24,12,0,1920,0,0,0,0,0,0,0,0,0,0,184,0,0,0,2309,127,466,1518,0,0,2,2.309
2682,12.145,22.943,0.044,0.0,0.0,0.0,0.0,0.0,534.0,2616.0,0.74,0,6,0,9.93,9.848,252,240,2,12,24,12,0,1920,0,0,0,0,0,0,0,0,0,0,184,0,0,0,1094,129,457,450,0,0,2,1.094
2683,12.23,22.943,0.044,0.0,0.0,0.0,0.0,0.0,534.0,2616.0,0.66,0,6,0,10.164,10.076,253,240,2,12,24,12,0,1920,0,0,0,0,0,0,0,0,0,0,184,0,0,0,950,129,400,376,0,0,2,0.95
2684,14.044,22.943,0.044,0.0,0.0,0.0,0.0,0.0,534.0,2616.0,0.678,0,6,0,11.962,11.871,253,240,2,12,24,12,0,1920,0,0,0,0,0,0,0,0,0,0,184,0,0,0,1066,117,449,450,0,0,2,1.066
2685,14.571,22.943,0.044,0.0,0.0,0.0,0.0,0.0,534.0,2616.0,0.751,0,6,0,12.318,10.709,253,240,2,12,24,12,0,1920,0,0,0,0,0,0,0,0,0,0,184,0,0,0,1167,147,554,402,0,0,2,1.167
2686,17.858,22.943,0.044,0.0,0.0,0.0,0.0,0.0,534.0,2616.0,1.174,0,6,0,14.249,14.147,252,240,2,12,24,12,0,1920,0,0,0,0,0,0,0,0,0,0,184,0,0,0,1653,156,691,725,0,0,4,1.653
2687,18.082,22.943,0.044,0.0,0.0,0.0,0.0,0.0,534.0,2616.0,1.207,0,6,0,14.599,14.448,254,240,2,12,24,12,0,1920,0,0,0,0,0,0,0,0,0,0,184,0,0,0,1763,215,694,765,0,0,4,1.763
2688,17.723,22.943,0.044,0.0,0.0,0.0,0.0,0.0,534.0,2616.0,1.069,0,6,0,14.648,14.511,254,240,2,12,24,12,0,1920,0,0,0,0,0,0,0,0,0,0,184,0,0,0,1409,156,585,595,0,0,4,1.409
2689,17.654,22.943,0.044,0.0,0.0,0.0,0.0,0.0,534.0,2616.0,0.964,0,6,0,14.669,14.532,252,240,2,12,24,12,0,1920,0,0,0,0,0,0,0,0,0,0,184,0,0,0,1397,167,606,541,0,0,3,1.397
2690,17.635,22.943,0.044,0.0,0.0,0.0,0.0,0.0,534.0,2616.0,1.093,0,6,0,14.718,14.527,254,240,2,12,24,12,0,1920,0,0,0,0,0,0,0,0,0,0,184,0,0,0,1485,189,672,533,0,0,3,1.485
2691,17.646,22.943,0.044,0.0,0.0,0.0,0.0,0.0,534.0,2616.0,0.801,0,6,0,14.703,14.588,252,240,2,12,24,12,0,1920,0,0,0,0,0,0,0,0,0,0,184,0,0,0,1372,164,590,554,0,0,4,1.372
2692,16.005,22.943,0.044,0.0,0.0,0.0,0.0,0.0,534.0,2616.0,0.886,0,6,0,13.393,13.291,252,240,2,12,24,12,0,1920,0,0,0,0,0,0,0,0,0,0,184,0,0,0,1333,157,602,507,0,0,4,1.333
2693,16.279,22.943,0.044,0.0,0.0,0.0,0.0,0.0,534.0,2616.0,0.931,0,6,0,13.569,13.44,253,240,2,12,24,12,0,1920,0,0,0,0,0,0,0,0,0,0,184,0,0,0,1319,160,578,508,0,0,3,1.319
2694,16.004,22.943,0.044,0.0,0.0,0.0,0.0,0.0,534.0,2616.0,0.935,0,6,0,13.274,13.147,254,240,2,12,24,12,0,1920,0,0,0,0,0,0,0,0,0,0,184,0,0,0,1343,154,575,550,0,0,3,1.343
2695,15.867,22.943,0.044,0.0,0.0,0.0,0.0,0.0,534.0,2616.0,0.915,0,6,0,13.161,13.039,253,240,2,12,24,12,0,1920,0,0,0,0,0,0,0,0,0,0,184,0,0,0,1342,153,549,545,0,0,3,1.342
2696,16.223,22.943,0.044,0.0,0.0,0.0,0.0,0.0,534.0,2616.0,0.905,0,6,0,13.45,13.334,253,240,2,12,24,12,0,1920,0,0,0,0,0,0,0,0,0,0,184,0,0,0,1353,173,589,523,0,0,3,1.353
2697,16.182,22.943,0.044,0.0,0.0,0.0,0.0,0.0,534.0,2616.0,0.85,0,6,0,13.395,13.294,252,240,2,12,24,12,0,1920,0,0,0,0,0,0,0,0,0,0,184,0,0,0,1366,189,572,538,0,0,3,1.366
2698,17.723,22.943,0.044,0.0,0.0,0.0,0.0,0.0,534.0,2616.0,0.91,0,6,0,14.973,13.209,253,240,2,12,24,12,0,1920,0,0,0,0,0,0,0,0,0,0,184,0,0,0,1419,195,597,561,0,0,3,1.419
2699,16.211,22.943,0.044,0.0,0.0,0.0,0.0,0.0,534.0,2616.0,0.953,0,6,0,13.385,13.271,253,240,2,12,24,12,0,1920,0,0,0,0,0,0,0,0,0,0,184,0,0,0,1423,168,607,579,0,0,3,1.423
2700,16.19,22.943,0.044,0.0,0.0,0.0,0.0,0.0,534.0,2616.0,0.925,0,6,0,13.284,13.171,252,240,2,12,24,12,0,1920,0,0,0,0,0,0,0,0,0,0,184,0,0,0,1465,165,601,619,0,0,4,1.465
2701,15.617,22.943,0.044,0.0,0.0,0.0,0.0,0.0,534.0,2616.0,0.917,0,6,0,12.877,12.76,253,240,2,12,24,12,0,1920,0,0,0,0,0,0,0,0,0,0,184,0,0,0,1358,152,572,573,0,0,4,1.358
2702,15.616,22.943,0.044,0.0,0.0,0.0,0.0,0.0,534.0,2616.0,0.911,0,6,0,12.829,12.705,254,240,2,12,24,12,0,1920,0,0,0,0,0,0,0,0,0,0,184,0,0,0,1392,164,578,587,0,0,2,1.392
2703,13.93,22.943,0.044,0.0,0.0,0.0,0.0,0.0,534.0,2616.0,0.641,0,6,0,11.599,11.474,253,240,2,12,24,12,0,1920,0,0,0,0,0,0,0,0,0,0,184,0,0,0,980,136,403,393,0,0,2,0.98
2704,11.296,22.943,0.044,0.0,0.0,0.0,0.0,0.0,534.0,2616.0,0.632,0,6,0,9.285,9.198,252,240,2,12,24,12,0,1920,0,0,0,0,0,0,0,0,0,0,184,0,0,0,987,112,427,397,0,0,2,0.987
2705,11.423,22.943,0.044,0.0,0.0,0.0,0.0,0.0,534.0,2616.0,0.74,0,6,0,9.31,9.219,253,240,2,12,24,12,0,1920,0,0,0,0,0,0,0,0,0,0,184,0,0,0,1061,111,465,430,0,0,3,1.061
2706,11.363,22.943,0.044,0.0,0.0,0.0,0.0,0.0,534.0,2616.0,0.694,0,6,0,9.281,9.198,252,240,2,12,24,12,0,1920,0,0,0,0,0,0,0,0,0,0,184,0,0,0,946,110,391,396,0,0,3,0.946
2707,11.22,22.943,0.044,0.0,0.0,0.0,0.0,0.0,534.0,2616.0,0.636,0,6,0,9.213,9.122,254,240,2,12,24,12,0,1920,0,0,0,0,0,0,0,0,0,0,184,0,0,0,956,110,406,392,0,0,2,0.956
2708,11.227,22.943,0.044,0.0,0.0,0.0,0.0,0.0,534.0,2616.0,0.63,0,6,0,9.206,9.104,253,240,2,12,24,12,0,1920,0,0,0,0,0,0,0,0,0,0,184,0,0,0,1034,136,424,419,0,0,2,1.034
2709,11.447,22.943,0.044,0.0,0.0,0.0,0.0,0.0,534.0,2616.0,0.662,0,6,0,9.521,9.426,253,240,2,12,24,12,0,1920,0,0,0,0,0,0,0,0,0,0,184,0,0,0,949,133,392,379,0,0,1,0.949
2710,11.258,22.943,0.044,0.0,0.0,0.0,0.0,0.0,534.0,2616.0,0.624,0,6,0,9.257,9.182,252,240,2,12,24,12,0,1920,0,0,0,0,0,0,0,0,0,0,184,0,0,0,997,118,431,396,0,0,2,0.997
2711,11.591,22.943,0.044,0.0,0.0,0.0,0.0,0.0,534.0,2616.0,0.827,0,6,0,9.3,9.218,253,240,2,12,24,12,0,1920,0,0,0,0,0,0,0,0,0,0,184,0,0,0,1332,119,527,611,0,0,3,1.332
2712,13.187,22.943,0.044,0.0,0.0,0.0,0.0,0.0,534.0,2616.0,0.642,0,6,0,11.003,10.912,253,240,2,12,24,12,0,1920,0,0,0,0,0,0,0,0,0,0,184,0,0,0,981,136,410,382,0,0,2,0.981
2713,11.358,22.943,0.044,0.0,0.0,0.0,0.0,0.0,534.0,2616.0,0.572,0,6,0,9.348,9.247,254,240,2,12,24,12,0,1920,0,0,0,0,0,0,0,0,0,0,184,0,0,0,1011,151,412,397,0,0,1,1.011
2714,11.521,22.943,0.044,0.0,0.0,0.0,0.0,0.0,534.0,2616.0,0.631,0,6,0,9.582,9.444,252,240,2,12,24,12,0,1920,0,0,0,0,0,0,0,0,0,0,184,0,0,0,1017,152,438,379,0,0,2,1.017
2715,11.234,22.943,0.044,0.0,0.0,0.0,0.0,0.0,534.0,2616.0,0.701,0,6,0,9.301,9.213,253,240,2,12,24,12,0,1920,0,0,0,0,0,0,0,0,0,0,184,0,0,0,948,107,416,380,0,0,2,0.948
2716,11.373,22.943,0.044,0.0,0.0,0.0,0.0,0.0,534.0,2616.0,0.704,0,6,0,9.379,9.272,253,240,2,12,24,12,0,1920,0,0,0,0,0,0,0,0,0,0,184,0,0,0,970,128,401,389,0,0,2,0.97
2717,11.398,22.943,0.044,0.0,0.0,0.0,0.0,0.0,534.0,2616.0,0.654,0,6,0,9.388,9.294,254,240,2,12,24,12,0,1920,0,0,0,0,0,0,0,0,0,0,184,0,0,0,964,109,409,395,0,0,3,0.964
2718,12.531,22.943,0.044,0.0,0.0,0.0,0.0,0.0,534.0,2616.0,0.611,0,6,0,10.572,10.498,252,240,2,12,24,12,0,1920,0,0,0,0,0,0,0,0,0,0,184,0,0,0,964,110,397,407,0,0,2,0.964
2719,11.663,22.943,0.044,0.0,0.0,0.0,0.0,0.0,534.0,2616.0,0.615,0,6,0,9.721,9.637,253,240,2,12,24,12,0,1920,0,0,0,0,0,0,0,0,0,0,184,0,0,0,944,110,392,393,0,0,2,0.944
2720,11.328,22.943,0.044,0.0,0.0,0.0,0.0,0.0,534.0,2616.0,0.606,0,6,0,9.392,9.302,254,240,2,12,24,12,0,1920,0,0,0,0,0,0,0,0,0,0,184,0,0,0,983,110,444,382,0,0,3,0.983
2721,10.991,22.943,0.044,0.0,0.0,0.0,0.0,0.0,534.0,2616.0,0.601,0,6,0,9.051,8.968,253,240,2,12,24,12,0,1920,0,0,0,0,0,0,0,0,0,0,184,0,0,0,954,110,418,373,0,0,3,0.954
2722,11.034,22.943,0.044,0.0,0.0,0.0,0.0,0.0,534.0,2616.0,0.639,0,6,0,9.106,9.025,253,240,2,12,24,12,0,1920,0,0,0,0,0,0,0,0,0,0,184,0,0,0,984,110,401,405,0,0,2,0.984
2723,11.029,22.943,0.044,0.0,0.0,0.0,0.0,0.0,534.0,2616.0,0.639,0,6,0,9.105,9.016,254,240,2,12,24,12,0,1920,0,0,0,0,0,0,0,0,0,0,184,0,0,0,972,109,425,388,0,0,2,0.972
2724,11.23,22.943,0.044,0.0,0.0,0.0,0.0,0.0,534.0,2616.0,0.642,0,6,0,9.321,9.246,252,240,2,12,24,12,0,1920,0,0,0,0,0,0,0,0,0,0,184,0,0,0,949,114,412,374,0,0,1,0.949
2725,11.149,22.943,0.044,0.0,0.0,0.0,0.0,0.0,534.0,2616.0,0.68,0,6,0,9.061,8.981,253,240,2,12,24,12,0,1920,0,0,0,0,0,0,0,0,0,0,184,0,0,0,1129,119,424,529,0,0,3,1.129
2726,10.818,22.943,0.044,0.0,0.0,0.0,0.0,0.0,534.0,2616.0,0.642,0,6,0,8.851,8.774,252,240,2,12,24,12,0,1920,0,0,0,0,0,0,0,0,0,0,184,0,0,0,969,107,435,379,0,0,3,0.969
2727,14.755,22.943,0.044,0.0,0.0,0.0,0.0,0.0,534.0,2616.0,0.956,0,6,0,12.34,12.257,254,240,2,12,24,12,0,1920,0,0,0,0,0,0,0,0,0,0,184,0,0,0,1391,223,574,527,0,0,3,1.391
2728,16.883,22.943,0.044,0.0,0.0,0.0,0.0,0.0,534.0,2616.0,1.063,0,6,0,13.916,13.806,253,240,2,12,24,12,0,1920,0,0,0,0,0,0,0,0,0,0,184,0,0,0,1490,170,682,554,0,0,5,1.49
2729,12.858,22.943,0.044,0.0,0.0,0.0,0.0,0.0,534.0,2616.0,0.628,0,6,0,10.289,10.144,255,240,2,12,24,12,0,1920,0,0,0,0,0,0,0,0,0,0,184,0,0,0,997,112,442,395,0,0,2,0.997
2730,11.32,18.108,0.08,0.0,0.0,0.0,0.0,0.0,534.0,2616.0,0.664,0,6,0,9.337,9.261,252,240,2,12,24,12,0,1920,0,0,0,0,0,0,0,0,0,0,184,0,0,0,1002,112,436,403,0,0,2,1.002
2731,12.813,18.108,0.08,0.0,0.0,0.0,0.0,0.0,534.0,2616.0,0.83,0,6,0,10.387,10.297,253,240,2,12,24,12,0,1920,0,0,0,0,0,0,0,0,0,0,184,0,0,0,1400,149,553,629,0,0,2,1.4
2732,15.902,18.108,0.08,0.0,0.0,0.0,0.0,0.0,534.0,2616.0,0.802,0,6,0,13.252,13.144,252,240,2,12,24,12,0,1920,0,0,0,0,0,0,0,0,0,0,184,0,0,0,1410,149,569,623,0,0,3,1.41
2733,14.297,18.108,0.08,0.0,0.0,0.0,0.0,0.0,534.0,2616.0,0.694,0,6,0,11.86,11.763,254,240,2,12,24,12,0,1920,0,0,0,0,0,0,0,0,0,0,184,0,0,0,1163,146,473,476,0,0,2,1.163
2734,13.759,18.108,0.08,0.0,0.0,0.0,0.0,0.0,534.0,2616.0,1.217,0,6,0,11.681,9.651,253,240,2,12,24,12,0,1920,0,0,0,0,0,0,0,0,0,0,184,0,0,0,1007,121,419,419,0,0,2,1.007
2735,12.295,18.108,0.08,0.0,0.0,0.0,0.0,0.0,534.0,2616.0,0.62,0,6,0,9.731,9.634,254,240,2,12,24,12,0,1920,0,0,0,0,0,0,0,0,0,0,184,0,0,0,960,112,395,404,0,0,2,0.96
2736,12.381,18.108,0.08,0.0,0.0,0.0,0.0,0.0,534.0,2616.0,0.666,0,6,0,10.46,10.37,253,240,2,12,24,12,0,1920,0,0,0,0,0,0,0,0,0,0,184,0,0,0,970,112,429,383,0,0,2,0.97
2737,11.471,18.108,0.08,0.0,0.0,0.0,0.0,0.0,534.0,2616.0,0.56,0,6,0,9.454,9.369,253,240,2,12,24,12,0,1920,0,0,0,0,0,0,0,0,0,0,184,0,0,0,1018,164,427,376,0,0,2,1.018
2738,11.439,18.108,0.08,0.0,0.0,0.0,0.0,0.0,534.0,2616.0,0.653,0,6,0,9.515,9.431,252,240,2,12,24,12,0,1920,0,0,0,0,0,0,0,0,0,0,184,0,0,0,1012,111,465,383,0,0,3,1.012
2739,11.295,18.108,0.08,0.0,0.0,0.0,0.0,0.0,534.0,2616.0,0.676,0,6,0,9.356,9.272,254,240,2,12,24,12,0,1920,0,0,0,0,0,0,0,0,0,0,184,0,0,0,949,111,417,375,0,0,2,0.949
2740,11.377,18.108,0.08,0.0,0.0,0.0,0.0,0.0,534.0,2616.0,0.668,0,6,0,9.323,9.246,252,240,2,12,24,12,0,1920,0,0,0,0,0,0,0,0,0,0,184,0,0,0,1065,157,404,373,0,0,2,1.065
2741,11.314,18.108,0.08,0.0,0.0,0.0,0.0,0.0,534.0,2616.0,0.701,0,6,0,9.347,9.251,254,240,2,12,24,12,0,1920,0,0,0,0,0,0,0,0,0,0,184,0,0,0,988,109,403,426,0,0,3,0.988
2742,11.36,18.108,0.08,0.0,0.0,0.0,0.0,0.0,534.0,2616.0,0.603,0,6,0,9.369,9.279,254,240,2,12,24,12,0,1920,0,0,0,0,0,0,0,0,0,0,184,0,0,0,950,115,408,377,0,0,2,0.95
2743,11.171,18.108,0.08,0.0,0.0,0.0,0.0,0.0,534.0,2616.0,0.6,0,6,0,9.273,9.194,253,240,2,12,24,12,0,1920,0,0,0,0,0,0,0,0,0,0,184,0,0,0,980,141,395,394,0,0,2,0.98
2744,10.98,18.108,0.08,0.0,0.0,0.0,0.0,0.0,534.0,2616.0,0.666,0,6,0,9.142,9.042,253,240,2,12,24,12,0,1920,0,0,0,0,0,0,0,0,0,0,184,0,0,0,945,103,422,375,0,0,2,0.945
2745,11.38,18.108,0.08,0.0,0.0,0.0,0.0,0.0,534.0,2616.0,0.656,0,6,0,9.427,9.346,253,240,2,12,24,12,0,1920,0,0,0,0,0,0,0,0,0,0,184,0,0,0,952,111,413,374,0,0,2,0.952
2746,10.994,18.108,0.08,0.0,0.0,0.0,0.0,0.0,534.0,2616.0,0.656,0,6,0,9.061,8.98,253,240,2,12,24,12,0,1920,0,0,0,0,0,0,0,0,0,0,184,0,0,0,949,111,420,375,0,0,1,0.949
2747,11.801,18.108,0.08,0.0,0.0,0.0,0.0,0.0,534.0,2616.0,0.645,0,6,0,9.861,9.781,253,240,2,12,24,12,0,1920,0,0,0,0,0,0,0,0,0,0,184,0,0,0,957,131,402,376,0,0,2,0.957
2748,10.963,18.108,0.08,0.0,0.0,0.0,0.0,0.0,534.0,2616.0,0.629,0,6,0,9.011,8.92,254,240,2,12,24,12,0,1920,0,0,0,0,0,0,0,0,0,0,184,0,0,0,949,110,398,380,0,0,2,0.949
2749,10.657,18.108,0.08,0.0,0.0,0.0,0.0,0.0,534.0,2616.0,0.649,0,6,0,8.775,8.682,254,240,2,12,24,12,0,1920,0,0,0,0,0,0,0,0,0,0,184,0,0,0,908,113,377,357,0,0,3,0.908
2750,10.738,18.108,0.08,0.0,0.0,0.0,0.0,0.0,534.0,2616.0,0.626,0,6,0,8.869,8.8,252,240,2,12,24,12,0,1920,0,0,0,0,0,0,0,0,0,0,184,0,0,0,919,105,417,353,0,0,2,0.919
2751,11.063,18.108,0.08,0.0,0.0,0.0,0.0,0.0,534.0,2616.0,0.622,0,6,0,9.229,9.153,253,240,2,12,24,12,0,1920,0,0,0,0,0,0,0,0,0,0,184,0,0,0,899,126,376,356,0,0,2,0.899
2752,12.499,18.108,0.08,0.0,0.0,0.0,0.0,0.0,534.0,2616.0,0.572,0,6,0,10.578,9.535,256,240,2,12,24,12,0,1920,0,0,0,0,0,0,0,0,0,0,184,0,0,0,962,107,407,399,0,0,2,0.962
2753,14.888,18.108,0.08,0.0,0.0,0.0,0.0,0.0,534.0,2616.0,0.603,0,6,0,12.994,12.888,254,240,2,12,24,12,0,1920,0,0,0,0,0,0,0,0,0,0,184,0,0,0,945,145,401,353,0,0,2,0.945
2754,11.955,18.108,0.08,0.0,0.0,0.0,0.0,0.0,534.0,2616.0,0.587,0,6,0,9.972,9.853,254,240,2,12,24,12,0,1920,0,0,0,0,0,0,0,0,0,0,184,0,0,0,985,121,422,389,0,0,3,0.985
2755,11.391,18.108,0.08,0.0,0.0,0.0,0.0,0.0,534.0,2616.0,0.609,0,6,0,9.471,9.383,253,240,2,12,24,12,0,1920,0,0,0,0,0,0,0,0,0,0,184,0,0,0,981,119,443,369,0,0,2,0.981
2756,12.6,18.108,0.08,0.0,0.0,0.0,0.0,0.0,534.0,2616.0,0.662,0,6,0,10.533,10.447,253,240,2,12,24,12,0,1920,0,0,0,0,0,0,0,0,0,0,184,0,0,0,1072,118,497,402,0,0,1,1.072
2757,11.849,18.108,0.08,0.0,0.0,0.0,0.0,0.0,534.0,2616.0,0.676,0,6,0,9.738,9.62,253,240,2,12,24,12,0,1920,0,0,0,0,0,0,0,0,0,0,184,0,0,0,1016,132,453,380,0,0,2,1.016
2758,13.227,18.108,0.08,0.0,0.0,0.0,0.0,0.0,534.0,2616.0,0.583,0,6,0,10.235,10.145,253,240,2,12,24,12,0,1920,0,0,0,0,0,0,0,0,0,0,184,0,0,0,1886,937,458,420,0,0,3,1.886
2759,14.351,18.108,0.08,0.0,0.0,0.0,0.0,0.0,534.0,2616.0,0.945,0,6,0,11.979,11.847,254,240,2,12,24,12,0,1920,0,0,0,0,0,0,0,0,0,0,184,0,0,0,1334,199,603,460,0,0,4,1.334
2760,14.869,18.108,0.08,0.0,0.0,0.0,0.0,0.0,534.0,2616.0,0.802,0,6,0,12.373,12.246,253,240,2,12,24,12,0,1920,0,0,0,0,0,0,0,0,0,0,184,0,0,0,1085,162,435,428,0,0,3,1.085
2761,13.757,18.108,0.08,0.0,0.0,0.0,0.0,0.0,534.0,2616.0,1.072,0,6,0,11.138,11.017,254,240,2,12,24,12,0,1920,0,0,0,0,0,0,0,0,0,0,184,0,0,0,1321,182,488,516,0,0,4,1.321
2762,14.253,18.108,0.08,0.0,0.0,0.0,0.0,0.0,534.0,2616.0,0.972,0,6,0,11.448,11.366,253,240,2,12,24,12,0,1920,0,0,0,0,0,0,0,0,0,0,184,0,0,0,1246,150,530,496,0,0,4,1.246
2763,15.74,18.108,0.08,0.0,0.0,0.0,0.0,0.0,534.0,2616.0,0.901,0,6,0,12.972,12.852,254,240,2,12,24,12,0,1920,0,0,0,0,0,0,0,0,0,0,184,0,0,0,1282,196,540,482,0,0,3,1.282
2764,15.831,18.108,0.08,0.0,0.0,0.0,0.0,0.0,534.0,2616.0,0.977,0,6,0,13.101,12.933,253,240,2,12,24,12,0,1920,0,0,0,0,0,0,0,0,0,0,184,0,0,0,1354,186,566,535,0,0,4,1.354
2765,12.626,18.108,0.08,0.0,0.0,0.0,0.0,0.0,534.0,2616.0,0.854,0,6,0,10.251,10.091,253,240,2,12,24,12,0,1920,0,0,0,0,0,0,0,0,0,0,184,0,0,0,957,114,386,415,0,0,2,0.957
2766,11.879,18.108,0.08,0.0,0.0,0.0,0.0,0.0,534.0,2616.0,0.975,0,6,0,9.662,9.572,253,240,2,12,24,12,0,1920,0,0,0,0,0,0,0,0,0,0,184,0,0,0,970,123,406,389,0,0,2,0.97
2767,12.831,18.108,0.08,0.0,0.0,0.0,0.0,0.0,534.0,2616.0,0.82,0,6,0,10.431,10.298,254,240,2,12,24,12,0,1920,0,0,0,0,0,0,0,0,0,0,184,0,0,0,974,118,450,362,0,0,2,0.974
2768,11.835,18.108,0.08,0.0,0.0,0.0,0.0,0.0,534.0,2616.0,0.725,0,6,0,9.568,9.476,252,240,2,12,24,12,0,1920,0,0,0,0,0,0,0,0,0,0,184,0,0,0,975,112,398,403,0,0,1,0.975
2769,11.943,18.108,0.08,0.0,0.0,0.0,0.0,0.0,534.0,2616.0,0.712,0,6,0,9.787,9.701,253,240,2,12,24,12,0,1920,0,0,0,0,0,0,0,0,0,0,184,0,0,0,952,113,406,374,0,0,3,0.952
2770,11.993,18.108,0.08,0.0,0.0,0.0,0.0,0.0,534.0,2616.0,0.69,0,6,0,9.651,9.556,254,240,2,12,24,12,0,1920,0,0,0,0,0,0,0,0,0,0,184,0,0,0,1202,191,495,455,0,0,3,1.202
2771,13.052,18.108,0.08,0.0,0.0,0.0,0.0,0.0,534.0,2616.0,0.985,0,6,0,10.84,10.714,255,240,2,12,24,12,0,1920,0,0,0,0,0,0,0,0,0,0,184,0,0,0,1052,112,424,453,0,0,2,1.052
2772,13.241,18.108,0.08,0.0,0.0,0.0,0.0,0.0,534.0,2616.0,0.659,0,6,0,10.928,10.835,253,240,2,12,24,12,0,1920,0,0,0,0,0,0,0,0,0,0,184,0,0,0,948,112,382,401,0,0,2,0.948
2773,12.453,18.108,0.08,0.0,0.0,0.0,0.0,0.0,534.0,2616.0,0.884,0,6,0,10.404,10.322,253,240,2,12,24,12,0,1920,0,0,0,0,0,0,0,0,0,0,184,0,0,0,989,135,435,371,0,0,2,0.989
2774,13.467,18.108,0.08,0.0,0.0,0.0,0.0,0.0,534.0,2616.0,0.68,0,6,0,10.979,10.858,252,240,2,12,24,12,0,1920,0,0,0,0,0,0,0,0,0,0,184,0,0,0,1084,135,424,469,0,0,3,1.084
2775,11.795,18.108,0.08,0.0,0.0,0.0,0.0,0.0,534.0,2616.0,0.969,0,6,0,9.705,9.623,253,240,2,12,24,12,0,1920,0,0,0,0,0,0,0,0,0,0,184,0,0,0,975,116,392,416,0,0,2,0.975
2776,13.632,18.108,0.08,0.0,0.0,0.0,0.0,0.0,534.0,2616.0,0.705,0,6,0,11.203,11.106,254,240,2,12,24,12,0,1920,0,0,0,0,0,0,0,0,0,0,184,0,0,0,1047,127,381,488,0,0,2,1.047
2777,11.468,18.108,0.08,0.0,0.0,0.0,0.0,0.0,534.0,2616.0,0.634,0,6,0,9.32,9.243,252,240,2,12,24,12,0,1920,0,0,0,0,0,0,0,0,0,0,184,0,0,0,1050,107,528,368,0,0,3,1.05
2778,11.916,18.108,0.08,0.0,0.0,0.0,0.0,0.0,534.0,2616.0,0.638,0,6,0,9.729,9.634,255,240,2,12,24,12,0,1920,0,0,0,0,0,0,0,0,0,0,184,0,0,0,1028,121,416,437,0,0,3,1.028
2779,12.384,18.108,0.08,0.0,0.0,0.0,0.0,0.0,534.0,2616.0,0.757,0,6,0,10.189,10.075,253,240,2,12,24,12,0,1920,0,0,0,0,0,0,0,0,0,0,184,0,0,0,1049,140,435,416,0,0,3,1.049
2780,13.915,18.108,0.08,0.0,0.0,0.0,0.0,0.0,534.0,2616.0,0.769,0,6,0,11.757,10.075,253,240,2,12,24,12,0,1920,0,0,0,0,0,0,0,0,0,0,184,0,0,0,1024,140,430,400,0,0,3,1.024
2781,12.576,18.108,0.08,0.0,0.0,0.0,0.0,0.0,534.0,2616.0,0.789,0,6,0,10.308,10.221,253,240,2,12,24,12,0,1920,0,0,0,0,0,0,0,0,0,0,184,0,0,0,1042,137,449,400,0,0,3,1.042
2782,14.125,18.108,0.08,0.0,0.0,0.0,0.0,0.0,534.0,2616.0,0.634,0,6,0,11.933,11.794,253,240,2,12,24,12,0,1920,0,0,0,0,0,0,0,0,0,0,184,0,0,0,996,115,432,399,0,0,2,0.996
2783,12.936,18.108,0.08,0.0,0.0,0.0,0.0,0.0,534.0,2616.0,0.991,0,6,0,10.442,10.309,253,240,2,12,24,12,0,1920,0,0,0,0,0,0,0,0,0,0,184,0,0,0,1424,166,624,554,0,0,4,1.424
2784,12.467,18.108,0.08,0.0,0.0,0.0,0.0,0.0,534.0,2616.0,0.943,0,6,0,10.049,9.876,254,240,2,12,24,12,0,1920,0,0,0,0,0,0,0,0,0,0,184,0,0,0,977,119,399,376,0,0,1,0.977
2785,13.111,18.108,0.08,0.0,0.0,0.0,0.0,0.0,534.0,2616.0,0.648,0,6,0,10.707,10.586,254,240,2,12,24,12,0,1920,0,0,0,0,0,0,0,0,0,0,184,0,0,0,1069,125,474,414,0,0,2,1.069
2786,11.605,18.108,0.08,0.0,0.0,0.0,0.0,0.0,534.0,2616.0,0.649,0,6,0,9.675,9.597,252,240,2,12,24,12,0,1920,0,0,0,0,0,0,0,0,0,0,184,0,0,0,955,109,420,375,0,0,2,0.955
2787,11.593,18.108,0.08,0.0,0.0,0.0,0.0,0.0,534.0,2616.0,0.737,0,6,0,9.63,9.55,253,240,2,12,24,12,0,1920,0,0,0,0,0,0,0,0,0,0,184,0,0,0,978,150,403,375,0,0,1,0.978
2788,11.965,18.108,0.08,0.0,0.0,0.0,0.0,0.0,534.0,2616.0,0.731,0,6,0,9.938,9.854,253,240,2,12,24,12,0,1920,0,0,0,0,0,0,0,0,0,0,184,0,0,0,958,132,393,380,0,0,1,0.958
2789,11.971,18.108,0.08,0.0,0.0,0.0,0.0,0.0,534.0,2616.0,0.781,0,6,0,9.871,9.789,253,240,2,12,24,12,0,1920,0,0,0,0,0,0,0,0,0,0,184,0,0,0,1039,187,427,376,0,0,1,1.039
2790,15.627,18.108,0.08,0.0,0.0,0.0,0.0,0.0,534.0,2616.0,0.667,0,6,0,13.408,13.298,253,240,2,12,24,12,0,1920,0,0,0,0,0,0,0,0,0,0,184,0,0,0,1009,152,399,405,0,0,3,1.009
2791,11.712,18.108,0.08,0.0,0.0,0.0,0.0,0.0,534.0,2616.0,0.625,0,6,0,9.676,9.547,254,240,2,12,24,12,0,1920,0,0,0,0,0,0,0,0,0,0,184,0,0,0,961,121,415,381,0,0,2,0.961
2792,11.188,18.108,0.08,0.0,0.0,0.0,0.0,0.0,534.0,2616.0,0.66,0,6,0,9.262,9.142,255,240,2,12,24,12,0,1920,0,0,0,0,0,0,0,0,0,0,184,0,0,0,977,106,394,434,0,0,2,0.977
2793,11.29,18.108,0.08,0.0,0.0,0.0,0.0,0.0,534.0,2616.0,0.662,0,6,0,9.342,9.264,253,240,2,12,24,12,0,1920,0,0,0,0,0,0,0,0,0,0,184,0,0,0,961,120,397,398,0,0,1,0.961
2794,11.84,18.108,0.08,0.0,0.0,0.0,0.0,0.0,534.0,2616.0,0.622,0,6,0,9.819,9.654,254,240,2,12,24,12,0,1920,0,0,0,0,0,0,0,0,0,0,184,0,0,0,975,115,423,388,0,0,2,0.975
2795,11.248,18.108,0.08,0.0,0.0,0.0,0.0,0.0,534.0,2616.0,0.713,0,6,0,9.233,9.152,252,240,2,12,24,12,0,1920,0,0,0,0,0,0,0,0,0,0,184,0,0,0,1061,120,458,429,0,0,2,1.061
2796,11.625,18.108,0.08,0.0,0.0,0.0,0.0,0.0,534.0,2616.0,0.722,0,6,0,9.496,9.414,253,240,2,12,24,12,0,1920,0,0,0,0,0,0,0,0,0,0,184,0,0,0,1085,122,441,466,0,0,3,1.085
2797,11.401,18.108,0.08,0.0,0.0,0.0,0.0,0.0,534.0,2616.0,0.755,0,6,0,9.363,9.27,254,240,2,12,24,12,0,1920,0,0,0,0,0,0,0,0,0,0,184,0,0,0,965,112,423,381,0,0,2,0.965
2798,11.371,18.108,0.08,0.0,0.0,0.0,0.0,0.0,534.0,2616.0,0.619,0,6,0,9.3,9.202,254,240,2,12,24,12,0,1920,0,0,0,0,0,0,0,0,0,0,184,0,0,0,948,110,392,390,0,0,1,0.948
2799,11.645,18.108,0.08,0.0,0.0,0.0,0.0,0.0,534.0,2616.0,0.679,0,6,0,9.624,9.542,254,240,2,12,24,12,0,1920,0,0,0,0,0,0,0,0,0,0,184,0,0,0,1079,119,457,429,0,0,2,1.079
2800,12.619,18.108,0.08,0.0,0.0,0.0,0.0,0.0,534.0,2616.0,0.741,0,6,0,10.632,10.544,254,240,2,12,24,12,0,1920,0,0,0,0,0,0,0,0,0,0,184,0,0,0,980,112,422,378,0,0,2,0.98
2801,13.492,18.108,0.08,0.0,0.0,0.0,0.0,0.0,534.0,2616.0,0.749,0,6,0,10.647,10.534,252,240,2,12,24,12,0,1920,0,0,0,0,0,0,0,0,0,0,184,0,0,0,1619,169,656,685,0,0,2,1.619
2802,12.247,18.108,0.08,0.0,0.0,0.0,0.0,0.0,534.0,2616.0,0.615,0,6,0,10.123,10.032,254,240,2,12,24,12,0,1920,0,0,0,0,0,0,0,0,0,0,184,0,0,0,1001,112,433,398,0,0,2,1.001
2803,13.162,18.108,0.08,0.0,0.0,0.0,0.0,0.0,534.0,2616.0,1.351,0,6,0,10.337,10.248,254,240,2,12,24,12,0,1920,0,0,0,0,0,0,0,0,0,0,184,0,0,0,1689,174,735,663,0,0,4,1.689
2804,13.209,18.108,0.08,0.0,0.0,0.0,0.0,0.0,534.0,2616.0,0.714,0,6,0,10.432,10.302,254,240,2,12,24,12,0,1920,0,0,0,0,0,0,0,0,0,0,184,0,0,0,1041,180,433,381,0,0,3,1.041
2805,11.78,18.108,0.08,0.0,0.0,0.0,0.0,0.0,534.0,2616.0,0.718,0,6,0,9.726,9.631,254,240,2,12,24,12,0,1920,0,0,0,0,0,0,0,0,0,0,184,0,0,0,960,111,420,377,0,0,3,0.96
2806,13.402,18.108,0.08,0.0,0.0,0.0,0.0,0.0,534.0,2616.0,0.673,0,6,0,11.207,11.116,254,240,2,12,24,12,0,1920,0,0,0,0,0,0,0,0,0,0,184,0,0,0,1090,135,459,439,0,0,2,1.09
2807,12.121,18.108,0.08,0.0,0.0,0.0,0.0,0.0,534.0,2616.0,0.616,0,6,0,10.091,10.007,253,240,2,12,24,12,0,1920,0,0,0,0,0,0,0,0,0,0,184,0,0,0,1005,122,399,414,0,0,3,1.005
2808,13.011,18.108,0.08,0.0,0.0,0.0,0.0,0.0,534.0,2616.0,0.69,0,6,0,11.024,9.82,256,240,2,12,24,12,0,1920,0,0,0,0,0,0,0,0,0,0,184,0,0,0,1016,113,423,399,0,0,3,1.016
2809,13.074,18.108,0.08,0.0,0.0,0.0,0.0,0.0,534.0,2616.0,0.655,0,6,0,11.017,10.934,253,240,2,12,24,12,0,1920,0,0,0,0,0,0,0,0,0,0,184,0,0,0,1022,119,478,379,0,0,2,1.022
2810,12.538,15.858,0.042,0.0,0.0,0.0,0.0,0.0,534.0,2616.0,0.718,0,6,0,10.491,10.386,255,240,2,12,24,12,0,1920,0,0,0,0,0,0,0,0,0,0,184,0,0,0,1047,113,478,404,0,0,3,1.047
2811,14.129,15.858,0.042,0.0,0.0,0.0,0.0,0.0,534.0,2616.0,0.753,0,6,0,12.051,11.926,253,240,2,12,24,12,0,1920,0,0,0,0,0,0,0,0,0,0,184,0,0,0,977,115,425,382,0,0,2,0.977
2812,11.587,15.858,0.042,0.0,0.0,0.0,0.0,0.0,534.0,2616.0,0.583,0,6,0,9.466,9.374,254,240,2,12,24,12,0,1920,0,0,0,0,0,0,0,0,0,0,184,0,0,0,997,116,445,385,0,0,1,0.997
2813,11.886,15.858,0.042,0.0,0.0,0.0,0.0,0.0,534.0,2616.0,0.658,0,6,0,9.881,9.787,254,240,2,12,24,12,0,1920,0,0,0,0,0,0,0,0,0,0,184,0,0,0,1086,149,506,378,0,0,2,1.086
2814,11.574,15.858,0.042,0.0,0.0,0.0,0.0,0.0,534.0,2616.0,0.677,0,6,0,9.542,9.448,254,240,2,12,24,12,0,1920,0,0,0,0,0,0,0,0,0,0,184,0,0,0,1020,112,468,380,0,0,1,1.02
2815,12.684,15.858,0.042,0.0,0.0,0.0,0.0,0.0,534.0,2616.0,0.639,0,6,0,10.643,10.559,253,240,2,12,24,12,0,1920,0,0,0,0,0,0,0,0,0,0,184,0,0,0,1005,145,426,385,0,0,3,1.005
2816,12.324,15.858,0.042,0.0,0.0,0.0,0.0,0.0,534.0,2616.0,0.684,0,6,0,10.231,10.14,254,240,2,12,24,12,0,1920,0,0,0,0,0,0,0,0,0,0,184,0,0,0,988,121,425,377,0,0,3,0.988
2817,11.533,15.858,0.042,0.0,0.0,0.0,0.0,0.0,534.0,2616.0,0.655,0,6,0,9.303,9.212,254,240,2,12,24,12,0,1920,0,0,0,0,0,0,0,0,0,0,184,0,0,0,1189,135,477,514,0,0,3,1.189
2818,11.542,15.858,0.042,0.0,0.0,0.0,0.0,0.0,534.0,2616.0,0.687,0,6,0,9.534,9.398,253,240,2,12,24,12,0,1920,0,0,0,0,0,0,0,0,0,0,184,0,0,0,1001,122,395,430,0,0,3,1.001
2819,13.976,15.858,0.042,0.0,0.0,0.0,0.0,0.0,534.0,2616.0,0.728,0,6,0,11.933,11.845,254,240,2,12,24,12,0,1920,0,0,0,0,0,0,0,0,0,0,184,0,0,0,1012,122,455,382,0,0,2,1.012
2820,12.078,15.858,0.042,0.0,0.0,0.0,0.0,0.0,534.0,2616.0,0.774,0,6,0,9.848,9.75,255,240,2,12,24,12,0,1920,0,0,0,0,0,0,0,0,0,0,184,0,0,0,1147,109,601,388,0,0,2,1.147
2821,14.124,15.858,0.042,0.0,0.0,0.0,0.0,0.0,534.0,2616.0,0.667,0,6,0,11.944,11.85,253,240,2,12,24,12,0,1920,0,0,0,0,0,0,0,0,0,0,184,0,0,0,1039,112,425,446,0,0,3,1.039
2822,11.504,15.858,0.042,0.0,0.0,0.0,0.0,0.0,534.0,2616.0,0.574,0,6,0,9.484,9.374,256,240,2,12,24,12,0,1920,0,0,0,0,0,0,0,0,0,0,184,0,0,0,990,114,385,437,0,0,3,0.99
2823,13.644,15.858,0.042,0.0,0.0,0.0,0.0,0.0,534.0,2616.0,0.577,0,6,0,11.749,10.227,253,240,2,12,24,12,0,1920,0,0,0,0,0,0,0,0,0,0,184,0,0,0,935,109,407,374,0,0,2,0.935
2824,11.123,15.858,0.042,0.0,0.0,0.0,0.0,0.0,534.0,2616.0,0.658,0,6,0,9.255,9.157,254,240,2,12,24,12,0,1920,0,0,0,0,0,0,0,0,0,0,184,0,0,0,966,112,391,418,0,0,1,0.966
2825,11.405,15.858,0.042,0.0,0.0,0.0,0.0,0.0,534.0,2616.0,0.651,0,6,0,9.449,9.314,256,240,2,12,24,12,0,1920,0,0,0,0,0,0,0,0,0,0,184,0,0,0,967,107,387,421,0,0,3,0.967
2826,11.16,15.858,0.042,0.0,0.0,0.0,0.0,0.0,534.0,2616.0,0.674,0,6,0,9.257,9.173,254,240,2,12,24,12,0,1920,0,0,0,0,0,0,0,0,0,0,184,0,0,0,923,108,400,371,0,0,2,0.923
2827,11.69,15.858,0.042,0.0,0.0,0.0,0.0,0.0,534.0,2616.0,0.623,0,6,0,9.764,9.689,252,240,2,12,24,12,0,1920,0,0,0,0,0,0,0,0,0,0,184,0,0,0,928,128,389,364,0,0,2,0.928
2828,21.923,15.858,0.042,0.0,0.0,0.0,0.0,0.0,534.0,2616.0,0.949,0,6,0,19.438,19.324,255,240,2,12,24,12,0,1920,0,0,0,0,0,0,0,0,0,0,184,0,0,0,1415,211,527,584,0,0,4,1.415
2829,15.919,15.858,0.042,0.0,0.0,0.0,0.0,0.0,534.0,2616.0,0.9,0,6,0,13.045,12.937,252,240,2,12,24,12,0,1920,0,0,0,0,0,0,0,0,0,0,184,0,0,0,1412,152,631,558,0,0,4,1.412
2830,16.873,15.858,0.042,0.0,0.0,0.0,0.0,0.0,534.0,2616.0,0.949,0,6,0,14.146,14.006,257,240,2,12,24,12,0,1920,0,0,0,0,0,0,0,0,0,0,184,0,0,0,1331,165,523,570,0,0,4,1.331
2831,17.096,15.858,0.042,0.0,0.0,0.0,0.0,0.0,534.0,2616.0,0.967,0,6,0,14.286,14.157,254,240,2,12,24,12,0,1920,0,0,0,0,0,0,0,0,0,0,184,0,0,0,1351,160,552,538,0,0,3,1.351
2832,16.721,15.858,0.042,0.0,0.0,0.0,0.0,0.0,534.0,2616.0,0.977,0,6,0,13.918,13.779,254,240,2,12,24,12,0,1920,0,0,0,0,0,0,0,0,0,0,184,0,0,0,1304,172,573,488,0,0,4,1.304
2833,16.909,15.858,0.042,0.0,0.0,0.0,0.0,0.0,534.0,2616.0,0.793,0,6,0,14.342,14.242,252,240,2,12,24,12,0,1920,0,0,0,0,0,0,0,0,0,0,184,0,0,0,1103,166,494,385,0,0,2,1.103
2834,11.79,15.858,0.042,0.0,0.0,0.0,0.0,0.0,534.0,2616.0,0.668,0,6,0,9.644,9.542,255,240,2,12,24,12,0,1920,0,0,0,0,0,0,0,0,0,0,184,0,0,0,975,110,409,402,0,0,2,0.975
2835,13.014,15.858,0.042,0.0,0.0,0.0,0.0,0.0,534.0,2616.0,0.995,0,6,0,10.69,10.6,254,240,2,12,24,12,0,1920,0,0,0,0,0,0,0,0,0,0,184,0,0,0,1169,197,462,445,0,0,3,1.169
2836,12.978,15.858,0.042,0.0,0.0,0.0,0.0,0.0,534.0,2616.0,0.847,0,6,0,10.276,10.154,254,240,2,12,24,12,0,1920,0,0,0,0,0,0,0,0,0,0,184,0,0,0,1296,143,511,580,0,0,3,1.296
2837,13.401,15.858,0.042,0.0,0.0,0.0,0.0,0.0,534.0,2616.0,0.697,0,6,0,11.238,11.085,253,240,2,12,24,12,0,1920,0,0,0,0,0,0,0,0,0,0,184,0,0,0,898,112,386,353,0,0,2,0.898
2838,12.253,15.858,0.042,0.0,0.0,0.0,0.0,0.0,534.0,2616.0,0.646,0,6,0,10.276,10.186,255,240,2,12,24,12,0,1920,0,0,0,0,0,0,0,0,0,0,184,0,0,0,913,107,400,356,0,0,2,0.913
2839,18.765,15.858,0.042,0.0,0.0,0.0,0.0,0.0,534.0,2616.0,0.809,0,6,0,16.622,16.533,254,240,2,12,24,12,0,1920,0,0,0,0,0,0,0,0,0,0,184,0,0,0,1077,166,426,425,0,0,3,1.077
2840,15.984,15.858,0.042,0.0,0.0,0.0,0.0,0.0,534.0,2616.0,1.063,0,6,0,13.092,12.953,254,240,2,12,24,12,0,1920,0,0,0,0,0,0,0,0,0,0,184,0,0,0,1486,312,537,552,0,0,3,1.486
2841,19.442,15.858,0.042,0.0,0.0,0.0,0.0,0.0,534.0,2616.0,0.877,0,6,0,16.063,15.877,254,240,2,12,24,12,0,1920,0,0,0,0,0,0,0,0,0,0,184,0,0,0,1672,173,742,640,0,0,3,1.672
2842,16.162,15.858,0.042,0.0,0.0,0.0,0.0,0.0,534.0,2616.0,1.88,0,6,0,13.159,13.041,256,240,2,12,24,12,0,1920,0,0,0,0,0,0,0,0,0,0,184,0,0,0,1567,167,697,622,0,0,3,1.567
2843,14.293,15.858,0.042,0.0,0.0,0.0,0.0,0.0,534.0,2616.0,0.717,0,6,0,10.905,10.711,254,240,2,12,24,12,0,1920,0,0,0,0,0,0,0,0,0,0,184,0,0,0,1025,153,440,380,0,0,2,1.025
2844,14.057,15.858,0.042,0.0,0.0,0.0,0.0,0.0,534.0,2616.0,0.572,0,6,0,12.04,11.939,254,240,2,12,24,12,0,1920,0,0,0,0,0,0,0,0,0,0,184,0,0,0,900,109,381,354,0,0,14,0.9
2845,14.658,15.858,0.042,0.0,0.0,0.0,0.0,0.0,534.0,2616.0,0.783,0,6,0,12.19,12.104,253,240,2,12,24,12,0,1920,0,0,0,0,0,0,0,0,0,0,184,0,0,0,1357,186,564,532,0,0,3,1.357
2846,12.235,15.858,0.042,0.0,0.0,0.0,0.0,0.0,534.0,2616.0,0.657,0,6,0,10.164,10.072,254,240,2,12,24,12,0,1920,0,0,0,0,0,0,0,0,0,0,184,0,0,0,914,133,375,358,0,0,3,0.914
2847,11.211,15.858,0.042,0.0,0.0,0.0,0.0,0.0,534.0,2616.0,0.638,0,6,0,9.17,9.076,254,240,2,12,24,12,0,1920,0,0,0,0,0,0,0,0,0,0,184,0,0,0,1011,109,439,407,0,0,2,1.011
2848,11.421,15.858,0.042,0.0,0.0,0.0,0.0,0.0,534.0,2616.0,0.645,0,6,0,9.485,9.387,255,240,2,12,24,12,0,1920,0,0,0,0,0,0,0,0,0,0,184,0,0,0,962,105,417,397,0,0,2,0.962
2849,11.776,15.858,0.042,0.0,0.0,0.0,0.0,0.0,534.0,2616.0,0.642,0,6,0,9.875,9.78,255,240,2,12,24,12,0,1920,0,0,0,0,0,0,0,0,0,0,184,0,0,0,902,103,394,360,0,0,2,0.902
2850,11.298,15.858,0.042,0.0,0.0,0.0,0.0,0.0,534.0,2616.0,0.627,0,6,0,9.377,9.288,254,240,2,12,24,12,0,1920,0,0,0,0,0,0,0,0,0,0,184,0,0,0,913,121,396,354,0,0,2,0.913
2851,11.089,15.858,0.042,0.0,0.0,0.0,0.0,0.0,534.0,2616.0,0.687,0,6,0,9.141,9.019,254,240,2,12,24,12,0,1920,0,0,0,0,0,0,0,0,0,0,184,0,0,0,979,112,433,388,0,0,1,0.979
2852,11.05,15.858,0.042,0.0,0.0,0.0,0.0,0.0,534.0,2616.0,0.662,0,6,0,9.105,9.006,255,240,2,12,24,12,0,1920,0,0,0,0,0,0,0,0,0,0,184,0,0,0,896,110,369,369,0,0,2,0.896
2853,11.138,15.858,0.042,0.0,0.0,0.0,0.0,0.0,534.0,2616.0,0.672,0,6,0,9.15,9.062,254,240,2,12,24,12,0,1920,0,0,0,0,0,0,0,0,0,0,184,0,0,0,979,118,417,394,0,0,3,0.979
2854,11.288,15.858,0.042,0.0,0.0,0.0,0.0,0.0,534.0,2616.0,0.626,0,6,0,9.358,9.266,254,240,2,12,24,12,0,1920,0,0,0,0,0,0,0,0,0,0,184,0,0,0,908,109,380,373,0,0,2,0.908
2855,11.255,15.858,0.042,0.0,0.0,0.0,0.0,0.0,534.0,2616.0,0.545,0,6,0,9.33,9.238,255,240,2,12,24,12,0,1920,0,0,0,0,0,0,0,0,0,0,184,0,0,0,962,140,397,375,0,0,3,0.962
2856,11.96,15.858,0.042,0.0,0.0,0.0,0.0,0.0,534.0,2616.0,0.684,0,6,0,9.861,9.777,254,240,2,12,24,12,0,1920,0,0,0,0,0,0,0,0,0,0,184,0,0,0,1049,159,430,387,0,0,2,1.049
2857,12.54,15.858,0.042,0.0,0.0,0.0,0.0,0.0,534.0,2616.0,1.261,0,6,0,10.092,10.006,253,240,2,12,24,12,0,1920,0,0,0,0,0,0,0,0,0,0,184,0,0,0,1332,172,573,514,0,0,4,1.332
2858,14.043,15.858,0.042,0.0,0.0,0.0,0.0,0.0,534.0,2616.0,0.853,0,6,0,11.252,11.117,254,240,2,12,24,12,0,1920,0,0,0,0,0,0,0,0,0,0,184,0,0,0,1100,223,397,431,0,0,3,1.1
2859,17.351,15.858,0.042,0.0,0.0,0.0,0.0,0.0,534.0,2616.0,0.742,0,6,0,14.898,14.759,254,240,2,12,24,12,0,1920,0,0,0,0,0,0,0,0,0,0,184,0,0,0,1093,121,509,412,0,0,3,1.093
2860,12.501,15.858,0.042,0.0,0.0,0.0,0.0,0.0,534.0,2616.0,0.804,0,6,0,10.293,10.197,254,240,2,12,24,12,0,1920,0,0,0,0,0,0,0,0,0,0,184,0,0,0,981,120,407,402,0,0,2,0.981
2861,13.005,15.858,0.042,0.0,0.0,0.0,0.0,0.0,534.0,2616.0,0.864,0,6,0,10.539,10.44,254,240,2,12,24,12,0,1920,0,0,0,0,0,0,0,0,0,0,184,0,0,0,1224,143,530,492,0,0,3,1.224
2862,13.046,15.858,0.042,0.0,0.0,0.0,0.0,0.0,534.0,2616.0,0.708,0,6,0,10.792,10.674,254,240,2,12,24,12,0,1920,0,0,0,0,0,0,0,0,0,0,184,0,0,0,974,118,419,388,0,0,3,0.974
2863,11.666,15.858,0.042,0.0,0.0,0.0,0.0,0.0,534.0,2616.0,0.709,0,6,0,9.541,9.438,256,240,2,12,24,12,0,1920,0,0,0,0,0,0,0,0,0,0,184,0,0,0,1003,119,431,387,0,0,2,1.003
2864,14.879,15.858,0.042,0.0,0.0,0.0,0.0,0.0,534.0,2616.0,0.835,0,6,0,12.597,10.867,255,240,2,12,24,12,0,1920,0,0,0,0,0,0,0,0,0,0,184,0,0,0,1154,135,531,429,0,0,2,1.154
2865,13.513,15.858,0.042,0.0,0.0,0.0,0.0,0.0,534.0,2616.0,0.742,0,6,0,11.203,10.048,254,240,2,12,24,12,0,1920,0,0,0,0,0,0,0,0,0,0,184,0,0,0,1087,133,401,386,0,0,2,1.087
2866,12.264,15.858,0.042,0.0,0.0,0.0,0.0,0.0,534.0,2616.0,0.66,0,6,0,10.144,10.046,254,240,2,12,24,12,0,1920,0,0,0,0,0,0,0,0,0,0,184,0,0,0,997,110,428,412,0,0,1,0.997
2867,12.473,15.858,0.042,0.0,0.0,0.0,0.0,0.0,534.0,2616.0,0.705,0,6,0,10.177,10.028,256,240,2,12,24,12,0,1920,0,0,0,0,0,0,0,0,0,0,184,0,0,0,1266,388,431,394,0,0,3,1.266
2868,11.852,15.858,0.042,0.0,0.0,0.0,0.0,0.0,534.0,2616.0,0.797,0,6,0,9.779,9.681,254,240,2,12,24,12,0,1920,0,0,0,0,0,0,0,0,0,0,184,0,0,0,1009,116,442,402,0,0,2,1.009
2869,12.136,15.858,0.042,0.0,0.0,0.0,0.0,0.0,534.0,2616.0,0.714,0,6,0,9.98,9.892,253,240,2,12,24,12,0,1920,0,0,0,0,0,0,0,0,0,0,184,0,0,0,979,119,423,385,0,0,2,0.979
2870,11.672,15.858,0.042,0.0,0.0,0.0,0.0,0.0,534.0,2616.0,0.644,0,6,0,9.642,9.548,254,240,2,12,24,12,0,1920,0,0,0,0,0,0,0,0,0,0,184,0,0,0,984,114,407,417,0,0,2,0.984
2871,12.312,15.858,0.042,0.0,0.0,0.0,0.0,0.0,534.0,2616.0,0.679,0,6,0,10.352,10.252,255,240,2,12,24,12,0,1920,0,0,0,0,0,0,0,0,0,0,184,0,0,0,961,109,432,376,0,0,2,0.961
2872,12.256,15.858,0.042,0.0,0.0,0.0,0.0,0.0,534.0,2616.0,0.715,0,6,0,10.192,10.11,253,240,2,12,24,12,0,1920,0,0,0,0,0,0,0,0,0,0,184,0,0,0,981,147,405,375,0,0,1,0.981
2873,12.897,15.858,0.042,0.0,0.0,0.0,0.0,0.0,534.0,2616.0,0.753,0,6,0,10.769,10.67,255,240,2,12,24,12,0,1920,0,0,0,0,0,0,0,0,0,0,184,0,0,0,1033,118,460,403,0,0,2,1.033
2874,13.294,15.858,0.042,0.0,0.0,0.0,0.0,0.0,534.0,2616.0,0.664,0,6,0,11.072,10.973,254,240,2,12,24,12,0,1920,0,0,0,0,0,0,0,0,0,0,184,0,0,0,1096,172,443,424,0,0,3,1.096
2875,12.52,15.858,0.042,0.0,0.0,0.0,0.0,0.0,534.0,2616.0,0.709,0,6,0,10.37,10.268,255,240,2,12,24,12,0,1920,0,0,0,0,0,0,0,0,0,0,184,0,0,0,1045,145,453,390,0,0,2,1.045
2876,13.117,15.858,0.042,0.0,0.0,0.0,0.0,0.0,534.0,2616.0,0.735,0,6,0,10.977,10.88,254,240,2,12,24,12,0,1920,0,0,0,0,0,0,0,0,0,0,184,0,0,0,1052,115,461,422,0,0,2,1.052
2877,12.316,15.858,0.042,0.0,0.0,0.0,0.0,0.0,534.0,2616.0,0.645,0,6,0,10.202,10.096,254,240,2,12,24,12,0,1920,0,0,0,0,0,0,0,0,0,0,184,0,0,0,964,120,401,392,0,0,2,0.964
2878,11.824,15.858,0.042,0.0,0.0,0.0,0.0,0.0,534.0,2616.0,0.658,0,6,0,9.761,9.677,253,240,2,12,24,12,0,1920,0,0,0,0,0,0,0,0,0,0,184,0,0,0,1072,133,460,422,0,0,2,1.072
2879,13.053,15.858,0.042,0.0,0.0,0.0,0.0,0.0,534.0,2616.0,0.808,0,6,0,10.814,10.708,255,240,2,12,24,12,0,1920,0,0,0,0,0,0,0,0,0,0,184,0,0,0,1204,281,404,452,0,0,3,1.204
2880,12.989,15.858,0.042,0.0,0.0,0.0,0.0,0.0,534.0,2616.0,0.665,0,6,0,10.833,10.733,255,240,2,12,24,12,0,1920,0,0,0,0,0,0,0,0,0,0,184,0,0,0,1006,107,440,413,0,0,2,1.006
2881,10.952,15.858,0.042,0.0,0.0,0.0,0.0,0.0,534.0,2616.0,0.644,0,6,0,9.021,8.918,255,240,2,12,24,12,0,1920,0,0,0,0,0,0,0,0,0,0,184,0,0,0,921,137,372,363,0,0,3,0.921
2882,10.735,15.858,0.042,0.0,0.0,0.0,0.0,0.0,534.0,2616.0,0.629,0,6,0,8.816,8.734,254,240,2,12,24,12,0,1920,0,0,0,0,0,0,0,0,0,0,184,0,0,0,941,120,387,362,0,0,2,0.941
2883,11.075,15.858,0.042,0.0,0.0,0.0,0.0,0.0,534.0,2616.0,0.873,0,6,0,9.164,9.066,256,240,2,12,24,12,0,1920,0,0,0,0,0,0,0,0,0,0,184,0,0,0,911,110,399,356,0,0,1,0.911
2884,13.526,15.858,0.042,0.0,0.0,0.0,0.0,0.0,534.0,2616.0,0.726,0,6,0,10.919,10.828,253,240,2,12,24,12,0,1920,0,0,0,0,0,0,0,0,0,0,184,0,0,0,1329,167,554,520,0,0,4,1.329
2885,14.006,15.858,0.042,0.0,0.0,0.0,0.0,0.0,534.0,2616.0,0.666,0,6,0,11.76,11.621,254,240,2,12,24,12,0,1920,0,0,0,0,0,0,0,0,0,0,184,0,0,0,1041,119,476,392,0,0,2,1.041
2886,12.348,21.299,0.061,0.0,0.0,0.0,0.0,0.0,534.0,2616.0,0.758,0,6,0,10.149,10.033,254,240,2,12,24,12,0,1920,0,0,0,0,0,0,0,0,0,0,184,0,0,0,1110,161,462,428,0,0,3,1.11
2887,14.565,21.299,0.061,0.0,0.0,0.0,0.0,0.0,534.0,2616.0,0.856,0,6,0,12.06,11.963,254,240,2,12,24,12,0,1920,0,0,0,0,0,0,0,0,0,0,184,0,0,0,1263,169,550,467,0,0,3,1.263
2888,17.021,21.299,0.061,0.0,0.0,0.0,0.0,0.0,534.0,2616.0,1.018,0,6,0,14.108,14.008,255,240,2,12,24,12,0,1920,0,0,0,0,0,0,0,0,0,0,184,0,0,0,1549,195,599,675,0,0,5,1.549
2889,16.24,21.299,0.061,0.0,0.0,0.0,0.0,0.0,534.0,2616.0,0.653,0,6,0,13.742,13.569,255,240,2,12,24,12,0,1920,0,0,0,0,0,0,0,0,0,0,184,0,0,0,1040,174,406,401,0,0,3,1.04
2890,18.116,21.299,0.061,0.0,0.0,0.0,0.0,0.0,534.0,2616.0,1.268,0,6,0,15.546,15.451,254,240,2,12,24,12,0,1920,0,0,0,0,0,0,0,0,0,0,184,0,0,0,1420,183,582,573,0,0,4,1.42
2891,14.304,21.299,0.061,0.0,0.0,0.0,0.0,0.0,534.0,2616.0,0.885,0,6,0,11.531,11.377,253,240,2,12,24,12,0,1920,0,0,0,0,0,0,0,0,0,0,184,0,0,0,1037,126,413,441,0,0,2,1.037
2892,13.705,21.299,0.061,0.0,0.0,0.0,0.0,0.0,534.0,2616.0,0.677,0,6,0,11.436,11.297,256,240,2,12,24,12,0,1920,0,0,0,0,0,0,0,0,0,0,184,0,0,0,988,112,419,408,0,0,3,0.988
2893,14.395,21.299,0.061,0.0,0.0,0.0,0.0,0.0,534.0,2616.0,0.689,0,6,0,12.045,11.903,255,240,2,12,24,12,0,1920,0,0,0,0,0,0,0,0,0,0,184,0,0,0,1181,144,488,482,0,0,3,1.181
2894,12.444,21.299,0.061,0.0,0.0,0.0,0.0,0.0,534.0,2616.0,0.575,0,6,0,10.409,10.311,254,240,2,12,24,12,0,1920,0,0,0,0,0,0,0,0,0,0,184,0,0,0,962,109,435,369,0,0,2,0.962
2895,14.106,21.299,0.061,0.0,0.0,0.0,0.0,0.0,534.0,2616.0,0.646,0,6,0,12.155,12.062,254,240,2,12,24,12,0,1920,0,0,0,0,0,0,0,0,0,0,184,0,0,0,981,110,392,376,0,0,2,0.981
2896,11.315,21.299,0.061,0.0,0.0,0.0,0.0,0.0,534.0,2616.0,0.711,0,6,0,9.408,9.322,253,240,2,12,24,12,0,1920,0,0,0,0,0,0,0,0,0,0,184,0,0,0,927,104,404,376,0,0,1,0.927
2897,11.307,21.299,0.061,0.0,0.0,0.0,0.0,0.0,534.0,2616.0,0.608,0,6,0,9.338,9.242,255,240,2,12,24,12,0,1920,0,0,0,0,0,0,0,0,0,0,184,0,0,0,924,105,410,365,0,0,3,0.924
2898,11.948,21.299,0.061,0.0,0.0,0.0,0.0,0.0,534.0,2616.0,0.897,0,6,0,10.022,9.841,255,240,2,12,24,12,0,1920,0,0,0,0,0,0,0,0,0,0,184,0,0,0,924,110,386,383,0,0,2,0.924
2899,17.002,21.299,0.061,0.0,0.0,0.0,0.0,0.0,534.0,2616.0,0.886,0,6,0,14.104,13.988,253,240,2,12,24,12,0,1920,0,0,0,0,0,0,0,0,0,0,184,0,0,0,1423,212,575,566,0,0,3,1.423
2900,14.683,21.299,0.061,0.0,0.0,0.0,0.0,0.0,534.0,2616.0,0.878,0,6,0,11.767,11.637,254,240,2,12,24,12,0,1920,0,0,0,0,0,0,0,0,0,0,184,0,0,0,1478,194,659,552,0,0,4,1.478
2901,15.01,21.299,0.061,0.0,0.0,0.0,0.0,0.0,534.0,2616.0,0.693,0,6,0,12.689,12.536,256,240,2,12,24,12,0,1920,0,0,0,0,0,0,0,0,0,0,184,0,0,0,974,115,398,410,0,0,2,0.974
2902,12.649,21.299,0.061,0.0,0.0,0.0,0.0,0.0,534.0,2616.0,1.066,0,6,0,10.44,10.324,254,240,2,12,24,12,0,1920,0,0,0,0,0,0,0,0,0,0,184,0,0,0,1094,140,484,413,0,0,4,1.094
2903,15.627,21.299,0.061,0.0,0.0,0.0,0.0,0.0,534.0,2616.0,1.159,0,6,0,12.346,12.229,252,240,2,12,24,12,0,1920,0,0,0,0,0,0,0,0,0,0,184,0,0,0,1585,203,669,626,0,0,4,1.585
2904,20.92,21.299,0.061,0.0,0.0,0.0,0.0,0.0,534.0,2616.0,0.989,0,6,0,17.811,15.283,257,240,2,12,24,12,0,1920,0,0,0,0,0,0,0,0,0,0,184,0,0,0,1351,165,547,571,0,0,3,1.351
2905,17.408,21.299,0.061,0.0,0.0,0.0,0.0,0.0,534.0,2616.0,1.049,0,6,0,14.529,14.39,254,240,2,12,24,12,0,1920,0,0,0,0,0,0,0,0,0,0,184,0,0,0,1360,192,551,513,0,0,3,1.36
2906,17.399,21.299,0.061,0.0,0.0,0.0,0.0,0.0,534.0,2616.0,1.021,0,6,0,14.305,14.162,254,240,2,12,24,12,0,1920,0,0,0,0,0,0,0,0,0,0,184,0,0,0,1464,240,562,537,0,0,3,1.464
2907,18.1,21.299,0.061,0.0,0.0,0.0,0.0,0.0,534.0,2616.0,1.148,0,6,0,15.192,15.019,254,240,2,12,24,12,0,1920,0,0,0,0,0,0,0,0,0,0,184,0,0,0,1387,172,561,583,0,0,4,1.387
2908,16.886,21.299,0.061,0.0,0.0,0.0,0.0,0.0,534.0,2616.0,1.005,0,6,0,13.694,13.566,255,240,2,12,24,12,0,1920,0,0,0,0,0,0,0,0,0,0,184,0,0,0,1400,199,565,559,0,0,4,1.4
2909,15.207,21.299,0.061,0.0,0.0,0.0,0.0,0.0,534.0,2616.0,0.701,0,6,0,12.85,12.723,253,240,2,12,24,12,0,1920,0,0,0,0,0,0,0,0,0,0,184,0,0,0,923,132,391,358,0,0,2,0.923
2910,11.83,21.299,0.061,0.0,0.0,0.0,0.0,0.0,534.0,2616.0,0.735,0,6,0,9.799,9.684,258,240,2,12,24,12,0,1920,0,0,0,0,0,0,0,0,0,0,184,0,0,0,991,105,452,384,0,0,2,0.991
2911,11.453,21.299,0.061,0.0,0.0,0.0,0.0,0.0,534.0,2616.0,0.582,0,6,0,9.408,9.32,253,240,2,12,24,12,0,1920,0,0,0,0,0,0,0,0,0,0,184,0,0,0,934,109,400,369,0,0,10,0.934
2912,11.418,21.299,0.061,0.0,0.0,0.0,0.0,0.0,534.0,2616.0,0.656,0,6,0,9.549,9.457,254,240,2,12,24,12,0,1920,0,0,0,0,0,0,0,0,0,0,184,0,0,0,950,119,391,392,0,0,2,0.95
2913,11.492,21.299,0.061,0.0,0.0,0.0,0.0,0.0,534.0,2616.0,0.591,0,6,0,9.563,9.47,255,240,2,12,24,12,0,1920,0,0,0,0,0,0,0,0,0,0,184,0,0,0,924,113,390,379,0,0,2,0.924
2914,11.758,21.299,0.061,0.0,0.0,0.0,0.0,0.0,534.0,2616.0,0.655,0,6,0,9.881,9.794,254,240,2,12,24,12,0,1920,0,0,0,0,0,0,0,0,0,0,184,0,0,0,941,112,402,364,0,0,2,0.941
2915,11.634,21.299,0.061,0.0,0.0,0.0,0.0,0.0,534.0,2616.0,0.661,0,6,0,9.699,9.618,253,240,2,12,24,12,0,1920,0,0,0,0,0,0,0,0,0,0,184,0,0,0,903,103,401,355,0,0,2,0.903
2916,11.455,21.299,0.061,0.0,0.0,0.0,0.0,0.0,534.0,2616.0,0.696,0,6,0,9.509,9.413,255,240,2,12,24,12,0,1920,0,0,0,0,0,0,0,0,0,0,184,0,0,0,953,128,381,386,0,0,3,0.953
2917,11.519,21.299,0.061,0.0,0.0,0.0,0.0,0.0,534.0,2616.0,0.64,0,6,0,9.499,9.401,255,240,2,12,24,12,0,1920,0,0,0,0,0,0,0,0,0,0,184,0,0,0,966,128,395,396,0,0,1,0.966
2918,17.12,21.299,0.061,0.0,0.0,0.0,0.0,0.0,534.0,2616.0,0.88,0,6,0,14.604,14.512,253,240,2,12,24,12,0,1920,0,0,0,0,0,0,0,0,0,0,184,0,0,0,1426,217,555,577,0,0,4,1.426
2919,12.397,21.299,0.061,0.0,0.0,0.0,0.0,0.0,534.0,2616.0,0.654,0,6,0,10.151,10.02,256,240,2,12,24,12,0,1920,0,0,0,0,0,0,0,0,0,0,184,0,0,0,914,114,385,371,0,0,2,0.914
2920,11.582,21.299,0.061,0.0,0.0,0.0,0.0,0.0,534.0,2616.0,0.673,0,6,0,9.539,9.445,255,240,2,12,24,12,0,1920,0,0,0,0,0,0,0,0,0,0,184,0,0,0,957,111,395,405,0,0,1,0.957
2921,15.224,21.299,0.061,0.0,0.0,0.0,0.0,0.0,534.0,2616.0,0.901,0,6,0,12.751,12.645,253,240,2,12,24,12,0,1920,0,0,0,0,0,0,0,0,0,0,184,0,0,0,1371,171,578,549,0,0,2,1.371
2922,16.731,21.299,0.061,0.0,0.0,0.0,0.0,0.0,534.0,2616.0,0.977,0,6,0,13.966,13.828,255,240,2,12,24,12,0,1920,0,0,0,0,0,0,0,0,0,0,184,0,0,0,1345,162,557,553,0,0,3,1.345
2923,16.61,21.299,0.061,0.0,0.0,0.0,0.0,0.0,534.0,2616.0,0.941,0,6,0,13.807,13.684,253,240,2,12,24,12,0,1920,0,0,0,0,0,0,0,0,0,0,184,0,0,0,1314,155,526,565,0,0,3,1.314
2924,18.53,21.299,0.061,0.0,0.0,0.0,0.0,0.0,534.0,2616.0,0.915,0,6,0,15.662,13.63,256,240,2,12,24,12,0,1920,0,0,0,0,0,0,0,0,0,0,184,0,0,0,1390,206,581,534,0,0,3,1.39
2925,16.22,21.299,0.061,0.0,0.0,0.0,0.0,0.0,534.0,2616.0,0.957,0,6,0,13.501,13.361,255,240,2,12,24,12,0,1920,0,0,0,0,0,0,0,0,0,0,184,0,0,0,1350,166,536,584,0,0,3,1.35
2926,16.256,21.299,0.061,0.0,0.0,0.0,0.0,0.0,534.0,2616.0,0.941,0,6,0,13.412,13.229,255,240,2,12,24,12,0,1920,0,0,0,0,0,0,0,0,0,0,184,0,0,0,1389,164,587,565,0,0,3,1.389
2927,16.192,21.299,0.061,0.0,0.0,0.0,0.0,0.0,534.0,2616.0,0.945,0,6,0,13.391,13.279,253,240,2,12,24,12,0,1920,0,0,0,0,0,0,0,0,0,0,184,0,0,0,1379,202,539,566,0,0,2,1.379
2928,16.741,21.299,0.061,0.0,0.0,0.0,0.0,0.0,534.0,2616.0,0.877,0,6,0,13.902,13.738,257,240,2,12,24,12,0,1920,0,0,0,0,0,0,0,0,0,0,184,0,0,0,1325,165,564,528,0,0,4,1.325
2929,16.976,21.299,0.061,0.0,0.0,0.0,0.0,0.0,534.0,2616.0,0.853,0,6,0,14.256,14.132,254,240,2,12,24,12,0,1920,0,0,0,0,0,0,0,0,0,0,184,0,0,0,1313,163,528,552,0,0,3,1.313
2930,16.615,21.299,0.061,0.0,0.0,0.0,0.0,0.0,534.0,2616.0,1.11,0,6,0,13.776,13.66,253,240,2,12,24,12,0,1920,0,0,0,0,0,0,0,0,0,0,184,0,0,0,1393,208,584,532,0,0,3,1.393
2931,17.153,21.299,0.061,0.0,0.0,0.0,0.0,0.0,534.0,2616.0,0.984,0,6,0,14.149,13.963,255,240,2,12,24,12,0,1920,0,0,0,0,0,0,0,0,0,0,184,0,0,0,1380,166,589,551,0,0,4,1.38
2932,16.307,21.299,0.061,0.0,0.0,0.0,0.0,0.0,534.0,2616.0,0.997,0,6,0,13.469,13.294,255,240,2,12,24,12,0,1920,0,0,0,0,0,0,0,0,0,0,184,0,0,0,1367,153,578,543,0,0,3,1.367
2933,14.436,21.299,0.061,0.0,0.0,0.0,0.0,0.0,534.0,2616.0,0.716,0,6,0,12.007,11.883,253,240,2,12,24,12,0,1920,0,0,0,0,0,0,0,0,0,0,184,0,0,0,975,127,399,398,0,0,3,0.975
2934,15.391,21.299,0.061,0.0,0.0,0.0,0.0,0.0,534.0,2616.0,1.007,0,6,0,11.69,11.588,255,240,2,12,24,12,0,1920,0,0,0,0,0,0,0,0,0,0,184,0,0,0,1392,154,540,584,0,0,4,1.392
2935,14.165,21.299,0.061,0.0,0.0,0.0,0.0,0.0,534.0,2616.0,0.646,0,6,0,11.453,11.352,253,240,2,12,24,12,0,1920,0,0,0,0,0,0,0,0,0,0,184,0,0,0,1256,110,586,484,0,0,3,1.256
2936,14.413,21.299,0.061,0.0,0.0,0.0,0.0,0.0,534.0,2616.0,1.128,0,6,0,12.029,11.916,254,240,2,12,24,12,0,1920,0,0,0,0,0,0,0,0,0,0,184,0,0,0,1156,128,584,392,0,0,2,1.156
2937,13.889,21.299,0.061,0.0,0.0,0.0,0.0,0.0,534.0,2616.0,0.847,0,6,0,11.322,11.215,254,240,2,12,24,12,0,1920,0,0,0,0,0,0,0,0,0,0,184,0,0,0,978,110,434,385,0,0,3,0.978
2938,13.074,21.299,0.061,0.0,0.0,0.0,0.0,0.0,534.0,2616.0,0.741,0,6,0,10.694,10.569,258,240,2,12,24,12,0,1920,0,0,0,0,0,0,0,0,0,0,184,0,0,0,1097,179,448,407,0,0,2,1.097
2939,44.36,21.299,0.061,0.0,0.0,0.0,0.0,0.0,534.0,2616.0,1.073,0,6,0,41.944,41.849,253,240,2,12,24,12,0,1920,0,0,0,0,0,0,0,0,0,0,184,0,0,0,1158,155,488,450,0,0,4,1.158
2940,14.746,21.299,0.061,0.0,0.0,0.0,0.0,0.0,534.0,2616.0,2.928,0,6,0,10.887,10.773,254,240,2,12,24,12,0,1920,0,0,0,0,0,0,0,0,0,0,184,0,0,0,2172,161,467,1470,0,0,4,2.172
2941,17.915,21.299,0.061,0.0,0.0,0.0,0.0,0.0,534.0,2616.0,0.786,0,6,0,13.447,13.345,253,240,2,12,24,12,0,1920,0,0,0,0,0,0,0,0,0,0,184,0,0,0,1022,158,418,387,0,0,3,1.022
2942,22.046,21.299,0.061,0.0,0.0,0.0,0.0,0.0,534.0,2616.0,0.879,0,6,0,19.655,18.073,256,240,2,12,24,12,0,1920,0,0,0,0,0,0,0,0,0,0,184,0,0,0,1052,121,439,440,0,0,4,1.052
2943,14.151,21.299,0.061,0.0,0.0,0.0,0.0,0.0,534.0,2616.0,0.814,0,6,0,11.872,11.717,255,240,2,12,24,12,0,1920,0,0,0,0,0,0,0,0,0,0,184,0,0,0,932,111,417,362,0,0,1,0.932
2944,12.231,21.299,0.061,0.0,0.0,0.0,0.0,0.0,534.0,2616.0,0.719,0,6,0,10.047,9.949,253,240,2,12,24,12,0,1920,0,0,0,0,0,0,0,0,0,0,184,0,0,0,895,117,379,353,0,0,1,0.895
2945,11.944,21.299,0.061,0.0,0.0,0.0,0.0,0.0,534.0,2616.0,0.865,0,6,0,9.385,9.294,254,240,2,12,24,12,0,1920,0,0,0,0,0,0,0,0,0,0,184,0,0,0,1469,110,912,380,0,0,3,1.469
2946,13.319,21.299,0.061,0.0,0.0,0.0,0.0,0.0,534.0,2616.0,1.069,0,6,0,10.692,10.59,255,240,2,12,24,12,0,1920,0,0,0,0,0,0,0,0,0,0,184,0,0,0,1297,158,495,523,0,0,3,1.297
2947,16.727,21.299,0.061,0.0,0.0,0.0,0.0,0.0,534.0,2616.0,0.983,0,6,0,13.672,13.54,252,240,2,12,24,12,0,1920,0,0,0,0,0,0,0,0,0,0,184,0,0,0,1320,156,572,515,0,0,4,1.32
2948,15.599,21.299,0.061,0.0,0.0,0.0,0.0,0.0,534.0,2616.0,1.027,0,6,0,12.625,12.504,254,240,2,12,24,12,0,1920,0,0,0,0,0,0,0,0,0,0,184,0,0,0,1307,162,598,472,0,0,4,1.307
2949,17.699,21.299,0.061,0.0,0.0,0.0,0.0,0.0,534.0,2616.0,1.011,0,6,0,14.749,14.547,257,240,2,12,24,12,0,1920,0,0,0,0,0,0,0,0,0,0,184,0,0,0,1350,168,598,508,0,0,5,1.35
2950,18.163,21.299,0.061,0.0,0.0,0.0,0.0,0.0,534.0,2616.0,0.751,0,6,0,15.25,15.125,253,240,2,12,24,12,0,1920,0,0,0,0,0,0,0,0,0,0,184,0,0,0,1234,153,497,515,0,0,2,1.234
2951,11.685,44.183,0.044,0.0,0.0,0.0,0.0,0.0,534.0,2616.0,0.63,0,6,0,9.476,9.378,254,240,2,12,24,12,0,1920,0,0,0,0,0,0,0,0,0,0,184,0,0,0,1038,109,441,430,0,0,2,1.038
2952,11.315,44.183,0.044,0.0,0.0,0.0,0.0,0.0,534.0,2616.0,0.635,0,6,0,9.331,9.242,253,240,2,12,24,12,0,1920,0,0,0,0,0,0,0,0,0,0,184,0,0,0,972,108,387,424,0,0,2,0.972
2953,12.017,44.183,0.044,0.0,0.0,0.0,0.0,0.0,534.0,2616.0,0.658,0,6,0,10.05,9.965,253,240,2,12,24,12,0,1920,0,0,0,0,0,0,0,0,0,0,184,0,0,0,973,111,395,423,0,0,2,0.973
2954,11.295,44.183,0.044,0.0,0.0,0.0,0.0,0.0,534.0,2616.0,0.708,0,6,0,9.355,9.258,255,240,2,12,24,12,0,1920,0,0,0,0,0,0,0,0,0,0,184,0,0,0,931,110,409,367,0,0,1,0.931
2955,12.618,44.183,0.044,0.0,0.0,0.0,0.0,0.0,534.0,2616.0,0.633,0,6,0,10.626,10.534,255,240,2,12,24,12,0,1920,0,0,0,0,0,0,0,0,0,0,184,0,0,0,927,110,411,357,0,0,2,0.927
2956,12.808,44.183,0.044,0.0,0.0,0.0,0.0,0.0,534.0,2616.0,0.731,0,6,0,10.64,10.512,252,240,2,12,24,12,0,1920,0,0,0,0,0,0,0,0,0,0,184,0,0,0,992,111,390,440,0,0,3,0.992
2957,11.299,44.183,0.044,0.0,0.0,0.0,0.0,0.0,534.0,2616.0,0.648,0,6,0,9.127,8.955,256,240,2,12,24,12,0,1920,0,0,0,0,0,0,0,0,0,0,184,0,0,0,1056,157,393,420,0,0,5,1.056
2958,13.104,44.183,0.044,0.0,0.0,0.0,0.0,0.0,534.0,2616.0,0.667,0,6,0,11.106,11.01,254,240,2,12,24,12,0,1920,0,0,0,0,0,0,0,0,0,0,184,0,0,0,952,105,402,399,0,0,3,0.952
2959,15.978,44.183,0.044,0.0,0.0,0.0,0.0,0.0,534.0,2616.0,0.961,0,6,0,13.538,13.463,252,240,2,12,24,12,0,1920,0,0,0,0,0,0,0,0,0,0,184,0,0,0,1322,148,523,578,0,0,4,1.322
2960,12.912,44.183,0.044,0.0,0.0,0.0,0.0,0.0,534.0,2616.0,0.543,0,6,0,10.652,10.542,254,240,2,12,24,12,0,1920,0,0,0,0,0,0,0,0,0,0,184,0,0,0,913,124,381,360,0,0,2,0.913
2961,11.315,44.183,0.044,0.0,0.0,0.0,0.0,0.0,534.0,2616.0,0.62,0,6,0,9.514,9.395,254,240,2,12,24,12,0,1920,0,0,0,0,0,0,0,0,0,0,184,0,0,0,902,106,394,358,0,0,2,0.902
2962,11.039,44.183,0.044,0.0,0.0,0.0,0.0,0.0,534.0,2616.0,0.616,0,6,0,9.086,9.002,254,240,2,12,24,12,0,1920,0,0,0,0,0,0,0,0,0,0,184,0,0,0,1002,106,411,438,0,0,3,1.002
2963,11.125,44.183,0.044,0.0,0.0,0.0,0.0,0.0,534.0,2616.0,0.639,0,6,0,9.29,9.198,255,240,2,12,24,12,0,1920,0,0,0,0,0,0,0,0,0,0,184,0,0,0,903,131,375,354,0,0,2,0.903
2964,13.98,44.183,0.044,0.0,0.0,0.0,0.0,0.0,534.0,2616.0,0.713,0,6,0,11.952,11.863,253,240,2,12,24,12,0,1920,0,0,0,0,0,0,0,0,0,0,184,0,0,0,1010,122,437,396,0,0,3,1.01
2965,12.469,44.183,0.044,0.0,0.0,0.0,0.0,0.0,534.0,2616.0,1.338,0,6,0,10.281,10.183,253,240,2,12,24,12,0,1920,0,0,0,0,0,0,0,0,0,0,184,0,0,0,1069,115,446,451,0,0,3,1.069
2966,15.336,44.183,0.044,0.0,0.0,0.0,0.0,0.0,534.0,2616.0,0.691,0,6,0,12.472,12.372,254,240,2,12,24,12,0,1920,0,0,0,0,0,0,0,0,0,0,184,0,0,0,1079,128,515,378,0,0,2,1.079
2967,13.712,44.183,0.044,0.0,0.0,0.0,0.0,0.0,534.0,2616.0,0.829,0,6,0,11.325,11.228,254,240,2,12,24,12,0,1920,0,0,0,0,0,0,0,0,0,0,184,0,0,0,1222,126,424,622,0,0,2,1.222
2968,12.67,44.183,0.044,0.0,0.0,0.0,0.0,0.0,534.0,2616.0,0.714,0,6,0,10.32,10.209,253,240,2,12,24,12,0,1920,0,0,0,0,0,0,0,0,0,0,184,0,0,0,1069,143,444,425,0,0,2,1.069
2969,12.155,44.183,0.044,0.0,0.0,0.0,0.0,0.0,534.0,2616.0,0.731,0,6,0,10.018,9.877,254,240,2,12,24,12,0,1920,0,0,0,0,0,0,0,0,0,0,184,0,0,0,1023,118,431,420,0,0,2,1.023
2970,15.047,44.183,0.044,0.0,0.0,0.0,0.0,0.0,534.0,2616.0,0.787,0,6,0,12.462,12.355,255,240,2,12,24,12,0,1920,0,0,0,0,0,0,0,0,0,0,184,0,0,0,1355,162,618,474,0,0,4,1.355
2971,13.165,44.183,0.044,0.0,0.0,0.0,0.0,0.0,534.0,2616.0,0.735,0,6,0,10.665,10.574,254,240,2,12,24,12,0,1920,0,0,0,0,0,0,0,0,0,0,184,0,0,0,1076,126,453,440,0,0,3,1.076
2972,13.314,44.183,0.044,0.0,0.0,0.0,0.0,0.0,534.0,2616.0,0.829,0,6,0,11.014,10.926,253,240,2,12,24,12,0,1920,0,0,0,0,0,0,0,0,0,0,184,0,0,0,1079,127,445,451,0,0,3,1.079
2973,13.033,44.183,0.044,0.0,0.0,0.0,0.0,0.0,534.0,2616.0,0.821,0,6,0,10.212,10.115,254,240,2,12,24,12,0,1920,0,0,0,0,0,0,0,0,0,0,184,0,0,0,1523,220,657,565,0,0,4,1.523
2974,15.954,44.183,0.044,0.0,0.0,0.0,0.0,0.0,534.0,2616.0,0.948,0,6,0,13.162,13.078,252,240,2,12,24,12,0,1920,0,0,0,0,0,0,0,0,0,0,184,0,0,0,1486,158,560,641,0,0,5,1.486
2975,17.712,44.183,0.044,0.0,0.0,0.0,0.0,0.0,534.0,2616.0,1.026,0,6,0,14.804,14.678,254,240,2,12,24,12,0,1920,0,0,0,0,0,0,0,0,0,0,184,0,0,0,1467,203,591,561,0,0,4,1.467
2976,17.807,44.183,0.044,0.0,0.0,0.0,0.0,0.0,534.0,2616.0,1.085,0,6,0,14.581,14.443,254,240,2,12,24,12,0,1920,0,0,0,0,0,0,0,0,0,0,184,0,0,0,1603,197,617,709,0,0,4,1.603
2977,18.611,44.183,0.044,0.0,0.0,0.0,0.0,0.0,534.0,2616.0,1.088,0,6,0,15.424,15.272,253,240,2,12,24,12,0,1920,0,0,0,0,0,0,0,0,0,0,184,0,0,0,1475,187,628,577,0,0,4,1.475
2978,17.755,44.183,0.044,0.0,0.0,0.0,0.0,0.0,534.0,2616.0,0.978,0,6,0,14.662,14.54,253,240,2,12,24,12,0,1920,0,0,0,0,0,0,0,0,0,0,184,0,0,0,1366,210,579,506,0,0,3,1.366
2979,21.703,44.183,0.044,0.0,0.0,0.0,0.0,0.0,534.0,2616.0,1.243,0,6,0,18.46,15.722,254,240,2,12,24,12,0,1920,0,0,0,0,0,0,0,0,0,0,184,0,0,0,1663,216,650,703,0,0,4,1.663
2980,18.162,44.183,0.044,0.0,0.0,0.0,0.0,0.0,534.0,2616.0,0.858,0,6,0,15.411,15.285,252,240,2,12,24,12,0,1920,0,0,0,0,0,0,0,0,0,0,184,0,0,0,1009,123,419,413,0,0,3,1.009
2981,13.287,44.183,0.044,0.0,0.0,0.0,0.0,0.0,534.0,2616.0,1.048,0,6,0,10.954,10.795,255,240,2,12,24,12,0,1920,0,0,0,0,0,0,0,0,0,0,184,0,0,0,1024,125,423,417,0,0,2,1.024
2982,13.26,44.183,0.044,0.0,0.0,0.0,0.0,0.0,534.0,2616.0,0.741,0,6,0,10.472,10.33,254,240,2,12,24,12,0,1920,0,0,0,0,0,0,0,0,0,0,184,0,0,0,1287,285,511,431,0,0,3,1.287
2983,12.518,44.183,0.044,0.0,0.0,0.0,0.0,0.0,534.0,2616.0,0.734,0,6,0,10.352,10.263,252,240,2,12,24,12,0,1920,0,0,0,0,0,0,0,0,0,0,184,0,0,0,995,125,437,384,0,0,1,0.995
2984,12.952,44.183,0.044,0.0,0.0,0.0,0.0,0.0,534.0,2616.0,0.726,0,6,0,10.83,10.741,253,240,2,12,24,12,0,1920,0,0,0,0,0,0,0,0,0,0,184,0,0,0,1014,139,423,401,0,0,2,1.014
2985,13.632,44.183,0.044,0.0,0.0,0.0,0.0,0.0,534.0,2616.0,0.757,0,6,0,11.456,10.23,256,240,2,12,24,12,0,1920,0,0,0,0,0,0,0,0,0,0,184,0,0,0,974,116,426,387,0,0,3,0.974
2986,12.768,44.183,0.044,0.0,0.0,0.0,0.0,0.0,534.0,2616.0,0.642,0,6,0,10.581,10.453,252,240,2,12,24,12,0,1920,0,0,0,0,0,0,0,0,0,0,184,0,0,0,1047,117,414,465,0,0,2,1.047
2987,12.498,44.183,0.044,0.0,0.0,0.0,0.0,0.0,534.0,2616.0,0.662,0,6,0,10.439,10.318,254,240,2,12,24,12,0,1920,0,0,0,0,0,0,0,0,0,0,184,0,0,0,992,118,418,404,0,0,2,0.992
2988,12.568,44.183,0.044,0.0,0.0,0.0,0.0,0.0,534.0,2616.0,0.675,0,6,0,10.493,10.396,254,240,2,12,24,12,0,1920,0,0,0,0,0,0,0,0,0,0,184,0,0,0,1031,144,429,408,0,0,3,1.031
2989,16.519,44.183,0.044,0.0,0.0,0.0,0.0,0.0,534.0,2616.0,1.467,0,6,0,13.252,13.167,252,240,2,12,24,12,0,1920,0,0,0,0,0,0,0,0,0,0,184,0,0,0,1870,205,740,806,0,0,2,1.87
2990,15.698,44.183,0.044,0.0,0.0,0.0,0.0,0.0,534.0,2616.0,0.678,0,6,0,12.753,12.597,253,240,2,12,24,12,0,1920,0,0,0,0,0,0,0,0,0,0,184,0,0,0,1019,126,423,414,0,0,1,1.019
2991,12.259,44.183,0.044,0.0,0.0,0.0,0.0,0.0,534.0,2616.0,0.742,0,6,0,10.179,10.052,253,240,2,12,24,12,0,1920,0,0,0,0,0,0,0,0,0,0,184,0,0,0,1028,160,424,386,0,0,3,1.028
2992,12.213,44.183,0.044,0.0,0.0,0.0,0.0,0.0,534.0,2616.0,0.757,0,6,0,10.093,9.997,254,240,2,12,24,12,0,1920,0,0,0,0,0,0,0,0,0,0,184,0,0,0,984,121,427,382,0,0,2,0.984
2993,14.151,44.183,0.044,0.0,0.0,0.0,0.0,0.0,534.0,2616.0,1.257,0,6,0,11.477,11.396,252,240,2,12,24,12,0,1920,0,0,0,0,0,0,0,0,0,0,184,0,0,0,1441,158,583,618,0,0,3,1.441
2994,14.308,44.183,0.044,0.0,0.0,0.0,0.0,0.0,534.0,2616.0,0.651,0,6,0,11.592,11.464,255,240,2,12,24,12,0,1920,0,0,0,0,0,0,0,0,0,0,184,0,0,0,1035,118,430,426,0,0,2,1.035
2995,11.474,44.183,0.044,0.0,0.0,0.0,0.0,0.0,534.0,2616.0,0.7,0,6,0,9.469,9.387,252,240,2,12,24,12,0,1920,0,0,0,0,0,0,0,0,0,0,184,0,0,0,993,125,429,390,0,0,3,0.993
2996,11.567,44.183,0.044,0.0,0.0,0.0,0.0,0.0,534.0,2616.0,0.667,0,6,0,9.488,9.397,254,240,2,12,24,12,0,1920,0,0,0,0,0,0,0,0,0,0,184,0,0,0,999,113,448,384,0,0,2,0.999
2997,11.759,44.183,0.044,0.0,0.0,0.0,0.0,0.0,534.0,2616.0,0.745,0,6,0,9.68,9.559,254,240,2,12,24,12,0,1920,0,0,0,0,0,0,0,0,0,0,184,0,0,0,1054,119,437,445,0,0,2,1.054
2998,12.063,44.183,0.044,0.0,0.0,0.0,0.0,0.0,534.0,2616.0,0.638,0,6,0,9.985,9.885,255,240,2,12,24,12,0,1920,0,0,0,0,0,0,0,0,0,0,184,0,0,0,945,116,401,380,0,0,3,0.945
2999,13.291,44.183,0.044,0.0,0.0,0.0,0.0,0.0,534.0,2616.0,0.693,0,6,0,11.137,11.06,252,240,2,12,24,12,0,1920,0,0,0,0,0,0,0,0,0,0,184,0,0,0,1108,137,483,432,0,0,3,1.108
3000,15.222,44.183,0.044,0.0,0.0,0.0,0.0,0.0,534.0,2616.0,0.942,0,6,0,12.609,12.504,254,240,2,12,24,12,0,1920,0,0,0,0,0,0,0,0,0,0,184,0,0,0,1342,166,596,502,0,0,4,1.342
3001,17.081,44.183,0.044,0.0,0.0,0.0,0.0,0.0,534.0,2616.0,1.06,0,6,0,14.309,14.188,252,240,2,12,24,12,0,1920,0,0,0,0,0,0,0,0,0,0,184,0,0,0,1308,157,530,501,0,0,3,1.308
3002,17.486,44.183,0.044,0.0,0.0,0.0,0.0,0.0,534.0,2616.0,1.012,0,6,0,14.427,14.291,255,240,2,12,24,12,0,1920,0,0,0,0,0,0,0,0,0,0,184,0,0,0,1463,246,551,589,0,0,3,1.463
3003,17.829,44.183,0.044,0.0,0.0,0.0,0.0,0.0,534.0,2616.0,0.874,0,6,0,15.027,14.905,253,240,2,12,24,12,0,1920,0,0,0,0,0,0,0,0,0,0,184,0,0,0,1164,155,481,460,0,0,3,1.164
3004,16.688,44.183,0.044,0.0,0.0,0.0,0.0,0.0,534.0,2616.0,1.088,0,6,0,13.945,13.772,254,240,2,12,24,12,0,1920,0,0,0,0,0,0,0,0,0,0,184,0,0,0,1344,169,588,513,0,0,4,1.344
3005,17.335,44.183,0.044,0.0,0.0,0.0,0.0,0.0,534.0,2616.0,0.925,0,6,0,14.345,14.221,252,240,2,12,24,12,0,1920,0,0,0,0,0,0,0,0,0,0,184,0,0,0,1394,161,573,572,0,0,4,1.394
3006,17.75,44.183,0.044,0.0,0.0,0.0,0.0,0.0,534.0,2616.0,1.006,0,6,0,14.882,14.655,255,240,2,12,24,12,0,1920,0,0,0,0,0,0,0,0,0,0,184,0,0,0,1384,220,563,528,0,0,4,1.384
3007,16.568,44.183,0.044,0.0,0.0,0.0,0.0,0.0,534.0,2616.0,1.018,0,6,0,13.668,13.547,252,240,2,12,24,12,0,1920,0,0,0,0,0,0,0,0,0,0,184,0,0,0,1384,172,584,553,0,0,4,1.384
3008,17.811,44.183,0.044,0.0,0.0,0.0,0.0,0.0,534.0,2616.0,0.934,0,6,0,14.722,14.572,254,240,2,12,24,12,0,1920,0,0,0,0,0,0,0,0,0,0,184,0,0,0,1415,245,589,508,0,0,4,1.415
3009,18.05,44.183,0.044,0.0,0.0,0.0,0.0,0.0,534.0,2616.0,0.988,0,6,0,15.128,14.982,255,240,2,12,24,12,0,1920,0,0,0,0,0,0,0,0,0,0,184,0,0,0,1396,157,592,568,0,0,4,1.396
3010,17.02,44.183,0.044,0.0,0.0,0.0,0.0,0.0,534.0,2616.0,1.235,0,6,0,14.034,13.819,254,240,2,12,24,12,0,1920,0,0,0,0,0,0,0,0,0,0,184,0,0,0,1443,167,697,501,0,0,3,1.443
3011,12.653,44.183,0.044,0.0,0.0,0.0,0.0,0.0,534.0,2616.0,0.678,0,6,0,9.962,9.864,252,240,2,12,24,12,0,1920,0,0,0,0,0,0,0,0,0,0,184,0,0,0,1017,114,468,383,0,0,3,1.017
3012,12.063,44.183,0.044,0.0,0.0,0.0,0.0,0.0,534.0,2616.0,0.65,0,6,0,9.892,9.788,254,240,2,12,24,12,0,1920,0,0,0,0,0,0,0,0,0,0,184,0,0,0,1089,116,493,429,0,0,2,1.089
3013,11.676,44.183,0.044,0.0,0.0,0.0,0.0,0.0,534.0,2616.0,0.754,0,6,0,9.582,9.49,252,240,2,12,24,12,0,1920,0,0,0,0,0,0,0,0,0,0,184,0,0,0,1073,117,499,396,0,0,2,1.073
3014,11.761,44.183,0.044,0.0,0.0,0.0,0.0,0.0,534.0,2616.0,0.7,0,6,0,9.664,9.56,255,240,2,12,24,12,0,1920,0,0,0,0,0,0,0,0,0,0,184,0,0,0,971,114,428,380,0,0,3,0.971
3015,13.525,44.183,0.044,0.0,0.0,0.0,0.0,0.0,534.0,2616.0,0.733,0,6,0,11.416,9.809,253,240,2,12,24,12,0,1920,0,0,0,0,0,0,0,0,0,0,184,0,0,0,992,118,435,390,0,0,2,0.992
3016,11.503,44.183,0.044,0.0,0.0,0.0,0.0,0.0,534.0,2616.0,0.647,0,6,0,9.382,9.276,256,240,2,12,24,12,0,1920,0,0,0,0,0,0,0,0,0,0,184,0,0,0,1003,147,402,399,0,0,2,1.003
3017,11.608,44.183,0.044,0.0,0.0,0.0,0.0,0.0,534.0,2616.0,0.749,0,6,0,9.52,9.406,252,240,2,12,24,12,0,1920,0,0,0,0,0,0,0,0,0,0,184,0,0,0,1068,130,448,437,0,0,3,1.068
3018,12.261,44.183,0.044,0.0,0.0,0.0,0.0,0.0,534.0,2616.0,0.597,0,6,0,10.136,10.043,254,240,2,12,24,12,0,1920,0,0,0,0,0,0,0,0,0,0,184,0,0,0,1007,115,399,439,0,0,3,1.007
3019,11.272,44.183,0.044,0.0,0.0,0.0,0.0,0.0,534.0,2616.0,0.683,0,6,0,9.34,9.264,252,240,2,12,24,12,0,1920,0,0,0,0,0,0,0,0,0,0,184,0,0,0,998,113,450,385,0,0,2,0.998
3020,11.28,44.183,0.044,0.0,0.0,0.0,0.0,0.0,534.0,2616.0,0.714,0,6,0,9.306,9.213,255,240,2,12,24,12,0,1920,0,0,0,0,0,0,0,0,0,0,184,0,0,0,965,112,426,374,0,0,2,0.965
3021,12.062,44.183,0.044,0.0,0.0,0.0,0.0,0.0,534.0,2616.0,0.757,0,6,0,10.02,9.941,253,240,2,12,24,12,0,1920,0,0,0,0,0,0,0,0,0,0,184,0,0,0,990,130,408,404,0,0,2,0.99
3022,11.626,44.183,0.044,0.0,0.0,0.0,0.0,0.0,534.0,2616.0,0.66,0,6,0,9.541,9.436,255,240,2,12,24,12,0,1920,0,0,0,0,0,0,0,0,0,0,184,0,0,0,983,123,424,383,0,0,3,0.983
3023,11.4,21.33,0.062,0.0,0.0,0.0,0.0,0.0,534.0,2616.0,0.671,0,6,0,9.407,9.331,252,240,2,12,24,12,0,1920,0,0,0,0,0,0,0,0,0,0,184,0,0,0,988,109,418,411,0,0,1,0.988
3024,11.463,21.33,0.062,0.0,0.0,0.0,0.0,0.0,534.0,2616.0,0.67,0,6,0,9.504,9.399,256,240,2,12,24,12,0,1920,0,0,0,0,0,0,0,0,0,0,184,0,0,0,958,112,414,385,0,0,3,0.958
3025,11.363,21.33,0.062,0.0,0.0,0.0,0.0,0.0,534.0,2616.0,0.734,0,6,0,9.332,9.253,252,240,2,12,24,12,0,1920,0,0,0,0,0,0,0,0,0,0,184,0,0,0,997,117,457,377,0,0,1,0.997
3026,11.763,21.33,0.062,0.0,0.0,0.0,0.0,0.0,534.0,2616.0,0.597,0,6,0,9.655,9.549,254,240,2,12,24,12,0,1920,0,0,0,0,0,0,0,0,0,0,184,0,0,0,969,112,428,378,0,0,3,0.969
3027,11.375,21.33,0.062,0.0,0.0,0.0,0.0,0.0,534.0,2616.0,0.742,0,6,0,9.372,9.285,253,240,2,12,24,12,0,1920,0,0,0,0,0,0,0,0,0,0,184,0,0,0,1051,106,494,405,0,0,3,1.051
3028,11.469,21.33,0.062,0.0,0.0,0.0,0.0,0.0,534.0,2616.0,0.675,0,6,0,9.428,9.329,254,240,2,12,24,12,0,1920,0,0,0,0,0,0,0,0,0,0,184,0,0,0,958,114,403,393,0,0,1,0.958
3029,11.479,21.33,0.062,0.0,0.0,0.0,0.0,0.0,534.0,2616.0,0.77,0,6,0,9.49,9.413,252,240,2,12,24,12,0,1920,0,0,0,0,0,0,0,0,0,0,184,0,0,0,960,112,422,376,0,0,3,0.96
3030,12.009,21.33,0.062,0.0,0.0,0.0,0.0,0.0,534.0,2616.0,0.764,0,6,0,9.915,9.814,254,240,2,12,24,12,0,1920,0,0,0,0,0,0,0,0,0,0,184,0,0,0,971,116,427,378,0,0,1,0.971
3031,11.465,21.33,0.062,0.0,0.0,0.0,0.0,0.0,534.0,2616.0,0.623,0,6,0,9.335,9.243,252,240,2,12,24,12,0,1920,0,0,0,0,0,0,0,0,0,0,184,0,0,0,980,118,411,399,0,0,2,0.98
3032,11.541,21.33,0.062,0.0,0.0,0.0,0.0,0.0,534.0,2616.0,0.708,0,6,0,9.612,9.493,255,240,2,12,24,12,0,1920,0,0,0,0,0,0,0,0,0,0,184,0,0,0,960,115,419,379,0,0,3,0.96
3033,11.729,21.33,0.062,0.0,0.0,0.0,0.0,0.0,534.0,2616.0,0.768,0,6,0,9.599,9.512,253,240,2,12,24,12,0,1920,0,0,0,0,0,0,0,0,0,0,184,0,0,0,1041,110,440,447,0,0,2,1.041
3034,16.044,21.33,0.062,0.0,0.0,0.0,0.0,0.0,534.0,2616.0,0.607,0,6,0,12.315,12.192,255,240,2,12,24,12,0,1920,0,0,0,0,0,0,0,0,0,0,184,0,0,0,2567,1607,465,401,0,0,3,2.567
3035,10.633,21.33,0.062,0.0,0.0,0.0,0.0,0.0,534.0,2616.0,0.551,0,6,0,8.814,8.744,252,240,2,12,24,12,0,1920,0,0,0,0,0,0,0,0,0,0,184,0,0,0,889,103,400,341,0,0,2,0.889
3036,10.282,21.33,0.062,0.0,0.0,0.0,0.0,0.0,534.0,2616.0,0.571,0,6,0,8.527,8.423,255,240,2,12,24,12,0,1920,0,0,0,0,0,0,0,0,0,0,184,0,0,0,884,117,372,350,0,0,3,0.884
3037,10.394,21.33,0.062,0.0,0.0,0.0,0.0,0.0,534.0,2616.0,0.605,0,6,0,8.601,8.529,252,240,2,12,24,12,0,1920,0,0,0,0,0,0,0,0,0,0,184,0,0,0,891,101,394,352,0,0,2,0.891
3038,10.065,21.33,0.062,0.0,0.0,0.0,0.0,0.0,534.0,2616.0,0.645,0,6,0,8.304,8.224,254,240,2,12,24,12,0,1920,0,0,0,0,0,0,0,0,0,0,184,0,0,0,833,99,355,336,0,0,2,0.833
3039,13.287,21.33,0.062,0.0,0.0,0.0,0.0,0.0,534.0,2616.0,0.948,0,6,0,10.875,10.792,255,240,2,12,24,12,0,1920,0,0,0,0,0,0,0,0,0,0,184,0,0,0,1409,162,579,542,0,0,4,1.409
3040,11.96,21.33,0.062,0.0,0.0,0.0,0.0,0.0,534.0,2616.0,0.593,0,6,0,9.666,9.542,254,240,2,12,24,12,0,1920,0,0,0,0,0,0,0,0,0,0,184,0,0,0,915,111,381,377,0,0,2,0.915
3041,13.358,21.33,0.062,0.0,0.0,0.0,0.0,0.0,534.0,2616.0,0.637,0,6,0,11.505,11.435,252,240,2,12,24,12,0,1920,0,0,0,0,0,0,0,0,0,0,184,0,0,0,936,112,394,381,0,0,3,0.936
3042,13.365,21.33,0.062,0.0,0.0,0.0,0.0,0.0,534.0,2616.0,0.883,0,6,0,11.367,11.267,254,240,2,12,24,12,0,1920,0,0,0,0,0,0,0,0,0,0,184,0,0,0,1014,124,452,387,0,0,3,1.014
3043,12.794,21.33,0.062,0.0,0.0,0.0,0.0,0.0,534.0,2616.0,0.88,0,6,0,10.026,9.916,252,240,2,12,24,12,0,1920,0,0,0,0,0,0,0,0,0,0,184,0,0,0,1383,164,641,504,0,0,4,1.383
3044,11.697,21.33,0.062,0.0,0.0,0.0,0.0,0.0,534.0,2616.0,0.831,0,6,0,9.487,9.371,254,240,2,12,24,12,0,1920,0,0,0,0,0,0,0,0,0,0,184,0,0,0,926,104,392,361,0,0,3,0.926
3045,10.855,21.33,0.062,0.0,0.0,0.0,0.0,0.0,534.0,2616.0,0.594,0,6,0,8.735,8.621,254,240,2,12,24,12,0,1920,0,0,0,0,0,0,0,0,0,0,184,0,0,0,886,104,383,355,0,0,3,0.886
3046,11.077,21.33,0.062,0.0,0.0,0.0,0.0,0.0,534.0,2616.0,0.566,0,6,0,9.268,9.184,254,240,2,12,24,12,0,1920,0,0,0,0,0,0,0,0,0,0,184,0,0,0,877,104,368,357,0,0,2,0.877
3047,10.225,21.33,0.062,0.0,0.0,0.0,0.0,0.0,534.0,2616.0,0.583,0,6,0,8.356,8.289,252,240,2,12,24,12,0,1920,0,0,0,0,0,0,0,0,0,0,184,0,0,0,996,119,436,390,0,0,3,0.996
3048,11.724,21.33,0.062,0.0,0.0,0.0,0.0,0.0,534.0,2616.0,0.664,0,6,0,9.931,8.867,255,240,2,12,24,12,0,1920,0,0,0,0,0,0,0,0,0,0,184,0,0,0,871,102,365,363,0,0,1,0.871
3049,10.883,21.33,0.062,0.0,0.0,0.0,0.0,0.0,534.0,2616.0,0.629,0,6,0,8.987,8.879,252,240,2,12,24,12,0,1920,0,0,0,0,0,0,0,0,0,0,184,0,0,0,884,111,368,361,0,0,3,0.884
3050,11.505,21.33,0.062,0.0,0.0,0.0,0.0,0.0,534.0,2616.0,0.585,0,6,0,9.721,8.226,256,240,2,12,24,12,0,1920,0,0,0,0,0,0,0,0,0,0,184,0,0,0,863,108,372,339,0,0,2,0.863
3051,10.306,21.33,0.062,0.0,0.0,0.0,0.0,0.0,534.0,2616.0,0.808,0,6,0,8.398,8.325,253,240,2,12,24,12,0,1920,0,0,0,0,0,0,0,0,0,0,184,0,0,0,995,104,471,372,0,0,2,0.995
3052,13.004,21.33,0.062,0.0,0.0,0.0,0.0,0.0,534.0,2616.0,0.745,0,6,0,10.615,10.496,255,240,2,12,24,12,0,1920,0,0,0,0,0,0,0,0,0,0,184,0,0,0,1161,171,501,425,0,0,3,1.161
3053,11.128,21.33,0.062,0.0,0.0,0.0,0.0,0.0,534.0,2616.0,0.62,0,6,0,9.115,9.039,252,240,2,12,24,12,0,1920,0,0,0,0,0,0,0,0,0,0,184,0,0,0,911,106,398,357,0,0,2,0.911
3054,15.492,21.33,0.062,0.0,0.0,0.0,0.0,0.0,534.0,2616.0,0.841,0,6,0,13.132,13.048,254,240,2,12,24,12,0,1920,0,0,0,0,0,0,0,0,0,0,184,0,0,0,1328,195,577,481,0,0,3,1.328
3055,14.883,21.33,0.062,0.0,0.0,0.0,0.0,0.0,534.0,2616.0,0.662,0,6,0,12.732,12.63,252,240,2,12,24,12,0,1920,0,0,0,0,0,0,0,0,0,0,184,0,0,0,930,105,421,359,0,0,3,0.93
3056,14.903,21.33,0.062,0.0,0.0,0.0,0.0,0.0,534.0,2616.0,0.83,0,6,0,12.558,12.444,254,240,2,12,24,12,0,1920,0,0,0,0,0,0,0,0,0,0,184,0,0,0,1260,159,506,527,0,0,4,1.26
3057,14.384,21.33,0.062,0.0,0.0,0.0,0.0,0.0,534.0,2616.0,0.603,0,6,0,12.148,12.04,253,240,2,12,24,12,0,1920,0,0,0,0,0,0,0,0,0,0,184,0,0,0,1019,109,405,451,0,0,2,1.019
3058,12.855,21.33,0.062,0.0,0.0,0.0,0.0,0.0,534.0,2616.0,0.965,0,6,0,10.45,10.362,255,240,2,12,24,12,0,1920,0,0,0,0,0,0,0,0,0,0,184,0,0,0,1366,173,621,496,0,0,4,1.366
3059,12.907,21.33,0.062,0.0,0.0,0.0,0.0,0.0,534.0,2616.0,0.648,0,6,0,10.464,10.36,252,240,2,12,24,12,0,1920,0,0,0,0,0,0,0,0,0,0,184,0,0,0,1030,128,468,384,0,0,2,1.03
3060,11.356,21.33,0.062,0.0,0.0,0.0,0.0,0.0,534.0,2616.0,0.71,0,6,0,9.261,9.163,254,240,2,12,24,12,0,1920,0,0,0,0,0,0,0,0,0,0,184,0,0,0,1084,139,441,446,0,0,2,1.084
3061,12.092,21.33,0.062,0.0,0.0,0.0,0.0,0.0,534.0,2616.0,0.824,0,6,0,9.788,9.712,252,240,2,12,24,12,0,1920,0,0,0,0,0,0,0,0,0,0,184,0,0,0,1195,148,536,447,0,0,3,1.195
3062,13.731,21.33,0.062,0.0,0.0,0.0,0.0,0.0,534.0,2616.0,0.905,0,6,0,11.267,11.113,256,240,2,12,24,12,0,1920,0,0,0,0,0,0,0,0,0,0,184,0,0,0,1211,150,512,484,0,0,3,1.211
3063,12.527,21.33,0.062,0.0,0.0,0.0,0.0,0.0,534.0,2616.0,0.92,0,6,0,10.202,10.082,254,240,2,12,24,12,0,1920,0,0,0,0,0,0,0,0,0,0,184,0,0,0,977,129,422,375,0,0,3,0.977
3064,15.089,21.33,0.062,0.0,0.0,0.0,0.0,0.0,534.0,2616.0,0.815,0,6,0,12.632,12.511,254,240,2,12,24,12,0,1920,0,0,0,0,0,0,0,0,0,0,184,0,0,0,997,109,417,421,0,0,2,0.997
3065,12.057,21.33,0.062,0.0,0.0,0.0,0.0,0.0,534.0,2616.0,0.552,0,6,0,9.726,9.629,253,240,2,12,24,12,0,1920,0,0,0,0,0,0,0,0,0,0,184,0,0,0,901,106,384,369,0,0,2,0.901
3066,12.351,21.33,0.062,0.0,0.0,0.0,0.0,0.0,534.0,2616.0,0.609,0,6,0,10.587,10.458,255,240,2,12,24,12,0,1920,0,0,0,0,0,0,0,0,0,0,184,0,0,0,878,102,392,341,0,0,1,0.878
3067,10.461,21.33,0.062,0.0,0.0,0.0,0.0,0.0,534.0,2616.0,0.584,0,6,0,8.581,8.505,252,240,2,12,24,12,0,1920,0,0,0,0,0,0,0,0,0,0,184,0,0,0,870,112,384,335,0,0,2,0.87
3068,10.326,21.33,0.062,0.0,0.0,0.0,0.0,0.0,534.0,2616.0,0.62,0,6,0,8.497,8.39,254,240,2,12,24,12,0,1920,0,0,0,0,0,0,0,0,0,0,184,0,0,0,911,122,369,373,0,0,2,0.911
3069,10.374,21.33,0.062,0.0,0.0,0.0,0.0,0.0,534.0,2616.0,0.673,0,6,0,8.572,8.484,252,240,2,12,24,12,0,1920,0,0,0,0,0,0,0,0,0,0,184,0,0,0,864,119,362,334,0,0,1,0.864
3070,10.335,21.33,0.062,0.0,0.0,0.0,0.0,0.0,534.0,2616.0,0.615,0,6,0,8.444,8.357,255,240,2,12,24,12,0,1920,0,0,0,0,0,0,0,0,0,0,184,0,0,0,904,101,398,356,0,0,2,0.904
3071,10.296,21.33,0.062,0.0,0.0,0.0,0.0,0.0,534.0,2616.0,0.623,0,6,0,8.382,8.283,254,240,2,12,24,12,0,1920,0,0,0,0,0,0,0,0,0,0,184,0,0,0,963,112,402,384,0,0,3,0.963
3072,10.694,21.33,0.062,0.0,0.0,0.0,0.0,0.0,534.0,2616.0,0.577,0,6,0,8.849,8.764,254,240,2,12,24,12,0,1920,0,0,0,0,0,0,0,0,0,0,184,0,0,0,927,96,429,353,0,0,2,0.927
3073,11.108,21.33,0.062,0.0,0.0,0.0,0.0,0.0,534.0,2616.0,0.594,0,6,0,9.172,9.097,253,240,2,12,24,12,0,1920,0,0,0,0,0,0,0,0,0,0,184,0,0,0,994,163,408,373,0,0,3,0.994
3074,10.899,21.33,0.062,0.0,0.0,0.0,0.0,0.0,534.0,2616.0,0.697,0,6,0,8.869,8.759,254,240,2,12,24,12,0,1920,0,0,0,0,0,0,0,0,0,0,184,0,0,0,1064,142,458,412,0,0,2,1.064
3075,10.652,21.33,0.062,0.0,0.0,0.0,0.0,0.0,534.0,2616.0,0.595,0,6,0,8.734,8.618,252,240,2,12,24,12,0,1920,0,0,0,0,0,0,0,0,0,0,184,0,0,0,902,102,414,344,0,0,2,0.902
3076,10.348,21.33,0.062,0.0,0.0,0.0,0.0,0.0,534.0,2616.0,0.557,0,6,0,8.537,8.463,253,240,2,12,24,12,0,1920,0,0,0,0,0,0,0,0,0,0,184,0,0,0,911,105,393,364,0,0,1,0.911
3077,10.316,21.33,0.062,0.0,0.0,0.0,0.0,0.0,534.0,2616.0,0.548,0,6,0,8.593,8.514,254,240,2,12,24,12,0,1920,0,0,0,0,0,0,0,0,0,0,184,0,0,0,872,103,387,337,0,0,2,0.872
3078,12.218,21.33,0.062,0.0,0.0,0.0,0.0,0.0,534.0,2616.0,0.733,0,6,0,10.199,10.109,255,240,2,12,24,12,0,1920,0,0,0,0,0,0,0,0,0,0,184,0,0,0,974,119,397,406,0,0,3,0.974
3079,11.959,21.33,0.062,0.0,0.0,0.0,0.0,0.0,534.0,2616.0,0.679,0,6,0,9.906,9.814,253,240,2,12,24,12,0,1920,0,0,0,0,0,0,0,0,0,0,184,0,0,0,979,111,422,382,0,0,2,0.979
3080,11.543,21.33,0.062,0.0,0.0,0.0,0.0,0.0,534.0,2616.0,0.634,0,6,0,9.471,9.38,254,240,2,12,24,12,0,1920,0,0,0,0,0,0,0,0,0,0,184,0,0,0,986,116,431,389,0,0,2,0.986
3081,16.993,21.33,0.062,0.0,0.0,0.0,0.0,0.0,534.0,2616.0,0.863,0,6,0,14.717,14.61,252,240,2,12,24,12,0,1920,0,0,0,0,0,0,0,0,0,0,184,0,0,0,1247,184,530,470,0,0,3,1.247
3082,15.451,21.33,0.062,0.0,0.0,0.0,0.0,0.0,534.0,2616.0,0.914,0,6,0,12.92,12.81,253,240,2,12,24,12,0,1920,0,0,0,0,0,0,0,0,0,0,184,0,0,0,1219,149,542,463,0,0,2,1.219
3083,14.94,21.33,0.062,0.0,0.0,0.0,0.0,0.0,534.0,2616.0,0.847,0,6,0,12.419,12.294,254,240,2,12,24,12,0,1920,0,0,0,0,0,0,0,0,0,0,184,0,0,0,1214,181,498,473,0,0,2,1.214
3084,14.98,21.33,0.062,0.0,0.0,0.0,0.0,0.0,534.0,2616.0,0.88,0,6,0,12.412,12.291,255,240,2,12,24,12,0,1920,0,0,0,0,0,0,0,0,0,0,184,0,0,0,1256,223,499,469,0,0,3,1.256
3085,17.803,21.33,0.062,0.0,0.0,0.0,0.0,0.0,534.0,2616.0,0.864,0,6,0,15.229,12.414,254,240,2,12,24,12,0,1920,0,0,0,0,0,0,0,0,0,0,184,0,0,0,1208,151,508,485,0,0,4,1.208
3086,15.132,21.33,0.062,0.0,0.0,0.0,0.0,0.0,534.0,2616.0,0.783,0,6,0,12.647,12.486,254,240,2,12,24,12,0,1920,0,0,0,0,0,0,0,0,0,0,184,0,0,0,1181,144,517,458,0,0,2,1.181
3087,15.009,21.33,0.062,0.0,0.0,0.0,0.0,0.0,534.0,2616.0,0.854,0,6,0,12.506,12.407,252,240,2,12,24,12,0,1920,0,0,0,0,0,0,0,0,0,0,184,0,0,0,1251,153,519,476,0,0,3,1.251
3088,15.211,21.33,0.062,0.0,0.0,0.0,0.0,0.0,534.0,2616.0,0.805,0,6,0,12.687,12.576,253,240,2,12,24,12,0,1920,0,0,0,0,0,0,0,0,0,0,184,0,0,0,1261,150,570,473,0,0,2,1.261
3089,13.721,21.33,0.062,0.0,0.0,0.0,0.0,0.0,534.0,2616.0,0.607,0,6,0,11.643,11.502,255,240,2,12,24,12,0,1920,0,0,0,0,0,0,0,0,0,0,184,0,0,0,908,124,381,358,0,0,2,0.908
3090,10.733,21.33,0.062,0.0,0.0,0.0,0.0,0.0,534.0,2616.0,0.572,0,6,0,8.859,8.77,254,240,2,12,24,12,0,1920,0,0,0,0,0,0,0,0,0,0,184,0,0,0,941,104,373,413,0,0,2,0.941
3091,10.748,21.33,0.062,0.0,0.0,0.0,0.0,0.0,534.0,2616.0,0.672,0,6,0,8.958,8.886,252,240,2,12,24,12,0,1920,0,0,0,0,0,0,0,0,0,0,184,0,0,0,880,107,371,358,0,0,2,0.88
3092,10.634,21.33,0.062,0.0,0.0,0.0,0.0,0.0,534.0,2616.0,0.607,0,6,0,8.757,8.674,253,240,2,12,24,12,0,1920,0,0,0,0,0,0,0,0,0,0,184,0,0,0,908,105,391,351,0,0,2,0.908
3093,10.499,21.33,0.062,0.0,0.0,0.0,0.0,0.0,534.0,2616.0,0.567,0,6,0,8.65,8.576,253,240,2,12,24,12,0,1920,0,0,0,0,0,0,0,0,0,0,184,0,0,0,930,106,417,365,0,0,1,0.93
3094,10.538,21.33,0.062,0.0,0.0,0.0,0.0,0.0,534.0,2616.0,0.615,0,6,0,8.78,8.695,254,240,2,12,24,12,0,1920,0,0,0,0,0,0,0,0,0,0,184,0,0,0,900,109,373,370,0,0,3,0.9
3095,10.777,21.33,0.062,0.0,0.0,0.0,0.0,0.0,534.0,2616.0,0.571,0,6,0,8.944,8.827,254,240,2,12,24,12,0,1920,0,0,0,0,0,0,0,0,0,0,184,0,0,0,923,104,374,393,0,0,2,0.923
3096,10.504,21.33,0.062,0.0,0.0,0.0,0.0,0.0,534.0,2616.0,0.603,0,6,0,8.65,8.564,255,240,2,12,24,12,0,1920,0,0,0,0,0,0,0,0,0,0,184,0,0,0,942,107,413,357,0,0,1,0.942
3097,10.579,21.33,0.062,0.0,0.0,0.0,0.0,0.0,534.0,2616.0,0.608,0,6,0,8.766,8.69,253,240,2,12,24,12,0,1920,0,0,0,0,0,0,0,0,0,0,184,0,0,0,906,107,377,371,0,0,3,0.906
3098,10.665,21.33,0.062,0.0,0.0,0.0,0.0,0.0,534.0,2616.0,0.573,0,6,0,8.742,8.661,254,240,2,12,24,12,0,1920,0,0,0,0,0,0,0,0,0,0,184,0,0,0,944,111,396,392,0,0,2,0.944
3099,10.811,21.33,0.062,0.0,0.0,0.0,0.0,0.0,534.0,2616.0,0.607,0,6,0,8.977,8.902,252,240,2,12,24,12,0,1920,0,0,0,0,0,0,0,0,0,0,184,0,0,0,936,127,404,361,0,0,2,0.936
3100,10.457,21.33,0.062,0.0,0.0,0.0,0.0,0.0,534.0,2616.0,0.576,0,6,0,8.648,8.573,253,240,2,12,24,12,0,1920,0,0,0,0,0,0,0,0,0,0,184,0,0,0,901,102,400,352,0,0,2,0.901
3101,10.585,21.33,0.062,0.0,0.0,0.0,0.0,0.0,534.0,2616.0,0.589,0,6,0,8.816,8.746,252,240,2,12,24,12,0,1920,0,0,0,0,0,0,0,0,0,0,184,0,0,0,867,98,372,355,0,0,2,0.867
3102,10.58,21.33,0.062,0.0,0.0,0.0,0.0,0.0,534.0,2616.0,0.615,0,6,0,8.741,8.643,256,240,2,12,24,12,0,1920,0,0,0,0,0,0,0,0,0,0,184,0,0,0,941,105,413,374,0,0,2,0.941
3103,11.326,21.33,0.062,0.0,0.0,0.0,0.0,0.0,534.0,2616.0,0.722,0,6,0,9.398,9.315,254,240,2,12,24,12,0,1920,0,0,0,0,0,0,0,0,0,0,184,0,0,0,976,115,427,385,0,0,3,0.976
3104,11.773,21.33,0.062,0.0,0.0,0.0,0.0,0.0,534.0,2616.0,0.664,0,6,0,9.7,9.607,254,240,2,12,24,12,0,1920,0,0,0,0,0,0,0,0,0,0,184,0,0,0,966,114,419,382,0,0,3,0.966
3105,11.533,21.33,0.062,0.0,0.0,0.0,0.0,0.0,534.0,2616.0,0.639,0,6,0,9.53,9.453,252,240,2,12,24,12,0,1920,0,0,0,0,0,0,0,0,0,0,184,0,0,0,966,108,403,404,0,0,2,0.966
3106,11.604,17.777,0.041,0.0,0.0,0.0,0.0,0.0,534.0,2616.0,0.673,0,6,0,9.612,9.486,254,240,2,12,24,12,0,1920,0,0,0,0,0,0,0,0,0,0,184,0,0,0,994,115,402,426,0,0,3,0.994
3107,11.42,17.777,0.041,0.0,0.0,0.0,0.0,0.0,534.0,2616.0,0.655,0,6,0,9.323,9.247,252,240,2,12,24,12,0,1920,0,0,0,0,0,0,0,0,0,0,184,0,0,0,1069,129,483,399,0,0,3,1.069
3108,11.659,17.777,0.041,0.0,0.0,0.0,0.0,0.0,534.0,2616.0,0.682,0,6,0,9.679,9.556,254,240,2,12,24,12,0,1920,0,0,0,0,0,0,0,0,0,0,184,0,0,0,967,115,416,386,0,0,3,0.967
3109,11.38,17.777,0.041,0.0,0.0,0.0,0.0,0.0,534.0,2616.0,0.636,0,6,0,9.292,9.205,253,240,2,12,24,12,0,1920,0,0,0,0,0,0,0,0,0,0,184,0,0,0,1002,114,438,397,0,0,2,1.002
3110,11.249,17.777,0.041,0.0,0.0,0.0,0.0,0.0,534.0,2616.0,0.685,0,6,0,9.295,9.181,254,240,2,12,24,12,0,1920,0,0,0,0,0,0,0,0,0,0,184,0,0,0,994,130,427,384,0,0,2,0.994
3111,11.178,17.777,0.041,0.0,0.0,0.0,0.0,0.0,534.0,2616.0,0.739,0,6,0,9.186,9.103,253,240,2,12,24,12,0,1920,0,0,0,0,0,0,0,0,0,0,184,0,0,0,964,108,423,385,0,0,2,0.964
3112,11.248,17.777,0.041,0.0,0.0,0.0,0.0,0.0,534.0,2616.0,0.665,0,6,0,9.227,9.144,253,240,2,12,24,12,0,1920,0,0,0,0,0,0,0,0,0,0,184,0,0,0,962,141,394,379,0,0,2,0.962
3113,11.152,17.777,0.041,0.0,0.0,0.0,0.0,0.0,534.0,2616.0,0.665,0,6,0,9.175,9.101,252,240,2,12,24,12,0,1920,0,0,0,0,0,0,0,0,0,0,184,0,0,0,961,106,423,379,0,0,2,0.961
3114,12.308,17.777,0.041,0.0,0.0,0.0,0.0,0.0,534.0,2616.0,0.818,0,6,0,10.329,9.206,257,240,2,12,24,12,0,1920,0,0,0,0,0,0,0,0,0,0,184,0,0,0,978,119,412,401,0,0,2,0.978
3115,12.394,17.777,0.041,0.0,0.0,0.0,0.0,0.0,534.0,2616.0,0.706,0,6,0,10.145,10.061,252,240,2,12,24,12,0,1920,0,0,0,0,0,0,0,0,0,0,184,0,0,0,985,120,405,405,0,0,3,0.985
3116,12.136,17.777,0.041,0.0,0.0,0.0,0.0,0.0,534.0,2616.0,0.844,0,6,0,10.076,9.976,253,240,2,12,24,12,0,1920,0,0,0,0,0,0,0,0,0,0,184,0,0,0,964,141,394,380,0,0,2,0.964
3117,12.329,17.777,0.041,0.0,0.0,0.0,0.0,0.0,534.0,2616.0,0.654,0,6,0,10.057,9.966,253,240,2,12,24,12,0,1920,0,0,0,0,0,0,0,0,0,0,184,0,0,0,1042,131,456,394,0,0,1,1.042
3118,11.634,17.777,0.041,0.0,0.0,0.0,0.0,0.0,534.0,2616.0,0.84,0,6,0,9.622,9.496,254,240,2,12,24,12,0,1920,0,0,0,0,0,0,0,0,0,0,184,0,0,0,998,112,420,414,0,0,1,0.998
3119,15.236,17.777,0.041,0.0,0.0,0.0,0.0,0.0,534.0,2616.0,0.609,0,6,0,12.987,11.13,253,240,2,12,24,12,0,1920,0,0,0,0,0,0,0,0,0,0,184,0,0,0,1012,138,403,396,0,0,2,1.012
3120,11.548,17.777,0.041,0.0,0.0,0.0,0.0,0.0,534.0,2616.0,0.641,0,6,0,9.597,9.501,254,240,2,12,24,12,0,1920,0,0,0,0,0,0,0,0,0,0,184,0,0,0,975,117,419,391,0,0,2,0.975
3121,11.592,17.777,0.041,0.0,0.0,0.0,0.0,0.0,534.0,2616.0,0.621,0,6,0,9.599,9.519,252,240,2,12,24,12,0,1920,0,0,0,0,0,0,0,0,0,0,184,0,0,0,999,110,436,398,0,0,2,0.999
3122,11.734,17.777,0.041,0.0,0.0,0.0,0.0,0.0,534.0,2616.0,0.715,0,6,0,9.692,9.546,255,240,2,12,24,12,0,1920,0,0,0,0,0,0,0,0,0,0,184,0,0,0,1066,120,422,448,0,0,1,1.066
3123,11.319,17.777,0.041,0.0,0.0,0.0,0.0,0.0,534.0,2616.0,0.724,0,6,0,9.309,9.226,252,240,2,12,24,12,0,1920,0,0,0,0,0,0,0,0,0,0,184,0,0,0,964,108,405,405,0,0,2,0.964
3124,11.662,17.777,0.041,0.0,0.0,0.0,0.0,0.0,534.0,2616.0,0.751,0,6,0,9.605,9.519,253,240,2,12,24,12,0,1920,0,0,0,0,0,0,0,0,0,0,184,0,0,0,984,157,399,372,0,0,2,0.984
3125,11.893,17.777,0.041,0.0,0.0,0.0,0.0,0.0,534.0,2616.0,0.75,0,6,0,9.839,9.758,252,240,2,12,24,12,0,1920,0,0,0,0,0,0,0,0,0,0,184,0,0,0,972,112,425,390,0,0,2,0.972
3126,11.892,17.777,0.041,0.0,0.0,0.0,0.0,0.0,534.0,2616.0,0.726,0,6,0,9.785,9.682,256,240,2,12,24,12,0,1920,0,0,0,0,0,0,0,0,0,0,184,0,0,0,987,117,445,376,0,0,1,0.987
3127,12.227,17.777,0.041,0.0,0.0,0.0,0.0,0.0,534.0,2616.0,0.716,0,6,0,10.145,10.046,252,240,2,12,24,12,0,1920,0,0,0,0,0,0,0,0,0,0,184,0,0,0,1000,139,414,397,0,0,2,1.0
3128,11.76,17.777,0.041,0.0,0.0,0.0,0.0,0.0,534.0,2616.0,0.984,0,6,0,9.437,9.353,252,240,2,12,24,12,0,1920,0,0,0,0,0,0,0,0,0,0,184,0,0,0,1240,148,513,507,0,0,3,1.24
3129,12.976,17.777,0.041,0.0,0.0,0.0,0.0,0.0,534.0,2616.0,0.695,0,6,0,10.532,10.356,255,240,2,12,24,12,0,1920,0,0,0,0,0,0,0,0,0,0,184,0,0,0,1020,111,472,389,0,0,3,1.02
3130,11.46,17.777,0.041,0.0,0.0,0.0,0.0,0.0,534.0,2616.0,0.706,0,6,0,9.416,9.328,253,240,2,12,24,12,0,1920,0,0,0,0,0,0,0,0,0,0,184,0,0,0,954,109,405,397,0,0,1,0.954
3131,12.245,17.777,0.041,0.0,0.0,0.0,0.0,0.0,534.0,2616.0,0.685,0,6,0,10.139,10.035,252,240,2,12,24,12,0,1920,0,0,0,0,0,0,0,0,0,0,184,0,0,0,1036,117,435,435,0,0,2,1.036
3132,11.189,17.777,0.041,0.0,0.0,0.0,0.0,0.0,534.0,2616.0,0.968,0,6,0,9.173,9.083,253,240,2,12,24,12,0,1920,0,0,0,0,0,0,0,0,0,0,184,0,0,0,973,127,421,382,0,0,2,0.973
3133,11.817,17.777,0.041,0.0,0.0,0.0,0.0,0.0,534.0,2616.0,0.697,0,6,0,9.505,9.421,253,240,2,12,24,12,0,1920,0,0,0,0,0,0,0,0,0,0,184,0,0,0,969,116,408,374,0,0,3,0.969
3134,11.328,17.777,0.041,0.0,0.0,0.0,0.0,0.0,534.0,2616.0,0.716,0,6,0,9.272,9.189,253,240,2,12,24,12,0,1920,0,0,0,0,0,0,0,0,0,0,184,0,0,0,997,114,432,400,0,0,3,0.997
3135,11.607,17.777,0.041,0.0,0.0,0.0,0.0,0.0,534.0,2616.0,0.713,0,6,0,9.517,9.412,254,240,2,12,24,12,0,1920,0,0,0,0,0,0,0,0,0,0,184,0,0,0,1001,122,433,399,0,0,2,1.001
3136,11.91,17.777,0.041,0.0,0.0,0.0,0.0,0.0,534.0,2616.0,0.654,0,6,0,9.855,9.775,252,240,2,12,24,12,0,1920,0,0,0,0,0,0,0,0,0,0,184,0,0,0,962,115,416,382,0,0,2,0.962
3137,11.689,17.777,0.041,0.0,0.0,0.0,0.0,0.0,534.0,2616.0,0.705,0,6,0,9.668,9.583,252,240,2,12,24,12,0,1920,0,0,0,0,0,0,0,0,0,0,184,0,0,0,1019,149,415,401,0,0,3,1.019
3138,11.889,17.777,0.041,0.0,0.0,0.0,0.0,0.0,534.0,2616.0,1.662,0,6,0,9.82,9.726,254,240,2,12,24,12,0,1920,0,0,0,0,0,0,0,0,0,0,184,0,0,0,974,117,418,388,0,0,2,0.974
3139,15.306,17.777,0.041,0.0,0.0,0.0,0.0,0.0,534.0,2616.0,1.678,0,6,0,11.12,11.038,252,240,2,12,24,12,0,1920,0,0,0,0,0,0,0,0,0,0,184,0,0,0,2088,147,537,388,0,0,3,2.088
3140,13.442,17.777,0.041,0.0,0.0,0.0,0.0,0.0,534.0,2616.0,0.652,0,6,0,10.435,9.706,253,240,2,12,24,12,0,1920,0,0,0,0,0,0,0,0,0,0,184,0,0,0,927,115,415,350,0,0,2,0.927
3141,12.405,17.777,0.041,0.0,0.0,0.0,0.0,0.0,534.0,2616.0,0.809,0,6,0,10.475,10.385,255,240,2,12,24,12,0,1920,0,0,0,0,0,0,0,0,0,0,184,0,0,0,874,113,370,348,0,0,1,0.874
3142,10.966,17.777,0.041,0.0,0.0,0.0,0.0,0.0,534.0,2616.0,0.671,0,6,0,8.902,8.786,253,240,2,12,24,12,0,1920,0,0,0,0,0,0,0,0,0,0,184,0,0,0,879,108,369,354,0,0,2,0.879
3143,11.139,17.777,0.041,0.0,0.0,0.0,0.0,0.0,534.0,2616.0,0.528,0,6,0,9.224,9.141,253,240,2,12,24,12,0,1920,0,0,0,0,0,0,0,0,0,0,184,0,0,0,898,111,354,389,0,0,2,0.898
3144,11.041,17.777,0.041,0.0,0.0,0.0,0.0,0.0,534.0,2616.0,0.616,0,6,0,9.301,9.221,253,240,2,12,24,12,0,1920,0,0,0,0,0,0,0,0,0,0,184,0,0,0,871,120,354,353,0,0,2,0.871
3145,11.234,17.777,0.041,0.0,0.0,0.0,0.0,0.0,534.0,2616.0,0.566,0,6,0,9.324,9.257,252,240,2,12,24,12,0,1920,0,0,0,0,0,0,0,0,0,0,184,0,0,0,918,123,400,342,0,0,2,0.918
3146,10.725,17.777,0.041,0.0,0.0,0.0,0.0,0.0,534.0,2616.0,0.631,0,6,0,8.874,8.795,253,240,2,12,24,12,0,1920,0,0,0,0,0,0,0,0,0,0,184,0,0,0,900,112,398,349,0,0,2,0.9
3147,10.795,17.777,0.041,0.0,0.0,0.0,0.0,0.0,534.0,2616.0,0.578,0,6,0,8.943,8.856,255,240,2,12,24,12,0,1920,0,0,0,0,0,0,0,0,0,0,184,0,0,0,902,123,397,337,0,0,3,0.902
3148,11.415,17.777,0.041,0.0,0.0,0.0,0.0,0.0,534.0,2616.0,0.603,0,6,0,9.61,9.534,253,240,2,12,24,12,0,1920,0,0,0,0,0,0,0,0,0,0,184,0,0,0,912,116,395,354,0,0,3,0.912
3149,11.162,17.777,0.041,0.0,0.0,0.0,0.0,0.0,534.0,2616.0,0.746,0,6,0,8.851,8.773,252,240,2,12,24,12,0,1920,0,0,0,0,0,0,0,0,0,0,184,0,0,0,1326,102,681,487,0,0,4,1.326
3150,12.988,17.777,0.041,0.0,0.0,0.0,0.0,0.0,534.0,2616.0,0.804,0,6,0,10.573,10.431,253,240,2,12,24,12,0,1920,0,0,0,0,0,0,0,0,0,0,184,0,0,0,1169,154,496,456,0,0,3,1.169
3151,12.128,17.777,0.041,0.0,0.0,0.0,0.0,0.0,534.0,2616.0,0.724,0,6,0,9.741,9.624,254,240,2,12,24,12,0,1920,0,0,0,0,0,0,0,0,0,0,184,0,0,0,1198,115,604,429,0,0,2,1.198
3152,14.796,17.777,0.041,0.0,0.0,0.0,0.0,0.0,534.0,2616.0,0.941,0,6,0,12.316,12.226,253,240,2,12,24,12,0,1920,0,0,0,0,0,0,0,0,0,0,184,0,0,0,1279,175,522,516,0,0,3,1.279
3153,13.518,17.777,0.041,0.0,0.0,0.0,0.0,0.0,534.0,2616.0,0.573,0,6,0,11.273,8.604,254,240,2,12,24,12,0,1920,0,0,0,0,0,0,0,0,0,0,184,0,0,0,911,128,397,338,0,0,2,0.911
3154,11.368,17.777,0.041,0.0,0.0,0.0,0.0,0.0,534.0,2616.0,0.63,0,6,0,9.57,9.475,254,240,2,12,24,12,0,1920,0,0,0,0,0,0,0,0,0,0,184,0,0,0,891,103,391,350,0,0,1,0.891
3155,10.84,17.777,0.041,0.0,0.0,0.0,0.0,0.0,534.0,2616.0,0.602,0,6,0,8.939,8.826,254,240,2,12,24,12,0,1920,0,0,0,0,0,0,0,0,0,0,184,0,0,0,902,105,381,371,0,0,3,0.902
3156,10.573,17.777,0.041,0.0,0.0,0.0,0.0,0.0,534.0,2616.0,0.625,0,6,0,8.782,8.711,252,240,2,12,24,12,0,1920,0,0,0,0,0,0,0,0,0,0,184,0,0,0,873,107,363,358,0,0,2,0.873
3157,10.65,17.777,0.041,0.0,0.0,0.0,0.0,0.0,534.0,2616.0,0.608,0,6,0,8.567,8.492,253,240,2,12,24,12,0,1920,0,0,0,0,0,0,0,0,0,0,184,0,0,0,1127,229,394,449,0,0,3,1.127
3158,11.569,17.777,0.041,0.0,0.0,0.0,0.0,0.0,534.0,2616.0,0.663,0,6,0,9.746,9.668,253,240,2,12,24,12,0,1920,0,0,0,0,0,0,0,0,0,0,184,0,0,0,861,109,367,338,0,0,1,0.861
3159,12.064,17.777,0.041,0.0,0.0,0.0,0.0,0.0,534.0,2616.0,0.67,0,6,0,10.25,10.175,252,240,2,12,24,12,0,1920,0,0,0,0,0,0,0,0,0,0,184,0,0,0,831,100,351,341,0,0,1,0.831
3160,19.475,17.777,0.041,0.0,0.0,0.0,0.0,0.0,534.0,2616.0,1.099,0,6,0,16.935,16.853,254,240,2,12,24,12,0,1920,0,0,0,0,0,0,0,0,0,0,184,0,0,0,1443,222,559,571,0,0,4,1.443
3161,16.879,17.777,0.041,0.0,0.0,0.0,0.0,0.0,534.0,2616.0,1.016,0,6,0,13.862,13.732,253,240,2,12,24,12,0,1920,0,0,0,0,0,0,0,0,0,0,184,0,0,0,1424,163,600,553,0,0,3,1.424
3162,20.965,17.777,0.041,0.0,0.0,0.0,0.0,0.0,534.0,2616.0,0.957,0,6,0,18.061,17.939,253,240,2,12,24,12,0,1920,0,0,0,0,0,0,0,0,0,0,184,0,0,0,1430,165,672,524,0,0,3,1.43
3163,14.007,17.777,0.041,0.0,0.0,0.0,0.0,0.0,534.0,2616.0,0.652,0,6,0,11.595,11.472,253,240,2,12,24,12,0,1920,0,0,0,0,0,0,0,0,0,0,184,0,0,0,979,123,406,392,0,0,2,0.979
3164,11.581,17.777,0.041,0.0,0.0,0.0,0.0,0.0,534.0,2616.0,0.679,0,6,0,9.586,9.504,252,240,2,12,24,12,0,1920,0,0,0,0,0,0,0,0,0,0,184,0,0,0,959,114,397,380,0,0,2,0.959
3165,11.928,17.777,0.041,0.0,0.0,0.0,0.0,0.0,534.0,2616.0,0.687,0,6,0,9.904,9.811,254,240,2,12,24,12,0,1920,0,0,0,0,0,0,0,0,0,0,184,0,0,0,965,115,414,385,0,0,2,0.965
3166,12.563,17.777,0.041,0.0,0.0,0.0,0.0,0.0,534.0,2616.0,0.918,0,6,0,10.111,10.009,254,240,2,12,24,12,0,1920,0,0,0,0,0,0,0,0,0,0,184,0,0,0,1325,160,571,525,0,0,2,1.325
3167,15.879,17.777,0.041,0.0,0.0,0.0,0.0,0.0,534.0,2616.0,0.883,0,6,0,13.183,13.071,252,240,2,12,24,12,0,1920,0,0,0,0,0,0,0,0,0,0,184,0,0,0,1304,206,513,512,0,0,3,1.304
3168,16.159,17.777,0.041,0.0,0.0,0.0,0.0,0.0,534.0,2616.0,0.87,0,6,0,13.359,13.177,254,240,2,12,24,12,0,1920,0,0,0,0,0,0,0,0,0,0,184,0,0,0,1435,189,611,561,0,0,3,1.435
3169,15.886,17.777,0.041,0.0,0.0,0.0,0.0,0.0,534.0,2616.0,0.884,0,6,0,13.061,12.955,252,240,2,12,24,12,0,1920,0,0,0,0,0,0,0,0,0,0,184,0,0,0,1440,178,634,556,0,0,3,1.44
3170,16.145,17.777,0.041,0.0,0.0,0.0,0.0,0.0,534.0,2616.0,0.894,0,6,0,13.335,13.182,253,240,2,12,24,12,0,1920,0,0,0,0,0,0,0,0,0,0,184,0,0,0,1450,205,592,580,0,0,3,1.45
3171,15.982,17.777,0.041,0.0,0.0,0.0,0.0,0.0,534.0,2616.0,0.887,0,6,0,13.181,13.076,252,240,2,12,24,12,0,1920,0,0,0,0,0,0,0,0,0,0,184,0,0,0,1372,164,569,565,0,0,3,1.372
3172,15.962,17.777,0.041,0.0,0.0,0.0,0.0,0.0,534.0,2616.0,1.083,0,6,0,13.22,13.095,254,240,2,12,24,12,0,1920,0,0,0,0,0,0,0,0,0,0,184,0,0,0,1304,152,545,541,0,0,2,1.304
3173,12.162,17.777,0.041,0.0,0.0,0.0,0.0,0.0,534.0,2616.0,0.68,0,6,0,9.701,9.591,253,240,2,12,24,12,0,1920,0,0,0,0,0,0,0,0,0,0,184,0,0,0,971,118,397,393,0,0,1,0.971
3174,11.741,17.777,0.041,0.0,0.0,0.0,0.0,0.0,534.0,2616.0,0.619,0,6,0,9.715,9.592,253,240,2,12,24,12,0,1920,0,0,0,0,0,0,0,0,0,0,184,0,0,0,971,116,421,385,0,0,2,0.971
3175,13.164,17.777,0.041,0.0,0.0,0.0,0.0,0.0,534.0,2616.0,0.8,0,6,0,10.904,10.797,252,240,2,12,24,12,0,1920,0,0,0,0,0,0,0,0,0,0,184,0,0,0,1165,140,462,498,0,0,2,1.165
3176,12.008,17.777,0.041,0.0,0.0,0.0,0.0,0.0,534.0,2616.0,0.686,0,6,0,9.822,9.711,252,240,2,12,24,12,0,1920,0,0,0,0,0,0,0,0,0,0,184,0,0,0,1000,107,423,424,0,0,2,1.0
3177,11.512,17.777,0.041,0.0,0.0,0.0,0.0,0.0,534.0,2616.0,0.945,0,6,0,9.425,9.349,252,240,2,12,24,12,0,1920,0,0,0,0,0,0,0,0,0,0,184,0,0,0,988,117,404,390,0,0,2,0.988
3178,12.799,17.777,0.041,0.0,0.0,0.0,0.0,0.0,534.0,2616.0,0.673,0,6,0,10.421,10.308,255,240,2,12,24,12,0,1920,0,0,0,0,0,0,0,0,0,0,184,0,0,0,1017,119,459,380,0,0,2,1.017
3179,11.514,17.777,0.041,0.0,0.0,0.0,0.0,0.0,534.0,2616.0,0.884,0,6,0,9.367,9.291,252,240,2,12,24,12,0,1920,0,0,0,0,0,0,0,0,0,0,184,0,0,0,1101,108,507,403,0,0,2,1.101
3180,12.225,17.777,0.041,0.0,0.0,0.0,0.0,0.0,534.0,2616.0,0.686,0,6,0,9.872,9.776,254,240,2,12,24,12,0,1920,0,0,0,0,0,0,0,0,0,0,184,0,0,0,1029,142,453,383,0,0,2,1.029
3181,11.272,17.777,0.041,0.0,0.0,0.0,0.0,0.0,534.0,2616.0,0.797,0,6,0,9.258,9.18,252,240,2,12,24,12,0,1920,0,0,0,0,0,0,0,0,0,0,184,0,0,0,977,110,408,414,0,0,3,0.977
3182,11.343,17.777,0.041,0.0,0.0,0.0,0.0,0.0,534.0,2616.0,0.641,0,6,0,9.207,9.128,252,240,2,12,24,12,0,1920,0,0,0,0,0,0,0,0,0,0,184,0,0,0,953,111,410,382,0,0,3,0.953
3183,12.196,17.777,0.041,0.0,0.0,0.0,0.0,0.0,534.0,2616.0,0.637,0,6,0,10.28,9.143,255,240,2,12,24,12,0,1920,0,0,0,0,0,0,0,0,0,0,184,0,0,0,955,107,409,397,0,0,2,0.955
3184,11.541,17.777,0.041,0.0,0.0,0.0,0.0,0.0,534.0,2616.0,0.68,0,6,0,9.561,9.486,252,240,2,12,24,12,0,1920,0,0,0,0,0,0,0,0,0,0,184,0,0,0,979,115,423,389,0,0,3,0.979
3185,13.045,17.777,0.041,0.0,0.0,0.0,0.0,0.0,534.0,2616.0,0.711,0,6,0,11.053,10.958,253,240,2,12,24,12,0,1920,0,0,0,0,0,0,0,0,0,0,184,0,0,0,967,136,402,377,0,0,2,0.967
3186,13.526,20.93,0.035,0.0,0.0,0.0,0.0,0.0,534.0,2616.0,0.623,0,6,0,11.432,9.812,255,240,2,12,24,12,0,1920,0,0,0,0,0,0,0,0,0,0,184,0,0,0,971,131,410,379,0,0,2,0.971
3187,11.553,20.93,0.035,0.0,0.0,0.0,0.0,0.0,534.0,2616.0,0.664,0,6,0,9.585,9.511,252,240,2,12,24,12,0,1920,0,0,0,0,0,0,0,0,0,0,184,0,0,0,1004,140,401,412,0,0,2,1.004
3188,12.362,20.93,0.035,0.0,0.0,0.0,0.0,0.0,534.0,2616.0,0.665,0,6,0,10.358,10.252,254,240,2,12,24,12,0,1920,0,0,0,0,0,0,0,0,0,0,184,0,0,0,998,151,415,381,0,0,2,0.998
3189,12.319,20.93,0.035,0.0,0.0,0.0,0.0,0.0,534.0,2616.0,0.693,0,6,0,10.32,10.243,252,240,2,12,24,12,0,1920,0,0,0,0,0,0,0,0,0,0,184,0,0,0,981,114,431,383,0,0,3,0.981
3190,12.02,20.93,0.035,0.0,0.0,0.0,0.0,0.0,534.0,2616.0,0.616,0,6,0,10.085,10.007,252,240,2,12,24,12,0,1920,0,0,0,0,0,0,0,0,0,0,184,0,0,0,918,104,380,383,0,0,3,0.918
3191,12.288,20.93,0.035,0.0,0.0,0.0,0.0,0.0,534.0,2616.0,0.756,0,6,0,10.293,10.223,252,240,2,12,24,12,0,1920,0,0,0,0,0,0,0,0,0,0,184,0,0,0,1000,167,400,385,0,0,2,1.0
3192,12.738,20.93,0.035,0.0,0.0,0.0,0.0,0.0,534.0,2616.0,0.673,0,6,0,10.637,10.529,253,240,2,12,24,12,0,1920,0,0,0,0,0,0,0,0,0,0,184,0,0,0,984,113,404,418,0,0,2,0.984
3193,12.566,20.93,0.035,0.0,0.0,0.0,0.0,0.0,534.0,2616.0,0.671,0,6,0,10.321,10.218,255,240,2,12,24,12,0,1920,0,0,0,0,0,0,0,0,0,0,184,0,0,0,1021,118,407,444,0,0,2,1.021
3194,12.087,20.93,0.035,0.0,0.0,0.0,0.0,0.0,534.0,2616.0,0.619,0,6,0,10.067,9.969,252,240,2,12,24,12,0,1920,0,0,0,0,0,0,0,0,0,0,184,0,0,0,970,112,409,396,0,0,2,0.97
3195,12.186,20.93,0.035,0.0,0.0,0.0,0.0,0.0,534.0,2616.0,0.722,0,6,0,9.985,9.898,253,240,2,12,24,12,0,1920,0,0,0,0,0,0,0,0,0,0,184,0,0,0,1074,145,431,442,0,0,3,1.074
3196,13.074,20.93,0.035,0.0,0.0,0.0,0.0,0.0,534.0,2616.0,0.702,0,6,0,10.83,10.727,254,240,2,12,24,12,0,1920,0,0,0,0,0,0,0,0,0,0,184,0,0,0,1027,130,425,420,0,0,3,1.027
3197,13.835,20.93,0.035,0.0,0.0,0.0,0.0,0.0,534.0,2616.0,1.078,0,6,0,11.146,11.063,252,240,2,12,24,12,0,1920,0,0,0,0,0,0,0,0,0,0,184,0,0,0,1509,211,623,597,0,0,2,1.509
3198,14.918,20.93,0.035,0.0,0.0,0.0,0.0,0.0,534.0,2616.0,0.73,0,6,0,12.232,12.09,253,240,2,12,24,12,0,1920,0,0,0,0,0,0,0,0,0,0,184,0,0,0,1129,135,493,445,0,0,2,1.129
3199,12.44,20.93,0.035,0.0,0.0,0.0,0.0,0.0,534.0,2616.0,0.792,0,6,0,9.721,9.631,253,240,2,12,24,12,0,1920,0,0,0,0,0,0,0,0,0,0,184,0,0,0,1506,218,569,632,0,0,4,1.506
3200,11.986,20.93,0.035,0.0,0.0,0.0,0.0,0.0,534.0,2616.0,0.752,0,6,0,9.781,9.701,252,240,2,12,24,12,0,1920,0,0,0,0,0,0,0,0,0,0,184,0,0,0,1003,117,413,420,0,0,1,1.003
3201,11.825,20.93,0.035,0.0,0.0,0.0,0.0,0.0,534.0,2616.0,0.702,0,6,0,9.649,9.563,252,240,2,12,24,12,0,1920,0,0,0,0,0,0,0,0,0,0,184,0,0,0,994,118,439,387,0,0,2,0.994
3202,12.421,20.93,0.035,0.0,0.0,0.0,0.0,0.0,534.0,2616.0,0.673,0,6,0,10.307,10.226,252,240,2,12,24,12,0,1920,0,0,0,0,0,0,0,0,0,0,184,0,0,0,1007,131,411,412,0,0,3,1.007
3203,11.789,20.93,0.035,0.0,0.0,0.0,0.0,0.0,534.0,2616.0,0.932,0,6,0,9.667,9.556,257,240,2,12,24,12,0,1920,0,0,0,0,0,0,0,0,0,0,184,0,0,0,1027,138,455,379,0,0,3,1.027
3204,12.48,20.93,0.035,0.0,0.0,0.0,0.0,0.0,534.0,2616.0,0.612,0,6,0,10.13,9.969,252,240,2,12,24,12,0,1920,0,0,0,0,0,0,0,0,0,0,184,0,0,0,1001,117,419,412,0,0,2,1.001
3205,11.713,20.93,0.035,0.0,0.0,0.0,0.0,0.0,534.0,2616.0,0.727,0,6,0,9.758,9.666,253,240,2,12,24,12,0,1920,0,0,0,0,0,0,0,0,0,0,184,0,0,0,945,121,391,389,0,0,2,0.945
3206,11.948,20.93,0.035,0.0,0.0,0.0,0.0,0.0,534.0,2616.0,0.687,0,6,0,9.886,9.801,252,240,2,12,24,12,0,1920,0,0,0,0,0,0,0,0,0,0,184,0,0,0,982,157,404,375,0,0,3,0.982
3207,11.982,20.93,0.035,0.0,0.0,0.0,0.0,0.0,534.0,2616.0,0.658,0,6,0,9.92,9.844,252,240,2,12,24,12,0,1920,0,0,0,0,0,0,0,0,0,0,184,0,0,0,1014,157,412,393,0,0,3,1.014
3208,12.394,20.93,0.035,0.0,0.0,0.0,0.0,0.0,534.0,2616.0,0.72,0,6,0,10.043,9.955,253,240,2,12,24,12,0,1920,0,0,0,0,0,0,0,0,0,0,184,0,0,0,1269,127,663,423,0,0,2,1.269
3209,11.862,20.93,0.035,0.0,0.0,0.0,0.0,0.0,534.0,2616.0,0.649,0,6,0,9.77,9.676,253,240,2,12,24,12,0,1920,0,0,0,0,0,0,0,0,0,0,184,0,0,0,984,113,439,386,0,0,2,0.984
3210,11.902,20.93,0.035,0.0,0.0,0.0,0.0,0.0,534.0,2616.0,0.683,0,6,0,9.863,9.746,253,240,2,12,24,12,0,1920,0,0,0,0,0,0,0,0,0,0,184,0,0,0,1000,110,431,414,0,0,1,1.0
3211,15.051,20.93,0.035,0.0,0.0,0.0,0.0,0.0,534.0,2616.0,0.911,0,6,0,12.617,12.496,254,240,2,12,24,12,0,1920,0,0,0,0,0,0,0,0,0,0,184,0,0,0,1325,171,574,459,0,0,3,1.325
3212,12.146,20.93,0.035,0.0,0.0,0.0,0.0,0.0,534.0,2616.0,0.706,0,6,0,9.707,9.613,252,240,2,12,24,12,0,1920,0,0,0,0,0,0,0,0,0,0,184,0,0,0,1082,133,465,431,0,0,3,1.082
3213,12.395,20.93,0.035,0.0,0.0,0.0,0.0,0.0,534.0,2616.0,0.715,0,6,0,10.319,10.22,254,240,2,12,24,12,0,1920,0,0,0,0,0,0,0,0,0,0,184,0,0,0,1002,127,437,386,0,0,3,1.002
3214,13.871,20.93,0.035,0.0,0.0,0.0,0.0,0.0,534.0,2616.0,0.713,0,6,0,11.819,11.737,252,240,2,12,24,12,0,1920,0,0,0,0,0,0,0,0,0,0,184,0,0,0,978,118,401,406,0,0,3,0.978
3215,12.069,20.93,0.035,0.0,0.0,0.0,0.0,0.0,534.0,2616.0,0.748,0,6,0,9.791,9.7,253,240,2,12,24,12,0,1920,0,0,0,0,0,0,0,0,0,0,184,0,0,0,1148,137,408,546,0,0,3,1.148
3216,12.208,20.93,0.035,0.0,0.0,0.0,0.0,0.0,534.0,2616.0,0.742,0,6,0,9.875,9.785,253,240,2,12,24,12,0,1920,0,0,0,0,0,0,0,0,0,0,184,0,0,0,1220,279,503,381,0,0,2,1.22
3217,14.981,20.93,0.035,0.0,0.0,0.0,0.0,0.0,534.0,2616.0,0.702,0,6,0,12.734,12.652,252,240,2,12,24,12,0,1920,0,0,0,0,0,0,0,0,0,0,184,0,0,0,1133,118,412,510,0,0,2,1.133
3218,13.248,20.93,0.035,0.0,0.0,0.0,0.0,0.0,534.0,2616.0,0.779,0,6,0,11.04,10.942,254,240,2,12,24,12,0,1920,0,0,0,0,0,0,0,0,0,0,184,0,0,0,1089,165,451,415,0,0,3,1.089
3219,15.897,20.93,0.035,0.0,0.0,0.0,0.0,0.0,534.0,2616.0,0.762,0,6,0,13.452,11.825,253,240,2,12,24,12,0,1920,0,0,0,0,0,0,0,0,0,0,184,0,0,0,1245,161,513,506,0,0,4,1.245
3220,11.443,20.93,0.035,0.0,0.0,0.0,0.0,0.0,534.0,2616.0,0.692,0,6,0,9.249,9.148,252,240,2,12,24,12,0,1920,0,0,0,0,0,0,0,0,0,0,184,0,0,0,1077,137,463,422,0,0,2,1.077
3221,11.309,20.93,0.035,0.0,0.0,0.0,0.0,0.0,534.0,2616.0,0.949,0,6,0,9.099,9.013,253,240,2,12,24,12,0,1920,0,0,0,0,0,0,0,0,0,0,184,0,0,0,1167,150,516,436,0,0,2,1.167
3222,13.896,20.93,0.035,0.0,0.0,0.0,0.0,0.0,534.0,2616.0,0.621,0,6,0,11.653,11.545,253,240,2,12,24,12,0,1920,0,0,0,0,0,0,0,0,0,0,184,0,0,0,940,114,367,411,0,0,2,0.94
3223,11.123,20.93,0.035,0.0,0.0,0.0,0.0,0.0,534.0,2616.0,0.687,0,6,0,9.278,9.197,254,240,2,12,24,12,0,1920,0,0,0,0,0,0,0,0,0,0,184,0,0,0,914,104,401,360,0,0,1,0.914
3224,10.648,20.93,0.035,0.0,0.0,0.0,0.0,0.0,534.0,2616.0,0.942,0,6,0,8.734,8.661,252,240,2,12,24,12,0,1920,0,0,0,0,0,0,0,0,0,0,184,0,0,0,919,101,367,397,0,0,1,0.919
3225,10.577,20.93,0.035,0.0,0.0,0.0,0.0,0.0,534.0,2616.0,0.579,0,6,0,8.388,8.293,252,240,2,12,24,12,0,1920,0,0,0,0,0,0,0,0,0,0,184,0,0,0,869,101,356,369,0,0,1,0.869
3226,10.466,20.93,0.035,0.0,0.0,0.0,0.0,0.0,534.0,2616.0,0.582,0,6,0,8.73,8.657,253,240,2,12,24,12,0,1920,0,0,0,0,0,0,0,0,0,0,184,0,0,0,863,103,361,356,0,0,1,0.863
3227,11.093,20.93,0.035,0.0,0.0,0.0,0.0,0.0,534.0,2616.0,0.692,0,6,0,9.2,9.137,252,240,2,12,24,12,0,1920,0,0,0,0,0,0,0,0,0,0,184,0,0,0,981,129,425,380,0,0,1,0.981
3228,11.402,20.93,0.035,0.0,0.0,0.0,0.0,0.0,534.0,2616.0,0.685,0,6,0,9.396,9.303,255,240,2,12,24,12,0,1920,0,0,0,0,0,0,0,0,0,0,184,0,0,0,969,139,404,380,0,0,2,0.969
3229,11.712,20.93,0.035,0.0,0.0,0.0,0.0,0.0,534.0,2616.0,0.697,0,6,0,9.677,9.594,253,240,2,12,24,12,0,1920,0,0,0,0,0,0,0,0,0,0,184,0,0,0,982,117,401,409,0,0,3,0.982
3230,11.314,20.93,0.035,0.0,0.0,0.0,0.0,0.0,534.0,2616.0,0.7,0,6,0,9.269,9.196,252,240,2,12,24,12,0,1920,0,0,0,0,0,0,0,0,0,0,184,0,0,0,1020,155,432,386,0,0,2,1.02
3231,11.717,20.93,0.035,0.0,0.0,0.0,0.0,0.0,534.0,2616.0,2.56,0,6,0,9.651,9.566,253,240,2,12,24,12,0,1920,0,0,0,0,0,0,0,0,0,0,184,0,0,0,1043,112,456,426,0,0,3,1.043
3232,15.163,20.93,0.035,0.0,0.0,0.0,0.0,0.0,534.0,2616.0,0.76,0,6,0,11.174,11.094,252,240,2,12,24,12,0,1920,0,0,0,0,0,0,0,0,0,0,184,0,0,0,1013,125,414,415,0,0,2,1.013
3233,11.687,20.93,0.035,0.0,0.0,0.0,0.0,0.0,534.0,2616.0,0.657,0,6,0,9.579,9.49,253,240,2,12,24,12,0,1920,0,0,0,0,0,0,0,0,0,0,184,0,0,0,979,117,418,380,0,0,3,0.979
3234,11.896,20.93,0.035,0.0,0.0,0.0,0.0,0.0,534.0,2616.0,0.695,0,6,0,9.909,9.761,254,240,2,12,24,12,0,1920,0,0,0,0,0,0,0,0,0,0,184,0,0,0,972,137,406,375,0,0,2,0.972
3235,12.151,20.93,0.035,0.0,0.0,0.0,0.0,0.0,534.0,2616.0,0.709,0,6,0,10.05,9.963,253,240,2,12,24,12,0,1920,0,0,0,0,0,0,0,0,0,0,184,0,0,0,1037,134,422,401,0,0,2,1.037
3236,11.904,20.93,0.035,0.0,0.0,0.0,0.0,0.0,534.0,2616.0,0.693,0,6,0,9.819,9.715,255,240,2,12,24,12,0,1920,0,0,0,0,0,0,0,0,0,0,184,0,0,0,972,114,396,390,0,0,28,0.972
3237,13.209,20.93,0.035,0.0,0.0,0.0,0.0,0.0,534.0,2616.0,0.672,0,6,0,11.042,10.924,252,240,2,12,24,12,0,1920,0,0,0,0,0,0,0,0,0,0,184,0,0,0,1108,117,486,440,0,0,2,1.108
3238,11.972,20.93,0.035,0.0,0.0,0.0,0.0,0.0,534.0,2616.0,0.745,0,6,0,9.777,9.694,252,240,2,12,24,12,0,1920,0,0,0,0,0,0,0,0,0,0,184,0,0,0,1141,122,480,484,0,0,3,1.141
3239,12.513,20.93,0.035,0.0,0.0,0.0,0.0,0.0,534.0,2616.0,0.7,0,6,0,10.229,10.124,253,240,2,12,24,12,0,1920,0,0,0,0,0,0,0,0,0,0,184,0,0,0,1174,160,463,480,0,0,8,1.174
3240,12.962,20.93,0.035,0.0,0.0,0.0,0.0,0.0,534.0,2616.0,0.653,0,6,0,10.717,10.612,252,240,2,12,24,12,0,1920,0,0,0,0,0,0,0,0,0,0,184,0,0,0,970,118,416,386,0,0,3,0.97
3241,12.473,20.93,0.035,0.0,0.0,0.0,0.0,0.0,534.0,2616.0,0.688,0,6,0,10.328,10.19,254,240,2,12,24,12,0,1920,0,0,0,0,0,0,0,0,0,0,184,0,0,0,1113,118,406,532,0,0,2,1.113
3242,12.935,20.93,0.035,0.0,0.0,0.0,0.0,0.0,534.0,2616.0,0.723,0,6,0,10.563,10.473,253,240,2,12,24,12,0,1920,0,0,0,0,0,0,0,0,0,0,184,0,0,0,1050,137,417,440,0,0,3,1.05
3243,12.196,20.93,0.035,0.0,0.0,0.0,0.0,0.0,534.0,2616.0,0.76,0,6,0,10.032,9.927,254,240,2,12,24,12,0,1920,0,0,0,0,0,0,0,0,0,0,184,0,0,0,1001,117,443,392,0,0,2,1.001
3244,12.24,20.93,0.035,0.0,0.0,0.0,0.0,0.0,534.0,2616.0,0.801,0,6,0,10.123,10.033,252,240,2,12,24,12,0,1920,0,0,0,0,0,0,0,0,0,0,184,0,0,0,943,120,404,372,0,0,2,0.943
3245,12.295,20.93,0.035,0.0,0.0,0.0,0.0,0.0,534.0,2616.0,0.714,0,6,0,10.173,10.09,252,240,2,12,24,12,0,1920,0,0,0,0,0,0,0,0,0,0,184,0,0,0,981,112,426,392,0,0,2,0.981
3246,11.913,20.93,0.035,0.0,0.0,0.0,0.0,0.0,534.0,2616.0,0.771,0,6,0,9.754,9.658,252,240,2,12,24,12,0,1920,0,0,0,0,0,0,0,0,0,0,184,0,0,0,1026,112,422,443,0,0,3,1.026
3247,11.929,20.93,0.035,0.0,0.0,0.0,0.0,0.0,534.0,2616.0,0.769,0,6,0,9.758,9.672,252,240,2,12,24,12,0,1920,0,0,0,0,0,0,0,0,0,0,184,0,0,0,962,125,410,377,0,0,1,0.962
3248,12.421,20.93,0.035,0.0,0.0,0.0,0.0,0.0,534.0,2616.0,0.705,0,6,0,10.228,10.121,254,240,2,12,24,12,0,1920,0,0,0,0,0,0,0,0,0,0,184,0,0,0,1046,136,464,394,0,0,3,1.046
3249,15.177,20.93,0.035,0.0,0.0,0.0,0.0,0.0,534.0,2616.0,0.879,0,6,0,12.906,12.812,254,240,2,12,24,12,0,1920,0,0,0,0,0,0,0,0,0,0,184,0,0,0,1187,133,566,433,0,0,3,1.187
3250,13.138,20.93,0.035,0.0,0.0,0.0,0.0,0.0,534.0,2616.0,0.704,0,6,0,10.803,10.713,253,240,2,12,24,12,0,1920,0,0,0,0,0,0,0,0,0,0,184,0,0,0,1059,120,429,453,0,0,2,1.059
3251,15.845,20.93,0.035,0.0,0.0,0.0,0.0,0.0,534.0,2616.0,0.711,0,6,0,13.608,11.917,253,240,2,12,24,12,0,1920,0,0,0,0,0,0,0,0,0,0,184,0,0,0,1164,112,476,519,0,0,3,1.164
3252,14.209,20.93,0.035,0.0,0.0,0.0,0.0,0.0,534.0,2616.0,0.708,0,6,0,12.139,12.057,252,240,2,12,24,12,0,1920,0,0,0,0,0,0,0,0,0,0,184,0,0,0,1007,115,445,398,0,0,1,1.007
3253,12.525,20.93,0.035,0.0,0.0,0.0,0.0,0.0,534.0,2616.0,0.763,0,6,0,10.428,10.339,253,240,2,12,24,12,0,1920,0,0,0,0,0,0,0,0,0,0,184,0,0,0,1043,173,431,391,0,0,2,1.043
3254,12.044,20.93,0.035,0.0,0.0,0.0,0.0,0.0,534.0,2616.0,0.67,0,6,0,9.945,9.801,253,240,2,12,24,12,0,1920,0,0,0,0,0,0,0,0,0,0,184,0,0,0,972,140,405,379,0,0,1,0.972
3255,12.68,20.93,0.035,0.0,0.0,0.0,0.0,0.0,534.0,2616.0,0.675,0,6,0,10.681,9.564,254,240,2,12,24,12,0,1920,0,0,0,0,0,0,0,0,0,0,184,0,0,0,952,113,396,394,0,0,3,0.952
3256,11.814,20.93,0.035,0.0,0.0,0.0,0.0,0.0,534.0,2616.0,0.735,0,6,0,9.828,9.718,252,240,2,12,24,12,0,1920,0,0,0,0,0,0,0,0,0,0,184,0,0,0,936,112,391,384,0,0,1,0.936
3257,11.559,20.93,0.035,0.0,0.0,0.0,0.0,0.0,534.0,2616.0,0.677,0,6,0,9.529,9.451,252,240,2,12,24,12,0,1920,0,0,0,0,0,0,0,0,0,0,184,0,0,0,969,115,420,385,0,0,1,0.969
3258,12.043,20.93,0.035,0.0,0.0,0.0,0.0,0.0,534.0,2616.0,0.638,0,6,0,10.057,9.935,252,240,2,12,24,12,0,1920,0,0,0,0,0,0,0,0,0,0,184,0,0,0,973,123,401,396,0,0,2,0.973
3259,11.708,20.93,0.035,0.0,0.0,0.0,0.0,0.0,534.0,2616.0,0.742,0,6,0,9.72,9.57,252,240,2,12,24,12,0,1920,0,0,0,0,0,0,0,0,0,0,184,0,0,0,974,117,431,377,0,0,2,0.974
3260,13.573,20.93,0.035,0.0,0.0,0.0,0.0,0.0,534.0,2616.0,0.639,0,6,0,11.433,11.301,253,240,2,12,24,12,0,1920,0,0,0,0,0,0,0,0,0,0,184,0,0,0,1004,116,407,435,0,0,2,1.004
3261,12.296,20.93,0.035,0.0,0.0,0.0,0.0,0.0,534.0,2616.0,0.588,0,6,0,10.286,10.201,253,240,2,12,24,12,0,1920,0,0,0,0,0,0,0,0,0,0,184,0,0,0,1009,123,418,412,0,0,3,1.009
3262,12.317,20.93,0.035,0.0,0.0,0.0,0.0,0.0,534.0,2616.0,0.652,0,6,0,10.46,10.071,253,240,2,12,24,12,0,1920,0,0,0,0,0,0,0,0,0,0,184,0,0,0,904,113,362,379,0,0,2,0.904
3263,10.782,20.93,0.035,0.0,0.0,0.0,0.0,0.0,534.0,2616.0,0.651,0,6,0,8.891,8.816,252,240,2,12,24,12,0,1920,0,0,0,0,0,0,0,0,0,0,184,0,0,0,911,104,379,379,0,0,3,0.911
3264,10.904,20.93,0.035,0.0,0.0,0.0,0.0,0.0,534.0,2616.0,0.538,0,6,0,8.982,8.894,254,240,2,12,24,12,0,1920,0,0,0,0,0,0,0,0,0,0,184,0,0,0,889,110,364,367,0,0,2,0.889
3265,13.122,20.93,0.035,0.0,0.0,0.0,0.0,0.0,534.0,2616.0,0.816,0,6,0,11.096,11.023,252,240,2,12,24,12,0,1920,0,0,0,0,0,0,0,0,0,0,184,0,0,0,1086,115,540,381,0,0,2,1.086
3266,11.213,20.93,0.035,0.0,0.0,0.0,0.0,0.0,534.0,2616.0,0.614,0,6,0,8.904,8.828,252,240,2,12,24,12,0,1920,0,0,0,0,0,0,0,0,0,0,184,0,0,0,1020,113,404,454,0,0,2,1.02
3267,12.441,15.723,0.071,0.0,0.0,0.0,0.0,0.0,534.0,2616.0,0.711,0,6,0,10.515,10.427,254,240,2,12,24,12,0,1920,0,0,0,0,0,0,0,0,0,0,184,0,0,0,896,111,383,355,0,0,2,0.896
3268,11.307,15.723,0.071,0.0,0.0,0.0,0.0,0.0,534.0,2616.0,0.572,0,6,0,9.408,9.336,252,240,2,12,24,12,0,1920,0,0,0,0,0,0,0,0,0,0,184,0,0,0,860,103,373,341,0,0,1,0.86
3269,10.282,15.723,0.071,0.0,0.0,0.0,0.0,0.0,534.0,2616.0,0.653,0,6,0,8.568,8.502,252,240,2,12,24,12,0,1920,0,0,0,0,0,0,0,0,0,0,184,0,0,0,859,96,352,367,0,0,1,0.859
3270,12.576,15.723,0.071,0.0,0.0,0.0,0.0,0.0,534.0,2616.0,0.548,0,6,0,10.231,10.16,252,240,2,12,24,12,0,1920,0,0,0,0,0,0,0,0,0,0,184,0,0,0,1126,144,364,573,0,0,3,1.126
3271,11.762,15.723,0.071,0.0,0.0,0.0,0.0,0.0,534.0,2616.0,1.631,0,6,0,10.025,9.944,253,240,2,12,24,12,0,1920,0,0,0,0,0,0,0,0,0,0,184,0,0,0,887,127,367,352,0,0,3,0.887
3272,13.128,15.723,0.071,0.0,0.0,0.0,0.0,0.0,534.0,2616.0,0.808,0,6,0,10.053,9.964,254,240,2,12,24,12,0,1920,0,0,0,0,0,0,0,0,0,0,184,0,0,0,1104,104,571,379,0,0,2,1.104
3273,13.4,15.723,0.071,0.0,0.0,0.0,0.0,0.0,534.0,2616.0,0.747,0,6,0,9.411,9.335,252,240,2,12,24,12,0,1920,0,0,0,0,0,0,0,0,0,0,184,0,0,0,2805,118,2209,395,0,0,2,2.805
3274,12.598,15.723,0.071,0.0,0.0,0.0,0.0,0.0,534.0,2616.0,0.632,0,6,0,10.546,10.418,254,240,2,12,24,12,0,1920,0,0,0,0,0,0,0,0,0,0,184,0,0,0,886,110,364,365,0,0,1,0.886
3275,11.653,15.723,0.071,0.0,0.0,0.0,0.0,0.0,534.0,2616.0,0.677,0,6,0,9.767,9.688,253,240,2,12,24,12,0,1920,0,0,0,0,0,0,0,0,0,0,184,0,0,0,918,104,400,369,0,0,1,0.918
3276,10.954,15.723,0.071,0.0,0.0,0.0,0.0,0.0,534.0,2616.0,0.598,0,6,0,9.02,8.943,252,240,2,12,24,12,0,1920,0,0,0,0,0,0,0,0,0,0,184,0,0,0,906,109,384,345,0,0,2,0.906
3277,11.197,15.723,0.071,0.0,0.0,0.0,0.0,0.0,534.0,2616.0,0.628,0,6,0,9.396,9.283,252,240,2,12,24,12,0,1920,0,0,0,0,0,0,0,0,0,0,184,0,0,0,869,102,352,344,0,0,1,0.869
3278,10.349,15.723,0.071,0.0,0.0,0.0,0.0,0.0,534.0,2616.0,0.509,0,6,0,8.474,8.4,252,240,2,12,24,12,0,1920,0,0,0,0,0,0,0,0,0,0,184,0,0,0,896,101,402,349,0,0,2,0.896
3279,10.175,15.723,0.071,0.0,0.0,0.0,0.0,0.0,534.0,2616.0,0.56,0,6,0,8.464,8.38,254,240,2,12,24,12,0,1920,0,0,0,0,0,0,0,0,0,0,184,0,0,0,880,101,386,345,0,0,2,0.88
3280,10.259,15.723,0.071,0.0,0.0,0.0,0.0,0.0,534.0,2616.0,0.678,0,6,0,8.54,8.442,253,240,2,12,24,12,0,1920,0,0,0,0,0,0,0,0,0,0,184,0,0,0,857,105,374,337,0,0,2,0.857
3281,10.555,15.723,0.071,0.0,0.0,0.0,0.0,0.0,534.0,2616.0,0.624,0,6,0,8.701,8.633,252,240,2,12,24,12,0,1920,0,0,0,0,0,0,0,0,0,0,184,0,0,0,857,103,371,337,0,0,2,0.857
3282,10.161,15.723,0.071,0.0,0.0,0.0,0.0,0.0,534.0,2616.0,0.566,0,6,0,8.356,8.276,254,240,2,12,24,12,0,1920,0,0,0,0,0,0,0,0,0,0,184,0,0,0,883,101,357,385,0,0,2,0.883
3283,11.76,15.723,0.071,0.0,0.0,0.0,0.0,0.0,534.0,2616.0,0.637,0,6,0,9.981,8.543,253,240,2,12,24,12,0,1920,0,0,0,0,0,0,0,0,0,0,184,0,0,0,893,102,374,374,0,0,3,0.893
3284,10.207,15.723,0.071,0.0,0.0,0.0,0.0,0.0,534.0,2616.0,0.663,0,6,0,8.397,8.304,253,240,2,12,24,12,0,1920,0,0,0,0,0,0,0,0,0,0,184,0,0,0,863,106,370,341,0,0,2,0.863
3285,10.309,15.723,0.071,0.0,0.0,0.0,0.0,0.0,534.0,2616.0,0.593,0,6,0,8.468,8.377,253,240,2,12,24,12,0,1920,0,0,0,0,0,0,0,0,0,0,184,0,0,0,875,103,371,361,0,0,3,0.875
3286,10.102,15.723,0.071,0.0,0.0,0.0,0.0,0.0,534.0,2616.0,0.565,0,6,0,8.39,8.317,253,240,2,12,24,12,0,1920,0,0,0,0,0,0,0,0,0,0,184,0,0,0,849,91,365,352,0,0,1,0.849
3287,9.559,15.723,0.071,0.0,0.0,0.0,0.0,0.0,534.0,2616.0,0.524,0,6,0,7.946,7.883,252,240,2,12,24,12,0,1920,0,0,0,0,0,0,0,0,0,0,184,0,0,0,793,88,349,317,0,0,1,0.793
3288,9.929,15.723,0.071,0.0,0.0,0.0,0.0,0.0,534.0,2616.0,0.606,0,6,0,8.267,8.182,253,240,2,12,24,12,0,1920,0,0,0,0,0,0,0,0,0,0,184,0,0,0,854,101,359,351,0,0,2,0.854
3289,9.92,15.723,0.071,0.0,0.0,0.0,0.0,0.0,534.0,2616.0,0.548,0,6,0,8.18,8.103,254,240,2,12,24,12,0,1920,0,0,0,0,0,0,0,0,0,0,184,0,0,0,848,99,369,333,0,0,2,0.848
3290,10.389,15.723,0.071,0.0,0.0,0.0,0.0,0.0,534.0,2616.0,0.622,0,6,0,8.534,8.462,252,240,2,12,24,12,0,1920,0,0,0,0,0,0,0,0,0,0,184,0,0,0,1035,95,365,483,0,0,2,1.035
3291,10.103,15.723,0.071,0.0,0.0,0.0,0.0,0.0,534.0,2616.0,0.596,0,6,0,8.324,8.251,252,240,2,12,24,12,0,1920,0,0,0,0,0,0,0,0,0,0,184,0,0,0,855,104,355,353,0,0,2,0.855
3292,10.413,15.723,0.071,0.0,0.0,0.0,0.0,0.0,534.0,2616.0,0.589,0,6,0,8.533,8.457,254,240,2,12,24,12,0,1920,0,0,0,0,0,0,0,0,0,0,184,0,0,0,897,105,369,378,0,0,1,0.897
3293,10.113,15.723,0.071,0.0,0.0,0.0,0.0,0.0,534.0,2616.0,0.551,0,6,0,8.353,8.235,255,240,2,12,24,12,0,1920,0,0,0,0,0,0,0,0,0,0,184,0,0,0,852,108,354,349,0,0,2,0.852
3294,9.885,15.723,0.071,0.0,0.0,0.0,0.0,0.0,534.0,2616.0,0.598,0,6,0,8.099,8.032,252,240,2,12,24,12,0,1920,0,0,0,0,0,0,0,0,0,0,184,0,0,0,922,107,376,393,0,0,3,0.922
3295,9.847,15.723,0.071,0.0,0.0,0.0,0.0,0.0,534.0,2616.0,0.636,0,6,0,8.165,8.082,253,240,2,12,24,12,0,1920,0,0,0,0,0,0,0,0,0,0,184,0,0,0,771,94,325,314,0,0,2,0.771
3296,9.593,15.723,0.071,0.0,0.0,0.0,0.0,0.0,534.0,2616.0,0.532,0,6,0,7.817,7.705,254,240,2,12,24,12,0,1920,0,0,0,0,0,0,0,0,0,0,184,0,0,0,821,113,350,323,0,0,2,0.821
3297,9.264,15.723,0.071,0.0,0.0,0.0,0.0,0.0,534.0,2616.0,0.56,0,6,0,7.65,7.578,253,240,2,12,24,12,0,1920,0,0,0,0,0,0,0,0,0,0,184,0,0,0,783,94,340,308,0,0,2,0.783
3298,9.717,15.723,0.071,0.0,0.0,0.0,0.0,0.0,534.0,2616.0,0.525,0,6,0,8.062,7.998,252,240,2,12,24,12,0,1920,0,0,0,0,0,0,0,0,0,0,184,0,0,0,797,95,327,330,0,0,2,0.797
3299,9.501,15.723,0.071,0.0,0.0,0.0,0.0,0.0,534.0,2616.0,0.592,0,6,0,7.801,7.737,252,240,2,12,24,12,0,1920,0,0,0,0,0,0,0,0,0,0,184,0,0,0,837,98,340,354,0,0,2,0.837
3300,9.846,15.723,0.071,0.0,0.0,0.0,0.0,0.0,534.0,2616.0,0.559,0,6,0,8.127,8.041,253,240,2,12,24,12,0,1920,0,0,0,0,0,0,0,0,0,0,184,0,0,0,829,95,384,310,0,0,2,0.829
3301,9.519,15.723,0.071,0.0,0.0,0.0,0.0,0.0,534.0,2616.0,0.57,0,6,0,7.857,7.757,254,240,2,12,24,12,0,1920,0,0,0,0,0,0,0,0,0,0,184,0,0,0,802,95,338,329,0,0,2,0.802
3302,9.551,15.723,0.071,0.0,0.0,0.0,0.0,0.0,534.0,2616.0,0.583,0,6,0,7.899,7.829,253,240,2,12,24,12,0,1920,0,0,0,0,0,0,0,0,0,0,184,0,0,0,778,98,325,309,0,0,1,0.778
3303,11.705,15.723,0.071,0.0,0.0,0.0,0.0,0.0,534.0,2616.0,0.777,0,6,0,9.64,9.558,253,240,2,12,24,12,0,1920,0,0,0,0,0,0,0,0,0,0,184,0,0,0,1083,168,449,408,0,0,2,1.083
3304,13.639,15.723,0.071,0.0,0.0,0.0,0.0,0.0,534.0,2616.0,0.681,0,6,0,11.37,11.284,252,240,2,12,24,12,0,1920,0,0,0,0,0,0,0,0,0,0,184,0,0,0,1077,133,469,408,0,0,3,1.077
3305,14.052,15.723,0.071,0.0,0.0,0.0,0.0,0.0,534.0,2616.0,0.744,0,6,0,11.769,11.612,253,240,2,12,24,12,0,1920,0,0,0,0,0,0,0,0,0,0,184,0,0,0,1224,186,474,498,0,0,3,1.224
3306,14.349,15.723,0.071,0.0,0.0,0.0,0.0,0.0,534.0,2616.0,0.849,0,6,0,12.001,11.898,253,240,2,12,24,12,0,1920,0,0,0,0,0,0,0,0,0,0,184,0,0,0,1146,171,474,438,0,0,3,1.146
3307,14.496,15.723,0.071,0.0,0.0,0.0,0.0,0.0,534.0,2616.0,0.774,0,6,0,12.045,11.936,253,240,2,12,24,12,0,1920,0,0,0,0,0,0,0,0,0,0,184,0,0,0,1180,138,505,482,0,0,3,1.18
3308,14.289,15.723,0.071,0.0,0.0,0.0,0.0,0.0,534.0,2616.0,0.816,0,6,0,11.922,11.78,253,240,2,12,24,12,0,1920,0,0,0,0,0,0,0,0,0,0,184,0,0,0,1161,147,505,448,0,0,3,1.161
3309,14.34,15.723,0.071,0.0,0.0,0.0,0.0,0.0,534.0,2616.0,0.78,0,6,0,11.93,11.831,252,240,2,12,24,12,0,1920,0,0,0,0,0,0,0,0,0,0,184,0,0,0,1148,136,465,491,0,0,2,1.148
3310,14.633,15.723,0.071,0.0,0.0,0.0,0.0,0.0,534.0,2616.0,0.788,0,6,0,12.202,12.089,253,240,2,12,24,12,0,1920,0,0,0,0,0,0,0,0,0,0,184,0,0,0,1191,145,545,444,0,0,3,1.191
3311,14.269,15.723,0.071,0.0,0.0,0.0,0.0,0.0,534.0,2616.0,0.841,0,6,0,11.922,11.812,254,240,2,12,24,12,0,1920,0,0,0,0,0,0,0,0,0,0,184,0,0,0,1160,151,469,478,0,0,2,1.16
3312,14.344,15.723,0.071,0.0,0.0,0.0,0.0,0.0,534.0,2616.0,0.841,0,6,0,11.912,11.804,253,240,2,12,24,12,0,1920,0,0,0,0,0,0,0,0,0,0,184,0,0,0,1154,143,495,445,0,0,2,1.154
3313,10.346,15.723,0.071,0.0,0.0,0.0,0.0,0.0,534.0,2616.0,0.632,0,6,0,8.323,8.247,252,240,2,12,24,12,0,1920,0,0,0,0,0,0,0,0,0,0,184,0,0,0,869,96,361,362,0,0,2,0.869
3314,10.178,15.723,0.071,0.0,0.0,0.0,0.0,0.0,534.0,2616.0,0.629,0,6,0,8.184,8.084,254,240,2,12,24,12,0,1920,0,0,0,0,0,0,0,0,0,0,184,0,0,0,1053,101,481,422,0,0,3,1.053
3315,11.425,15.723,0.071,0.0,0.0,0.0,0.0,0.0,534.0,2616.0,0.849,0,6,0,9.588,8.133,253,240,2,12,24,12,0,1920,0,0,0,0,0,0,0,0,0,0,184,0,0,0,889,121,368,338,0,0,2,0.889
3316,10.551,15.723,0.071,0.0,0.0,0.0,0.0,0.0,534.0,2616.0,0.814,0,6,0,8.488,8.414,253,240,2,12,24,12,0,1920,0,0,0,0,0,0,0,0,0,0,184,0,0,0,919,100,393,360,0,0,1,0.919
3317,10.638,15.723,0.071,0.0,0.0,0.0,0.0,0.0,534.0,2616.0,0.534,0,6,0,8.584,8.503,253,240,2,12,24,12,0,1920,0,0,0,0,0,0,0,0,0,0,184,0,0,0,879,108,378,344,0,0,2,0.879
3318,10.782,15.723,0.071,0.0,0.0,0.0,0.0,0.0,534.0,2616.0,0.642,0,6,0,8.76,8.666,253,240,2,12,24,12,0,1920,0,0,0,0,0,0,0,0,0,0,184,0,0,0,1173,111,560,452,0,0,2,1.173
3319,13.961,15.723,0.071,0.0,0.0,0.0,0.0,0.0,534.0,2616.0,0.781,0,6,0,11.919,11.831,254,240,2,12,24,12,0,1920,0,0,0,0,0,0,0,0,0,0,184,0,0,0,1041,121,469,401,0,0,3,1.041
3320,11.848,15.723,0.071,0.0,0.0,0.0,0.0,0.0,534.0,2616.0,0.85,0,6,0,9.722,9.628,253,240,2,12,24,12,0,1920,0,0,0,0,0,0,0,0,0,0,184,0,0,0,972,119,424,383,0,0,2,0.972
3321,12.369,15.723,0.071,0.0,0.0,0.0,0.0,0.0,534.0,2616.0,0.815,0,6,0,10.157,10.072,252,240,2,12,24,12,0,1920,0,0,0,0,0,0,0,0,0,0,184,0,0,0,957,122,393,388,0,0,2,0.957
3322,12.962,15.723,0.071,0.0,0.0,0.0,0.0,0.0,534.0,2616.0,0.669,0,6,0,10.3,10.168,254,240,2,12,24,12,0,1920,0,0,0,0,0,0,0,0,0,0,184,0,0,0,1484,116,902,407,0,0,2,1.484
3323,12.586,15.723,0.071,0.0,0.0,0.0,0.0,0.0,534.0,2616.0,0.8,0,6,0,10.298,10.214,253,240,2,12,24,12,0,1920,0,0,0,0,0,0,0,0,0,0,184,0,0,0,1156,146,488,461,0,0,3,1.156
3324,13.466,15.723,0.071,0.0,0.0,0.0,0.0,0.0,534.0,2616.0,0.715,0,6,0,11.234,11.126,253,240,2,12,24,12,0,1920,0,0,0,0,0,0,0,0,0,0,184,0,0,0,1014,139,411,414,0,0,4,1.014
3325,12.703,15.723,0.071,0.0,0.0,0.0,0.0,0.0,534.0,2616.0,0.595,0,6,0,10.751,10.675,252,240,2,12,24,12,0,1920,0,0,0,0,0,0,0,0,0,0,184,0,0,0,899,105,399,349,0,0,1,0.899
3326,10.69,15.723,0.071,0.0,0.0,0.0,0.0,0.0,534.0,2616.0,0.595,0,6,0,8.871,8.781,254,240,2,12,24,12,0,1920,0,0,0,0,0,0,0,0,0,0,184,0,0,0,897,137,373,343,0,0,2,0.897
3327,10.393,15.723,0.071,0.0,0.0,0.0,0.0,0.0,534.0,2616.0,0.558,0,6,0,8.567,8.49,253,240,2,12,24,12,0,1920,0,0,0,0,0,0,0,0,0,0,184,0,0,0,902,102,414,335,0,0,2,0.902
3328,10.125,15.723,0.071,0.0,0.0,0.0,0.0,0.0,534.0,2616.0,0.584,0,6,0,8.383,8.302,253,240,2,12,24,12,0,1920,0,0,0,0,0,0,0,0,0,0,184,0,0,0,838,99,361,336,0,0,1,0.838
3329,10.236,15.723,0.071,0.0,0.0,0.0,0.0,0.0,534.0,2616.0,0.554,0,6,0,8.444,8.371,253,240,2,12,24,12,0,1920,0,0,0,0,0,0,0,0,0,0,184,0,0,0,889,138,371,334,0,0,2,0.889
3330,10.103,15.723,0.071,0.0,0.0,0.0,0.0,0.0,534.0,2616.0,0.542,0,6,0,8.39,8.321,252,240,2,12,24,12,0,1920,0,0,0,0,0,0,0,0,0,0,184,0,0,0,851,98,368,343,0,0,3,0.851
3331,10.02,15.723,0.071,0.0,0.0,0.0,0.0,0.0,534.0,2616.0,0.537,0,6,0,8.274,8.202,253,240,2,12,24,12,0,1920,0,0,0,0,0,0,0,0,0,0,184,0,0,0,854,99,375,336,0,0,1,0.854
3332,14.561,15.723,0.071,0.0,0.0,0.0,0.0,0.0,534.0,2616.0,0.996,0,6,0,12.499,11.528,255,240,2,12,24,12,0,1920,0,0,0,0,0,0,0,0,0,0,184,0,0,0,1156,132,508,454,0,0,1,1.156
3333,15.86,15.723,0.071,0.0,0.0,0.0,0.0,0.0,534.0,2616.0,1.198,0,6,0,13.243,13.115,252,240,2,12,24,12,0,1920,0,0,0,0,0,0,0,0,0,0,184,0,0,0,1228,143,500,474,0,0,6,1.228
3334,13.118,15.723,0.071,0.0,0.0,0.0,0.0,0.0,534.0,2616.0,0.627,0,6,0,10.598,10.435,254,240,2,12,24,12,0,1920,0,0,0,0,0,0,0,0,0,0,184,0,0,0,957,106,433,362,0,0,3,0.957
3335,13.096,15.723,0.071,0.0,0.0,0.0,0.0,0.0,534.0,2616.0,1.267,0,6,0,10.277,10.194,254,240,2,12,24,12,0,1920,0,0,0,0,0,0,0,0,0,0,184,0,0,0,1775,159,984,543,0,0,2,1.775
3336,11.962,15.723,0.071,0.0,0.0,0.0,0.0,0.0,534.0,2616.0,0.935,0,6,0,9.149,8.968,252,240,2,12,24,12,0,1920,0,0,0,0,0,0,0,0,0,0,184,0,0,0,1117,133,501,419,0,0,6,1.117
3337,15.549,15.723,0.071,0.0,0.0,0.0,0.0,0.0,534.0,2616.0,0.656,0,6,0,13.32,13.182,252,240,2,12,24,12,0,1920,0,0,0,0,0,0,0,0,0,0,184,0,0,0,890,108,354,384,0,0,2,0.89
3338,10.653,15.723,0.071,0.0,0.0,0.0,0.0,0.0,534.0,2616.0,1.114,0,6,0,8.736,8.646,255,240,2,12,24,12,0,1920,0,0,0,0,0,0,0,0,0,0,184,0,0,0,879,110,356,369,0,0,3,0.879
3339,14.784,15.723,0.071,0.0,0.0,0.0,0.0,0.0,534.0,2616.0,0.828,0,6,0,12.319,12.183,252,240,2,12,24,12,0,1920,0,0,0,0,0,0,0,0,0,0,184,0,0,0,956,199,368,343,0,0,2,0.956
3340,11.594,15.723,0.071,0.0,0.0,0.0,0.0,0.0,534.0,2616.0,0.591,0,6,0,9.472,9.363,254,240,2,12,24,12,0,1920,0,0,0,0,0,0,0,0,0,0,184,0,0,0,913,105,393,367,0,0,2,0.913
3341,10.58,15.723,0.071,0.0,0.0,0.0,0.0,0.0,534.0,2616.0,0.583,0,6,0,8.716,8.634,254,240,2,12,24,12,0,1920,0,0,0,0,0,0,0,0,0,0,184,0,0,0,915,102,384,352,0,0,1,0.915
3342,13.788,15.723,0.071,0.0,0.0,0.0,0.0,0.0,534.0,2616.0,0.943,0,6,0,11.495,11.423,252,240,2,12,24,12,0,1920,0,0,0,0,0,0,0,0,0,0,184,0,0,0,1336,152,563,545,0,0,4,1.336
3343,11.572,15.723,0.071,0.0,0.0,0.0,0.0,0.0,534.0,2616.0,0.793,0,6,0,9.237,9.112,252,240,2,12,24,12,0,1920,0,0,0,0,0,0,0,0,0,0,184,0,0,0,1004,125,436,393,0,0,3,1.004
3344,13.519,15.723,0.071,0.0,0.0,0.0,0.0,0.0,534.0,2616.0,0.75,0,6,0,11.124,11.033,255,240,2,12,24,12,0,1920,0,0,0,0,0,0,0,0,0,0,184,0,0,0,1117,110,565,391,0,0,3,1.117
3345,12.73,15.723,0.071,0.0,0.0,0.0,0.0,0.0,534.0,2616.0,0.716,0,6,0,9.82,9.738,252,240,2,12,24,12,0,1920,0,0,0,0,0,0,0,0,0,0,184,0,0,0,1635,129,442,975,0,0,3,1.635
3346,11.147,15.723,0.071,0.0,0.0,0.0,0.0,0.0,534.0,2616.0,0.663,0,6,0,9.223,9.133,254,240,2,12,24,12,0,1920,0,0,0,0,0,0,0,0,0,0,184,0,0,0,868,126,358,338,0,0,1,0.868
3347,11.76,15.723,0.071,0.0,0.0,0.0,0.0,0.0,534.0,2616.0,0.63,0,6,0,9.899,8.441,254,240,2,12,24,12,0,1920,0,0,0,0,0,0,0,0,0,0,184,0,0,0,892,102,374,372,0,0,3,0.892
3348,10.464,15.723,0.071,0.0,0.0,0.0,0.0,0.0,534.0,2616.0,0.568,0,6,0,8.548,8.439,252,240,2,12,24,12,0,1920,0,0,0,0,0,0,0,0,0,0,184,0,0,0,944,116,379,399,0,0,3,0.944
3349,18.538,15.723,0.071,0.0,0.0,0.0,0.0,0.0,534.0,2616.0,0.915,0,6,0,16.187,16.108,253,240,2,12,24,12,0,1920,0,0,0,0,0,0,0,0,0,0,184,0,0,0,1371,163,550,547,0,0,3,1.371
3350,14.913,15.723,0.071,0.0,0.0,0.0,0.0,0.0,534.0,2616.0,0.822,0,6,0,12.226,12.08,254,240,2,12,24,12,0,1920,0,0,0,0,0,0,0,0,0,0,184,0,0,0,1324,160,555,542,0,0,4,1.324
3351,14.476,15.723,0.071,0.0,0.0,0.0,0.0,0.0,534.0,2616.0,0.824,0,6,0,12.05,11.954,252,240,2,12,24,12,0,1920,0,0,0,0,0,0,0,0,0,0,184,0,0,0,1196,138,549,450,0,0,3,1.196
3352,14.54,18.005,0.046,0.0,0.0,0.0,0.0,0.0,534.0,2616.0,0.828,0,6,0,12.027,11.871,254,240,2,12,24,12,0,1920,0,0,0,0,0,0,0,0,0,0,184,0,0,0,1245,144,542,496,0,0,3,1.245
3353,14.574,18.005,0.046,0.0,0.0,0.0,0.0,0.0,534.0,2616.0,0.723,0,6,0,12.097,11.985,254,240,2,12,24,12,0,1920,0,0,0,0,0,0,0,0,0,0,184,0,0,0,1249,147,531,510,0,0,2,1.249
3354,14.418,18.005,0.046,0.0,0.0,0.0,0.0,0.0,534.0,2616.0,0.848,0,6,0,12.131,11.991,252,240,2,12,24,12,0,1920,0,0,0,0,0,0,0,0,0,0,184,0,0,0,1114,171,464,425,0,0,3,1.114
3355,14.171,18.005,0.046,0.0,0.0,0.0,0.0,0.0,534.0,2616.0,0.875,0,6,0,11.643,11.533,253,240,2,12,24,12,0,1920,0,0,0,0,0,0,0,0,0,0,184,0,0,0,1271,147,526,537,0,0,3,1.271
3356,14.04,18.005,0.046,0.0,0.0,0.0,0.0,0.0,534.0,2616.0,0.824,0,6,0,11.522,11.423,252,240,2,12,24,12,0,1920,0,0,0,0,0,0,0,0,0,0,184,0,0,0,1178,143,513,460,0,0,3,1.178
3357,14.374,18.005,0.046,0.0,0.0,0.0,0.0,0.0,534.0,2616.0,0.828,0,6,0,11.908,11.786,255,240,2,12,24,12,0,1920,0,0,0,0,0,0,0,0,0,0,184,0,0,0,1245,137,535,511,0,0,2,1.245
3358,14.368,18.005,0.046,0.0,0.0,0.0,0.0,0.0,534.0,2616.0,0.806,0,6,0,11.755,11.648,253,240,2,12,24,12,0,1920,0,0,0,0,0,0,0,0,0,0,184,0,0,0,1308,159,545,540,0,0,3,1.308
3359,14.338,18.005,0.046,0.0,0.0,0.0,0.0,0.0,534.0,2616.0,0.829,0,6,0,11.723,11.613,254,240,2,12,24,12,0,1920,0,0,0,0,0,0,0,0,0,0,184,0,0,0,1375,155,601,547,0,0,3,1.375
3360,14.69,18.005,0.046,0.0,0.0,0.0,0.0,0.0,534.0,2616.0,0.831,0,6,0,12.181,12.074,253,240,2,12,24,12,0,1920,0,0,0,0,0,0,0,0,0,0,184,0,0,0,1223,148,528,483,0,0,3,1.223
3361,14.734,18.005,0.046,0.0,0.0,0.0,0.0,0.0,534.0,2616.0,0.807,0,6,0,12.196,12.075,254,240,2,12,24,12,0,1920,0,0,0,0,0,0,0,0,0,0,184,0,0,0,1232,170,508,491,0,0,3,1.232
3362,14.655,18.005,0.046,0.0,0.0,0.0,0.0,0.0,534.0,2616.0,0.869,0,6,0,12.189,12.083,252,240,2,12,24,12,0,1920,0,0,0,0,0,0,0,0,0,0,184,0,0,0,1222,142,501,477,0,0,4,1.222
3363,14.624,18.005,0.046,0.0,0.0,0.0,0.0,0.0,534.0,2616.0,0.795,0,6,0,11.964,11.829,253,240,2,12,24,12,0,1920,0,0,0,0,0,0,0,0,0,0,184,0,0,0,1315,160,551,539,0,0,3,1.315
3364,14.175,18.005,0.046,0.0,0.0,0.0,0.0,0.0,534.0,2616.0,0.85,0,6,0,11.649,11.554,252,240,2,12,24,12,0,1920,0,0,0,0,0,0,0,0,0,0,184,0,0,0,1233,153,518,499,0,0,2,1.233
3365,14.781,18.005,0.046,0.0,0.0,0.0,0.0,0.0,534.0,2616.0,0.822,0,6,0,12.189,12.07,255,240,2,12,24,12,0,1920,0,0,0,0,0,0,0,0,0,0,184,0,0,0,1282,148,554,517,0,0,4,1.282
3366,14.617,18.005,0.046,0.0,0.0,0.0,0.0,0.0,534.0,2616.0,0.801,0,6,0,12.092,11.989,253,240,2,12,24,12,0,1920,0,0,0,0,0,0,0,0,0,0,184,0,0,0,1289,143,539,546,0,0,3,1.289
3367,14.204,18.005,0.046,0.0,0.0,0.0,0.0,0.0,534.0,2616.0,0.788,0,6,0,11.778,11.633,255,240,2,12,24,12,0,1920,0,0,0,0,0,0,0,0,0,0,184,0,0,0,1183,138,483,498,0,0,3,1.183
3368,14.296,18.005,0.046,0.0,0.0,0.0,0.0,0.0,534.0,2616.0,0.878,0,6,0,11.849,11.727,254,240,2,12,24,12,0,1920,0,0,0,0,0,0,0,0,0,0,184,0,0,0,1204,165,502,477,0,0,3,1.204
3369,14.735,18.005,0.046,0.0,0.0,0.0,0.0,0.0,534.0,2616.0,0.817,0,6,0,12.14,12.035,253,240,2,12,24,12,0,1920,0,0,0,0,0,0,0,0,0,0,184,0,0,0,1269,148,524,533,0,0,3,1.269
3370,14.581,18.005,0.046,0.0,0.0,0.0,0.0,0.0,534.0,2616.0,0.811,0,6,0,11.948,11.855,252,240,2,12,24,12,0,1920,0,0,0,0,0,0,0,0,0,0,184,0,0,0,1373,165,598,540,0,0,3,1.373
3371,16.595,18.005,0.046,0.0,0.0,0.0,0.0,0.0,534.0,2616.0,0.832,0,6,0,13.943,13.833,254,240,2,12,24,12,0,1920,0,0,0,0,0,0,0,0,0,0,184,0,0,0,1397,156,638,534,0,0,2,1.397
3372,14.223,18.005,0.046,0.0,0.0,0.0,0.0,0.0,534.0,2616.0,0.87,0,6,0,11.779,11.673,253,240,2,12,24,12,0,1920,0,0,0,0,0,0,0,0,0,0,184,0,0,0,1186,141,493,481,0,0,2,1.186
3373,14.923,18.005,0.046,0.0,0.0,0.0,0.0,0.0,534.0,2616.0,0.691,0,6,0,12.613,12.503,253,240,2,12,24,12,0,1920,0,0,0,0,0,0,0,0,0,0,184,0,0,0,1027,126,454,396,0,0,2,1.027
3374,12.031,18.005,0.046,0.0,0.0,0.0,0.0,0.0,534.0,2616.0,0.71,0,6,0,9.952,9.852,254,240,2,12,24,12,0,1920,0,0,0,0,0,0,0,0,0,0,184,0,0,0,989,135,423,385,0,0,1,0.989
3375,13.549,18.005,0.046,0.0,0.0,0.0,0.0,0.0,534.0,2616.0,0.759,0,6,0,11.333,11.236,254,240,2,12,24,12,0,1920,0,0,0,0,0,0,0,0,0,0,184,0,0,0,1004,123,408,424,0,0,3,1.004
3376,13.383,18.005,0.046,0.0,0.0,0.0,0.0,0.0,534.0,2616.0,0.842,0,6,0,10.942,10.852,252,240,2,12,24,12,0,1920,0,0,0,0,0,0,0,0,0,0,184,0,0,0,1040,123,456,406,0,0,2,1.04
3377,12.67,18.005,0.046,0.0,0.0,0.0,0.0,0.0,534.0,2616.0,0.608,0,6,0,10.416,10.304,254,240,2,12,24,12,0,1920,0,0,0,0,0,0,0,0,0,0,184,0,0,0,976,117,429,379,0,0,1,0.976
3378,15.141,18.005,0.046,0.0,0.0,0.0,0.0,0.0,534.0,2616.0,1.19,0,6,0,12.715,11.04,253,240,2,12,24,12,0,1920,0,0,0,0,0,0,0,0,0,0,184,0,0,0,1421,173,593,584,0,0,4,1.421
3379,13.702,18.005,0.046,0.0,0.0,0.0,0.0,0.0,534.0,2616.0,0.625,0,6,0,10.942,10.822,253,240,2,12,24,12,0,1920,0,0,0,0,0,0,0,0,0,0,184,0,0,0,1128,273,381,427,0,0,3,1.128
3380,11.88,18.005,0.046,0.0,0.0,0.0,0.0,0.0,534.0,2616.0,0.636,0,6,0,9.871,9.776,255,240,2,12,24,12,0,1920,0,0,0,0,0,0,0,0,0,0,184,0,0,0,933,129,393,364,0,0,1,0.933
3381,11.353,18.005,0.046,0.0,0.0,0.0,0.0,0.0,534.0,2616.0,0.563,0,6,0,9.478,9.384,255,240,2,12,24,12,0,1920,0,0,0,0,0,0,0,0,0,0,184,0,0,0,910,105,372,386,0,0,2,0.91
3382,10.913,18.005,0.046,0.0,0.0,0.0,0.0,0.0,534.0,2616.0,0.606,0,6,0,8.666,8.568,252,240,2,12,24,12,0,1920,0,0,0,0,0,0,0,0,0,0,184,0,0,0,1351,120,786,391,0,0,2,1.351
3383,13.276,18.005,0.046,0.0,0.0,0.0,0.0,0.0,534.0,2616.0,0.759,0,6,0,11.001,10.887,254,240,2,12,24,12,0,1920,0,0,0,0,0,0,0,0,0,0,184,0,0,0,1290,156,669,410,0,0,3,1.29
3384,11.963,18.005,0.046,0.0,0.0,0.0,0.0,0.0,534.0,2616.0,0.658,0,6,0,9.833,9.748,252,240,2,12,24,12,0,1920,0,0,0,0,0,0,0,0,0,0,184,0,0,0,999,142,417,390,0,0,2,0.999
3385,13.179,18.005,0.046,0.0,0.0,0.0,0.0,0.0,534.0,2616.0,0.727,0,6,0,11.285,11.191,254,240,2,12,24,12,0,1920,0,0,0,0,0,0,0,0,0,0,184,0,0,0,904,108,398,356,0,0,1,0.904
3386,10.95,18.005,0.046,0.0,0.0,0.0,0.0,0.0,534.0,2616.0,0.641,0,6,0,8.952,8.87,253,240,2,12,24,12,0,1920,0,0,0,0,0,0,0,0,0,0,184,0,0,0,956,115,416,378,0,0,1,0.956
3387,11.962,18.005,0.046,0.0,0.0,0.0,0.0,0.0,534.0,2616.0,0.717,0,6,0,10.06,9.968,255,240,2,12,24,12,0,1920,0,0,0,0,0,0,0,0,0,0,184,0,0,0,925,115,383,378,0,0,3,0.925
3388,11.438,18.005,0.046,0.0,0.0,0.0,0.0,0.0,534.0,2616.0,0.574,0,6,0,9.411,9.334,252,240,2,12,24,12,0,1920,0,0,0,0,0,0,0,0,0,0,184,0,0,0,914,108,378,380,0,0,2,0.914
3389,12.735,18.005,0.046,0.0,0.0,0.0,0.0,0.0,534.0,2616.0,0.656,0,6,0,10.768,10.677,254,240,2,12,24,12,0,1920,0,0,0,0,0,0,0,0,0,0,184,0,0,0,1002,120,451,377,0,0,1,1.002
3390,12.051,18.005,0.046,0.0,0.0,0.0,0.0,0.0,534.0,2616.0,0.689,0,6,0,10.031,9.941,253,240,2,12,24,12,0,1920,0,0,0,0,0,0,0,0,0,0,184,0,0,0,973,122,430,378,0,0,1,0.973
3391,12.184,18.005,0.046,0.0,0.0,0.0,0.0,0.0,534.0,2616.0,0.701,0,6,0,10.14,10.043,253,240,2,12,24,12,0,1920,0,0,0,0,0,0,0,0,0,0,184,0,0,0,955,120,398,388,0,0,2,0.955
3392,12.596,18.005,0.046,0.0,0.0,0.0,0.0,0.0,534.0,2616.0,0.678,0,6,0,10.515,10.423,253,240,2,12,24,12,0,1920,0,0,0,0,0,0,0,0,0,0,184,0,0,0,987,129,431,379,0,0,3,0.987
3393,12.515,18.005,0.046,0.0,0.0,0.0,0.0,0.0,534.0,2616.0,0.754,0,6,0,9.828,9.723,255,240,2,12,24,12,0,1920,0,0,0,0,0,0,0,0,0,0,184,0,0,0,1620,728,436,386,0,0,3,1.62
3394,12.071,18.005,0.046,0.0,0.0,0.0,0.0,0.0,534.0,2616.0,0.737,0,6,0,9.938,9.823,252,240,2,12,24,12,0,1920,0,0,0,0,0,0,0,0,0,0,184,0,0,0,958,111,403,400,0,0,1,0.958
3395,12.214,18.005,0.046,0.0,0.0,0.0,0.0,0.0,534.0,2616.0,0.834,0,6,0,10.029,9.937,253,240,2,12,24,12,0,1920,0,0,0,0,0,0,0,0,0,0,184,0,0,0,1050,118,406,477,0,0,2,1.05
3396,12.434,18.005,0.046,0.0,0.0,0.0,0.0,0.0,534.0,2616.0,0.702,0,6,0,10.152,10.056,253,240,2,12,24,12,0,1920,0,0,0,0,0,0,0,0,0,0,184,0,0,0,1032,149,416,419,0,0,2,1.032
3397,12.455,18.005,0.046,0.0,0.0,0.0,0.0,0.0,534.0,2616.0,0.626,0,6,0,10.361,10.264,253,240,2,12,24,12,0,1920,0,0,0,0,0,0,0,0,0,0,184,0,0,0,1020,115,465,389,0,0,2,1.02
3398,11.961,18.005,0.046,0.0,0.0,0.0,0.0,0.0,534.0,2616.0,0.654,0,6,0,9.904,9.787,252,240,2,12,24,12,0,1920,0,0,0,0,0,0,0,0,0,0,184,0,0,0,1000,116,436,399,0,0,1,1.0
3399,13.697,18.005,0.046,0.0,0.0,0.0,0.0,0.0,534.0,2616.0,0.827,0,6,0,11.613,11.492,255,240,2,12,24,12,0,1920,0,0,0,0,0,0,0,0,0,0,184,0,0,0,1041,151,431,396,0,0,2,1.041
3400,13.658,18.005,0.046,0.0,0.0,0.0,0.0,0.0,534.0,2616.0,0.942,0,6,0,10.935,10.731,255,240,2,12,24,12,0,1920,0,0,0,0,0,0,0,0,0,0,184,0,0,0,1362,172,582,540,0,0,4,1.362
3401,14.607,18.005,0.046,0.0,0.0,0.0,0.0,0.0,534.0,2616.0,0.622,0,6,0,12.186,12.067,253,240,2,12,24,12,0,1920,0,0,0,0,0,0,0,0,0,0,184,0,0,0,995,124,421,398,0,0,2,0.995
3402,12.863,18.005,0.046,0.0,0.0,0.0,0.0,0.0,534.0,2616.0,0.743,0,6,0,10.873,10.746,253,240,2,12,24,12,0,1920,0,0,0,0,0,0,0,0,0,0,184,0,0,0,958,121,415,381,0,0,2,0.958
3403,15.154,18.005,0.046,0.0,0.0,0.0,0.0,0.0,534.0,2616.0,0.692,0,6,0,12.753,12.643,253,240,2,12,24,12,0,1920,0,0,0,0,0,0,0,0,0,0,184,0,0,0,1276,152,432,638,0,0,3,1.276
3404,13.05,18.005,0.046,0.0,0.0,0.0,0.0,0.0,534.0,2616.0,1.046,0,6,0,10.229,10.134,253,240,2,12,24,12,0,1920,0,0,0,0,0,0,0,0,0,0,184,0,0,0,1716,140,952,502,0,0,3,1.716
3405,14.478,18.005,0.046,0.0,0.0,0.0,0.0,0.0,534.0,2616.0,0.716,0,6,0,11.879,11.732,255,240,2,12,24,12,0,1920,0,0,0,0,0,0,0,0,0,0,184,0,0,0,1121,123,535,413,0,0,2,1.121
3406,13.066,18.005,0.046,0.0,0.0,0.0,0.0,0.0,534.0,2616.0,0.806,0,6,0,10.935,10.846,252,240,2,12,24,12,0,1920,0,0,0,0,0,0,0,0,0,0,184,0,0,0,1004,116,407,432,0,0,1,1.004
3407,11.966,18.005,0.046,0.0,0.0,0.0,0.0,0.0,534.0,2616.0,0.721,0,6,0,9.785,9.686,254,240,2,12,24,12,0,1920,0,0,0,0,0,0,0,0,0,0,184,0,0,0,990,110,380,452,0,0,2,0.99
3408,10.83,18.005,0.046,0.0,0.0,0.0,0.0,0.0,534.0,2616.0,0.663,0,6,0,8.868,8.777,254,240,2,12,24,12,0,1920,0,0,0,0,0,0,0,0,0,0,184,0,0,0,907,112,392,356,0,0,2,0.907
3409,12.525,18.005,0.046,0.0,0.0,0.0,0.0,0.0,534.0,2616.0,0.573,0,6,0,10.578,8.981,254,240,2,12,24,12,0,1920,0,0,0,0,0,0,0,0,0,0,184,0,0,0,914,124,390,356,0,0,3,0.914
3410,10.709,18.005,0.046,0.0,0.0,0.0,0.0,0.0,534.0,2616.0,0.61,0,6,0,8.946,8.875,252,240,2,12,24,12,0,1920,0,0,0,0,0,0,0,0,0,0,184,0,0,0,884,125,366,347,0,0,2,0.884
3411,10.776,18.005,0.046,0.0,0.0,0.0,0.0,0.0,534.0,2616.0,0.616,0,6,0,8.941,8.86,254,240,2,12,24,12,0,1920,0,0,0,0,0,0,0,0,0,0,184,0,0,0,921,111,398,364,0,0,2,0.921
3412,10.709,18.005,0.046,0.0,0.0,0.0,0.0,0.0,534.0,2616.0,0.573,0,6,0,8.905,8.821,254,240,2,12,24,12,0,1920,0,0,0,0,0,0,0,0,0,0,184,0,0,0,885,103,364,367,0,0,2,0.885
3413,10.456,18.005,0.046,0.0,0.0,0.0,0.0,0.0,534.0,2616.0,0.632,0,6,0,8.63,8.522,255,240,2,12,24,12,0,1920,0,0,0,0,0,0,0,0,0,0,184,0,0,0,970,102,358,468,0,0,2,0.97
3414,10.384,18.005,0.046,0.0,0.0,0.0,0.0,0.0,534.0,2616.0,0.665,0,6,0,8.58,8.508,252,240,2,12,24,12,0,1920,0,0,0,0,0,0,0,0,0,0,184,0,0,0,869,98,357,363,0,0,1,0.869
3415,11.048,18.005,0.046,0.0,0.0,0.0,0.0,0.0,534.0,2616.0,0.556,0,6,0,9.229,8.247,254,240,2,12,24,12,0,1920,0,0,0,0,0,0,0,0,0,0,184,0,0,0,860,102,361,354,0,0,2,0.86
3416,10.337,18.005,0.046,0.0,0.0,0.0,0.0,0.0,534.0,2616.0,0.647,0,6,0,8.625,8.551,253,240,2,12,24,12,0,1920,0,0,0,0,0,0,0,0,0,0,184,0,0,0,866,108,352,361,0,0,1,0.866
3417,10.593,18.005,0.046,0.0,0.0,0.0,0.0,0.0,534.0,2616.0,0.626,0,6,0,8.799,8.724,253,240,2,12,24,12,0,1920,0,0,0,0,0,0,0,0,0,0,184,0,0,0,871,107,386,335,0,0,2,0.871
3418,12.687,18.005,0.046,0.0,0.0,0.0,0.0,0.0,534.0,2616.0,0.598,0,6,0,10.831,10.756,253,240,2,12,24,12,0,1920,0,0,0,0,0,0,0,0,0,0,184,0,0,0,924,107,421,351,0,0,2,0.924
3419,10.46,18.005,0.046,0.0,0.0,0.0,0.0,0.0,534.0,2616.0,0.578,0,6,0,8.532,8.451,254,240,2,12,24,12,0,1920,0,0,0,0,0,0,0,0,0,0,184,0,0,0,1035,103,497,389,0,0,3,1.035
3420,13.622,18.005,0.046,0.0,0.0,0.0,0.0,0.0,534.0,2616.0,0.758,0,6,0,11.626,11.517,254,240,2,12,24,12,0,1920,0,0,0,0,0,0,0,0,0,0,184,0,0,0,1041,120,434,431,0,0,2,1.041
3421,14.379,18.005,0.046,0.0,0.0,0.0,0.0,0.0,534.0,2616.0,0.593,0,6,0,12.228,12.13,254,240,2,12,24,12,0,1920,0,0,0,0,0,0,0,0,0,0,184,0,0,0,989,121,431,385,0,0,2,0.989
3422,13.876,18.005,0.046,0.0,0.0,0.0,0.0,0.0,534.0,2616.0,0.667,0,6,0,11.776,10.923,254,240,2,12,24,12,0,1920,0,0,0,0,0,0,0,0,0,0,184,0,0,0,1115,120,432,503,0,0,3,1.115
3423,13.119,18.005,0.046,0.0,0.0,0.0,0.0,0.0,534.0,2616.0,0.856,0,6,0,10.754,10.623,253,240,2,12,24,12,0,1920,0,0,0,0,0,0,0,0,0,0,184,0,0,0,1227,172,524,460,0,0,3,1.227
3424,12.51,18.005,0.046,0.0,0.0,0.0,0.0,0.0,534.0,2616.0,0.679,0,6,0,10.306,10.19,252,240,2,12,24,12,0,1920,0,0,0,0,0,0,0,0,0,0,184,0,0,0,911,112,390,362,0,0,2,0.911
3425,11.104,18.005,0.046,0.0,0.0,0.0,0.0,0.0,534.0,2616.0,0.595,0,6,0,9.153,9.061,254,240,2,12,24,12,0,1920,0,0,0,0,0,0,0,0,0,0,184,0,0,0,903,139,367,348,0,0,2,0.903
3426,10.795,18.005,0.046,0.0,0.0,0.0,0.0,0.0,534.0,2616.0,0.65,0,6,0,8.903,8.819,254,240,2,12,24,12,0,1920,0,0,0,0,0,0,0,0,0,0,184,0,0,0,952,120,369,413,0,0,3,0.952
3427,12.632,18.005,0.046,0.0,0.0,0.0,0.0,0.0,534.0,2616.0,1.231,0,6,0,9.032,8.942,253,240,2,12,24,12,0,1920,0,0,0,0,0,0,0,0,0,0,184,0,0,0,1781,147,1031,525,0,0,4,1.781
3428,13.228,18.005,0.046,0.0,0.0,0.0,0.0,0.0,534.0,2616.0,0.876,0,6,0,10.62,10.533,252,240,2,12,24,12,0,1920,0,0,0,0,0,0,0,0,0,0,184,0,0,0,1008,128,388,441,0,0,2,1.008
3429,17.659,17.1,0.029,0.0,0.0,0.0,0.0,0.0,534.0,2616.0,0.737,0,6,0,14.894,14.809,253,240,2,12,24,12,0,1920,0,0,0,0,0,0,0,0,0,0,184,0,0,0,1409,199,585,549,0,0,3,1.409
3430,12.112,17.1,0.029,0.0,0.0,0.0,0.0,0.0,534.0,2616.0,0.653,0,6,0,9.88,9.793,252,240,2,12,24,12,0,1920,0,0,0,0,0,0,0,0,0,0,184,0,0,0,1038,131,452,403,0,0,1,1.038
3431,11.818,17.1,0.029,0.0,0.0,0.0,0.0,0.0,534.0,2616.0,0.927,0,6,0,9.747,9.616,255,240,2,12,24,12,0,1920,0,0,0,0,0,0,0,0,0,0,184,0,0,0,983,124,421,391,0,0,3,0.983
3432,12.582,17.1,0.029,0.0,0.0,0.0,0.0,0.0,534.0,2616.0,0.711,0,6,0,10.177,10.077,254,240,2,12,24,12,0,1920,0,0,0,0,0,0,0,0,0,0,184,0,0,0,1057,122,445,435,0,0,1,1.057
3433,11.46,17.1,0.029,0.0,0.0,0.0,0.0,0.0,534.0,2616.0,0.671,0,6,0,9.393,9.3,253,240,2,12,24,12,0,1920,0,0,0,0,0,0,0,0,0,0,184,0,0,0,968,114,402,403,0,0,2,0.968
3434,11.575,17.1,0.029,0.0,0.0,0.0,0.0,0.0,534.0,2616.0,0.804,0,6,0,9.442,9.325,253,240,2,12,24,12,0,1920,0,0,0,0,0,0,0,0,0,0,184,0,0,0,1103,116,522,409,0,0,2,1.103
3435,11.914,17.1,0.029,0.0,0.0,0.0,0.0,0.0,534.0,2616.0,0.696,0,6,0,9.737,9.647,253,240,2,12,24,12,0,1920,0,0,0,0,0,0,0,0,0,0,184,0,0,0,971,114,428,382,0,0,2,0.971
3436,11.821,17.1,0.029,0.0,0.0,0.0,0.0,0.0,534.0,2616.0,0.79,0,6,0,9.793,9.708,253,240,2,12,24,12,0,1920,0,0,0,0,0,0,0,0,0,0,184,0,0,0,970,115,414,394,0,0,3,0.97
3437,13.746,17.1,0.029,0.0,0.0,0.0,0.0,0.0,534.0,2616.0,0.738,0,6,0,11.189,11.091,254,240,2,12,24,12,0,1920,0,0,0,0,0,0,0,0,0,0,184,0,0,0,1336,146,531,566,0,0,3,1.336
3438,14.915,17.1,0.029,0.0,0.0,0.0,0.0,0.0,534.0,2616.0,0.81,0,6,0,12.467,12.351,254,240,2,12,24,12,0,1920,0,0,0,0,0,0,0,0,0,0,184,0,0,0,1268,145,573,491,0,0,3,1.268
3439,14.772,17.1,0.029,0.0,0.0,0.0,0.0,0.0,534.0,2616.0,0.79,0,6,0,12.271,12.174,252,240,2,12,24,12,0,1920,0,0,0,0,0,0,0,0,0,0,184,0,0,0,1260,158,515,526,0,0,2,1.26
3440,17.629,17.1,0.029,0.0,0.0,0.0,0.0,0.0,534.0,2616.0,0.813,0,6,0,15.089,12.325,254,240,2,12,24,12,0,1920,0,0,0,0,0,0,0,0,0,0,184,0,0,0,1302,146,597,498,0,0,3,1.302
3441,15.075,17.1,0.029,0.0,0.0,0.0,0.0,0.0,534.0,2616.0,0.921,0,6,0,12.512,12.416,252,240,2,12,24,12,0,1920,0,0,0,0,0,0,0,0,0,0,184,0,0,0,1329,178,569,518,0,0,4,1.329
3442,15.525,17.1,0.029,0.0,0.0,0.0,0.0,0.0,534.0,2616.0,0.903,0,6,0,12.883,12.755,253,240,2,12,24,12,0,1920,0,0,0,0,0,0,0,0,0,0,184,0,0,0,1264,159,532,507,0,0,4,1.264
3443,14.469,17.1,0.029,0.0,0.0,0.0,0.0,0.0,534.0,2616.0,1.053,0,6,0,11.701,11.587,254,240,2,12,24,12,0,1920,0,0,0,0,0,0,0,0,0,0,184,0,0,0,1420,138,779,444,0,0,2,1.42
3444,14.34,17.1,0.029,0.0,0.0,0.0,0.0,0.0,534.0,2616.0,1.092,0,6,0,11.865,11.781,252,240,2,12,24,12,0,1920,0,0,0,0,0,0,0,0,0,0,184,0,0,0,986,142,399,381,0,0,2,0.986
3445,12.679,17.1,0.029,0.0,0.0,0.0,0.0,0.0,534.0,2616.0,0.671,0,6,0,10.15,10.044,254,240,2,12,24,12,0,1920,0,0,0,0,0,0,0,0,0,0,184,0,0,0,1040,125,470,384,0,0,7,1.04
3446,11.865,17.1,0.029,0.0,0.0,0.0,0.0,0.0,534.0,2616.0,0.662,0,6,0,9.798,9.695,254,240,2,12,24,12,0,1920,0,0,0,0,0,0,0,0,0,0,184,0,0,0,1026,138,452,379,0,0,2,1.026
3447,11.919,17.1,0.029,0.0,0.0,0.0,0.0,0.0,534.0,2616.0,0.728,0,6,0,9.782,9.698,252,240,2,12,24,12,0,1920,0,0,0,0,0,0,0,0,0,0,184,0,0,0,1064,138,452,413,0,0,3,1.064
3448,12.585,17.1,0.029,0.0,0.0,0.0,0.0,0.0,534.0,2616.0,0.681,0,6,0,10.39,10.307,252,240,2,12,24,12,0,1920,0,0,0,0,0,0,0,0,0,0,184,0,0,0,1078,121,433,437,0,0,3,1.078
3449,11.931,17.1,0.029,0.0,0.0,0.0,0.0,0.0,534.0,2616.0,0.718,0,6,0,9.826,9.728,254,240,2,12,24,12,0,1920,0,0,0,0,0,0,0,0,0,0,184,0,0,0,1079,133,464,432,0,0,3,1.079
3450,11.783,17.1,0.029,0.0,0.0,0.0,0.0,0.0,534.0,2616.0,0.716,0,6,0,9.62,9.526,253,240,2,12,24,12,0,1920,0,0,0,0,0,0,0,0,0,0,184,0,0,0,1060,120,421,458,0,0,3,1.06
3451,11.699,17.1,0.029,0.0,0.0,0.0,0.0,0.0,534.0,2616.0,0.68,0,6,0,9.593,9.502,253,240,2,12,24,12,0,1920,0,0,0,0,0,0,0,0,0,0,184,0,0,0,1007,114,439,405,0,0,2,1.007
3452,12.063,17.1,0.029,0.0,0.0,0.0,0.0,0.0,534.0,2616.0,0.708,0,6,0,9.997,9.91,253,240,2,12,24,12,0,1920,0,0,0,0,0,0,0,0,0,0,184,0,0,0,1037,109,479,397,0,0,3,1.037
3453,12.03,17.1,0.029,0.0,0.0,0.0,0.0,0.0,534.0,2616.0,0.837,0,6,0,9.896,9.801,254,240,2,12,24,12,0,1920,0,0,0,0,0,0,0,0,0,0,184,0,0,0,1051,150,428,385,0,0,2,1.051
3454,13.534,17.1,0.029,0.0,0.0,0.0,0.0,0.0,534.0,2616.0,0.7,0,6,0,11.305,11.221,252,240,2,12,24,12,0,1920,0,0,0,0,0,0,0,0,0,0,184,0,0,0,967,122,398,398,0,0,2,0.967
3455,13.196,17.1,0.029,0.0,0.0,0.0,0.0,0.0,534.0,2616.0,0.617,0,6,0,11.106,11.018,253,240,2,12,24,12,0,1920,0,0,0,0,0,0,0,0,0,0,184,0,0,0,990,116,414,406,0,0,2,0.99
3456,14.552,17.1,0.029,0.0,0.0,0.0,0.0,0.0,534.0,2616.0,0.688,0,6,0,12.502,12.381,253,240,2,12,24,12,0,1920,0,0,0,0,0,0,0,0,0,0,184,0,0,0,1049,120,458,412,0,0,3,1.049
3457,12.872,17.1,0.029,0.0,0.0,0.0,0.0,0.0,534.0,2616.0,0.922,0,6,0,10.082,9.984,253,240,2,12,24,12,0,1920,0,0,0,0,0,0,0,0,0,0,184,0,0,0,1523,121,462,878,0,0,4,1.523
3458,16.626,17.1,0.029,0.0,0.0,0.0,0.0,0.0,534.0,2616.0,0.939,0,6,0,13.867,13.749,252,240,2,12,24,12,0,1920,0,0,0,0,0,0,0,0,0,0,184,0,0,0,1346,220,533,519,0,0,3,1.346
3459,16.646,17.1,0.029,0.0,0.0,0.0,0.0,0.0,534.0,2616.0,0.977,0,6,0,13.872,13.76,252,240,2,12,24,12,0,1920,0,0,0,0,0,0,0,0,0,0,184,0,0,0,1313,181,532,532,0,0,2,1.313
3460,16.713,17.1,0.029,0.0,0.0,0.0,0.0,0.0,534.0,2616.0,0.886,0,6,0,13.849,13.707,255,240,2,12,24,12,0,1920,0,0,0,0,0,0,0,0,0,0,184,0,0,0,1355,192,590,504,0,0,4,1.355
3461,16.665,17.1,0.029,0.0,0.0,0.0,0.0,0.0,534.0,2616.0,0.902,0,6,0,13.885,13.754,255,240,2,12,24,12,0,1920,0,0,0,0,0,0,0,0,0,0,184,0,0,0,1396,197,544,579,0,0,4,1.396
3462,16.27,17.1,0.029,0.0,0.0,0.0,0.0,0.0,534.0,2616.0,0.881,0,6,0,13.543,13.441,252,240,2,12,24,12,0,1920,0,0,0,0,0,0,0,0,0,0,184,0,0,0,1334,236,531,492,0,0,3,1.334
3463,16.563,17.1,0.029,0.0,0.0,0.0,0.0,0.0,534.0,2616.0,0.829,0,6,0,13.872,13.747,252,240,2,12,24,12,0,1920,0,0,0,0,0,0,0,0,0,0,184,0,0,0,1310,162,566,518,0,0,3,1.31
3464,16.04,17.1,0.029,0.0,0.0,0.0,0.0,0.0,534.0,2616.0,0.619,0,6,0,13.779,13.669,252,240,2,12,24,12,0,1920,0,0,0,0,0,0,0,0,0,0,184,0,0,0,947,121,379,378,0,0,1,0.947
3465,12.152,17.1,0.029,0.0,0.0,0.0,0.0,0.0,534.0,2616.0,0.692,0,6,0,10.137,10.051,254,240,2,12,24,12,0,1920,0,0,0,0,0,0,0,0,0,0,184,0,0,0,1009,125,443,390,0,0,2,1.009
3466,14.446,17.1,0.029,0.0,0.0,0.0,0.0,0.0,534.0,2616.0,0.728,0,6,0,12.309,12.207,255,240,2,12,24,12,0,1920,0,0,0,0,0,0,0,0,0,0,184,0,0,0,1035,119,458,376,0,0,3,1.035
3467,13.12,17.1,0.029,0.0,0.0,0.0,0.0,0.0,534.0,2616.0,0.738,0,6,0,11.001,10.917,252,240,2,12,24,12,0,1920,0,0,0,0,0,0,0,0,0,0,184,0,0,0,980,142,406,386,0,0,2,0.98
3468,12.415,17.1,0.029,0.0,0.0,0.0,0.0,0.0,534.0,2616.0,0.657,0,6,0,10.323,10.242,252,240,2,12,24,12,0,1920,0,0,0,0,0,0,0,0,0,0,184,0,0,0,967,112,431,376,0,0,2,0.967
3469,12.605,17.1,0.029,0.0,0.0,0.0,0.0,0.0,534.0,2616.0,0.718,0,6,0,10.525,10.433,253,240,2,12,24,12,0,1920,0,0,0,0,0,0,0,0,0,0,184,0,0,0,1016,130,410,395,0,0,3,1.016
3470,12.14,17.1,0.029,0.0,0.0,0.0,0.0,0.0,534.0,2616.0,0.635,0,6,0,10.016,9.923,253,240,2,12,24,12,0,1920,0,0,0,0,0,0,0,0,0,0,184,0,0,0,994,128,423,391,0,0,2,0.994
3471,14.402,17.1,0.029,0.0,0.0,0.0,0.0,0.0,534.0,2616.0,0.801,0,6,0,12.388,10.647,254,240,2,12,24,12,0,1920,0,0,0,0,0,0,0,0,0,0,184,0,0,0,939,113,405,372,0,0,2,0.939
3472,11.215,17.1,0.029,0.0,0.0,0.0,0.0,0.0,534.0,2616.0,0.588,0,6,0,9.127,9.028,255,240,2,12,24,12,0,1920,0,0,0,0,0,0,0,0,0,0,184,0,0,0,953,107,407,391,0,0,2,0.953
3473,11.249,17.1,0.029,0.0,0.0,0.0,0.0,0.0,534.0,2616.0,0.683,0,6,0,9.071,8.992,252,240,2,12,24,12,0,1920,0,0,0,0,0,0,0,0,0,0,184,0,0,0,1259,114,618,475,0,0,3,1.259
3474,12.241,17.1,0.029,0.0,0.0,0.0,0.0,0.0,534.0,2616.0,0.636,0,6,0,10.255,10.146,252,240,2,12,24,12,0,1920,0,0,0,0,0,0,0,0,0,0,184,0,0,0,898,99,372,383,0,0,2,0.898
3475,10.981,17.1,0.029,0.0,0.0,0.0,0.0,0.0,534.0,2616.0,0.583,0,6,0,9.09,9.018,252,240,2,12,24,12,0,1920,0,0,0,0,0,0,0,0,0,0,184,0,0,0,926,100,385,393,0,0,3,0.926
3476,11.198,17.1,0.029,0.0,0.0,0.0,0.0,0.0,534.0,2616.0,0.614,0,6,0,9.298,9.218,253,240,2,12,24,12,0,1920,0,0,0,0,0,0,0,0,0,0,184,0,0,0,975,122,412,395,0,0,2,0.975
3477,14.392,17.1,0.029,0.0,0.0,0.0,0.0,0.0,534.0,2616.0,0.659,0,6,0,10.564,10.478,253,240,2,12,24,12,0,1920,0,0,0,0,0,0,0,0,0,0,184,0,0,0,2843,115,673,1968,0,0,3,2.843
3478,11.957,17.1,0.029,0.0,0.0,0.0,0.0,0.0,534.0,2616.0,0.823,0,6,0,10.017,9.921,255,240,2,12,24,12,0,1920,0,0,0,0,0,0,0,0,0,0,184,0,0,0,940,105,396,392,0,0,2,0.94
3479,12.552,17.1,0.029,0.0,0.0,0.0,0.0,0.0,534.0,2616.0,0.606,0,6,0,10.006,9.921,252,240,2,12,24,12,0,1920,0,0,0,0,0,0,0,0,0,0,184,0,0,0,1383,105,764,458,0,0,4,1.383
3480,13.978,17.1,0.029,0.0,0.0,0.0,0.0,0.0,534.0,2616.0,0.969,0,6,0,11.739,11.628,253,240,2,12,24,12,0,1920,0,0,0,0,0,0,0,0,0,0,184,0,0,0,1201,165,487,480,0,0,4,1.201
3481,15.859,17.1,0.029,0.0,0.0,0.0,0.0,0.0,534.0,2616.0,0.798,0,6,0,13.149,13.043,252,240,2,12,24,12,0,1920,0,0,0,0,0,0,0,0,0,0,184,0,0,0,1230,141,552,470,0,0,4,1.23
3482,16.013,17.1,0.029,0.0,0.0,0.0,0.0,0.0,534.0,2616.0,0.854,0,6,0,13.483,13.365,253,240,2,12,24,12,0,1920,0,0,0,0,0,0,0,0,0,0,184,0,0,0,1231,155,549,461,0,0,3,1.231
3483,15.367,17.1,0.029,0.0,0.0,0.0,0.0,0.0,534.0,2616.0,0.907,0,6,0,12.691,12.591,252,240,2,12,24,12,0,1920,0,0,0,0,0,0,0,0,0,0,184,0,0,0,1305,166,531,537,0,0,4,1.305
3484,15.77,17.1,0.029,0.0,0.0,0.0,0.0,0.0,534.0,2616.0,0.872,0,6,0,12.999,12.871,255,240,2,12,24,12,0,1920,0,0,0,0,0,0,0,0,0,0,184,0,0,0,1271,241,508,448,0,0,3,1.271
3485,15.632,17.1,0.029,0.0,0.0,0.0,0.0,0.0,534.0,2616.0,0.966,0,6,0,13.009,12.889,254,240,2,12,24,12,0,1920,0,0,0,0,0,0,0,0,0,0,184,0,0,0,1229,155,513,495,0,0,3,1.229
3486,16.024,17.1,0.029,0.0,0.0,0.0,0.0,0.0,534.0,2616.0,0.852,0,6,0,13.201,13.093,252,240,2,12,24,12,0,1920,0,0,0,0,0,0,0,0,0,0,184,0,0,0,1275,170,544,489,0,0,4,1.275
3487,15.635,17.1,0.029,0.0,0.0,0.0,0.0,0.0,534.0,2616.0,0.862,0,6,0,13.013,12.875,252,240,2,12,24,12,0,1920,0,0,0,0,0,0,0,0,0,0,184,0,0,0,1238,238,492,438,0,0,5,1.238
3488,15.256,17.1,0.029,0.0,0.0,0.0,0.0,0.0,534.0,2616.0,0.806,0,6,0,12.845,12.727,253,240,2,12,24,12,0,1920,0,0,0,0,0,0,0,0,0,0,184,0,0,0,1067,143,408,460,0,0,4,1.067
3489,14.247,17.1,0.029,0.0,0.0,0.0,0.0,0.0,534.0,2616.0,0.718,0,6,0,11.703,11.578,252,240,2,12,24,12,0,1920,0,0,0,0,0,0,0,0,0,0,184,0,0,0,1261,162,520,511,0,0,3,1.261
3490,11.459,17.1,0.029,0.0,0.0,0.0,0.0,0.0,534.0,2616.0,0.915,0,6,0,9.064,8.967,254,240,2,12,24,12,0,1920,0,0,0,0,0,0,0,0,0,0,184,0,0,0,1220,146,502,502,0,0,3,1.22
3491,11.41,17.1,0.029,0.0,0.0,0.0,0.0,0.0,534.0,2616.0,0.629,0,6,0,9.212,9.1,254,240,2,12,24,12,0,1920,0,0,0,0,0,0,0,0,0,0,184,0,0,0,849,108,360,338,0,0,2,0.849
3492,11.18,17.1,0.029,0.0,0.0,0.0,0.0,0.0,534.0,2616.0,0.548,0,6,0,9.271,9.186,254,240,2,12,24,12,0,1920,0,0,0,0,0,0,0,0,0,0,184,0,0,0,905,106,395,357,0,0,1,0.905
3493,14.999,17.1,0.029,0.0,0.0,0.0,0.0,0.0,534.0,2616.0,0.663,0,6,0,13.17,13.081,253,240,2,12,24,12,0,1920,0,0,0,0,0,0,0,0,0,0,184,0,0,0,897,124,363,364,0,0,3,0.897
3494,14.551,17.1,0.029,0.0,0.0,0.0,0.0,0.0,534.0,2616.0,0.898,0,6,0,11.724,11.651,252,240,2,12,24,12,0,1920,0,0,0,0,0,0,0,0,0,0,184,0,0,0,1572,213,653,606,0,0,3,1.572
3495,11.402,17.1,0.029,0.0,0.0,0.0,0.0,0.0,534.0,2616.0,0.614,0,6,0,9.18,9.102,252,240,2,12,24,12,0,1920,0,0,0,0,0,0,0,0,0,0,184,0,0,0,917,119,372,381,0,0,3,0.917
3496,11.492,17.1,0.029,0.0,0.0,0.0,0.0,0.0,534.0,2616.0,0.638,0,6,0,9.648,9.549,254,240,2,12,24,12,0,1920,0,0,0,0,0,0,0,0,0,0,184,0,0,0,873,107,380,344,0,0,2,0.873
3497,12.173,17.1,0.029,0.0,0.0,0.0,0.0,0.0,534.0,2616.0,0.654,0,6,0,9.921,9.829,255,240,2,12,24,12,0,1920,0,0,0,0,0,0,0,0,0,0,184,0,0,0,1051,175,428,392,0,0,2,1.051
3498,12.42,17.1,0.029,0.0,0.0,0.0,0.0,0.0,534.0,2616.0,0.831,0,6,0,10.13,10.052,252,240,2,12,24,12,0,1920,0,0,0,0,0,0,0,0,0,0,184,0,0,0,1192,189,499,441,0,0,4,1.192
3499,16.574,17.1,0.029,0.0,0.0,0.0,0.0,0.0,534.0,2616.0,0.823,0,6,0,14.088,13.97,255,240,2,12,24,12,0,1920,0,0,0,0,0,0,0,0,0,0,184,0,0,0,1135,147,468,456,0,0,2,1.135
3500,11.638,17.1,0.029,0.0,0.0,0.0,0.0,0.0,534.0,2616.0,0.569,0,6,0,9.525,9.427,252,240,2,12,24,12,0,1920,0,0,0,0,0,0,0,0,0,0,184,0,0,0,913,106,402,360,0,0,2,0.913
3501,11.182,17.1,0.029,0.0,0.0,0.0,0.0,0.0,534.0,2616.0,0.641,0,6,0,9.36,9.279,252,240,2,12,24,12,0,1920,0,0,0,0,0,0,0,0,0,0,184,0,0,0,911,101,387,380,0,0,2,0.911
3502,19.794,18.991,0.053,0.0,0.0,0.0,0.0,0.0,534.0,2616.0,1.177,0,6,0,17.156,15.525,254,240,2,12,24,12,0,1920,0,0,0,0,0,0,0,0,0,0,184,0,0,0,1539,173,695,589,0,0,4,1.539
3503,18.014,18.991,0.053,0.0,0.0,0.0,0.0,0.0,534.0,2616.0,1.125,0,6,0,14.842,14.664,254,240,2,12,24,12,0,1920,0,0,0,0,0,0,0,0,0,0,184,0,0,0,1447,172,582,573,0,0,3,1.447
3504,18.096,18.991,0.053,0.0,0.0,0.0,0.0,0.0,534.0,2616.0,1.048,0,6,0,14.874,14.764,252,240,2,12,24,12,0,1920,0,0,0,0,0,0,0,0,0,0,184,0,0,0,1536,213,714,533,0,0,2,1.536
3505,19.002,18.991,0.053,0.0,0.0,0.0,0.0,0.0,534.0,2616.0,1.143,0,6,0,15.631,15.484,255,240,2,12,24,12,0,1920,0,0,0,0,0,0,0,0,0,0,184,0,0,0,1724,177,750,692,0,0,6,1.724
3506,18.519,18.991,0.053,0.0,0.0,0.0,0.0,0.0,534.0,2616.0,1.254,0,6,0,15.361,15.208,254,240,2,12,24,12,0,1920,0,0,0,0,0,0,0,0,0,0,184,0,0,0,1418,191,616,528,0,0,4,1.418
3507,19.519,18.991,0.053,0.0,0.0,0.0,0.0,0.0,534.0,2616.0,1.009,0,6,0,16.279,16.145,252,240,2,12,24,12,0,1920,0,0,0,0,0,0,0,0,0,0,184,0,0,0,1350,158,591,528,0,0,3,1.35
3508,16.245,18.991,0.053,0.0,0.0,0.0,0.0,0.0,534.0,2616.0,0.681,0,6,0,13.742,12.101,254,240,2,12,24,12,0,1920,0,0,0,0,0,0,0,0,0,0,184,0,0,0,1029,110,381,485,0,0,3,1.029
3509,11.529,18.991,0.053,0.0,0.0,0.0,0.0,0.0,534.0,2616.0,0.589,0,6,0,9.425,9.329,254,240,2,12,24,12,0,1920,0,0,0,0,0,0,0,0,0,0,184,0,0,0,1042,110,490,393,0,0,2,1.042
3510,11.393,18.991,0.053,0.0,0.0,0.0,0.0,0.0,534.0,2616.0,0.655,0,6,0,9.473,9.361,252,240,2,12,24,12,0,1920,0,0,0,0,0,0,0,0,0,0,184,0,0,0,917,117,400,353,0,0,2,0.917
3511,11.673,18.991,0.053,0.0,0.0,0.0,0.0,0.0,534.0,2616.0,0.674,0,6,0,9.665,9.58,253,240,2,12,24,12,0,1920,0,0,0,0,0,0,0,0,0,0,184,0,0,0,1009,148,421,392,0,0,3,1.009
3512,11.423,18.991,0.053,0.0,0.0,0.0,0.0,0.0,534.0,2616.0,0.629,0,6,0,9.344,9.254,253,240,2,12,24,12,0,1920,0,0,0,0,0,0,0,0,0,0,184,0,0,0,1010,115,434,408,0,0,2,1.01
3513,11.412,18.991,0.053,0.0,0.0,0.0,0.0,0.0,534.0,2616.0,0.633,0,6,0,9.461,9.377,253,240,2,12,24,12,0,1920,0,0,0,0,0,0,0,0,0,0,184,0,0,0,913,114,391,359,0,0,2,0.913
3514,12.14,18.991,0.053,0.0,0.0,0.0,0.0,0.0,534.0,2616.0,0.848,0,6,0,10.056,9.962,254,240,2,12,24,12,0,1920,0,0,0,0,0,0,0,0,0,0,184,0,0,0,1105,109,576,371,0,0,2,1.105
3515,11.991,18.991,0.053,0.0,0.0,0.0,0.0,0.0,534.0,2616.0,0.696,0,6,0,9.926,9.839,253,240,2,12,24,12,0,1920,0,0,0,0,0,0,0,0,0,0,184,0,0,0,884,103,373,365,0,0,1,0.884
3516,11.744,18.991,0.053,0.0,0.0,0.0,0.0,0.0,534.0,2616.0,0.599,0,6,0,9.809,9.736,252,240,2,12,24,12,0,1920,0,0,0,0,0,0,0,0,0,0,184,0,0,0,879,103,367,364,0,0,3,0.879
3517,10.535,18.991,0.053,0.0,0.0,0.0,0.0,0.0,534.0,2616.0,0.591,0,6,0,8.715,8.623,254,240,2,12,24,12,0,1920,0,0,0,0,0,0,0,0,0,0,184,0,0,0,884,102,369,361,0,0,2,0.884
3518,10.406,18.991,0.053,0.0,0.0,0.0,0.0,0.0,534.0,2616.0,0.598,0,6,0,8.584,8.504,253,240,2,12,24,12,0,1920,0,0,0,0,0,0,0,0,0,0,184,0,0,0,892,104,399,346,0,0,2,0.892
3519,10.207,18.991,0.053,0.0,0.0,0.0,0.0,0.0,534.0,2616.0,0.615,0,6,0,8.399,8.313,255,240,2,12,24,12,0,1920,0,0,0,0,0,0,0,0,0,0,184,0,0,0,911,107,396,363,0,0,2,0.911
3520,10.975,18.991,0.053,0.0,0.0,0.0,0.0,0.0,534.0,2616.0,0.579,0,6,0,9.102,8.784,254,240,2,12,24,12,0,1920,0,0,0,0,0,0,0,0,0,0,184,0,0,0,921,125,397,350,0,0,2,0.921
3521,10.425,18.991,0.053,0.0,0.0,0.0,0.0,0.0,534.0,2616.0,0.593,0,6,0,8.645,8.568,253,240,2,12,24,12,0,1920,0,0,0,0,0,0,0,0,0,0,184,0,0,0,890,108,375,364,0,0,2,0.89
3522,10.01,18.991,0.053,0.0,0.0,0.0,0.0,0.0,534.0,2616.0,0.623,0,6,0,8.168,8.102,252,240,2,12,24,12,0,1920,0,0,0,0,0,0,0,0,0,0,184,0,0,0,955,100,382,425,0,0,2,0.955
3523,10.02,18.991,0.053,0.0,0.0,0.0,0.0,0.0,534.0,2616.0,0.608,0,6,0,8.185,8.109,253,240,2,12,24,12,0,1920,0,0,0,0,0,0,0,0,0,0,184,0,0,0,908,107,387,365,0,0,2,0.908
3524,10.389,18.991,0.053,0.0,0.0,0.0,0.0,0.0,534.0,2616.0,0.602,0,6,0,8.595,8.517,254,240,2,12,24,12,0,1920,0,0,0,0,0,0,0,0,0,0,184,0,0,0,843,102,352,346,0,0,2,0.843
3525,10.692,18.991,0.053,0.0,0.0,0.0,0.0,0.0,534.0,2616.0,0.613,0,6,0,8.872,8.794,252,240,2,12,24,12,0,1920,0,0,0,0,0,0,0,0,0,0,184,0,0,0,891,104,394,346,0,0,1,0.891
3526,10.636,18.991,0.053,0.0,0.0,0.0,0.0,0.0,534.0,2616.0,0.611,0,6,0,8.836,8.759,253,240,2,12,24,12,0,1920,0,0,0,0,0,0,0,0,0,0,184,0,0,0,882,103,380,354,0,0,1,0.882
3527,10.72,18.991,0.053,0.0,0.0,0.0,0.0,0.0,534.0,2616.0,1.602,0,6,0,8.885,8.802,252,240,2,12,24,12,0,1920,0,0,0,0,0,0,0,0,0,0,184,0,0,0,874,103,368,362,0,0,2,0.874
3528,16.435,18.991,0.053,0.0,0.0,0.0,0.0,0.0,534.0,2616.0,0.936,0,6,0,13.191,13.095,255,240,2,12,24,12,0,1920,0,0,0,0,0,0,0,0,0,0,184,0,0,0,1193,152,474,501,0,0,3,1.193
3529,15.267,18.991,0.053,0.0,0.0,0.0,0.0,0.0,534.0,2616.0,0.773,0,6,0,12.816,12.711,253,240,2,12,24,12,0,1920,0,0,0,0,0,0,0,0,0,0,184,0,0,0,1021,123,412,434,0,0,3,1.021
3530,14.636,18.991,0.053,0.0,0.0,0.0,0.0,0.0,534.0,2616.0,0.902,0,6,0,12.136,12.025,252,240,2,12,24,12,0,1920,0,0,0,0,0,0,0,0,0,0,184,0,0,0,1228,153,523,484,0,0,2,1.228
3531,15.321,18.991,0.053,0.0,0.0,0.0,0.0,0.0,534.0,2616.0,0.816,0,6,0,12.692,12.577,253,240,2,12,24,12,0,1920,0,0,0,0,0,0,0,0,0,0,184,0,0,0,1222,168,475,508,0,0,3,1.222
3532,15.649,18.991,0.053,0.0,0.0,0.0,0.0,0.0,534.0,2616.0,0.949,0,6,0,13.085,12.944,255,240,2,12,24,12,0,1920,0,0,0,0,0,0,0,0,0,0,184,0,0,0,1214,173,519,459,0,0,4,1.214
3533,16.43,18.991,0.053,0.0,0.0,0.0,0.0,0.0,534.0,2616.0,0.913,0,6,0,13.691,11.954,253,240,2,12,24,12,0,1920,0,0,0,0,0,0,0,0,0,0,184,0,0,0,1266,142,485,568,0,0,2,1.266
3534,15.333,18.991,0.053,0.0,0.0,0.0,0.0,0.0,534.0,2616.0,0.615,0,6,0,13.089,12.981,252,240,2,12,24,12,0,1920,0,0,0,0,0,0,0,0,0,0,184,0,0,0,894,113,366,370,0,0,1,0.894
3535,10.576,18.991,0.053,0.0,0.0,0.0,0.0,0.0,534.0,2616.0,0.577,0,6,0,8.745,8.66,253,240,2,12,24,12,0,1920,0,0,0,0,0,0,0,0,0,0,184,0,0,0,886,104,384,354,0,0,1,0.886
3536,10.464,18.991,0.053,0.0,0.0,0.0,0.0,0.0,534.0,2616.0,0.556,0,6,0,8.58,8.501,253,240,2,12,24,12,0,1920,0,0,0,0,0,0,0,0,0,0,184,0,0,0,977,108,418,400,0,0,2,0.977
3537,10.234,18.991,0.053,0.0,0.0,0.0,0.0,0.0,534.0,2616.0,0.569,0,6,0,8.481,8.405,252,240,2,12,24,12,0,1920,0,0,0,0,0,0,0,0,0,0,184,0,0,0,876,102,389,345,0,0,1,0.876
3538,10.183,18.991,0.053,0.0,0.0,0.0,0.0,0.0,534.0,2616.0,0.645,0,6,0,8.43,8.33,254,240,2,12,24,12,0,1920,0,0,0,0,0,0,0,0,0,0,184,0,0,0,871,101,362,367,0,0,2,0.871
3539,10.149,18.991,0.053,0.0,0.0,0.0,0.0,0.0,534.0,2616.0,0.664,0,6,0,8.303,8.222,254,240,2,12,24,12,0,1920,0,0,0,0,0,0,0,0,0,0,184,0,0,0,918,98,421,358,0,0,2,0.918
3540,10.2,18.991,0.053,0.0,0.0,0.0,0.0,0.0,534.0,2616.0,0.6,0,6,0,8.355,8.272,254,240,2,12,24,12,0,1920,0,0,0,0,0,0,0,0,0,0,184,0,0,0,858,108,363,346,0,0,1,0.858
3541,10.045,18.991,0.053,0.0,0.0,0.0,0.0,0.0,534.0,2616.0,0.658,0,6,0,8.278,8.197,253,240,2,12,24,12,0,1920,0,0,0,0,0,0,0,0,0,0,184,0,0,0,850,101,367,342,0,0,1,0.85
3542,10.101,18.991,0.053,0.0,0.0,0.0,0.0,0.0,534.0,2616.0,0.586,0,6,0,8.273,8.198,253,240,2,12,24,12,0,1920,0,0,0,0,0,0,0,0,0,0,184,0,0,0,868,97,376,349,0,0,2,0.868
3543,10.138,18.991,0.053,0.0,0.0,0.0,0.0,0.0,534.0,2616.0,0.629,0,6,0,8.373,8.299,253,240,2,12,24,12,0,1920,0,0,0,0,0,0,0,0,0,0,184,0,0,0,888,98,391,358,0,0,2,0.888
3544,10.092,18.991,0.053,0.0,0.0,0.0,0.0,0.0,534.0,2616.0,0.571,0,6,0,8.296,8.217,254,240,2,12,24,12,0,1920,0,0,0,0,0,0,0,0,0,0,184,0,0,0,895,100,375,361,0,0,2,0.895
3545,9.998,18.991,0.053,0.0,0.0,0.0,0.0,0.0,534.0,2616.0,0.626,0,6,0,8.266,8.169,253,240,2,12,24,12,0,1920,0,0,0,0,0,0,0,0,0,0,184,0,0,0,884,100,373,371,0,0,2,0.884
3546,10.479,18.991,0.053,0.0,0.0,0.0,0.0,0.0,534.0,2616.0,0.616,0,6,0,8.629,8.535,253,240,2,12,24,12,0,1920,0,0,0,0,0,0,0,0,0,0,184,0,0,0,919,104,418,354,0,0,1,0.919
3547,10.198,18.991,0.053,0.0,0.0,0.0,0.0,0.0,534.0,2616.0,0.597,0,6,0,8.344,8.263,254,240,2,12,24,12,0,1920,0,0,0,0,0,0,0,0,0,0,184,0,0,0,910,125,395,344,0,0,2,0.91
3548,10.415,18.991,0.053,0.0,0.0,0.0,0.0,0.0,534.0,2616.0,0.585,0,6,0,8.596,8.513,253,240,2,12,24,12,0,1920,0,0,0,0,0,0,0,0,0,0,184,0,0,0,886,99,391,354,0,0,2,0.886
3549,10.561,18.991,0.053,0.0,0.0,0.0,0.0,0.0,534.0,2616.0,0.618,0,6,0,8.791,8.717,252,240,2,12,24,12,0,1920,0,0,0,0,0,0,0,0,0,0,184,0,0,0,848,98,358,352,0,0,2,0.848
3550,10.707,18.991,0.053,0.0,0.0,0.0,0.0,0.0,534.0,2616.0,0.623,0,6,0,8.814,8.705,253,240,2,12,24,12,0,1920,0,0,0,0,0,0,0,0,0,0,184,0,0,0,938,108,398,386,0,0,2,0.938
3551,10.555,18.991,0.053,0.0,0.0,0.0,0.0,0.0,534.0,2616.0,0.573,0,6,0,8.742,8.66,254,240,2,12,24,12,0,1920,0,0,0,0,0,0,0,0,0,0,184,0,0,0,879,104,386,342,0,0,2,0.879
3552,10.477,18.991,0.053,0.0,0.0,0.0,0.0,0.0,534.0,2616.0,0.6,0,6,0,8.739,8.665,253,240,2,12,24,12,0,1920,0,0,0,0,0,0,0,0,0,0,184,0,0,0,870,98,382,350,0,0,2,0.87
3553,10.322,18.991,0.053,0.0,0.0,0.0,0.0,0.0,534.0,2616.0,0.616,0,6,0,8.528,8.437,256,240,2,12,24,12,0,1920,0,0,0,0,0,0,0,0,0,0,184,0,0,0,852,100,359,353,0,0,1,0.852
3554,10.46,18.991,0.053,0.0,0.0,0.0,0.0,0.0,534.0,2616.0,0.669,0,6,0,8.622,8.552,252,240,2,12,24,12,0,1920,0,0,0,0,0,0,0,0,0,0,184,0,0,0,897,116,371,367,0,0,2,0.897
3555,10.826,18.991,0.053,0.0,0.0,0.0,0.0,0.0,534.0,2616.0,0.574,0,6,0,8.904,8.833,252,240,2,12,24,12,0,1920,0,0,0,0,0,0,0,0,0,0,184,0,0,0,888,105,375,362,0,0,2,0.888
3556,10.353,18.991,0.053,0.0,0.0,0.0,0.0,0.0,534.0,2616.0,0.598,0,6,0,8.611,8.499,255,240,2,12,24,12,0,1920,0,0,0,0,0,0,0,0,0,0,184,0,0,0,879,101,366,370,0,0,3,0.879
3557,10.228,18.991,0.053,0.0,0.0,0.0,0.0,0.0,534.0,2616.0,0.591,0,6,0,8.457,8.356,252,240,2,12,24,12,0,1920,0,0,0,0,0,0,0,0,0,0,184,0,0,0,878,122,363,348,0,0,2,0.878
3558,10.295,18.991,0.053,0.0,0.0,0.0,0.0,0.0,534.0,2616.0,0.629,0,6,0,8.504,8.431,253,240,2,12,24,12,0,1920,0,0,0,0,0,0,0,0,0,0,184,0,0,0,896,101,405,343,0,0,3,0.896
3559,10.425,18.991,0.053,0.0,0.0,0.0,0.0,0.0,534.0,2616.0,0.601,0,6,0,8.61,8.529,254,240,2,12,24,12,0,1920,0,0,0,0,0,0,0,0,0,0,184,0,0,0,876,104,380,344,0,0,2,0.876
3560,10.413,18.991,0.053,0.0,0.0,0.0,0.0,0.0,534.0,2616.0,0.605,0,6,0,8.618,8.534,255,240,2,12,24,12,0,1920,0,0,0,0,0,0,0,0,0,0,184,0,0,0,886,99,365,382,0,0,3,0.886
3561,10.232,18.991,0.053,0.0,0.0,0.0,0.0,0.0,534.0,2616.0,0.58,0,6,0,8.397,8.307,252,240,2,12,24,12,0,1920,0,0,0,0,0,0,0,0,0,0,184,0,0,0,895,102,383,366,0,0,2,0.895
3562,10.155,18.991,0.053,0.0,0.0,0.0,0.0,0.0,534.0,2616.0,0.596,0,6,0,8.362,8.288,253,240,2,12,24,12,0,1920,0,0,0,0,0,0,0,0,0,0,184,0,0,0,881,105,370,344,0,0,1,0.881
3563,10.07,18.991,0.053,0.0,0.0,0.0,0.0,0.0,534.0,2616.0,0.618,0,6,0,8.263,8.194,252,240,2,12,24,12,0,1920,0,0,0,0,0,0,0,0,0,0,184,0,0,0,877,103,372,361,0,0,3,0.877
3564,11.645,18.991,0.053,0.0,0.0,0.0,0.0,0.0,534.0,2616.0,0.576,0,6,0,9.822,8.322,256,240,2,12,24,12,0,1920,0,0,0,0,0,0,0,0,0,0,184,0,0,0,898,109,366,375,0,0,3,0.898
3565,10.298,18.991,0.053,0.0,0.0,0.0,0.0,0.0,534.0,2616.0,0.57,0,6,0,8.524,8.445,254,240,2,12,24,12,0,1920,0,0,0,0,0,0,0,0,0,0,184,0,0,0,877,120,370,343,0,0,2,0.877
3566,10.196,18.991,0.053,0.0,0.0,0.0,0.0,0.0,534.0,2616.0,0.624,0,6,0,8.441,8.337,253,240,2,12,24,12,0,1920,0,0,0,0,0,0,0,0,0,0,184,0,0,0,872,105,389,337,0,0,1,0.872
3567,10.353,18.991,0.053,0.0,0.0,0.0,0.0,0.0,534.0,2616.0,0.641,0,6,0,8.537,8.421,253,240,2,12,24,12,0,1920,0,0,0,0,0,0,0,0,0,0,184,0,0,0,862,105,369,342,0,0,1,0.862
3568,10.95,18.991,0.053,0.0,0.0,0.0,0.0,0.0,534.0,2616.0,0.721,0,6,0,8.901,8.814,254,240,2,12,24,12,0,1920,0,0,0,0,0,0,0,0,0,0,184,0,0,0,1099,295,409,351,0,0,1,1.099
3569,14.183,18.991,0.053,0.0,0.0,0.0,0.0,0.0,534.0,2616.0,0.582,0,6,0,12.197,12.12,252,240,2,12,24,12,0,1920,0,0,0,0,0,0,0,0,0,0,184,0,0,0,915,108,405,357,0,0,2,0.915
3570,10.297,18.991,0.053,0.0,0.0,0.0,0.0,0.0,534.0,2616.0,0.559,0,6,0,8.522,8.433,255,240,2,12,24,12,0,1920,0,0,0,0,0,0,0,0,0,0,184,0,0,0,857,102,361,333,0,0,2,0.857
3571,10.317,18.991,0.053,0.0,0.0,0.0,0.0,0.0,534.0,2616.0,0.641,0,6,0,8.475,8.395,254,240,2,12,24,12,0,1920,0,0,0,0,0,0,0,0,0,0,184,0,0,0,978,110,406,411,0,0,2,0.978
3572,10.521,18.991,0.053,0.0,0.0,0.0,0.0,0.0,534.0,2616.0,0.568,0,6,0,8.66,8.567,255,240,2,12,24,12,0,1920,0,0,0,0,0,0,0,0,0,0,184,0,0,0,878,103,371,363,0,0,1,0.878
3573,10.277,18.991,0.053,0.0,0.0,0.0,0.0,0.0,534.0,2616.0,0.604,0,6,0,8.484,8.41,253,240,2,12,24,12,0,1920,0,0,0,0,0,0,0,0,0,0,184,0,0,0,958,120,371,423,0,0,2,0.958
3574,11.767,18.991,0.053,0.0,0.0,0.0,0.0,0.0,534.0,2616.0,0.979,0,6,0,9.874,9.797,253,240,2,12,24,12,0,1920,0,0,0,0,0,0,0,0,0,0,184,0,0,0,968,110,411,398,0,0,2,0.968
3575,12.25,18.991,0.053,0.0,0.0,0.0,0.0,0.0,534.0,2616.0,0.688,0,6,0,9.898,9.761,252,240,2,12,24,12,0,1920,0,0,0,0,0,0,0,0,0,0,184,0,0,0,1016,136,447,383,0,0,2,1.016
3576,11.408,18.991,0.053,0.0,0.0,0.0,0.0,0.0,534.0,2616.0,0.705,0,6,0,9.414,9.318,255,240,2,12,24,12,0,1920,0,0,0,0,0,0,0,0,0,0,184,0,0,0,965,135,403,382,0,0,2,0.965
3577,11.562,18.991,0.053,0.0,0.0,0.0,0.0,0.0,534.0,2616.0,0.717,0,6,0,9.512,9.434,252,240,2,12,24,12,0,1920,0,0,0,0,0,0,0,0,0,0,184,0,0,0,996,137,422,387,0,0,2,0.996
3578,23.01,18.991,0.053,0.0,0.0,0.0,0.0,0.0,534.0,2616.0,0.835,0,6,0,19.242,19.092,255,240,2,12,24,12,0,1920,0,0,0,0,0,0,0,0,0,0,184,0,0,0,2651,122,1881,591,0,0,3,2.651
3579,12.329,18.991,0.053,0.0,0.0,0.0,0.0,0.0,534.0,2616.0,0.685,0,6,0,10.122,10.026,253,240,2,12,24,12,0,1920,0,0,0,0,0,0,0,0,0,0,184,0,0,0,984,122,412,398,0,0,3,0.984
3580,13.156,18.991,0.053,0.0,0.0,0.0,0.0,0.0,534.0,2616.0,0.749,0,6,0,10.651,10.559,254,240,2,12,24,12,0,1920,0,0,0,0,0,0,0,0,0,0,184,0,0,0,1457,124,895,386,0,0,2,1.457
3581,18.578,18.991,0.053,0.0,0.0,0.0,0.0,0.0,534.0,2616.0,0.944,0,6,0,16.059,15.976,252,240,2,12,24,12,0,1920,0,0,0,0,0,0,0,0,0,0,184,0,0,0,1291,153,526,523,0,0,3,1.291
3582,11.809,18.991,0.053,0.0,0.0,0.0,0.0,0.0,534.0,2616.0,0.561,0,6,0,9.573,9.448,254,240,2,12,24,12,0,1920,0,0,0,0,0,0,0,0,0,0,184,0,0,0,906,103,377,378,0,0,2,0.906
3583,12.826,18.991,0.053,0.0,0.0,0.0,0.0,0.0,534.0,2616.0,0.768,0,6,0,10.635,10.556,253,240,2,12,24,12,0,1920,0,0,0,0,0,0,0,0,0,0,184,0,0,0,1262,113,681,422,0,0,2,1.262
3584,12.463,18.991,0.053,0.0,0.0,0.0,0.0,0.0,534.0,2616.0,0.849,0,6,0,10.205,10.053,255,240,2,12,24,12,0,1920,0,0,0,0,0,0,0,0,0,0,184,0,0,0,1025,126,423,427,0,0,3,1.025
3585,11.849,21.279,0.03,0.0,0.0,0.0,0.0,0.0,534.0,2616.0,0.949,0,6,0,9.566,9.463,253,240,2,12,24,12,0,1920,0,0,0,0,0,0,0,0,0,0,184,0,0,0,1050,161,414,421,0,0,2,1.05
3586,12.613,21.279,0.03,0.0,0.0,0.0,0.0,0.0,534.0,2616.0,0.726,0,6,0,10.17,10.061,254,240,2,12,24,12,0,1920,0,0,0,0,0,0,0,0,0,0,184,0,0,0,1036,113,491,383,0,0,2,1.036
3587,11.677,21.279,0.03,0.0,0.0,0.0,0.0,0.0,534.0,2616.0,0.696,0,6,0,9.686,9.58,252,240,2,12,24,12,0,1920,0,0,0,0,0,0,0,0,0,0,184,0,0,0,899,115,386,353,0,0,3,0.899
3588,11.356,21.279,0.03,0.0,0.0,0.0,0.0,0.0,534.0,2616.0,0.638,0,6,0,9.311,9.229,254,240,2,12,24,12,0,1920,0,0,0,0,0,0,0,0,0,0,184,0,0,0,967,142,414,355,0,0,2,0.967
3589,13.127,21.279,0.03,0.0,0.0,0.0,0.0,0.0,534.0,2616.0,0.838,0,6,0,11.161,11.075,253,240,2,12,24,12,0,1920,0,0,0,0,0,0,0,0,0,0,184,0,0,0,969,110,423,390,0,0,2,0.969
3590,13.215,21.279,0.03,0.0,0.0,0.0,0.0,0.0,534.0,2616.0,0.746,0,6,0,10.723,10.595,255,240,2,12,24,12,0,1920,0,0,0,0,0,0,0,0,0,0,184,0,0,0,1231,118,672,393,0,0,3,1.231
3591,12.762,21.279,0.03,0.0,0.0,0.0,0.0,0.0,534.0,2616.0,0.671,0,6,0,10.544,10.438,252,240,2,12,24,12,0,1920,0,0,0,0,0,0,0,0,0,0,184,0,0,0,982,119,410,398,0,0,3,0.982
3592,12.263,21.279,0.03,0.0,0.0,0.0,0.0,0.0,534.0,2616.0,1.056,0,6,0,10.149,10.048,254,240,2,12,24,12,0,1920,0,0,0,0,0,0,0,0,0,0,184,0,0,0,1024,161,412,394,0,0,2,1.024
3593,17.367,21.279,0.03,0.0,0.0,0.0,0.0,0.0,534.0,2616.0,0.945,0,6,0,14.716,13.791,253,240,2,12,24,12,0,1920,0,0,0,0,0,0,0,0,0,0,184,0,0,0,1164,162,511,424,0,0,3,1.164
3594,15.165,21.279,0.03,0.0,0.0,0.0,0.0,0.0,534.0,2616.0,1.022,0,6,0,12.371,12.207,255,240,2,12,24,12,0,1920,0,0,0,0,0,0,0,0,0,0,184,0,0,0,1385,155,635,486,0,0,40,1.385
3595,20.768,21.279,0.03,0.0,0.0,0.0,0.0,0.0,534.0,2616.0,1.129,0,6,0,17.677,15.091,253,240,2,12,24,12,0,1920,0,0,0,0,0,0,0,0,0,0,184,0,0,0,1485,174,662,566,0,0,5,1.485
3596,18.184,21.279,0.03,0.0,0.0,0.0,0.0,0.0,534.0,2616.0,1.083,0,6,0,15.064,14.908,256,240,2,12,24,12,0,1920,0,0,0,0,0,0,0,0,0,0,184,0,0,0,1378,190,561,548,0,0,4,1.378
3597,18.133,21.279,0.03,0.0,0.0,0.0,0.0,0.0,534.0,2616.0,1.128,0,6,0,15.041,14.917,252,240,2,12,24,12,0,1920,0,0,0,0,0,0,0,0,0,0,184,0,0,0,1424,176,597,570,0,0,5,1.424
3598,18.401,21.279,0.03,0.0,0.0,0.0,0.0,0.0,534.0,2616.0,1.092,0,6,0,15.282,15.137,254,240,2,12,24,12,0,1920,0,0,0,0,0,0,0,0,0,0,184,0,0,0,1334,165,549,546,0,0,4,1.334
3599,18.192,21.279,0.03,0.0,0.0,0.0,0.0,0.0,534.0,2616.0,1.073,0,6,0,15.157,15.028,253,240,2,12,24,12,0,1920,0,0,0,0,0,0,0,0,0,0,184,0,0,0,1365,162,593,537,0,0,4,1.365
3600,18.261,21.279,0.03,0.0,0.0,0.0,0.0,0.0,534.0,2616.0,1.121,0,6,0,15.258,15.066,254,240,2,12,24,12,0,1920,0,0,0,0,0,0,0,0,0,0,184,0,0,0,1387,181,578,545,0,0,3,1.387
3601,18.576,21.279,0.03,0.0,0.0,0.0,0.0,0.0,534.0,2616.0,1.117,0,6,0,15.48,15.309,252,240,2,12,24,12,0,1920,0,0,0,0,0,0,0,0,0,0,184,0,0,0,1387,172,576,554,0,0,5,1.387
3602,17.83,21.279,0.03,0.0,0.0,0.0,0.0,0.0,534.0,2616.0,1.126,0,6,0,14.76,14.612,255,240,2,12,24,12,0,1920,0,0,0,0,0,0,0,0,0,0,184,0,0,0,1396,214,593,510,0,0,5,1.396
3603,17.985,21.279,0.03,0.0,0.0,0.0,0.0,0.0,534.0,2616.0,1.083,0,6,0,14.819,14.699,252,240,2,12,24,12,0,1920,0,0,0,0,0,0,0,0,0,0,184,0,0,0,1466,227,596,559,0,0,4,1.466
3604,17.805,21.279,0.03,0.0,0.0,0.0,0.0,0.0,534.0,2616.0,1.069,0,6,0,14.733,14.566,255,240,2,12,24,12,0,1920,0,0,0,0,0,0,0,0,0,0,184,0,0,0,1459,162,656,562,0,0,5,1.459
3605,18.076,21.279,0.03,0.0,0.0,0.0,0.0,0.0,534.0,2616.0,1.054,0,6,0,14.972,14.849,252,240,2,12,24,12,0,1920,0,0,0,0,0,0,0,0,0,0,184,0,0,0,1447,173,573,615,0,0,3,1.447
3606,17.947,21.279,0.03,0.0,0.0,0.0,0.0,0.0,534.0,2616.0,1.099,0,6,0,14.899,14.744,256,240,2,12,24,12,0,1920,0,0,0,0,0,0,0,0,0,0,184,0,0,0,1432,171,597,582,0,0,4,1.432
3607,15.869,21.279,0.03,0.0,0.0,0.0,0.0,0.0,534.0,2616.0,0.61,0,6,0,13.266,13.14,252,240,2,12,24,12,0,1920,0,0,0,0,0,0,0,0,0,0,184,0,0,0,975,122,420,384,0,0,3,0.975
3608,11.422,21.279,0.03,0.0,0.0,0.0,0.0,0.0,534.0,2616.0,0.647,0,6,0,9.415,9.325,253,240,2,12,24,12,0,1920,0,0,0,0,0,0,0,0,0,0,184,0,0,0,1039,137,427,420,0,0,3,1.039
3609,11.433,21.279,0.03,0.0,0.0,0.0,0.0,0.0,534.0,2616.0,0.614,0,6,0,9.456,9.355,255,240,2,12,24,12,0,1920,0,0,0,0,0,0,0,0,0,0,184,0,0,0,963,133,407,373,0,0,1,0.963
3610,11.26,21.279,0.03,0.0,0.0,0.0,0.0,0.0,534.0,2616.0,0.63,0,6,0,9.294,9.194,253,240,2,12,24,12,0,1920,0,0,0,0,0,0,0,0,0,0,184,0,0,0,994,111,440,394,0,0,2,0.994
3611,11.265,21.279,0.03,0.0,0.0,0.0,0.0,0.0,534.0,2616.0,0.673,0,6,0,9.32,9.24,253,240,2,12,24,12,0,1920,0,0,0,0,0,0,0,0,0,0,184,0,0,0,1011,108,473,385,0,0,2,1.011
3612,11.162,21.279,0.03,0.0,0.0,0.0,0.0,0.0,534.0,2616.0,0.642,0,6,0,9.201,9.12,253,240,2,12,24,12,0,1920,0,0,0,0,0,0,0,0,0,0,184,0,0,0,965,116,401,398,0,0,1,0.965
3613,11.3,21.279,0.03,0.0,0.0,0.0,0.0,0.0,534.0,2616.0,0.655,0,6,0,9.304,9.227,252,240,2,12,24,12,0,1920,0,0,0,0,0,0,0,0,0,0,184,0,0,0,968,135,409,373,0,0,2,0.968
3614,11.276,21.279,0.03,0.0,0.0,0.0,0.0,0.0,534.0,2616.0,0.615,0,6,0,9.312,9.219,255,240,2,12,24,12,0,1920,0,0,0,0,0,0,0,0,0,0,184,0,0,0,953,110,418,378,0,0,2,0.953
3615,11.334,21.279,0.03,0.0,0.0,0.0,0.0,0.0,534.0,2616.0,0.659,0,6,0,9.379,9.307,252,240,2,12,24,12,0,1920,0,0,0,0,0,0,0,0,0,0,184,0,0,0,963,116,421,376,0,0,1,0.963
3616,11.26,21.279,0.03,0.0,0.0,0.0,0.0,0.0,534.0,2616.0,0.641,0,6,0,9.26,9.167,255,240,2,12,24,12,0,1920,0,0,0,0,0,0,0,0,0,0,184,0,0,0,1001,112,411,394,0,0,1,1.001
3617,11.204,21.279,0.03,0.0,0.0,0.0,0.0,0.0,534.0,2616.0,0.718,0,6,0,9.294,9.203,254,240,2,12,24,12,0,1920,0,0,0,0,0,0,0,0,0,0,184,0,0,0,927,108,394,380,0,0,2,0.927
3618,11.394,21.279,0.03,0.0,0.0,0.0,0.0,0.0,534.0,2616.0,0.646,0,6,0,9.378,9.296,253,240,2,12,24,12,0,1920,0,0,0,0,0,0,0,0,0,0,184,0,0,0,965,112,406,397,0,0,1,0.965
3619,12.405,21.279,0.03,0.0,0.0,0.0,0.0,0.0,534.0,2616.0,0.701,0,6,0,10.473,9.354,255,240,2,12,24,12,0,1920,0,0,0,0,0,0,0,0,0,0,184,0,0,0,957,107,432,376,0,0,2,0.957
3620,11.187,21.279,0.03,0.0,0.0,0.0,0.0,0.0,534.0,2616.0,0.626,0,6,0,9.21,9.126,253,240,2,12,24,12,0,1920,0,0,0,0,0,0,0,0,0,0,184,0,0,0,938,115,399,372,0,0,1,0.938
3621,11.593,21.279,0.03,0.0,0.0,0.0,0.0,0.0,534.0,2616.0,0.653,0,6,0,9.674,9.592,253,240,2,12,24,12,0,1920,0,0,0,0,0,0,0,0,0,0,184,0,0,0,972,126,398,401,0,0,2,0.972
3622,11.359,21.279,0.03,0.0,0.0,0.0,0.0,0.0,534.0,2616.0,0.649,0,6,0,9.433,9.352,253,240,2,12,24,12,0,1920,0,0,0,0,0,0,0,0,0,0,184,0,0,0,955,133,402,374,0,0,1,0.955
3623,11.211,21.279,0.03,0.0,0.0,0.0,0.0,0.0,534.0,2616.0,0.607,0,6,0,9.227,9.135,254,240,2,12,24,12,0,1920,0,0,0,0,0,0,0,0,0,0,184,0,0,0,998,113,415,421,0,0,2,0.998
3624,11.193,21.279,0.03,0.0,0.0,0.0,0.0,0.0,534.0,2616.0,0.69,0,6,0,9.302,9.208,255,240,2,12,24,12,0,1920,0,0,0,0,0,0,0,0,0,0,184,0,0,0,959,112,420,379,0,0,2,0.959
3625,11.368,21.279,0.03,0.0,0.0,0.0,0.0,0.0,534.0,2616.0,0.72,0,6,0,9.379,9.301,252,240,2,12,24,12,0,1920,0,0,0,0,0,0,0,0,0,0,184,0,0,0,969,114,396,407,0,0,3,0.969
3626,11.378,21.279,0.03,0.0,0.0,0.0,0.0,0.0,534.0,2616.0,0.574,0,6,0,9.315,9.226,254,240,2,12,24,12,0,1920,0,0,0,0,0,0,0,0,0,0,184,0,0,0,964,117,415,381,0,0,2,0.964
3627,12.919,21.279,0.03,0.0,0.0,0.0,0.0,0.0,534.0,2616.0,0.631,0,6,0,11.009,9.273,254,240,2,12,24,12,0,1920,0,0,0,0,0,0,0,0,0,0,184,0,0,0,938,113,392,384,0,0,2,0.938
3628,11.454,21.279,0.03,0.0,0.0,0.0,0.0,0.0,534.0,2616.0,0.637,0,6,0,9.507,9.416,254,240,2,12,24,12,0,1920,0,0,0,0,0,0,0,0,0,0,184,0,0,0,970,135,409,376,0,0,2,0.97
3629,11.414,21.279,0.03,0.0,0.0,0.0,0.0,0.0,534.0,2616.0,0.622,0,6,0,9.474,9.39,253,240,2,12,24,12,0,1920,0,0,0,0,0,0,0,0,0,0,184,0,0,0,971,115,425,383,0,0,1,0.971
3630,11.28,21.279,0.03,0.0,0.0,0.0,0.0,0.0,534.0,2616.0,0.619,0,6,0,9.347,9.258,254,240,2,12,24,12,0,1920,0,0,0,0,0,0,0,0,0,0,184,0,0,0,971,113,413,395,0,0,1,0.971
3631,14.418,21.279,0.03,0.0,0.0,0.0,0.0,0.0,534.0,2616.0,0.674,0,6,0,12.134,12.038,256,240,2,12,24,12,0,1920,0,0,0,0,0,0,0,0,0,0,184,0,0,0,1037,115,408,464,0,0,3,1.037
3632,11.364,21.279,0.03,0.0,0.0,0.0,0.0,0.0,534.0,2616.0,0.768,0,6,0,9.367,9.276,254,240,2,12,24,12,0,1920,0,0,0,0,0,0,0,0,0,0,184,0,0,0,980,154,402,376,0,0,1,0.98
3633,11.854,21.279,0.03,0.0,0.0,0.0,0.0,0.0,534.0,2616.0,0.73,0,6,0,9.693,9.616,252,240,2,12,24,12,0,1920,0,0,0,0,0,0,0,0,0,0,184,0,0,0,1013,143,403,415,0,0,2,1.013
3634,11.486,21.279,0.03,0.0,0.0,0.0,0.0,0.0,534.0,2616.0,0.586,0,6,0,9.455,9.362,253,240,2,12,24,12,0,1920,0,0,0,0,0,0,0,0,0,0,184,0,0,0,966,112,429,377,0,0,2,0.966
3635,11.263,21.279,0.03,0.0,0.0,0.0,0.0,0.0,534.0,2616.0,0.656,0,6,0,9.408,9.28,255,240,2,12,24,12,0,1920,0,0,0,0,0,0,0,0,0,0,184,0,0,0,964,110,427,381,0,0,1,0.964
3636,11.36,21.279,0.03,0.0,0.0,0.0,0.0,0.0,534.0,2616.0,0.702,0,6,0,9.346,9.258,254,240,2,12,24,12,0,1920,0,0,0,0,0,0,0,0,0,0,184,0,0,0,1006,129,438,389,0,0,1,1.006
3637,11.647,21.279,0.03,0.0,0.0,0.0,0.0,0.0,534.0,2616.0,0.676,0,6,0,9.517,9.43,253,240,2,12,24,12,0,1920,0,0,0,0,0,0,0,0,0,0,184,0,0,0,1053,212,410,384,0,0,1,1.053
3638,11.338,21.279,0.03,0.0,0.0,0.0,0.0,0.0,534.0,2616.0,0.66,0,6,0,9.305,9.202,255,240,2,12,24,12,0,1920,0,0,0,0,0,0,0,0,0,0,184,0,0,0,1013,112,402,445,0,0,2,1.013
3639,11.423,21.279,0.03,0.0,0.0,0.0,0.0,0.0,534.0,2616.0,0.673,0,6,0,9.473,9.383,253,240,2,12,24,12,0,1920,0,0,0,0,0,0,0,0,0,0,184,0,0,0,964,114,400,400,0,0,1,0.964
3640,11.578,21.279,0.03,0.0,0.0,0.0,0.0,0.0,534.0,2616.0,0.699,0,6,0,9.593,9.509,253,240,2,12,24,12,0,1920,0,0,0,0,0,0,0,0,0,0,184,0,0,0,953,111,413,379,0,0,2,0.953
3641,11.588,21.279,0.03,0.0,0.0,0.0,0.0,0.0,534.0,2616.0,0.666,0,6,0,9.59,9.5,254,240,2,12,24,12,0,1920,0,0,0,0,0,0,0,0,0,0,184,0,0,0,964,133,410,376,0,0,2,0.964
3642,11.366,21.279,0.03,0.0,0.0,0.0,0.0,0.0,534.0,2616.0,0.658,0,6,0,9.416,9.327,254,240,2,12,24,12,0,1920,0,0,0,0,0,0,0,0,0,0,184,0,0,0,963,115,394,407,0,0,2,0.963
3643,11.589,21.279,0.03,0.0,0.0,0.0,0.0,0.0,534.0,2616.0,0.653,0,6,0,9.624,9.528,254,240,2,12,24,12,0,1920,0,0,0,0,0,0,0,0,0,0,184,0,0,0,976,111,442,375,0,0,3,0.976
3644,11.632,21.279,0.03,0.0,0.0,0.0,0.0,0.0,534.0,2616.0,0.687,0,6,0,9.635,9.546,254,240,2,12,24,12,0,1920,0,0,0,0,0,0,0,0,0,0,184,0,0,0,956,110,400,405,0,0,2,0.956
3645,11.796,21.279,0.03,0.0,0.0,0.0,0.0,0.0,534.0,2616.0,0.618,0,6,0,9.798,9.715,253,240,2,12,24,12,0,1920,0,0,0,0,0,0,0,0,0,0,184,0,0,0,963,116,418,382,0,0,2,0.963
3646,11.221,21.279,0.03,0.0,0.0,0.0,0.0,0.0,534.0,2616.0,0.633,0,6,0,9.267,9.169,255,240,2,12,24,12,0,1920,0,0,0,0,0,0,0,0,0,0,184,0,0,0,996,105,463,382,0,0,3,0.996
3647,11.172,21.279,0.03,0.0,0.0,0.0,0.0,0.0,534.0,2616.0,0.952,0,6,0,9.262,9.18,253,240,2,12,24,12,0,1920,0,0,0,0,0,0,0,0,0,0,184,0,0,0,960,110,406,393,0,0,2,0.96
3648,11.508,21.279,0.03,0.0,0.0,0.0,0.0,0.0,534.0,2616.0,0.781,0,6,0,9.261,9.172,254,240,2,12,24,12,0,1920,0,0,0,0,0,0,0,0,0,0,184,0,0,0,969,114,399,405,0,0,2,0.969
3649,11.755,21.279,0.03,0.0,0.0,0.0,0.0,0.0,534.0,2616.0,0.699,0,6,0,9.699,9.603,254,240,2,12,24,12,0,1920,0,0,0,0,0,0,0,0,0,0,184,0,0,0,960,107,397,410,0,0,3,0.96
3650,11.168,21.279,0.03,0.0,0.0,0.0,0.0,0.0,534.0,2616.0,0.658,0,6,0,9.155,9.019,254,240,2,12,24,12,0,1920,0,0,0,0,0,0,0,0,0,0,184,0,0,0,979,111,438,380,0,0,3,0.979
3651,11.23,21.279,0.03,0.0,0.0,0.0,0.0,0.0,534.0,2616.0,0.985,0,6,0,9.308,9.222,254,240,2,12,24,12,0,1920,0,0,0,0,0,0,0,0,0,0,184,0,0,0,952,131,402,374,0,0,1,0.952
3652,12.05,21.279,0.03,0.0,0.0,0.0,0.0,0.0,534.0,2616.0,0.711,0,6,0,9.667,9.547,255,240,2,12,24,12,0,1920,0,0,0,0,0,0,0,0,0,0,184,0,0,0,975,146,395,391,0,0,2,0.975
3653,11.453,21.279,0.03,0.0,0.0,0.0,0.0,0.0,534.0,2616.0,0.694,0,6,0,9.41,9.327,253,240,2,12,24,12,0,1920,0,0,0,0,0,0,0,0,0,0,184,0,0,0,964,110,430,378,0,0,2,0.964
3654,11.708,21.279,0.03,0.0,0.0,0.0,0.0,0.0,534.0,2616.0,0.729,0,6,0,9.616,9.515,256,240,2,12,24,12,0,1920,0,0,0,0,0,0,0,0,0,0,184,0,0,0,1017,115,446,406,0,0,2,1.017
3655,13.165,21.279,0.03,0.0,0.0,0.0,0.0,0.0,534.0,2616.0,0.689,0,6,0,9.392,9.249,254,240,2,12,24,12,0,1920,0,0,0,0,0,0,0,0,0,0,184,0,0,0,2693,120,2095,423,0,0,4,2.693
3656,13.135,21.279,0.03,0.0,0.0,0.0,0.0,0.0,534.0,2616.0,0.63,0,6,0,11.127,10.962,255,240,2,12,24,12,0,1920,0,0,0,0,0,0,0,0,0,0,184,0,0,0,913,129,376,362,0,0,2,0.913
3657,11.207,21.279,0.03,0.0,0.0,0.0,0.0,0.0,534.0,2616.0,0.738,0,6,0,9.282,9.206,253,240,2,12,24,12,0,1920,0,0,0,0,0,0,0,0,0,0,184,0,0,0,973,118,441,368,0,0,2,0.973
3658,12.64,21.279,0.03,0.0,0.0,0.0,0.0,0.0,534.0,2616.0,0.805,0,6,0,10.435,10.336,255,240,2,12,24,12,0,1920,0,0,0,0,0,0,0,0,0,0,184,0,0,0,973,117,392,395,0,0,3,0.973
3659,13.857,21.279,0.03,0.0,0.0,0.0,0.0,0.0,534.0,2616.0,0.982,0,6,0,11.704,9.997,253,240,2,12,24,12,0,1920,0,0,0,0,0,0,0,0,0,0,184,0,0,0,969,120,384,416,0,0,2,0.969
3660,17.463,21.279,0.03,0.0,0.0,0.0,0.0,0.0,534.0,2616.0,1.288,0,6,0,14.933,14.841,254,240,2,12,24,12,0,1920,0,0,0,0,0,0,0,0,0,0,184,0,0,0,1193,111,478,550,0,0,3,1.193
3661,22.525,21.332,0.319,0.0,0.0,0.0,0.0,0.0,534.0,2616.0,4.245,0,6,0,18.421,18.233,255,240,2,12,24,12,0,1920,0,0,0,0,0,0,0,0,0,0,184,0,0,0,2091,417,859,696,0,0,5,2.091
3662,26.415,21.332,0.319,0.0,0.0,0.0,0.0,0.0,534.0,2616.0,0.76,0,6,0,20.063,19.294,256,240,2,12,24,12,0,1920,0,0,0,0,0,0,0,0,0,0,184,0,0,0,1090,157,442,429,0,0,3,1.09
3663,13.215,21.332,0.319,0.0,0.0,0.0,0.0,0.0,534.0,2616.0,0.686,0,6,0,10.927,10.821,254,240,2,12,24,12,0,1920,0,0,0,0,0,0,0,0,0,0,184,0,0,0,1093,120,488,427,0,0,2,1.093
3664,13.392,21.332,0.319,0.0,0.0,0.0,0.0,0.0,534.0,2616.0,0.681,0,6,0,11.316,11.198,255,240,2,12,24,12,0,1920,0,0,0,0,0,0,0,0,0,0,184,0,0,0,985,120,424,386,0,0,2,0.985
3665,12.323,21.332,0.319,0.0,0.0,0.0,0.0,0.0,534.0,2616.0,0.702,0,6,0,10.255,10.174,252,240,2,12,24,12,0,1920,0,0,0,0,0,0,0,0,0,0,184,0,0,0,1021,117,428,394,0,0,2,1.021
3666,11.967,21.332,0.319,0.0,0.0,0.0,0.0,0.0,534.0,2616.0,0.685,0,6,0,9.894,9.792,255,240,2,12,24,12,0,1920,0,0,0,0,0,0,0,0,0,0,184,0,0,0,1012,129,441,381,0,0,2,1.012
3667,13.259,21.332,0.319,0.0,0.0,0.0,0.0,0.0,534.0,2616.0,0.727,0,6,0,11.173,11.085,253,240,2,12,24,12,0,1920,0,0,0,0,0,0,0,0,0,0,184,0,0,0,1003,123,418,408,0,0,2,1.003
3668,12.79,21.332,0.319,0.0,0.0,0.0,0.0,0.0,534.0,2616.0,0.829,0,6,0,10.561,10.445,254,240,2,12,24,12,0,1920,0,0,0,0,0,0,0,0,0,0,184,0,0,0,1036,113,448,414,0,0,2,1.036
3669,14.995,21.332,0.319,0.0,0.0,0.0,0.0,0.0,534.0,2616.0,0.759,0,6,0,12.688,12.584,255,240,2,12,24,12,0,1920,0,0,0,0,0,0,0,0,0,0,184,0,0,0,1086,173,470,388,0,0,2,1.086
3670,12.744,21.332,0.319,0.0,0.0,0.0,0.0,0.0,534.0,2616.0,0.773,0,6,0,10.54,10.393,256,240,2,12,24,12,0,1920,0,0,0,0,0,0,0,0,0,0,184,0,0,0,1011,123,418,421,0,0,3,1.011
3671,12.4,21.332,0.319,0.0,0.0,0.0,0.0,0.0,534.0,2616.0,1.527,0,6,0,10.073,9.954,253,240,2,12,24,12,0,1920,0,0,0,0,0,0,0,0,0,0,184,0,0,0,1126,111,488,445,0,0,3,1.126
3672,14.283,21.332,0.319,0.0,0.0,0.0,0.0,0.0,534.0,2616.0,0.888,0,6,0,11.166,10.99,255,240,2,12,24,12,0,1920,0,0,0,0,0,0,0,0,0,0,184,0,0,0,1086,146,432,448,0,0,1,1.086
3673,14.492,21.332,0.319,0.0,0.0,0.0,0.0,0.0,534.0,2616.0,0.859,0,6,0,11.405,11.27,254,240,2,12,24,12,0,1920,0,0,0,0,0,0,0,0,0,0,184,0,0,0,1076,170,449,403,0,0,2,1.076
3674,13.969,21.332,0.319,0.0,0.0,0.0,0.0,0.0,534.0,2616.0,0.748,0,6,0,11.751,11.645,255,240,2,12,24,12,0,1920,0,0,0,0,0,0,0,0,0,0,184,0,0,0,991,113,409,419,0,0,2,0.991
3675,12.486,21.332,0.319,0.0,0.0,0.0,0.0,0.0,534.0,2616.0,0.715,0,6,0,10.423,10.332,254,240,2,12,24,12,0,1920,0,0,0,0,0,0,0,0,0,0,184,0,0,0,962,111,403,396,0,0,1,0.962
3676,11.33,21.332,0.319,0.0,0.0,0.0,0.0,0.0,534.0,2616.0,0.596,0,6,0,9.272,9.183,253,240,2,12,24,12,0,1920,0,0,0,0,0,0,0,0,0,0,184,0,0,0,960,120,397,393,0,0,3,0.96
3677,13.654,21.332,0.319,0.0,0.0,0.0,0.0,0.0,534.0,2616.0,0.69,0,6,0,11.652,11.565,254,240,2,12,24,12,0,1920,0,0,0,0,0,0,0,0,0,0,184,0,0,0,1018,110,427,433,0,0,2,1.018
3678,11.381,21.332,0.319,0.0,0.0,0.0,0.0,0.0,534.0,2616.0,0.719,0,6,0,9.247,9.149,256,240,2,12,24,12,0,1920,0,0,0,0,0,0,0,0,0,0,184,0,0,0,1078,110,543,372,0,0,2,1.078
3679,12.491,21.332,0.319,0.0,0.0,0.0,0.0,0.0,534.0,2616.0,0.76,0,6,0,10.414,10.309,253,240,2,12,24,12,0,1920,0,0,0,0,0,0,0,0,0,0,184,0,0,0,1006,117,427,413,0,0,2,1.006
3680,11.915,21.332,0.319,0.0,0.0,0.0,0.0,0.0,534.0,2616.0,0.662,0,6,0,9.742,9.638,254,240,2,12,24,12,0,1920,0,0,0,0,0,0,0,0,0,0,184,0,0,0,1083,185,400,444,0,0,2,1.083
3681,13.317,21.332,0.319,0.0,0.0,0.0,0.0,0.0,534.0,2616.0,0.641,0,6,0,11.404,11.316,254,240,2,12,24,12,0,1920,0,0,0,0,0,0,0,0,0,0,184,0,0,0,929,130,380,371,0,0,2,0.929
3682,11.68,21.332,0.319,0.0,0.0,0.0,0.0,0.0,534.0,2616.0,0.715,0,6,0,9.1,9.011,254,240,2,12,24,12,0,1920,0,0,0,0,0,0,0,0,0,0,184,0,0,0,1624,696,494,376,0,0,2,1.624
3683,12.607,21.332,0.319,0.0,0.0,0.0,0.0,0.0,534.0,2616.0,0.652,0,6,0,10.507,10.399,255,240,2,12,24,12,0,1920,0,0,0,0,0,0,0,0,0,0,184,0,0,0,963,113,421,381,0,0,2,0.963
3684,11.635,21.332,0.319,0.0,0.0,0.0,0.0,0.0,534.0,2616.0,0.702,0,6,0,9.674,9.557,253,240,2,12,24,12,0,1920,0,0,0,0,0,0,0,0,0,0,184,0,0,0,962,116,416,381,0,0,2,0.962
3685,11.435,21.332,0.319,0.0,0.0,0.0,0.0,0.0,534.0,2616.0,0.602,0,6,0,9.38,9.297,253,240,2,12,24,12,0,1920,0,0,0,0,0,0,0,0,0,0,184,0,0,0,999,114,425,383,0,0,2,0.999
3686,11.779,21.332,0.319,0.0,0.0,0.0,0.0,0.0,534.0,2616.0,0.68,0,6,0,9.797,9.674,255,240,2,12,24,12,0,1920,0,0,0,0,0,0,0,0,0,0,184,0,0,0,1012,122,430,380,0,0,2,1.012
3687,11.926,21.332,0.319,0.0,0.0,0.0,0.0,0.0,534.0,2616.0,0.826,0,6,0,9.796,9.704,254,240,2,12,24,12,0,1920,0,0,0,0,0,0,0,0,0,0,184,0,0,0,1122,127,447,459,0,0,3,1.122
3688,15.634,21.332,0.319,0.0,0.0,0.0,0.0,0.0,534.0,2616.0,0.893,0,6,0,13.021,12.892,253,240,2,12,24,12,0,1920,0,0,0,0,0,0,0,0,0,0,184,0,0,0,1292,150,531,545,0,0,3,1.292
3689,11.179,21.332,0.319,0.0,0.0,0.0,0.0,0.0,534.0,2616.0,0.703,0,6,0,8.98,8.861,255,240,2,12,24,12,0,1920,0,0,0,0,0,0,0,0,0,0,184,0,0,0,945,98,420,385,0,0,2,0.945
3690,18.535,21.332,0.319,0.0,0.0,0.0,0.0,0.0,534.0,2616.0,1.185,0,6,0,15.535,15.447,254,240,2,12,24,12,0,1920,0,0,0,0,0,0,0,0,0,0,184,0,0,0,1757,197,754,710,0,0,4,1.757
3691,23.906,21.332,0.319,0.0,0.0,0.0,0.0,0.0,534.0,2616.0,0.953,0,6,0,20.827,17.232,254,240,2,12,24,12,0,1920,0,0,0,0,0,0,0,0,0,0,184,0,0,0,1356,156,603,521,0,0,3,1.356
3692,21.511,21.332,0.319,0.0,0.0,0.0,0.0,0.0,534.0,2616.0,1.56,0,6,0,18.559,18.426,255,240,2,12,24,12,0,1920,0,0,0,0,0,0,0,0,0,0,184,0,0,0,1385,188,553,545,0,0,6,1.385
3693,22.396,21.332,0.319,0.0,0.0,0.0,0.0,0.0,534.0,2616.0,1.272,0,6,0,18.209,17.994,254,240,2,12,24,12,0,1920,0,0,0,0,0,0,0,0,0,0,184,0,0,0,1831,303,750,671,0,0,6,1.831
3694,18.475,21.332,0.319,0.0,0.0,0.0,0.0,0.0,534.0,2616.0,0.651,0,6,0,15.816,15.671,254,240,2,12,24,12,0,1920,0,0,0,0,0,0,0,0,0,0,184,0,0,0,929,118,395,366,0,0,2,0.929
3695,10.494,21.332,0.319,0.0,0.0,0.0,0.0,0.0,534.0,2616.0,0.617,0,6,0,8.604,8.515,254,240,2,12,24,12,0,1920,0,0,0,0,0,0,0,0,0,0,184,0,0,0,864,99,360,364,0,0,2,0.864
3696,10.372,21.332,0.319,0.0,0.0,0.0,0.0,0.0,534.0,2616.0,0.612,0,6,0,8.53,8.444,254,240,2,12,24,12,0,1920,0,0,0,0,0,0,0,0,0,0,184,0,0,0,883,104,381,351,0,0,3,0.883
3697,10.276,21.332,0.319,0.0,0.0,0.0,0.0,0.0,534.0,2616.0,0.673,0,6,0,8.47,8.387,254,240,2,12,24,12,0,1920,0,0,0,0,0,0,0,0,0,0,184,0,0,0,904,101,416,343,0,0,3,0.904
3698,10.191,21.332,0.319,0.0,0.0,0.0,0.0,0.0,534.0,2616.0,0.608,0,6,0,8.358,8.275,254,240,2,12,24,12,0,1920,0,0,0,0,0,0,0,0,0,0,184,0,0,0,850,97,371,343,0,0,1,0.85
3699,10.443,21.332,0.319,0.0,0.0,0.0,0.0,0.0,534.0,2616.0,0.661,0,6,0,8.629,8.556,253,240,2,12,24,12,0,1920,0,0,0,0,0,0,0,0,0,0,184,0,0,0,911,101,381,381,0,0,2,0.911
3700,10.397,21.332,0.319,0.0,0.0,0.0,0.0,0.0,534.0,2616.0,0.626,0,6,0,8.53,8.443,253,240,2,12,24,12,0,1920,0,0,0,0,0,0,0,0,0,0,184,0,0,0,897,101,368,383,0,0,2,0.897
3701,10.491,21.332,0.319,0.0,0.0,0.0,0.0,0.0,534.0,2616.0,0.754,0,6,0,8.613,8.532,254,240,2,12,24,12,0,1920,0,0,0,0,0,0,0,0,0,0,184,0,0,0,944,144,382,370,0,0,2,0.944
3702,10.555,21.332,0.319,0.0,0.0,0.0,0.0,0.0,534.0,2616.0,0.667,0,6,0,8.538,8.439,255,240,2,12,24,12,0,1920,0,0,0,0,0,0,0,0,0,0,184,0,0,0,911,139,368,355,0,0,1,0.911
3703,10.684,21.332,0.319,0.0,0.0,0.0,0.0,0.0,534.0,2616.0,0.612,0,6,0,8.709,8.626,253,240,2,12,24,12,0,1920,0,0,0,0,0,0,0,0,0,0,184,0,0,0,977,117,395,414,0,0,3,0.977
3704,11.002,21.332,0.319,0.0,0.0,0.0,0.0,0.0,534.0,2616.0,0.582,0,6,0,9.026,8.945,254,240,2,12,24,12,0,1920,0,0,0,0,0,0,0,0,0,0,184,0,0,0,945,114,392,387,0,0,2,0.945
3705,11.251,21.332,0.319,0.0,0.0,0.0,0.0,0.0,534.0,2616.0,0.669,0,6,0,9.364,9.281,254,240,2,12,24,12,0,1920,0,0,0,0,0,0,0,0,0,0,184,0,0,0,969,108,421,389,0,0,2,0.969
3706,11.107,21.332,0.319,0.0,0.0,0.0,0.0,0.0,534.0,2616.0,0.673,0,6,0,9.178,9.074,253,240,2,12,24,12,0,1920,0,0,0,0,0,0,0,0,0,0,184,0,0,0,914,136,377,353,0,0,2,0.914
3707,11.379,21.332,0.319,0.0,0.0,0.0,0.0,0.0,534.0,2616.0,0.569,0,6,0,9.484,9.402,254,240,2,12,24,12,0,1920,0,0,0,0,0,0,0,0,0,0,184,0,0,0,907,106,389,363,0,0,2,0.907
3708,11.222,21.332,0.319,0.0,0.0,0.0,0.0,0.0,534.0,2616.0,0.649,0,6,0,9.425,9.343,254,240,2,12,24,12,0,1920,0,0,0,0,0,0,0,0,0,0,184,0,0,0,914,109,381,376,0,0,3,0.914
3709,11.401,21.332,0.319,0.0,0.0,0.0,0.0,0.0,534.0,2616.0,0.653,0,6,0,9.358,9.272,254,240,2,12,24,12,0,1920,0,0,0,0,0,0,0,0,0,0,184,0,0,0,1023,109,462,399,0,0,1,1.023
3710,11.115,21.332,0.319,0.0,0.0,0.0,0.0,0.0,534.0,2616.0,0.549,0,6,0,9.188,9.099,254,240,2,12,24,12,0,1920,0,0,0,0,0,0,0,0,0,0,184,0,0,0,931,116,414,356,0,0,3,0.931
3711,11.58,21.332,0.319,0.0,0.0,0.0,0.0,0.0,534.0,2616.0,1.259,0,6,0,8.986,8.905,253,240,2,12,24,12,0,1920,0,0,0,0,0,0,0,0,0,0,184,0,0,0,1703,427,657,541,0,0,3,1.703
3712,13.196,21.332,0.319,0.0,0.0,0.0,0.0,0.0,534.0,2616.0,0.762,0,6,0,10.473,10.311,254,240,2,12,24,12,0,1920,0,0,0,0,0,0,0,0,0,0,184,0,0,0,1041,143,444,388,0,0,1,1.041
3713,11.89,21.332,0.319,0.0,0.0,0.0,0.0,0.0,534.0,2616.0,0.784,0,6,0,9.676,9.577,254,240,2,12,24,12,0,1920,0,0,0,0,0,0,0,0,0,0,184,0,0,0,1030,122,459,404,0,0,2,1.03
3714,12.582,21.332,0.319,0.0,0.0,0.0,0.0,0.0,534.0,2616.0,0.647,0,6,0,10.42,10.314,254,240,2,12,24,12,0,1920,0,0,0,0,0,0,0,0,0,0,184,0,0,0,977,117,402,407,0,0,3,0.977
3715,12.301,21.332,0.319,0.0,0.0,0.0,0.0,0.0,534.0,2616.0,0.756,0,6,0,10.305,10.2,253,240,2,12,24,12,0,1920,0,0,0,0,0,0,0,0,0,0,184,0,0,0,993,151,418,377,0,0,2,0.993
3716,12.063,21.332,0.319,0.0,0.0,0.0,0.0,0.0,534.0,2616.0,0.653,0,6,0,9.969,9.877,254,240,2,12,24,12,0,1920,0,0,0,0,0,0,0,0,0,0,184,0,0,0,971,119,402,375,0,0,2,0.971
3717,12.103,21.332,0.319,0.0,0.0,0.0,0.0,0.0,534.0,2616.0,0.718,0,6,0,10.043,9.946,255,240,2,12,24,12,0,1920,0,0,0,0,0,0,0,0,0,0,184,0,0,0,1034,112,449,424,0,0,3,1.034
3718,11.763,21.332,0.319,0.0,0.0,0.0,0.0,0.0,534.0,2616.0,0.685,0,6,0,9.649,9.54,254,240,2,12,24,12,0,1920,0,0,0,0,0,0,0,0,0,0,184,0,0,0,1018,154,407,406,0,0,2,1.018
3719,11.688,21.332,0.319,0.0,0.0,0.0,0.0,0.0,534.0,2616.0,0.908,0,6,0,9.6,9.51,254,240,2,12,24,12,0,1920,0,0,0,0,0,0,0,0,0,0,184,0,0,0,1011,116,448,394,0,0,2,1.011
3720,13.326,21.332,0.319,0.0,0.0,0.0,0.0,0.0,534.0,2616.0,0.747,0,6,0,10.864,10.774,253,240,2,12,24,12,0,1920,0,0,0,0,0,0,0,0,0,0,184,0,0,0,1039,121,409,436,0,0,2,1.039
3721,12.632,21.332,0.319,0.0,0.0,0.0,0.0,0.0,534.0,2616.0,0.709,0,6,0,10.42,10.324,254,240,2,12,24,12,0,1920,0,0,0,0,0,0,0,0,0,0,184,0,0,0,989,119,406,412,0,0,2,0.989
3722,11.99,21.332,0.319,0.0,0.0,0.0,0.0,0.0,534.0,2616.0,0.677,0,6,0,9.875,9.75,254,240,2,12,24,12,0,1920,0,0,0,0,0,0,0,0,0,0,184,0,0,0,1014,124,437,402,0,0,2,1.014
3723,12.3,21.332,0.319,0.0,0.0,0.0,0.0,0.0,534.0,2616.0,0.707,0,6,0,9.823,9.702,253,240,2,12,24,12,0,1920,0,0,0,0,0,0,0,0,0,0,184,0,0,0,1381,117,425,781,0,0,2,1.381
3724,18.037,21.332,0.319,0.0,0.0,0.0,0.0,0.0,534.0,2616.0,0.744,0,6,0,15.652,13.919,255,240,2,12,24,12,0,1920,0,0,0,0,0,0,0,0,0,0,184,0,0,0,1199,160,518,457,0,0,3,1.199
3725,13.597,21.332,0.319,0.0,0.0,0.0,0.0,0.0,534.0,2616.0,0.746,0,6,0,11.394,11.286,256,240,2,12,24,12,0,1920,0,0,0,0,0,0,0,0,0,0,184,0,0,0,1091,171,426,441,0,0,2,1.091
3726,14.072,21.332,0.319,0.0,0.0,0.0,0.0,0.0,534.0,2616.0,0.67,0,6,0,11.925,11.24,253,240,2,12,24,12,0,1920,0,0,0,0,0,0,0,0,0,0,184,0,0,0,1002,112,418,424,0,0,2,1.002
3727,12.161,21.332,0.319,0.0,0.0,0.0,0.0,0.0,534.0,2616.0,0.637,0,6,0,9.84,9.749,253,240,2,12,24,12,0,1920,0,0,0,0,0,0,0,0,0,0,184,0,0,0,1040,124,457,405,0,0,2,1.04
3728,12.555,21.332,0.319,0.0,0.0,0.0,0.0,0.0,534.0,2616.0,0.773,0,6,0,9.991,9.879,254,240,2,12,24,12,0,1920,0,0,0,0,0,0,0,0,0,0,184,0,0,0,1446,178,622,556,0,0,6,1.446
3729,11.933,21.332,0.319,0.0,0.0,0.0,0.0,0.0,534.0,2616.0,0.679,0,6,0,9.788,9.699,253,240,2,12,24,12,0,1920,0,0,0,0,0,0,0,0,0,0,184,0,0,0,1004,116,428,407,0,0,2,1.004
3730,11.691,21.332,0.319,0.0,0.0,0.0,0.0,0.0,534.0,2616.0,0.72,0,6,0,9.57,9.474,254,240,2,12,24,12,0,1920,0,0,0,0,0,0,0,0,0,0,184,0,0,0,1085,138,475,419,0,0,2,1.085
3731,11.979,21.332,0.319,0.0,0.0,0.0,0.0,0.0,534.0,2616.0,0.704,0,6,0,9.89,9.793,254,240,2,12,24,12,0,1920,0,0,0,0,0,0,0,0,0,0,184,0,0,0,1008,135,436,383,0,0,3,1.008
3732,12.09,21.332,0.319,0.0,0.0,0.0,0.0,0.0,534.0,2616.0,0.761,0,6,0,10.051,9.95,255,240,2,12,24,12,0,1920,0,0,0,0,0,0,0,0,0,0,184,0,0,0,977,131,423,375,0,0,2,0.977
3733,11.816,21.332,0.319,0.0,0.0,0.0,0.0,0.0,534.0,2616.0,0.621,0,6,0,9.732,9.645,253,240,2,12,24,12,0,1920,0,0,0,0,0,0,0,0,0,0,184,0,0,0,978,115,430,384,0,0,2,0.978
3734,12.589,21.332,0.319,0.0,0.0,0.0,0.0,0.0,534.0,2616.0,0.726,0,6,0,10.105,9.98,254,240,2,12,24,12,0,1920,0,0,0,0,0,0,0,0,0,0,184,0,0,0,1456,137,802,450,0,0,3,1.456
3735,11.755,21.332,0.319,0.0,0.0,0.0,0.0,0.0,534.0,2616.0,0.713,0,6,0,9.69,9.602,253,240,2,12,24,12,0,1920,0,0,0,0,0,0,0,0,0,0,184,0,0,0,989,120,436,384,0,0,1,0.989
3736,12.296,21.332,0.319,0.0,0.0,0.0,0.0,0.0,534.0,2616.0,0.633,0,6,0,10.236,10.144,254,240,2,12,24,12,0,1920,0,0,0,0,0,0,0,0,0,0,184,0,0,0,1010,160,404,389,0,0,2,1.01
3737,11.44,21.332,0.319,0.0,0.0,0.0,0.0,0.0,534.0,2616.0,0.681,0,6,0,9.523,9.433,254,240,2,12,24,12,0,1920,0,0,0,0,0,0,0,0,0,0,184,0,0,0,956,112,398,381,0,0,2,0.956
3738,11.169,27.264,0.034,0.0,0.0,0.0,0.0,0.0,534.0,2616.0,0.639,0,6,0,9.195,9.08,257,240,2,12,24,12,0,1920,0,0,0,0,0,0,0,0,0,0,184,0,0,0,960,113,423,376,0,0,2,0.96
3739,10.9,27.264,0.034,0.0,0.0,0.0,0.0,0.0,534.0,2616.0,0.612,0,6,0,8.998,8.919,253,240,2,12,24,12,0,1920,0,0,0,0,0,0,0,0,0,0,184,0,0,0,959,126,419,365,0,0,1,0.959
3740,10.749,27.264,0.034,0.0,0.0,0.0,0.0,0.0,534.0,2616.0,0.598,0,6,0,8.922,8.831,254,240,2,12,24,12,0,1920,0,0,0,0,0,0,0,0,0,0,184,0,0,0,909,106,376,378,0,0,3,0.909
3741,11.284,27.264,0.034,0.0,0.0,0.0,0.0,0.0,534.0,2616.0,0.628,0,6,0,9.282,9.161,254,240,2,12,24,12,0,1920,0,0,0,0,0,0,0,0,0,0,184,0,0,0,1033,146,446,391,0,0,3,1.033
3742,10.976,27.264,0.034,0.0,0.0,0.0,0.0,0.0,534.0,2616.0,0.627,0,6,0,9.065,8.983,253,240,2,12,24,12,0,1920,0,0,0,0,0,0,0,0,0,0,184,0,0,0,927,108,402,373,0,0,1,0.927
3743,10.816,27.264,0.034,0.0,0.0,0.0,0.0,0.0,534.0,2616.0,0.638,0,6,0,8.934,8.846,255,240,2,12,24,12,0,1920,0,0,0,0,0,0,0,0,0,0,184,0,0,0,936,108,390,392,0,0,1,0.936
3744,10.78,27.264,0.034,0.0,0.0,0.0,0.0,0.0,534.0,2616.0,0.594,0,6,0,8.848,8.764,254,240,2,12,24,12,0,1920,0,0,0,0,0,0,0,0,0,0,184,0,0,0,928,115,388,380,0,0,2,0.928
3745,10.879,27.264,0.034,0.0,0.0,0.0,0.0,0.0,534.0,2616.0,0.627,0,6,0,9.041,8.953,255,240,2,12,24,12,0,1920,0,0,0,0,0,0,0,0,0,0,184,0,0,0,885,107,373,362,0,0,2,0.885
3746,10.507,27.264,0.034,0.0,0.0,0.0,0.0,0.0,534.0,2616.0,0.612,0,6,0,8.631,8.557,252,240,2,12,24,12,0,1920,0,0,0,0,0,0,0,0,0,0,184,0,0,0,916,108,409,353,0,0,2,0.916
3747,10.233,27.264,0.034,0.0,0.0,0.0,0.0,0.0,534.0,2616.0,0.601,0,6,0,8.459,8.376,253,240,2,12,24,12,0,1920,0,0,0,0,0,0,0,0,0,0,184,0,0,0,875,102,385,347,0,0,1,0.875
3748,10.258,27.264,0.034,0.0,0.0,0.0,0.0,0.0,534.0,2616.0,0.585,0,6,0,8.461,8.377,255,240,2,12,24,12,0,1920,0,0,0,0,0,0,0,0,0,0,184,0,0,0,888,102,366,376,0,0,1,0.888
3749,10.515,27.264,0.034,0.0,0.0,0.0,0.0,0.0,534.0,2616.0,0.591,0,6,0,8.755,8.67,255,240,2,12,24,12,0,1920,0,0,0,0,0,0,0,0,0,0,184,0,0,0,880,104,388,344,0,0,3,0.88
3750,10.38,27.264,0.034,0.0,0.0,0.0,0.0,0.0,534.0,2616.0,0.607,0,6,0,8.594,8.515,253,240,2,12,24,12,0,1920,0,0,0,0,0,0,0,0,0,0,184,0,0,0,886,145,354,342,0,0,3,0.886
3751,10.014,27.264,0.034,0.0,0.0,0.0,0.0,0.0,534.0,2616.0,0.638,0,6,0,8.251,8.165,255,240,2,12,24,12,0,1920,0,0,0,0,0,0,0,0,0,0,184,0,0,0,835,104,357,334,0,0,2,0.835
3752,10.195,27.264,0.034,0.0,0.0,0.0,0.0,0.0,534.0,2616.0,0.564,0,6,0,8.38,8.312,252,240,2,12,24,12,0,1920,0,0,0,0,0,0,0,0,0,0,184,0,0,0,874,104,384,343,0,0,3,0.874
3753,10.358,27.264,0.034,0.0,0.0,0.0,0.0,0.0,534.0,2616.0,0.606,0,6,0,8.504,8.424,254,240,2,12,24,12,0,1920,0,0,0,0,0,0,0,0,0,0,184,0,0,0,996,118,458,369,0,0,2,0.996
3754,10.458,27.264,0.034,0.0,0.0,0.0,0.0,0.0,534.0,2616.0,0.967,0,6,0,8.5,8.4,255,240,2,12,24,12,0,1920,0,0,0,0,0,0,0,0,0,0,184,0,0,0,1062,111,456,444,0,0,2,1.062
3755,10.866,27.264,0.034,0.0,0.0,0.0,0.0,0.0,534.0,2616.0,0.586,0,6,0,8.705,8.571,254,240,2,12,24,12,0,1920,0,0,0,0,0,0,0,0,0,0,184,0,0,0,855,101,370,342,0,0,3,0.855
3756,9.937,27.264,0.034,0.0,0.0,0.0,0.0,0.0,534.0,2616.0,0.592,0,6,0,8.193,8.127,252,240,2,12,24,12,0,1920,0,0,0,0,0,0,0,0,0,0,184,0,0,0,868,100,360,365,0,0,2,0.868
3757,12.02,27.264,0.034,0.0,0.0,0.0,0.0,0.0,534.0,2616.0,0.597,0,6,0,10.248,8.742,258,240,2,12,24,12,0,1920,0,0,0,0,0,0,0,0,0,0,184,0,0,0,858,102,360,335,0,0,2,0.858
3758,10.344,27.264,0.034,0.0,0.0,0.0,0.0,0.0,534.0,2616.0,0.586,0,6,0,8.531,8.457,253,240,2,12,24,12,0,1920,0,0,0,0,0,0,0,0,0,0,184,0,0,0,861,105,370,350,0,0,2,0.861
3759,10.829,27.264,0.034,0.0,0.0,0.0,0.0,0.0,534.0,2616.0,0.612,0,6,0,9.049,8.981,252,240,2,12,24,12,0,1920,0,0,0,0,0,0,0,0,0,0,184,0,0,0,903,131,385,335,0,0,2,0.903
3760,10.005,27.264,0.034,0.0,0.0,0.0,0.0,0.0,534.0,2616.0,0.603,0,6,0,8.213,8.133,254,240,2,12,24,12,0,1920,0,0,0,0,0,0,0,0,0,0,184,0,0,0,872,103,366,341,0,0,1,0.872
3761,16.943,27.264,0.034,0.0,0.0,0.0,0.0,0.0,534.0,2616.0,1.966,0,6,0,13.809,13.73,254,240,2,12,24,12,0,1920,0,0,0,0,0,0,0,0,0,0,184,0,0,0,2027,178,841,895,0,0,6,2.027
3762,25.003,27.264,0.034,0.0,0.0,0.0,0.0,0.0,534.0,2616.0,1.424,0,6,0,20.183,20.0,252,240,2,12,24,12,0,1920,0,0,0,0,0,0,0,0,0,0,184,0,0,0,2086,236,896,838,0,0,5,2.086
3763,25.365,27.264,0.034,0.0,0.0,0.0,0.0,0.0,534.0,2616.0,1.311,0,6,0,21.088,20.918,254,240,2,12,24,12,0,1920,0,0,0,0,0,0,0,0,0,0,184,0,0,0,2118,239,906,857,0,0,5,2.118
3764,28.389,27.264,0.034,0.0,0.0,0.0,0.0,0.0,534.0,2616.0,1.641,0,6,0,23.952,23.762,255,240,2,12,24,12,0,1920,0,0,0,0,0,0,0,0,0,0,184,0,0,0,2284,343,900,904,0,0,6,2.284
3765,26.578,27.264,0.034,0.0,0.0,0.0,0.0,0.0,534.0,2616.0,1.343,0,6,0,22.012,21.842,255,240,2,12,24,12,0,1920,0,0,0,0,0,0,0,0,0,0,184,0,0,0,2052,250,833,846,0,0,6,2.052
3766,23.434,27.264,0.034,0.0,0.0,0.0,0.0,0.0,534.0,2616.0,1.733,0,6,0,18.529,18.339,254,240,2,12,24,12,0,1920,0,0,0,0,0,0,0,0,0,0,184,0,0,0,2669,347,1129,1046,0,0,7,2.669
3767,26.347,27.264,0.034,0.0,0.0,0.0,0.0,0.0,534.0,2616.0,1.071,0,6,0,21.164,20.925,253,240,2,12,24,12,0,1920,0,0,0,0,0,0,0,0,0,0,184,0,0,0,2478,267,1070,984,0,0,5,2.478
3768,22.395,27.264,0.034,0.0,0.0,0.0,0.0,0.0,534.0,2616.0,1.404,0,6,0,18.487,18.364,252,240,2,12,24,12,0,1920,0,0,0,0,0,0,0,0,0,0,184,0,0,0,2062,300,844,799,0,0,6,2.062
3769,25.967,27.264,0.034,0.0,0.0,0.0,0.0,0.0,534.0,2616.0,1.868,0,6,0,21.564,21.318,255,240,2,12,24,12,0,1920,0,0,0,0,0,0,0,0,0,0,184,0,0,0,2234,247,1066,791,0,0,7,2.234
3770,29.797,27.264,0.034,0.0,0.0,0.0,0.0,0.0,534.0,2616.0,1.39,0,6,0,24.991,24.796,253,240,2,12,24,12,0,1920,0,0,0,0,0,0,0,0,0,0,184,0,0,0,2155,358,868,817,0,0,7,2.155
3771,26.197,27.264,0.034,0.0,0.0,0.0,0.0,0.0,534.0,2616.0,1.112,0,6,0,22.213,22.048,252,240,2,12,24,12,0,1920,0,0,0,0,0,0,0,0,0,0,184,0,0,0,1712,277,753,550,0,0,5,1.712
3772,12.907,27.264,0.034,0.0,0.0,0.0,0.0,0.0,534.0,2616.0,0.804,0,6,0,10.314,10.16,254,240,2,12,24,12,0,1920,0,0,0,0,0,0,0,0,0,0,184,0,0,0,965,106,423,389,0,0,2,0.965
3773,11.664,27.264,0.034,0.0,0.0,0.0,0.0,0.0,534.0,2616.0,0.736,0,6,0,9.503,9.39,256,240,2,12,24,12,0,1920,0,0,0,0,0,0,0,0,0,0,184,0,0,0,956,112,395,379,0,0,1,0.956
3774,12.619,27.264,0.034,0.0,0.0,0.0,0.0,0.0,534.0,2616.0,0.709,0,6,0,10.537,9.452,253,240,2,12,24,12,0,1920,0,0,0,0,0,0,0,0,0,0,184,0,0,0,1001,134,437,383,0,0,1,1.001
3775,11.432,27.264,0.034,0.0,0.0,0.0,0.0,0.0,534.0,2616.0,0.833,0,6,0,9.452,9.358,255,240,2,12,24,12,0,1920,0,0,0,0,0,0,0,0,0,0,184,0,0,0,949,128,391,384,0,0,1,0.949
3776,11.561,27.264,0.034,0.0,0.0,0.0,0.0,0.0,534.0,2616.0,0.65,0,6,0,9.418,9.336,253,240,2,12,24,12,0,1920,0,0,0,0,0,0,0,0,0,0,184,0,0,0,964,114,401,401,0,0,2,0.964
3777,11.411,27.264,0.034,0.0,0.0,0.0,0.0,0.0,534.0,2616.0,0.643,0,6,0,9.456,9.372,253,240,2,12,24,12,0,1920,0,0,0,0,0,0,0,0,0,0,184,0,0,0,961,135,407,374,0,0,2,0.961
3778,11.493,27.264,0.034,0.0,0.0,0.0,0.0,0.0,534.0,2616.0,0.656,0,6,0,9.522,9.422,254,240,2,12,24,12,0,1920,0,0,0,0,0,0,0,0,0,0,184,0,0,0,986,112,402,420,0,0,2,0.986
3779,11.329,27.264,0.034,0.0,0.0,0.0,0.0,0.0,534.0,2616.0,0.64,0,6,0,9.368,9.291,252,240,2,12,24,12,0,1920,0,0,0,0,0,0,0,0,0,0,184,0,0,0,962,113,413,380,0,0,1,0.962
3780,11.399,27.264,0.034,0.0,0.0,0.0,0.0,0.0,534.0,2616.0,0.588,0,6,0,9.374,9.283,254,240,2,12,24,12,0,1920,0,0,0,0,0,0,0,0,0,0,184,0,0,0,1005,126,446,380,0,0,2,1.005
3781,11.283,27.264,0.034,0.0,0.0,0.0,0.0,0.0,534.0,2616.0,0.659,0,6,0,9.36,9.27,254,240,2,12,24,12,0,1920,0,0,0,0,0,0,0,0,0,0,184,0,0,0,989,110,404,423,0,0,3,0.989
3782,11.522,27.264,0.034,0.0,0.0,0.0,0.0,0.0,534.0,2616.0,0.696,0,6,0,9.544,9.453,254,240,2,12,24,12,0,1920,0,0,0,0,0,0,0,0,0,0,184,0,0,0,962,139,393,384,0,0,3,0.962
3783,11.195,27.264,0.034,0.0,0.0,0.0,0.0,0.0,534.0,2616.0,0.629,0,6,0,9.148,9.068,252,240,2,12,24,12,0,1920,0,0,0,0,0,0,0,0,0,0,184,0,0,0,965,122,421,377,0,0,2,0.965
3784,11.245,27.264,0.034,0.0,0.0,0.0,0.0,0.0,534.0,2616.0,0.765,0,6,0,9.316,9.234,253,240,2,12,24,12,0,1920,0,0,0,0,0,0,0,0,0,0,184,0,0,0,955,110,404,393,0,0,2,0.955
3785,11.393,27.264,0.034,0.0,0.0,0.0,0.0,0.0,534.0,2616.0,0.693,0,6,0,9.312,9.223,253,240,2,12,24,12,0,1920,0,0,0,0,0,0,0,0,0,0,184,0,0,0,963,114,405,397,0,0,2,0.963
3786,11.083,27.264,0.034,0.0,0.0,0.0,0.0,0.0,534.0,2616.0,0.672,0,6,0,9.07,8.993,252,240,2,12,24,12,0,1920,0,0,0,0,0,0,0,0,0,0,184,0,0,0,1001,109,432,413,0,0,3,1.001
3787,11.355,27.264,0.034,0.0,0.0,0.0,0.0,0.0,534.0,2616.0,0.652,0,6,0,9.341,9.25,253,240,2,12,24,12,0,1920,0,0,0,0,0,0,0,0,0,0,184,0,0,0,969,115,430,377,0,0,2,0.969
3788,11.238,27.264,0.034,0.0,0.0,0.0,0.0,0.0,534.0,2616.0,0.667,0,6,0,9.309,9.18,255,240,2,12,24,12,0,1920,0,0,0,0,0,0,0,0,0,0,184,0,0,0,958,129,410,375,0,0,2,0.958
3789,11.078,27.264,0.034,0.0,0.0,0.0,0.0,0.0,534.0,2616.0,0.664,0,6,0,9.143,9.048,255,240,2,12,24,12,0,1920,0,0,0,0,0,0,0,0,0,0,184,0,0,0,960,112,425,376,0,0,2,0.96
3790,11.267,27.264,0.034,0.0,0.0,0.0,0.0,0.0,534.0,2616.0,0.648,0,6,0,9.301,9.219,253,240,2,12,24,12,0,1920,0,0,0,0,0,0,0,0,0,0,184,0,0,0,963,112,425,375,0,0,1,0.963
3791,12.678,27.264,0.034,0.0,0.0,0.0,0.0,0.0,534.0,2616.0,0.668,0,6,0,10.74,9.13,253,240,2,12,24,12,0,1920,0,0,0,0,0,0,0,0,0,0,184,0,0,0,976,146,409,375,0,0,2,0.976
3792,11.471,27.264,0.034,0.0,0.0,0.0,0.0,0.0,534.0,2616.0,0.738,0,6,0,9.456,9.38,252,240,2,12,24,12,0,1920,0,0,0,0,0,0,0,0,0,0,184,0,0,0,1042,108,507,380,0,0,2,1.042
3793,11.508,27.264,0.034,0.0,0.0,0.0,0.0,0.0,534.0,2616.0,0.658,0,6,0,9.437,9.343,254,240,2,12,24,12,0,1920,0,0,0,0,0,0,0,0,0,0,184,0,0,0,960,135,402,370,0,0,1,0.96
3794,11.159,27.264,0.034,0.0,0.0,0.0,0.0,0.0,534.0,2616.0,0.667,0,6,0,9.197,9.123,252,240,2,12,24,12,0,1920,0,0,0,0,0,0,0,0,0,0,184,0,0,0,1010,106,399,406,0,0,1,1.01
3795,11.355,27.264,0.034,0.0,0.0,0.0,0.0,0.0,534.0,2616.0,0.727,0,6,0,9.431,9.355,252,240,2,12,24,12,0,1920,0,0,0,0,0,0,0,0,0,0,184,0,0,0,956,134,404,374,0,0,3,0.956
3796,11.39,27.264,0.034,0.0,0.0,0.0,0.0,0.0,534.0,2616.0,0.623,0,6,0,9.386,9.295,255,240,2,12,24,12,0,1920,0,0,0,0,0,0,0,0,0,0,184,0,0,0,958,111,418,382,0,0,2,0.958
3797,11.748,27.264,0.034,0.0,0.0,0.0,0.0,0.0,534.0,2616.0,0.63,0,6,0,9.779,9.665,254,240,2,12,24,12,0,1920,0,0,0,0,0,0,0,0,0,0,184,0,0,0,949,116,395,390,0,0,2,0.949
3798,11.55,27.264,0.034,0.0,0.0,0.0,0.0,0.0,534.0,2616.0,0.673,0,6,0,9.633,9.551,253,240,2,12,24,12,0,1920,0,0,0,0,0,0,0,0,0,0,184,0,0,0,959,113,419,376,0,0,2,0.959
3799,11.291,27.264,0.034,0.0,0.0,0.0,0.0,0.0,534.0,2616.0,0.682,0,6,0,9.36,9.279,253,240,2,12,24,12,0,1920,0,0,0,0,0,0,0,0,0,0,184,0,0,0,954,135,395,379,0,0,1,0.954
3800,11.259,27.264,0.034,0.0,0.0,0.0,0.0,0.0,534.0,2616.0,0.599,0,6,0,9.22,9.145,252,240,2,12,24,12,0,1920,0,0,0,0,0,0,0,0,0,0,184,0,0,0,999,111,421,376,0,0,2,0.999
3801,11.843,27.264,0.034,0.0,0.0,0.0,0.0,0.0,534.0,2616.0,0.668,0,6,0,9.797,9.705,254,240,2,12,24,12,0,1920,0,0,0,0,0,0,0,0,0,0,184,0,0,0,1095,155,429,451,0,0,3,1.095
3802,11.573,27.264,0.034,0.0,0.0,0.0,0.0,0.0,534.0,2616.0,0.68,0,6,0,9.495,9.408,253,240,2,12,24,12,0,1920,0,0,0,0,0,0,0,0,0,0,184,0,0,0,1049,126,412,455,0,0,3,1.049
3803,11.939,27.264,0.034,0.0,0.0,0.0,0.0,0.0,534.0,2616.0,0.983,0,6,0,9.425,9.338,253,240,2,12,24,12,0,1920,0,0,0,0,0,0,0,0,0,0,184,0,0,0,1431,118,521,723,0,0,3,1.431
3804,18.098,27.264,0.034,0.0,0.0,0.0,0.0,0.0,534.0,2616.0,0.825,0,6,0,14.282,14.174,252,240,2,12,24,12,0,1920,0,0,0,0,0,0,0,0,0,0,184,0,0,0,2105,159,1383,487,0,0,3,2.105
3805,12.529,27.264,0.034,0.0,0.0,0.0,0.0,0.0,534.0,2616.0,0.689,0,6,0,10.247,10.148,254,240,2,12,24,12,0,1920,0,0,0,0,0,0,0,0,0,0,184,0,0,0,988,121,412,403,0,0,3,0.988
3806,12.176,27.264,0.034,0.0,0.0,0.0,0.0,0.0,534.0,2616.0,0.854,0,6,0,10.127,10.005,252,240,2,12,24,12,0,1920,0,0,0,0,0,0,0,0,0,0,184,0,0,0,982,122,434,378,0,0,2,0.982
3807,12.332,27.264,0.034,0.0,0.0,0.0,0.0,0.0,534.0,2616.0,0.842,0,6,0,9.969,9.835,252,240,2,12,24,12,0,1920,0,0,0,0,0,0,0,0,0,0,184,0,0,0,1096,153,457,429,0,0,2,1.096
3808,12.222,27.264,0.034,0.0,0.0,0.0,0.0,0.0,534.0,2616.0,0.787,0,6,0,9.989,9.9,253,240,2,12,24,12,0,1920,0,0,0,0,0,0,0,0,0,0,184,0,0,0,1005,122,437,396,0,0,2,1.005
3809,12.335,27.264,0.034,0.0,0.0,0.0,0.0,0.0,534.0,2616.0,0.778,0,6,0,10.122,10.024,254,240,2,12,24,12,0,1920,0,0,0,0,0,0,0,0,0,0,184,0,0,0,978,118,406,404,0,0,3,0.978
3810,12.429,27.264,0.034,0.0,0.0,0.0,0.0,0.0,534.0,2616.0,0.739,0,6,0,10.086,10.005,252,240,2,12,24,12,0,1920,0,0,0,0,0,0,0,0,0,0,184,0,0,0,1189,141,440,552,0,0,2,1.189
3811,12.022,27.264,0.034,0.0,0.0,0.0,0.0,0.0,534.0,2616.0,0.643,0,6,0,9.932,9.827,253,240,2,12,24,12,0,1920,0,0,0,0,0,0,0,0,0,0,184,0,0,0,1000,119,462,370,0,0,2,1.0
3812,12.129,29.849,0.045,0.0,0.0,0.0,0.0,0.0,534.0,2616.0,0.651,0,6,0,10.152,10.08,252,240,2,12,24,12,0,1920,0,0,0,0,0,0,0,0,0,0,184,0,0,0,998,155,423,370,0,0,1,0.998
3813,10.923,29.849,0.045,0.0,0.0,0.0,0.0,0.0,534.0,2616.0,0.728,0,6,0,9.007,8.925,253,240,2,12,24,12,0,1920,0,0,0,0,0,0,0,0,0,0,184,0,0,0,927,108,383,387,0,0,1,0.927
3814,10.866,29.849,0.045,0.0,0.0,0.0,0.0,0.0,534.0,2616.0,0.632,0,6,0,8.9,8.823,253,240,2,12,24,12,0,1920,0,0,0,0,0,0,0,0,0,0,184,0,0,0,927,113,384,383,0,0,1,0.927
3815,11.09,29.849,0.045,0.0,0.0,0.0,0.0,0.0,534.0,2616.0,0.653,0,6,0,8.893,8.816,253,240,2,12,24,12,0,1920,0,0,0,0,0,0,0,0,0,0,184,0,0,0,994,166,409,370,0,0,2,0.994
3816,11.76,29.849,0.045,0.0,0.0,0.0,0.0,0.0,534.0,2616.0,0.65,0,6,0,9.479,9.398,253,240,2,12,24,12,0,1920,0,0,0,0,0,0,0,0,0,0,184,0,0,0,1239,108,437,634,0,0,3,1.239
3817,12.465,29.849,0.045,0.0,0.0,0.0,0.0,0.0,534.0,2616.0,0.685,0,6,0,10.471,10.383,253,240,2,12,24,12,0,1920,0,0,0,0,0,0,0,0,0,0,184,0,0,0,980,141,409,382,0,0,3,0.98
3818,12.113,29.849,0.045,0.0,0.0,0.0,0.0,0.0,534.0,2616.0,0.637,0,6,0,9.986,9.83,252,240,2,12,24,12,0,1920,0,0,0,0,0,0,0,0,0,0,184,0,0,0,976,122,408,395,0,0,2,0.976
3819,13.368,29.849,0.045,0.0,0.0,0.0,0.0,0.0,534.0,2616.0,0.705,0,6,0,11.355,11.279,252,240,2,12,24,12,0,1920,0,0,0,0,0,0,0,0,0,0,184,0,0,0,1025,133,435,404,0,0,3,1.025
3820,12.422,29.849,0.045,0.0,0.0,0.0,0.0,0.0,534.0,2616.0,0.739,0,6,0,10.353,10.258,254,240,2,12,24,12,0,1920,0,0,0,0,0,0,0,0,0,0,184,0,0,0,999,126,449,378,0,0,1,0.999
3821,12.632,29.849,0.045,0.0,0.0,0.0,0.0,0.0,534.0,2616.0,0.726,0,6,0,10.463,10.376,253,240,2,12,24,12,0,1920,0,0,0,0,0,0,0,0,0,0,184,0,0,0,1067,115,405,474,0,0,2,1.067
3822,11.62,29.849,0.045,0.0,0.0,0.0,0.0,0.0,534.0,2616.0,0.7,0,6,0,9.566,9.468,253,240,2,12,24,12,0,1920,0,0,0,0,0,0,0,0,0,0,184,0,0,0,952,106,411,382,0,0,2,0.952
3823,15.006,29.849,0.045,0.0,0.0,0.0,0.0,0.0,534.0,2616.0,1.214,0,6,0,12.499,12.417,253,240,2,12,24,12,0,1920,0,0,0,0,0,0,0,0,0,0,184,0,0,0,1392,149,576,585,0,0,2,1.392
3824,18.293,29.849,0.045,0.0,0.0,0.0,0.0,0.0,534.0,2616.0,0.929,0,6,0,15.277,15.109,252,240,2,12,24,12,0,1920,0,0,0,0,0,0,0,0,0,0,184,0,0,0,1250,180,488,513,0,0,2,1.25
3825,16.56,29.849,0.045,0.0,0.0,0.0,0.0,0.0,534.0,2616.0,0.755,0,6,0,14.288,12.47,253,240,2,12,24,12,0,1920,0,0,0,0,0,0,0,0,0,0,184,0,0,0,988,130,399,391,0,0,3,0.988
3826,13.141,29.849,0.045,0.0,0.0,0.0,0.0,0.0,534.0,2616.0,0.716,0,6,0,10.931,10.837,254,240,2,12,24,12,0,1920,0,0,0,0,0,0,0,0,0,0,184,0,0,0,1002,140,424,389,0,0,2,1.002
3827,13.386,29.849,0.045,0.0,0.0,0.0,0.0,0.0,534.0,2616.0,0.658,0,6,0,11.019,10.936,252,240,2,12,24,12,0,1920,0,0,0,0,0,0,0,0,0,0,184,0,0,0,1235,159,550,460,0,0,3,1.235
3828,13.083,29.849,0.045,0.0,0.0,0.0,0.0,0.0,534.0,2616.0,0.661,0,6,0,11.014,10.897,254,240,2,12,24,12,0,1920,0,0,0,0,0,0,0,0,0,0,184,0,0,0,1000,126,431,385,0,0,2,1.0
3829,13.379,29.849,0.045,0.0,0.0,0.0,0.0,0.0,534.0,2616.0,0.846,0,6,0,10.939,10.854,253,240,2,12,24,12,0,1920,0,0,0,0,0,0,0,0,0,0,184,0,0,0,1416,173,583,584,0,0,4,1.416
3830,12.17,29.849,0.045,0.0,0.0,0.0,0.0,0.0,534.0,2616.0,0.593,0,6,0,9.94,9.856,252,240,2,12,24,12,0,1920,0,0,0,0,0,0,0,0,0,0,184,0,0,0,966,122,400,395,0,0,3,0.966
3831,11.77,29.849,0.045,0.0,0.0,0.0,0.0,0.0,534.0,2616.0,0.689,0,6,0,9.898,9.825,252,240,2,12,24,12,0,1920,0,0,0,0,0,0,0,0,0,0,184,0,0,0,966,109,439,376,0,0,2,0.966
3832,12.066,29.849,0.045,0.0,0.0,0.0,0.0,0.0,534.0,2616.0,0.714,0,6,0,9.851,9.761,253,240,2,12,24,12,0,1920,0,0,0,0,0,0,0,0,0,0,184,0,0,0,1068,121,446,445,0,0,2,1.068
3833,15.606,29.849,0.045,0.0,0.0,0.0,0.0,0.0,534.0,2616.0,0.85,0,6,0,13.566,13.479,253,240,2,12,24,12,0,1920,0,0,0,0,0,0,0,0,0,0,184,0,0,0,978,116,428,374,0,0,3,0.978
3834,13.116,29.849,0.045,0.0,0.0,0.0,0.0,0.0,534.0,2616.0,1.077,0,6,0,10.352,10.258,254,240,2,12,24,12,0,1920,0,0,0,0,0,0,0,0,0,0,184,0,0,0,992,124,406,408,0,0,3,0.992
3835,12.538,29.849,0.045,0.0,0.0,0.0,0.0,0.0,534.0,2616.0,0.836,0,6,0,10.163,9.891,253,240,2,12,24,12,0,1920,0,0,0,0,0,0,0,0,0,0,184,0,0,0,910,114,391,349,0,0,2,0.91
3836,11.525,29.849,0.045,0.0,0.0,0.0,0.0,0.0,534.0,2616.0,0.687,0,6,0,9.398,9.315,253,240,2,12,24,12,0,1920,0,0,0,0,0,0,0,0,0,0,184,0,0,0,919,112,383,379,0,0,3,0.919
3837,11.061,29.849,0.045,0.0,0.0,0.0,0.0,0.0,534.0,2616.0,0.673,0,6,0,9.124,9.048,252,240,2,12,24,12,0,1920,0,0,0,0,0,0,0,0,0,0,184,0,0,0,899,109,369,375,0,0,2,0.899
3838,11.329,29.849,0.045,0.0,0.0,0.0,0.0,0.0,534.0,2616.0,0.619,0,6,0,9.256,9.179,253,240,2,12,24,12,0,1920,0,0,0,0,0,0,0,0,0,0,184,0,0,0,903,112,372,367,0,0,3,0.903
3839,12.799,29.849,0.045,0.0,0.0,0.0,0.0,0.0,534.0,2616.0,0.955,0,6,0,10.529,10.454,252,240,2,12,24,12,0,1920,0,0,0,0,0,0,0,0,0,0,184,0,0,0,1242,154,511,510,0,0,4,1.242
3840,11.068,29.849,0.045,0.0,0.0,0.0,0.0,0.0,534.0,2616.0,0.693,0,6,0,8.804,8.695,253,240,2,12,24,12,0,1920,0,0,0,0,0,0,0,0,0,0,184,0,0,0,867,107,373,340,0,0,1,0.867
3841,10.919,29.849,0.045,0.0,0.0,0.0,0.0,0.0,534.0,2616.0,0.637,0,6,0,8.886,8.764,255,240,2,12,24,12,0,1920,0,0,0,0,0,0,0,0,0,0,184,0,0,0,945,138,381,381,0,0,1,0.945
3842,11.197,29.849,0.045,0.0,0.0,0.0,0.0,0.0,534.0,2616.0,0.686,0,6,0,9.177,9.103,252,240,2,12,24,12,0,1920,0,0,0,0,0,0,0,0,0,0,184,0,0,0,1011,119,455,383,0,0,2,1.011
3843,13.782,29.849,0.045,0.0,0.0,0.0,0.0,0.0,534.0,2616.0,0.742,0,6,0,10.787,10.709,252,240,2,12,24,12,0,1920,0,0,0,0,0,0,0,0,0,0,184,0,0,0,1934,284,864,665,0,0,5,1.934
3844,12.28,29.849,0.045,0.0,0.0,0.0,0.0,0.0,534.0,2616.0,0.686,0,6,0,10.175,10.087,253,240,2,12,24,12,0,1920,0,0,0,0,0,0,0,0,0,0,184,0,0,0,968,116,423,375,0,0,1,0.968
3845,12.46,29.849,0.045,0.0,0.0,0.0,0.0,0.0,534.0,2616.0,0.676,0,6,0,10.426,10.319,253,240,2,12,24,12,0,1920,0,0,0,0,0,0,0,0,0,0,184,0,0,0,994,128,443,378,0,0,2,0.994
3846,11.987,29.849,0.045,0.0,0.0,0.0,0.0,0.0,534.0,2616.0,0.691,0,6,0,9.748,9.671,252,240,2,12,24,12,0,1920,0,0,0,0,0,0,0,0,0,0,184,0,0,0,973,118,427,380,0,0,1,0.973
3847,13.967,29.849,0.045,0.0,0.0,0.0,0.0,0.0,534.0,2616.0,0.726,0,6,0,11.297,11.197,255,240,2,12,24,12,0,1920,0,0,0,0,0,0,0,0,0,0,184,0,0,0,1341,360,511,414,0,0,3,1.341
3848,12.416,29.849,0.045,0.0,0.0,0.0,0.0,0.0,534.0,2616.0,0.698,0,6,0,10.218,10.11,253,240,2,12,24,12,0,1920,0,0,0,0,0,0,0,0,0,0,184,0,0,0,1067,164,413,429,0,0,2,1.067
3849,12.261,29.849,0.045,0.0,0.0,0.0,0.0,0.0,534.0,2616.0,0.709,0,6,0,10.103,10.012,253,240,2,12,24,12,0,1920,0,0,0,0,0,0,0,0,0,0,184,0,0,0,1043,120,416,452,0,0,2,1.043
3850,11.887,29.849,0.045,0.0,0.0,0.0,0.0,0.0,534.0,2616.0,0.652,0,6,0,9.748,9.651,253,240,2,12,24,12,0,1920,0,0,0,0,0,0,0,0,0,0,184,0,0,0,1005,120,417,416,0,0,2,1.005
3851,11.613,29.849,0.045,0.0,0.0,0.0,0.0,0.0,534.0,2616.0,0.679,0,6,0,9.595,9.517,252,240,2,12,24,12,0,1920,0,0,0,0,0,0,0,0,0,0,184,0,0,0,1008,113,398,442,0,0,1,1.008
3852,11.821,29.849,0.045,0.0,0.0,0.0,0.0,0.0,534.0,2616.0,0.827,0,6,0,9.658,9.583,252,240,2,12,24,12,0,1920,0,0,0,0,0,0,0,0,0,0,184,0,0,0,1138,120,447,514,0,0,3,1.138
3853,12.145,29.849,0.045,0.0,0.0,0.0,0.0,0.0,534.0,2616.0,0.728,0,6,0,9.826,9.727,254,240,2,12,24,12,0,1920,0,0,0,0,0,0,0,0,0,0,184,0,0,0,1113,129,526,400,0,0,3,1.113
3854,12.541,29.849,0.045,0.0,0.0,0.0,0.0,0.0,534.0,2616.0,0.659,0,6,0,10.4,10.304,253,240,2,12,24,12,0,1920,0,0,0,0,0,0,0,0,0,0,184,0,0,0,1002,111,440,402,0,0,2,1.002
3855,11.847,29.849,0.045,0.0,0.0,0.0,0.0,0.0,534.0,2616.0,0.793,0,6,0,9.455,9.374,252,240,2,12,24,12,0,1920,0,0,0,0,0,0,0,0,0,0,184,0,0,0,1367,107,768,440,0,0,3,1.367
3856,11.812,29.849,0.045,0.0,0.0,0.0,0.0,0.0,534.0,2616.0,0.696,0,6,0,9.616,9.524,253,240,2,12,24,12,0,1920,0,0,0,0,0,0,0,0,0,0,184,0,0,0,1029,108,381,489,0,0,3,1.029
3857,11.394,29.849,0.045,0.0,0.0,0.0,0.0,0.0,534.0,2616.0,0.653,0,6,0,9.396,9.312,253,240,2,12,24,12,0,1920,0,0,0,0,0,0,0,0,0,0,184,0,0,0,955,120,384,399,0,0,2,0.955
3858,10.868,29.849,0.045,0.0,0.0,0.0,0.0,0.0,534.0,2616.0,0.645,0,6,0,8.973,8.892,253,240,2,12,24,12,0,1920,0,0,0,0,0,0,0,0,0,0,184,0,0,0,906,103,383,374,0,0,1,0.906
3859,10.975,29.849,0.045,0.0,0.0,0.0,0.0,0.0,534.0,2616.0,0.664,0,6,0,9.059,8.976,254,240,2,12,24,12,0,1920,0,0,0,0,0,0,0,0,0,0,184,0,0,0,932,111,402,371,0,0,2,0.932
3860,14.43,29.849,0.045,0.0,0.0,0.0,0.0,0.0,534.0,2616.0,0.639,0,6,0,12.299,10.57,254,240,2,12,24,12,0,1920,0,0,0,0,0,0,0,0,0,0,184,0,0,0,1006,113,471,371,0,0,3,1.006
3861,11.33,29.849,0.045,0.0,0.0,0.0,0.0,0.0,534.0,2616.0,0.686,0,6,0,9.443,9.351,252,240,2,12,24,12,0,1920,0,0,0,0,0,0,0,0,0,0,184,0,0,0,921,130,385,361,0,0,3,0.921
3862,10.925,29.849,0.045,0.0,0.0,0.0,0.0,0.0,534.0,2616.0,0.616,0,6,0,9.024,8.939,253,240,2,12,24,12,0,1920,0,0,0,0,0,0,0,0,0,0,184,0,0,0,904,111,369,359,0,0,2,0.904
3863,11.223,29.849,0.045,0.0,0.0,0.0,0.0,0.0,534.0,2616.0,0.574,0,6,0,9.381,9.313,252,240,2,12,24,12,0,1920,0,0,0,0,0,0,0,0,0,0,184,0,0,0,901,105,391,359,0,0,2,0.901
3864,10.868,29.849,0.045,0.0,0.0,0.0,0.0,0.0,534.0,2616.0,0.613,0,6,0,9.05,8.979,252,240,2,12,24,12,0,1920,0,0,0,0,0,0,0,0,0,0,184,0,0,0,938,127,412,355,0,0,1,0.938
3865,11.721,29.849,0.045,0.0,0.0,0.0,0.0,0.0,534.0,2616.0,0.641,0,6,0,9.81,9.728,253,240,2,12,24,12,0,1920,0,0,0,0,0,0,0,0,0,0,184,0,0,0,995,119,433,396,0,0,1,0.995
3866,12.025,29.849,0.045,0.0,0.0,0.0,0.0,0.0,534.0,2616.0,0.677,0,6,0,10.01,9.92,255,240,2,12,24,12,0,1920,0,0,0,0,0,0,0,0,0,0,184,0,0,0,1016,133,391,436,0,0,3,1.016
3867,11.418,29.849,0.045,0.0,0.0,0.0,0.0,0.0,534.0,2616.0,0.693,0,6,0,9.433,9.357,252,240,2,12,24,12,0,1920,0,0,0,0,0,0,0,0,0,0,184,0,0,0,966,102,428,387,0,0,3,0.966
3868,11.72,29.849,0.045,0.0,0.0,0.0,0.0,0.0,534.0,2616.0,0.698,0,6,0,9.789,9.708,253,240,2,12,24,12,0,1920,0,0,0,0,0,0,0,0,0,0,184,0,0,0,901,107,392,361,0,0,2,0.901
3869,11.465,29.849,0.045,0.0,0.0,0.0,0.0,0.0,534.0,2616.0,0.646,0,6,0,9.433,9.34,252,240,2,12,24,12,0,1920,0,0,0,0,0,0,0,0,0,0,184,0,0,0,1000,105,485,363,0,0,3,1.0
3870,11.117,29.849,0.045,0.0,0.0,0.0,0.0,0.0,534.0,2616.0,0.697,0,6,0,9.181,9.078,252,240,2,12,24,12,0,1920,0,0,0,0,0,0,0,0,0,0,184,0,0,0,983,104,429,402,0,0,3,0.983
3871,13.664,29.849,0.045,0.0,0.0,0.0,0.0,0.0,534.0,2616.0,0.766,0,6,0,11.498,11.417,253,240,2,12,24,12,0,1920,0,0,0,0,0,0,0,0,0,0,184,0,0,0,1106,175,438,439,0,0,3,1.106
3872,12.551,29.849,0.045,0.0,0.0,0.0,0.0,0.0,534.0,2616.0,0.658,0,6,0,10.438,10.317,253,240,2,12,24,12,0,1920,0,0,0,0,0,0,0,0,0,0,184,0,0,0,1010,110,437,414,0,0,3,1.01
3873,11.635,29.849,0.045,0.0,0.0,0.0,0.0,0.0,534.0,2616.0,0.697,0,6,0,9.593,9.508,253,240,2,12,24,12,0,1920,0,0,0,0,0,0,0,0,0,0,184,0,0,0,1031,138,428,391,0,0,2,1.031
3874,12.196,29.849,0.045,0.0,0.0,0.0,0.0,0.0,534.0,2616.0,0.677,0,6,0,10.14,10.031,255,240,2,12,24,12,0,1920,0,0,0,0,0,0,0,0,0,0,184,0,0,0,1007,111,461,383,0,0,2,1.007
3875,11.638,29.849,0.045,0.0,0.0,0.0,0.0,0.0,534.0,2616.0,0.798,0,6,0,9.517,9.438,252,240,2,12,24,12,0,1920,0,0,0,0,0,0,0,0,0,0,184,0,0,0,1109,144,461,448,0,0,3,1.109
3876,12.172,29.849,0.045,0.0,0.0,0.0,0.0,0.0,534.0,2616.0,0.716,0,6,0,9.956,9.854,252,240,2,12,24,12,0,1920,0,0,0,0,0,0,0,0,0,0,184,0,0,0,978,113,399,419,0,0,3,0.978
3877,11.535,29.849,0.045,0.0,0.0,0.0,0.0,0.0,534.0,2616.0,0.688,0,6,0,9.453,9.366,253,240,2,12,24,12,0,1920,0,0,0,0,0,0,0,0,0,0,184,0,0,0,997,123,412,406,0,0,3,0.997
3878,10.901,29.849,0.045,0.0,0.0,0.0,0.0,0.0,534.0,2616.0,0.725,0,6,0,8.925,8.849,252,240,2,12,24,12,0,1920,0,0,0,0,0,0,0,0,0,0,184,0,0,0,965,118,400,397,0,0,2,0.965
3879,11.028,29.849,0.045,0.0,0.0,0.0,0.0,0.0,534.0,2616.0,0.655,0,6,0,9.047,8.959,254,240,2,12,24,12,0,1920,0,0,0,0,0,0,0,0,0,0,184,0,0,0,924,109,405,366,0,0,2,0.924
3880,10.832,29.849,0.045,0.0,0.0,0.0,0.0,0.0,534.0,2616.0,0.635,0,6,0,8.893,8.816,253,240,2,12,24,12,0,1920,0,0,0,0,0,0,0,0,0,0,184,0,0,0,972,108,412,404,0,0,3,0.972
3881,11.111,29.849,0.045,0.0,0.0,0.0,0.0,0.0,534.0,2616.0,0.646,0,6,0,9.215,9.142,252,240,2,12,24,12,0,1920,0,0,0,0,0,0,0,0,0,0,184,0,0,0,945,120,414,363,0,0,2,0.945
3882,11.174,29.849,0.045,0.0,0.0,0.0,0.0,0.0,534.0,2616.0,0.642,0,6,0,8.985,8.907,253,240,2,12,24,12,0,1920,0,0,0,0,0,0,0,0,0,0,184,0,0,0,1182,338,416,382,0,0,3,1.182
3883,10.937,29.849,0.045,0.0,0.0,0.0,0.0,0.0,534.0,2616.0,0.621,0,6,0,9.061,8.978,253,240,2,12,24,12,0,1920,0,0,0,0,0,0,0,0,0,0,184,0,0,0,903,106,374,379,0,0,1,0.903
3884,11.039,29.849,0.045,0.0,0.0,0.0,0.0,0.0,534.0,2616.0,0.648,0,6,0,9.077,9.009,252,240,2,12,24,12,0,1920,0,0,0,0,0,0,0,0,0,0,184,0,0,0,1034,154,440,386,0,0,2,1.034
3885,10.904,29.849,0.045,0.0,0.0,0.0,0.0,0.0,534.0,2616.0,0.72,0,6,0,9.03,8.95,253,240,2,12,24,12,0,1920,0,0,0,0,0,0,0,0,0,0,184,0,0,0,898,104,374,372,0,0,3,0.898
3886,10.849,29.849,0.045,0.0,0.0,0.0,0.0,0.0,534.0,2616.0,0.63,0,6,0,8.893,8.812,253,240,2,12,24,12,0,1920,0,0,0,0,0,0,0,0,0,0,184,0,0,0,927,107,370,401,0,0,1,0.927
3887,12.35,29.849,0.045,0.0,0.0,0.0,0.0,0.0,534.0,2616.0,0.928,0,6,0,9.655,9.585,252,240,2,12,24,12,0,1920,0,0,0,0,0,0,0,0,0,0,184,0,0,0,1707,107,1069,469,0,0,4,1.707
3888,13.078,29.849,0.045,0.0,0.0,0.0,0.0,0.0,534.0,2616.0,0.76,0,6,0,10.715,10.568,253,240,2,12,24,12,0,1920,0,0,0,0,0,0,0,0,0,0,184,0,0,0,1025,158,419,399,0,0,1,1.025
3889,11.934,29.849,0.045,0.0,0.0,0.0,0.0,0.0,534.0,2616.0,0.75,0,6,0,9.685,9.543,255,240,2,12,24,12,0,1920,0,0,0,0,0,0,0,0,0,0,184,0,0,0,975,142,401,383,0,0,2,0.975
3890,12.234,29.849,0.045,0.0,0.0,0.0,0.0,0.0,534.0,2616.0,0.72,0,6,0,9.923,9.839,253,240,2,12,24,12,0,1920,0,0,0,0,0,0,0,0,0,0,184,0,0,0,1039,142,457,389,0,0,3,1.039
3891,12.351,29.849,0.045,0.0,0.0,0.0,0.0,0.0,534.0,2616.0,0.686,0,6,0,10.217,10.101,253,240,2,12,24,12,0,1920,0,0,0,0,0,0,0,0,0,0,184,0,0,0,1045,117,450,394,0,0,2,1.045
3892,11.762,29.849,0.045,0.0,0.0,0.0,0.0,0.0,534.0,2616.0,0.842,0,6,0,9.739,9.652,253,240,2,12,24,12,0,1920,0,0,0,0,0,0,0,0,0,0,184,0,0,0,969,116,420,385,0,0,1,0.969
3893,12.664,29.849,0.045,0.0,0.0,0.0,0.0,0.0,534.0,2616.0,0.723,0,6,0,10.379,10.299,252,240,2,12,24,12,0,1920,0,0,0,0,0,0,0,0,0,0,184,0,0,0,1086,131,473,424,0,0,2,1.086
3894,11.787,18.339,0.031,0.0,0.0,0.0,0.0,0.0,534.0,2616.0,0.652,0,6,0,9.66,9.579,252,240,2,12,24,12,0,1920,0,0,0,0,0,0,0,0,0,0,184,0,0,0,1024,119,471,379,0,0,2,1.024
3895,11.325,18.339,0.031,0.0,0.0,0.0,0.0,0.0,534.0,2616.0,0.7,0,6,0,9.369,9.276,254,240,2,12,24,12,0,1920,0,0,0,0,0,0,0,0,0,0,184,0,0,0,945,116,391,393,0,0,2,0.945
3896,15.154,18.339,0.031,0.0,0.0,0.0,0.0,0.0,534.0,2616.0,0.663,0,6,0,13.109,11.417,253,240,2,12,24,12,0,1920,0,0,0,0,0,0,0,0,0,0,184,0,0,0,995,114,419,412,0,0,2,0.995
3897,11.727,18.339,0.031,0.0,0.0,0.0,0.0,0.0,534.0,2616.0,0.619,0,6,0,9.82,9.679,254,240,2,12,24,12,0,1920,0,0,0,0,0,0,0,0,0,0,184,0,0,0,880,109,377,346,0,0,1,0.88
3898,14.496,18.339,0.031,0.0,0.0,0.0,0.0,0.0,534.0,2616.0,0.976,0,6,0,12.052,11.973,253,240,2,12,24,12,0,1920,0,0,0,0,0,0,0,0,0,0,184,0,0,0,1429,205,633,514,0,0,4,1.429
3899,15.99,18.339,0.031,0.0,0.0,0.0,0.0,0.0,534.0,2616.0,0.916,0,6,0,13.192,13.086,252,240,2,12,24,12,0,1920,0,0,0,0,0,0,0,0,0,0,184,0,0,0,1323,167,523,559,0,0,3,1.323
3900,16.029,18.339,0.031,0.0,0.0,0.0,0.0,0.0,534.0,2616.0,0.952,0,6,0,13.275,13.173,252,240,2,12,24,12,0,1920,0,0,0,0,0,0,0,0,0,0,184,0,0,0,1340,165,564,539,0,0,3,1.34
3901,15.488,18.339,0.031,0.0,0.0,0.0,0.0,0.0,534.0,2616.0,0.96,0,6,0,12.742,12.616,254,240,2,12,24,12,0,1920,0,0,0,0,0,0,0,0,0,0,184,0,0,0,1342,205,571,496,0,0,3,1.342
3902,16.292,18.339,0.031,0.0,0.0,0.0,0.0,0.0,534.0,2616.0,0.931,0,6,0,13.401,13.26,252,240,2,12,24,12,0,1920,0,0,0,0,0,0,0,0,0,0,184,0,0,0,1440,153,653,565,0,0,3,1.44
3903,15.605,18.339,0.031,0.0,0.0,0.0,0.0,0.0,534.0,2616.0,0.939,0,6,0,12.893,12.777,253,240,2,12,24,12,0,1920,0,0,0,0,0,0,0,0,0,0,184,0,0,0,1317,158,577,508,0,0,3,1.317
3904,15.903,18.339,0.031,0.0,0.0,0.0,0.0,0.0,534.0,2616.0,0.9,0,6,0,13.164,12.995,254,240,2,12,24,12,0,1920,0,0,0,0,0,0,0,0,0,0,184,0,0,0,1318,170,590,483,0,0,4,1.318
3905,15.593,18.339,0.031,0.0,0.0,0.0,0.0,0.0,534.0,2616.0,0.965,0,6,0,12.844,12.738,252,240,2,12,24,12,0,1920,0,0,0,0,0,0,0,0,0,0,184,0,0,0,1329,197,518,499,0,0,3,1.329
3906,15.902,18.339,0.031,0.0,0.0,0.0,0.0,0.0,534.0,2616.0,0.976,0,6,0,13.106,12.994,253,240,2,12,24,12,0,1920,0,0,0,0,0,0,0,0,0,0,184,0,0,0,1362,152,638,496,0,0,3,1.362
3907,16.425,18.339,0.031,0.0,0.0,0.0,0.0,0.0,534.0,2616.0,0.933,0,6,0,13.487,13.365,254,240,2,12,24,12,0,1920,0,0,0,0,0,0,0,0,0,0,184,0,0,0,1383,160,573,577,0,0,3,1.383
3908,16.148,18.339,0.031,0.0,0.0,0.0,0.0,0.0,534.0,2616.0,0.913,0,6,0,13.392,13.277,252,240,2,12,24,12,0,1920,0,0,0,0,0,0,0,0,0,0,184,0,0,0,1332,155,606,502,0,0,3,1.332
3909,13.946,18.339,0.031,0.0,0.0,0.0,0.0,0.0,534.0,2616.0,0.695,0,6,0,11.642,11.523,253,240,2,12,24,12,0,1920,0,0,0,0,0,0,0,0,0,0,184,0,0,0,968,115,426,377,0,0,2,0.968
3910,12.108,18.339,0.031,0.0,0.0,0.0,0.0,0.0,534.0,2616.0,0.799,0,6,0,10.09,10.001,253,240,2,12,24,12,0,1920,0,0,0,0,0,0,0,0,0,0,184,0,0,0,974,112,394,418,0,0,2,0.974
3911,11.913,18.339,0.031,0.0,0.0,0.0,0.0,0.0,534.0,2616.0,0.675,0,6,0,9.751,9.657,253,240,2,12,24,12,0,1920,0,0,0,0,0,0,0,0,0,0,184,0,0,0,967,113,404,403,0,0,2,0.967
3912,11.63,18.339,0.031,0.0,0.0,0.0,0.0,0.0,534.0,2616.0,0.66,0,6,0,9.649,9.566,253,240,2,12,24,12,0,1920,0,0,0,0,0,0,0,0,0,0,184,0,0,0,979,112,403,396,0,0,2,0.979
3913,11.485,18.339,0.031,0.0,0.0,0.0,0.0,0.0,534.0,2616.0,0.668,0,6,0,9.445,9.358,253,240,2,12,24,12,0,1920,0,0,0,0,0,0,0,0,0,0,184,0,0,0,975,115,432,376,0,0,2,0.975
3914,11.406,18.339,0.031,0.0,0.0,0.0,0.0,0.0,534.0,2616.0,0.571,0,6,0,9.36,9.274,253,240,2,12,24,12,0,1920,0,0,0,0,0,0,0,0,0,0,184,0,0,0,1003,113,424,382,0,0,3,1.003
3915,11.423,18.339,0.031,0.0,0.0,0.0,0.0,0.0,534.0,2616.0,0.683,0,6,0,9.481,9.352,254,240,2,12,24,12,0,1920,0,0,0,0,0,0,0,0,0,0,184,0,0,0,1037,109,431,450,0,0,2,1.037
3916,11.453,18.339,0.031,0.0,0.0,0.0,0.0,0.0,534.0,2616.0,0.679,0,6,0,9.41,9.326,253,240,2,12,24,12,0,1920,0,0,0,0,0,0,0,0,0,0,184,0,0,0,976,115,431,378,0,0,2,0.976
3917,11.386,18.339,0.031,0.0,0.0,0.0,0.0,0.0,534.0,2616.0,0.71,0,6,0,9.407,9.307,252,240,2,12,24,12,0,1920,0,0,0,0,0,0,0,0,0,0,184,0,0,0,956,120,397,391,0,0,1,0.956
3918,11.447,18.339,0.031,0.0,0.0,0.0,0.0,0.0,534.0,2616.0,0.647,0,6,0,9.396,9.315,252,240,2,12,24,12,0,1920,0,0,0,0,0,0,0,0,0,0,184,0,0,0,938,112,395,375,0,0,2,0.938
3919,11.409,18.339,0.031,0.0,0.0,0.0,0.0,0.0,534.0,2616.0,0.664,0,6,0,9.483,9.081,255,240,2,12,24,12,0,1920,0,0,0,0,0,0,0,0,0,0,184,0,0,0,969,111,395,420,0,0,2,0.969
3920,11.812,18.339,0.031,0.0,0.0,0.0,0.0,0.0,534.0,2616.0,0.817,0,6,0,9.476,9.4,252,240,2,12,24,12,0,1920,0,0,0,0,0,0,0,0,0,0,184,0,0,0,1311,148,587,511,0,0,3,1.311
3921,14.467,18.339,0.031,0.0,0.0,0.0,0.0,0.0,534.0,2616.0,0.657,0,6,0,12.232,12.126,253,240,2,12,24,12,0,1920,0,0,0,0,0,0,0,0,0,0,184,0,0,0,1032,119,411,448,0,0,2,1.032
3922,11.517,18.339,0.031,0.0,0.0,0.0,0.0,0.0,534.0,2616.0,0.662,0,6,0,9.47,9.371,255,240,2,12,24,12,0,1920,0,0,0,0,0,0,0,0,0,0,184,0,0,0,990,139,400,399,0,0,2,0.99
3923,12.779,18.339,0.031,0.0,0.0,0.0,0.0,0.0,534.0,2616.0,0.626,0,6,0,10.716,10.604,252,240,2,12,24,12,0,1920,0,0,0,0,0,0,0,0,0,0,184,0,0,0,1033,142,438,402,0,0,3,1.033
3924,13.829,18.339,0.031,0.0,0.0,0.0,0.0,0.0,534.0,2616.0,0.787,0,6,0,11.167,11.08,253,240,2,12,24,12,0,1920,0,0,0,0,0,0,0,0,0,0,184,0,0,0,1119,126,543,393,0,0,2,1.119
3925,13.88,18.339,0.031,0.0,0.0,0.0,0.0,0.0,534.0,2616.0,0.763,0,6,0,10.956,10.861,253,240,2,12,24,12,0,1920,0,0,0,0,0,0,0,0,0,0,184,0,0,0,1698,130,1010,499,0,0,4,1.698
3926,15.385,18.339,0.031,0.0,0.0,0.0,0.0,0.0,534.0,2616.0,1.146,0,6,0,12.864,12.754,253,240,2,12,24,12,0,1920,0,0,0,0,0,0,0,0,0,0,184,0,0,0,1326,172,555,525,0,0,5,1.326
3927,14.884,18.339,0.031,0.0,0.0,0.0,0.0,0.0,534.0,2616.0,0.628,0,6,0,12.314,12.21,252,240,2,12,24,12,0,1920,0,0,0,0,0,0,0,0,0,0,184,0,0,0,978,142,401,381,0,0,1,0.978
3928,11.818,18.339,0.031,0.0,0.0,0.0,0.0,0.0,534.0,2616.0,0.69,0,6,0,9.753,9.648,254,240,2,12,24,12,0,1920,0,0,0,0,0,0,0,0,0,0,184,0,0,0,1042,116,430,441,0,0,2,1.042
3929,11.745,18.339,0.031,0.0,0.0,0.0,0.0,0.0,534.0,2616.0,0.706,0,6,0,9.649,9.56,253,240,2,12,24,12,0,1920,0,0,0,0,0,0,0,0,0,0,184,0,0,0,1029,124,421,431,0,0,2,1.029
3930,12.516,18.339,0.031,0.0,0.0,0.0,0.0,0.0,534.0,2616.0,0.658,0,6,0,10.211,10.099,252,240,2,12,24,12,0,1920,0,0,0,0,0,0,0,0,0,0,184,0,0,0,953,112,397,394,0,0,2,0.953
3931,11.921,18.339,0.031,0.0,0.0,0.0,0.0,0.0,534.0,2616.0,0.625,0,6,0,9.913,9.827,253,240,2,12,24,12,0,1920,0,0,0,0,0,0,0,0,0,0,184,0,0,0,979,145,399,384,0,0,2,0.979
3932,12.107,18.339,0.031,0.0,0.0,0.0,0.0,0.0,534.0,2616.0,0.653,0,6,0,10.085,9.991,254,240,2,12,24,12,0,1920,0,0,0,0,0,0,0,0,0,0,184,0,0,0,987,133,402,401,0,0,1,0.987
3933,13.226,18.339,0.031,0.0,0.0,0.0,0.0,0.0,534.0,2616.0,0.684,0,6,0,11.24,9.613,253,240,2,12,24,12,0,1920,0,0,0,0,0,0,0,0,0,0,184,0,0,0,981,116,428,379,0,0,2,0.981
3934,11.931,18.339,0.031,0.0,0.0,0.0,0.0,0.0,534.0,2616.0,0.705,0,6,0,9.794,9.705,253,240,2,12,24,12,0,1920,0,0,0,0,0,0,0,0,0,0,184,0,0,0,1025,134,438,395,0,0,2,1.025
3935,12.072,18.339,0.031,0.0,0.0,0.0,0.0,0.0,534.0,2616.0,0.667,0,6,0,10.035,9.939,254,240,2,12,24,12,0,1920,0,0,0,0,0,0,0,0,0,0,184,0,0,0,972,114,426,381,0,0,2,0.972
3936,11.679,18.339,0.031,0.0,0.0,0.0,0.0,0.0,534.0,2616.0,0.707,0,6,0,9.689,9.603,253,240,2,12,24,12,0,1920,0,0,0,0,0,0,0,0,0,0,184,0,0,0,936,112,400,380,0,0,1,0.936
3937,11.776,18.339,0.031,0.0,0.0,0.0,0.0,0.0,534.0,2616.0,0.73,0,6,0,9.735,9.648,253,240,2,12,24,12,0,1920,0,0,0,0,0,0,0,0,0,0,184,0,0,0,985,116,432,386,0,0,1,0.985
3938,11.678,18.339,0.031,0.0,0.0,0.0,0.0,0.0,534.0,2616.0,0.711,0,6,0,9.599,9.514,253,240,2,12,24,12,0,1920,0,0,0,0,0,0,0,0,0,0,184,0,0,0,1003,107,431,420,0,0,2,1.003
3939,11.726,18.339,0.031,0.0,0.0,0.0,0.0,0.0,534.0,2616.0,0.606,0,6,0,9.642,9.562,252,240,2,12,24,12,0,1920,0,0,0,0,0,0,0,0,0,0,184,0,0,0,974,116,425,375,0,0,3,0.974
3940,11.735,18.339,0.031,0.0,0.0,0.0,0.0,0.0,534.0,2616.0,0.629,0,6,0,9.805,9.714,253,240,2,12,24,12,0,1920,0,0,0,0,0,0,0,0,0,0,184,0,0,0,983,115,431,383,0,0,1,0.983
3941,11.518,18.339,0.031,0.0,0.0,0.0,0.0,0.0,534.0,2616.0,0.633,0,6,0,9.584,9.484,254,240,2,12,24,12,0,1920,0,0,0,0,0,0,0,0,0,0,184,0,0,0,969,112,433,377,0,0,1,0.969
3942,11.405,18.339,0.031,0.0,0.0,0.0,0.0,0.0,534.0,2616.0,0.653,0,6,0,9.46,9.382,252,240,2,12,24,12,0,1920,0,0,0,0,0,0,0,0,0,0,184,0,0,0,979,111,436,381,0,0,2,0.979
3943,17.361,18.339,0.031,0.0,0.0,0.0,0.0,0.0,534.0,2616.0,0.939,0,6,0,14.835,14.749,253,240,2,12,24,12,0,1920,0,0,0,0,0,0,0,0,0,0,184,0,0,0,1414,163,600,574,0,0,3,1.414
3944,16.633,18.339,0.031,0.0,0.0,0.0,0.0,0.0,534.0,2616.0,1.037,0,6,0,13.874,13.711,253,240,2,12,24,12,0,1920,0,0,0,0,0,0,0,0,0,0,184,0,0,0,1358,172,538,574,0,0,3,1.358
3945,16.55,18.339,0.031,0.0,0.0,0.0,0.0,0.0,534.0,2616.0,0.998,0,6,0,13.629,13.512,252,240,2,12,24,12,0,1920,0,0,0,0,0,0,0,0,0,0,184,0,0,0,1340,211,569,488,0,0,4,1.34
3946,16.612,18.339,0.031,0.0,0.0,0.0,0.0,0.0,534.0,2616.0,0.926,0,6,0,13.718,13.586,253,240,2,12,24,12,0,1920,0,0,0,0,0,0,0,0,0,0,184,0,0,0,1364,215,581,495,0,0,4,1.364
3947,16.681,18.339,0.031,0.0,0.0,0.0,0.0,0.0,534.0,2616.0,1.022,0,6,0,13.642,13.517,253,240,2,12,24,12,0,1920,0,0,0,0,0,0,0,0,0,0,184,0,0,0,1466,217,558,612,0,0,4,1.466
3948,16.801,18.339,0.031,0.0,0.0,0.0,0.0,0.0,534.0,2616.0,1.01,0,6,0,13.864,13.744,252,240,2,12,24,12,0,1920,0,0,0,0,0,0,0,0,0,0,184,0,0,0,1339,174,545,542,0,0,4,1.339
3949,16.938,18.339,0.031,0.0,0.0,0.0,0.0,0.0,534.0,2616.0,1.067,0,6,0,14.047,13.922,253,240,2,12,24,12,0,1920,0,0,0,0,0,0,0,0,0,0,184,0,0,0,1297,165,564,496,0,0,4,1.297
3950,16.543,18.339,0.031,0.0,0.0,0.0,0.0,0.0,534.0,2616.0,1.02,0,6,0,13.628,13.489,253,240,2,12,24,12,0,1920,0,0,0,0,0,0,0,0,0,0,184,0,0,0,1322,175,578,493,0,0,3,1.322
3951,17.511,18.339,0.031,0.0,0.0,0.0,0.0,0.0,534.0,2616.0,1.051,0,6,0,14.519,14.371,254,240,2,12,24,12,0,1920,0,0,0,0,0,0,0,0,0,0,184,0,0,0,1342,169,577,518,0,0,4,1.342
3952,19.204,18.339,0.031,0.0,0.0,0.0,0.0,0.0,534.0,2616.0,1.001,0,6,0,16.226,16.097,253,240,2,12,24,12,0,1920,0,0,0,0,0,0,0,0,0,0,184,0,0,0,1305,217,554,458,0,0,5,1.305
3953,17.514,18.339,0.031,0.0,0.0,0.0,0.0,0.0,534.0,2616.0,1.316,0,6,0,14.087,13.963,253,240,2,12,24,12,0,1920,0,0,0,0,0,0,0,0,0,0,184,0,0,0,1710,233,767,618,0,0,5,1.71
3954,15.318,18.339,0.031,0.0,0.0,0.0,0.0,0.0,534.0,2616.0,1.065,0,6,0,12.429,12.272,253,240,2,12,24,12,0,1920,0,0,0,0,0,0,0,0,0,0,184,0,0,0,1013,119,427,389,0,0,2,1.013
3955,12.707,18.339,0.031,0.0,0.0,0.0,0.0,0.0,534.0,2616.0,0.682,0,6,0,10.006,9.906,253,240,2,12,24,12,0,1920,0,0,0,0,0,0,0,0,0,0,184,0,0,0,1067,244,384,388,0,0,3,1.067
3956,10.979,18.339,0.031,0.0,0.0,0.0,0.0,0.0,534.0,2616.0,0.619,0,6,0,8.936,8.823,252,240,2,12,24,12,0,1920,0,0,0,0,0,0,0,0,0,0,184,0,0,0,940,118,377,402,0,0,1,0.94
3957,11.273,18.339,0.031,0.0,0.0,0.0,0.0,0.0,534.0,2616.0,0.662,0,6,0,9.391,9.314,252,240,2,12,24,12,0,1920,0,0,0,0,0,0,0,0,0,0,184,0,0,0,922,102,403,336,0,0,3,0.922
3958,11.996,18.339,0.031,0.0,0.0,0.0,0.0,0.0,534.0,2616.0,0.647,0,6,0,10.046,9.967,253,240,2,12,24,12,0,1920,0,0,0,0,0,0,0,0,0,0,184,0,0,0,928,110,402,350,0,0,2,0.928
3959,10.44,18.339,0.031,0.0,0.0,0.0,0.0,0.0,534.0,2616.0,0.722,0,6,0,8.565,8.486,253,240,2,12,24,12,0,1920,0,0,0,0,0,0,0,0,0,0,184,0,0,0,881,130,361,344,0,0,3,0.881
3960,10.954,18.339,0.031,0.0,0.0,0.0,0.0,0.0,534.0,2616.0,0.983,0,6,0,9.013,8.924,254,240,2,12,24,12,0,1920,0,0,0,0,0,0,0,0,0,0,184,0,0,0,883,104,362,347,0,0,1,0.883
3961,12.502,18.339,0.031,0.0,0.0,0.0,0.0,0.0,534.0,2616.0,0.638,0,6,0,9.958,9.747,254,240,2,12,24,12,0,1920,0,0,0,0,0,0,0,0,0,0,184,0,0,0,1150,115,631,350,0,0,3,1.15
3962,11.102,18.339,0.031,0.0,0.0,0.0,0.0,0.0,534.0,2616.0,0.555,0,6,0,9.105,9.025,252,240,2,12,24,12,0,1920,0,0,0,0,0,0,0,0,0,0,184,0,0,0,882,128,372,341,0,0,1,0.882
3963,11.251,18.339,0.031,0.0,0.0,0.0,0.0,0.0,534.0,2616.0,0.663,0,6,0,9.374,9.291,253,240,2,12,24,12,0,1920,0,0,0,0,0,0,0,0,0,0,184,0,0,0,954,114,415,372,0,0,3,0.954
3964,10.695,18.339,0.031,0.0,0.0,0.0,0.0,0.0,534.0,2616.0,0.648,0,6,0,8.705,8.625,253,240,2,12,24,12,0,1920,0,0,0,0,0,0,0,0,0,0,184,0,0,0,931,115,375,389,0,0,2,0.931
3965,10.438,18.339,0.031,0.0,0.0,0.0,0.0,0.0,534.0,2616.0,0.647,0,6,0,8.573,8.493,252,240,2,12,24,12,0,1920,0,0,0,0,0,0,0,0,0,0,184,0,0,0,874,101,362,345,0,0,2,0.874
3966,10.288,18.339,0.031,0.0,0.0,0.0,0.0,0.0,534.0,2616.0,0.704,0,6,0,8.312,8.241,252,240,2,12,24,12,0,1920,0,0,0,0,0,0,0,0,0,0,184,0,0,0,963,109,430,376,0,0,2,0.963
3967,10.937,18.339,0.031,0.0,0.0,0.0,0.0,0.0,534.0,2616.0,0.611,0,6,0,8.954,8.805,255,240,2,12,24,12,0,1920,0,0,0,0,0,0,0,0,0,0,184,0,0,0,875,107,360,360,0,0,2,0.875
3968,10.683,18.339,0.031,0.0,0.0,0.0,0.0,0.0,534.0,2616.0,0.652,0,6,0,8.845,8.75,253,240,2,12,24,12,0,1920,0,0,0,0,0,0,0,0,0,0,184,0,0,0,864,103,382,334,0,0,2,0.864
3969,11.946,19.209,0.026,0.0,0.0,0.0,0.0,0.0,534.0,2616.0,0.666,0,6,0,9.849,9.779,252,240,2,12,24,12,0,1920,0,0,0,0,0,0,0,0,0,0,184,0,0,0,996,169,392,386,0,0,1,0.996
3970,11.054,19.209,0.026,0.0,0.0,0.0,0.0,0.0,534.0,2616.0,0.671,0,6,0,9.044,8.97,252,240,2,12,24,12,0,1920,0,0,0,0,0,0,0,0,0,0,184,0,0,0,1012,109,468,385,0,0,3,1.012
3971,10.838,19.209,0.026,0.0,0.0,0.0,0.0,0.0,534.0,2616.0,0.634,0,6,0,8.891,8.809,253,240,2,12,24,12,0,1920,0,0,0,0,0,0,0,0,0,0,184,0,0,0,970,104,423,398,0,0,3,0.97
3972,12.743,19.209,0.026,0.0,0.0,0.0,0.0,0.0,534.0,2616.0,0.632,0,6,0,10.766,8.944,253,240,2,12,24,12,0,1920,0,0,0,0,0,0,0,0,0,0,184,0,0,0,971,127,428,368,0,0,1,0.971
3973,11.435,19.209,0.026,0.0,0.0,0.0,0.0,0.0,534.0,2616.0,0.682,0,6,0,9.529,9.439,254,240,2,12,24,12,0,1920,0,0,0,0,0,0,0,0,0,0,184,0,0,0,932,110,390,385,0,0,2,0.932
3974,11.067,19.209,0.026,0.0,0.0,0.0,0.0,0.0,534.0,2616.0,0.632,0,6,0,9.138,9.057,253,240,2,12,24,12,0,1920,0,0,0,0,0,0,0,0,0,0,184,0,0,0,930,110,390,386,0,0,1,0.93
3975,11.164,19.209,0.026,0.0,0.0,0.0,0.0,0.0,534.0,2616.0,0.613,0,6,0,9.272,9.193,253,240,2,12,24,12,0,1920,0,0,0,0,0,0,0,0,0,0,184,0,0,0,926,126,383,373,0,0,3,0.926
3976,10.914,19.209,0.026,0.0,0.0,0.0,0.0,0.0,534.0,2616.0,0.63,0,6,0,9.035,8.96,252,240,2,12,24,12,0,1920,0,0,0,0,0,0,0,0,0,0,184,0,0,0,961,107,436,373,0,0,2,0.961
3977,11.585,19.209,0.026,0.0,0.0,0.0,0.0,0.0,534.0,2616.0,0.635,0,6,0,9.637,9.565,252,240,2,12,24,12,0,1920,0,0,0,0,0,0,0,0,0,0,184,0,0,0,996,109,427,405,0,0,3,0.996
3978,12.653,19.209,0.026,0.0,0.0,0.0,0.0,0.0,534.0,2616.0,0.689,0,6,0,10.524,10.444,252,240,2,12,24,12,0,1920,0,0,0,0,0,0,0,0,0,0,184,0,0,0,1145,164,469,454,0,0,3,1.145
3979,12.129,19.209,0.026,0.0,0.0,0.0,0.0,0.0,534.0,2616.0,0.593,0,6,0,10.065,9.935,253,240,2,12,24,12,0,1920,0,0,0,0,0,0,0,0,0,0,184,0,0,0,965,109,396,378,0,0,2,0.965
3980,10.929,19.209,0.026,0.0,0.0,0.0,0.0,0.0,534.0,2616.0,0.645,0,6,0,9.081,8.975,254,240,2,12,24,12,0,1920,0,0,0,0,0,0,0,0,0,0,184,0,0,0,924,108,386,381,0,0,2,0.924
3981,11.275,19.209,0.026,0.0,0.0,0.0,0.0,0.0,534.0,2616.0,0.595,0,6,0,9.427,9.346,253,240,2,12,24,12,0,1920,0,0,0,0,0,0,0,0,0,0,184,0,0,0,904,124,375,363,0,0,2,0.904
3982,23.31,19.209,0.026,0.0,0.0,0.0,0.0,0.0,534.0,2616.0,1.47,0,6,0,19.854,19.773,253,240,2,12,24,12,0,1920,0,0,0,0,0,0,0,0,0,0,184,0,0,0,2023,274,878,755,0,0,6,2.023
3983,26.403,19.209,0.026,0.0,0.0,0.0,0.0,0.0,534.0,2616.0,1.327,0,6,0,21.445,21.288,252,240,2,12,24,12,0,1920,0,0,0,0,0,0,0,0,0,0,184,0,0,0,2533,262,1061,995,0,0,31,2.533
3984,28.251,19.209,0.026,0.0,0.0,0.0,0.0,0.0,534.0,2616.0,1.962,0,6,0,24.404,24.249,253,240,2,12,24,12,0,1920,0,0,0,0,0,0,0,0,0,0,184,0,0,0,1752,197,674,766,0,0,6,1.752
3985,32.445,19.209,0.026,0.0,0.0,0.0,0.0,0.0,534.0,2616.0,2.056,0,6,0,27.372,27.234,253,240,2,12,24,12,0,1920,0,0,0,0,0,0,0,0,0,0,184,0,0,0,2120,287,1028,671,0,0,5,2.12
3986,31.134,19.209,0.026,0.0,0.0,0.0,0.0,0.0,534.0,2616.0,1.625,0,6,0,25.97,25.835,253,240,2,12,24,12,0,1920,0,0,0,0,0,0,0,0,0,0,184,0,0,0,2257,291,1085,728,0,0,7,2.257
3987,16.843,19.209,0.026,0.0,0.0,0.0,0.0,0.0,534.0,2616.0,0.77,0,6,0,13.635,13.391,253,240,2,12,24,12,0,1920,0,0,0,0,0,0,0,0,0,0,184,0,0,0,956,108,402,403,0,0,1,0.956
3988,11.769,19.209,0.026,0.0,0.0,0.0,0.0,0.0,534.0,2616.0,0.766,0,6,0,9.57,9.475,253,240,2,12,24,12,0,1920,0,0,0,0,0,0,0,0,0,0,184,0,0,0,961,108,424,382,0,0,1,0.961
3989,11.723,19.209,0.026,0.0,0.0,0.0,0.0,0.0,534.0,2616.0,0.618,0,6,0,9.481,9.397,252,240,2,12,24,12,0,1920,0,0,0,0,0,0,0,0,0,0,184,0,0,0,1001,144,403,408,0,0,2,1.001
3990,11.567,19.209,0.026,0.0,0.0,0.0,0.0,0.0,534.0,2616.0,0.709,0,6,0,9.556,9.426,253,240,2,12,24,12,0,1920,0,0,0,0,0,0,0,0,0,0,184,0,0,0,1009,107,435,419,0,0,3,1.009
3991,11.284,19.209,0.026,0.0,0.0,0.0,0.0,0.0,534.0,2616.0,0.719,0,6,0,9.246,9.168,252,240,2,12,24,12,0,1920,0,0,0,0,0,0,0,0,0,0,184,0,0,0,959,112,401,398,0,0,3,0.959
3992,18.222,19.209,0.026,0.0,0.0,0.0,0.0,0.0,534.0,2616.0,0.793,0,6,0,14.519,14.406,254,240,2,12,24,12,0,1920,0,0,0,0,0,0,0,0,0,0,184,0,0,0,2279,251,1119,729,0,0,4,2.279
3993,12.399,19.209,0.026,0.0,0.0,0.0,0.0,0.0,534.0,2616.0,0.655,0,6,0,10.168,10.066,252,240,2,12,24,12,0,1920,0,0,0,0,0,0,0,0,0,0,184,0,0,0,1005,123,402,426,0,0,2,1.005
3994,14.496,19.209,0.026,0.0,0.0,0.0,0.0,0.0,534.0,2616.0,0.685,0,6,0,12.182,12.092,253,240,2,12,24,12,0,1920,0,0,0,0,0,0,0,0,0,0,184,0,0,0,1118,187,471,403,0,0,3,1.118
3995,12.69,19.209,0.026,0.0,0.0,0.0,0.0,0.0,534.0,2616.0,0.746,0,6,0,10.537,10.442,253,240,2,12,24,12,0,1920,0,0,0,0,0,0,0,0,0,0,184,0,0,0,1062,116,487,383,0,0,3,1.062
3996,11.906,19.209,0.026,0.0,0.0,0.0,0.0,0.0,534.0,2616.0,0.849,0,6,0,9.739,9.657,252,240,2,12,24,12,0,1920,0,0,0,0,0,0,0,0,0,0,184,0,0,0,1039,116,447,424,0,0,3,1.039
3997,12.958,19.209,0.026,0.0,0.0,0.0,0.0,0.0,534.0,2616.0,1.019,0,6,0,10.644,10.552,253,240,2,12,24,12,0,1920,0,0,0,0,0,0,0,0,0,0,184,0,0,0,1034,126,445,410,0,0,2,1.034
3998,12.932,19.209,0.026,0.0,0.0,0.0,0.0,0.0,534.0,2616.0,0.755,0,6,0,10.504,10.389,252,240,2,12,24,12,0,1920,0,0,0,0,0,0,0,0,0,0,184,0,0,0,989,116,410,407,0,0,3,0.989
3999,14.14,19.209,0.026,0.0,0.0,0.0,0.0,0.0,534.0,2616.0,0.882,0,6,0,11.956,11.86,254,240,2,12,24,12,0,1920,0,0,0,0,0,0,0,0,0,0,184,0,0,0,1014,119,452,387,0,0,2,1.014
4000,13.588,19.209,0.026,0.0,0.0,0.0,0.0,0.0,534.0,2616.0,0.873,0,6,0,10.94,10.794,253,240,2,12,24,12,0,1920,0,0,0,0,0,0,0,0,0,0,184,0,0,0,1308,141,642,461,0,0,3,1.308
4001,13.784,19.209,0.026,0.0,0.0,0.0,0.0,0.0,534.0,2616.0,0.687,0,6,0,11.187,11.092,253,240,2,12,24,12,0,1920,0,0,0,0,0,0,0,0,0,0,184,0,0,0,1286,300,462,455,0,0,2,1.286
4002,13.786,19.209,0.026,0.0,0.0,0.0,0.0,0.0,534.0,2616.0,0.724,0,6,0,11.056,10.964,253,240,2,12,24,12,0,1920,0,0,0,0,0,0,0,0,0,0,184,0,0,0,1231,120,438,535,0,0,3,1.231
4003,13.834,19.209,0.026,0.0,0.0,0.0,0.0,0.0,534.0,2616.0,0.794,0,6,0,11.423,11.302,253,240,2,12,24,12,0,1920,0,0,0,0,0,0,0,0,0,0,184,0,0,0,1107,125,491,432,0,0,3,1.107
4004,13.223,19.209,0.026,0.0,0.0,0.0,0.0,0.0,534.0,2616.0,0.717,0,6,0,10.837,10.739,252,240,2,12,24,12,0,1920,0,0,0,0,0,0,0,0,0,0,184,0,0,0,1197,184,464,478,0,0,3,1.197
4005,12.471,19.209,0.026,0.0,0.0,0.0,0.0,0.0,534.0,2616.0,0.723,0,6,0,10.33,10.19,253,240,2,12,24,12,0,1920,0,0,0,0,0,0,0,0,0,0,184,0,0,0,988,119,431,385,0,0,3,0.988
4006,12.909,19.209,0.026,0.0,0.0,0.0,0.0,0.0,534.0,2616.0,0.71,0,6,0,10.8,10.704,254,240,2,12,24,12,0,1920,0,0,0,0,0,0,0,0,0,0,184,0,0,0,996,119,410,416,0,0,3,0.996
4007,12.364,19.209,0.026,0.0,0.0,0.0,0.0,0.0,534.0,2616.0,0.845,0,6,0,10.126,9.983,254,240,2,12,24,12,0,1920,0,0,0,0,0,0,0,0,0,0,184,0,0,0,1086,142,440,444,0,0,3,1.086
4008,13.183,19.209,0.026,0.0,0.0,0.0,0.0,0.0,534.0,2616.0,0.698,0,6,0,10.573,10.453,252,240,2,12,24,12,0,1920,0,0,0,0,0,0,0,0,0,0,184,0,0,0,1329,147,594,519,0,0,3,1.329
4009,12.723,19.209,0.026,0.0,0.0,0.0,0.0,0.0,534.0,2616.0,0.69,0,6,0,10.628,10.541,252,240,2,12,24,12,0,1920,0,0,0,0,0,0,0,0,0,0,184,0,0,0,995,115,404,425,0,0,2,0.995
4010,13.313,19.209,0.026,0.0,0.0,0.0,0.0,0.0,534.0,2616.0,0.762,0,6,0,11.126,11.027,253,240,2,12,24,12,0,1920,0,0,0,0,0,0,0,0,0,0,184,0,0,0,1099,185,464,393,0,0,2,1.099
4011,12.187,19.209,0.026,0.0,0.0,0.0,0.0,0.0,534.0,2616.0,0.781,0,6,0,9.927,9.768,253,240,2,12,24,12,0,1920,0,0,0,0,0,0,0,0,0,0,184,0,0,0,1014,119,456,388,0,0,2,1.014
4012,13.563,19.209,0.026,0.0,0.0,0.0,0.0,0.0,534.0,2616.0,0.721,0,6,0,11.356,9.685,253,240,2,12,24,12,0,1920,0,0,0,0,0,0,0,0,0,0,184,0,0,0,1018,115,434,412,0,0,3,1.018
4013,12.592,19.209,0.026,0.0,0.0,0.0,0.0,0.0,534.0,2616.0,0.752,0,6,0,10.469,10.374,254,240,2,12,24,12,0,1920,0,0,0,0,0,0,0,0,0,0,184,0,0,0,986,124,414,376,0,0,2,0.986
4014,12.049,19.209,0.026,0.0,0.0,0.0,0.0,0.0,534.0,2616.0,0.718,0,6,0,9.928,9.836,253,240,2,12,24,12,0,1920,0,0,0,0,0,0,0,0,0,0,184,0,0,0,970,119,404,395,0,0,2,0.97
4015,11.986,19.209,0.026,0.0,0.0,0.0,0.0,0.0,534.0,2616.0,0.697,0,6,0,9.819,9.724,254,240,2,12,24,12,0,1920,0,0,0,0,0,0,0,0,0,0,184,0,0,0,1057,156,435,411,0,0,2,1.057
4016,12.052,19.209,0.026,0.0,0.0,0.0,0.0,0.0,534.0,2616.0,0.669,0,6,0,10.01,9.928,252,240,2,12,24,12,0,1920,0,0,0,0,0,0,0,0,0,0,184,0,0,0,959,112,418,379,0,0,2,0.959
4017,12.459,19.209,0.026,0.0,0.0,0.0,0.0,0.0,534.0,2616.0,0.699,0,6,0,10.314,10.237,252,240,2,12,24,12,0,1920,0,0,0,0,0,0,0,0,0,0,184,0,0,0,1079,140,436,422,0,0,2,1.079
4018,14.125,19.209,0.026,0.0,0.0,0.0,0.0,0.0,534.0,2616.0,0.736,0,6,0,11.996,11.907,253,240,2,12,24,12,0,1920,0,0,0,0,0,0,0,0,0,0,184,0,0,0,1023,136,424,408,0,0,3,1.023
4019,12.562,19.209,0.026,0.0,0.0,0.0,0.0,0.0,534.0,2616.0,0.723,0,6,0,10.336,10.208,254,240,2,12,24,12,0,1920,0,0,0,0,0,0,0,0,0,0,184,0,0,0,1102,138,461,444,0,0,3,1.102
4020,16.271,19.209,0.026,0.0,0.0,0.0,0.0,0.0,534.0,2616.0,1.184,0,6,0,13.735,13.641,253,240,2,12,24,12,0,1920,0,0,0,0,0,0,0,0,0,0,184,0,0,0,1386,176,593,532,0,0,4,1.386
4021,18.053,19.209,0.026,0.0,0.0,0.0,0.0,0.0,534.0,2616.0,0.899,0,6,0,15.006,14.871,254,240,2,12,24,12,0,1920,0,0,0,0,0,0,0,0,0,0,184,0,0,0,1355,183,546,553,0,0,3,1.355
4022,14.001,19.209,0.026,0.0,0.0,0.0,0.0,0.0,534.0,2616.0,0.675,0,6,0,11.558,11.443,253,240,2,12,24,12,0,1920,0,0,0,0,0,0,0,0,0,0,184,0,0,0,1009,145,400,415,0,0,2,1.009
4023,13.156,19.209,0.026,0.0,0.0,0.0,0.0,0.0,534.0,2616.0,0.698,0,6,0,10.951,10.861,253,240,2,12,24,12,0,1920,0,0,0,0,0,0,0,0,0,0,184,0,0,0,1065,149,457,402,0,0,3,1.065
4024,13.014,19.209,0.026,0.0,0.0,0.0,0.0,0.0,534.0,2616.0,0.622,0,6,0,10.795,10.671,253,240,2,12,24,12,0,1920,0,0,0,0,0,0,0,0,0,0,184,0,0,0,1110,143,459,434,0,0,2,1.11
4025,12.383,19.209,0.026,0.0,0.0,0.0,0.0,0.0,534.0,2616.0,0.751,0,6,0,10.359,10.278,252,240,2,12,24,12,0,1920,0,0,0,0,0,0,0,0,0,0,184,0,0,0,1008,130,434,380,0,0,3,1.008
4026,12.315,19.209,0.026,0.0,0.0,0.0,0.0,0.0,534.0,2616.0,0.883,0,6,0,10.03,9.936,253,240,2,12,24,12,0,1920,0,0,0,0,0,0,0,0,0,0,184,0,0,0,1108,117,542,398,0,0,3,1.108
4027,11.96,19.209,0.026,0.0,0.0,0.0,0.0,0.0,534.0,2616.0,0.704,0,6,0,9.726,9.628,254,240,2,12,24,12,0,1920,0,0,0,0,0,0,0,0,0,0,184,0,0,0,971,115,404,406,0,0,1,0.971
4028,11.822,19.209,0.026,0.0,0.0,0.0,0.0,0.0,534.0,2616.0,0.653,0,6,0,9.782,9.675,254,240,2,12,24,12,0,1920,0,0,0,0,0,0,0,0,0,0,184,0,0,0,974,116,429,379,0,0,2,0.974
4029,11.962,19.209,0.026,0.0,0.0,0.0,0.0,0.0,534.0,2616.0,0.784,0,6,0,9.865,9.785,252,240,2,12,24,12,0,1920,0,0,0,0,0,0,0,0,0,0,184,0,0,0,972,127,403,394,0,0,2,0.972
4030,11.913,19.209,0.026,0.0,0.0,0.0,0.0,0.0,534.0,2616.0,0.986,0,6,0,9.398,9.307,253,240,2,12,24,12,0,1920,0,0,0,0,0,0,0,0,0,0,184,0,0,0,1360,155,581,536,0,0,3,1.36
4031,12.641,19.209,0.026,0.0,0.0,0.0,0.0,0.0,534.0,2616.0,0.699,0,6,0,10.276,10.176,253,240,2,12,24,12,0,1920,0,0,0,0,0,0,0,0,0,0,184,0,0,0,982,118,424,390,0,0,3,0.982
4032,11.827,19.209,0.026,0.0,0.0,0.0,0.0,0.0,534.0,2616.0,0.73,0,6,0,9.805,9.684,253,240,2,12,24,12,0,1920,0,0,0,0,0,0,0,0,0,0,184,0,0,0,928,113,394,379,0,0,3,0.928
4033,11.741,19.209,0.026,0.0,0.0,0.0,0.0,0.0,534.0,2616.0,0.78,0,6,0,9.63,9.535,254,240,2,12,24,12,0,1920,0,0,0,0,0,0,0,0,0,0,184,0,0,0,975,115,426,386,0,0,1,0.975
4034,11.576,19.209,0.026,0.0,0.0,0.0,0.0,0.0,534.0,2616.0,0.644,0,6,0,9.475,9.37,254,240,2,12,24,12,0,1920,0,0,0,0,0,0,0,0,0,0,184,0,0,0,964,110,411,400,0,0,1,0.964
4035,11.941,19.209,0.026,0.0,0.0,0.0,0.0,0.0,534.0,2616.0,0.609,0,6,0,9.913,9.823,253,240,2,12,24,12,0,1920,0,0,0,0,0,0,0,0,0,0,184,0,0,0,974,115,404,407,0,0,2,0.974
4036,11.454,19.209,0.026,0.0,0.0,0.0,0.0,0.0,534.0,2616.0,1.218,0,6,0,9.519,9.402,253,240,2,12,24,12,0,1920,0,0,0,0,0,0,0,0,0,0,184,0,0,0,968,116,406,394,0,0,1,0.968
4037,12.358,19.209,0.026,0.0,0.0,0.0,0.0,0.0,534.0,2616.0,0.73,0,6,0,9.661,9.55,254,240,2,12,24,12,0,1920,0,0,0,0,0,0,0,0,0,0,184,0,0,0,985,143,417,378,0,0,2,0.985
4038,11.891,19.209,0.026,0.0,0.0,0.0,0.0,0.0,534.0,2616.0,1.042,0,6,0,9.838,9.755,253,240,2,12,24,12,0,1920,0,0,0,0,0,0,0,0,0,0,184,0,0,0,964,137,398,382,0,0,3,0.964
4039,13.106,19.209,0.026,0.0,0.0,0.0,0.0,0.0,534.0,2616.0,0.701,0,6,0,10.55,10.357,254,240,2,12,24,12,0,1920,0,0,0,0,0,0,0,0,0,0,184,0,0,0,1057,180,427,398,0,0,3,1.057
4040,14.54,19.209,0.026,0.0,0.0,0.0,0.0,0.0,534.0,2616.0,0.762,0,6,0,12.318,12.235,253,240,2,12,24,12,0,1920,0,0,0,0,0,0,0,0,0,0,184,0,0,0,1088,156,436,443,0,0,3,1.088
4041,11.796,19.209,0.026,0.0,0.0,0.0,0.0,0.0,534.0,2616.0,0.736,0,6,0,9.649,9.557,253,240,2,12,24,12,0,1920,0,0,0,0,0,0,0,0,0,0,184,0,0,0,1003,109,446,401,0,0,2,1.003
4042,12.37,31.755,0.079,0.0,0.0,0.0,0.0,0.0,534.0,2616.0,0.741,0,6,0,10.257,10.167,253,240,2,12,24,12,0,1920,0,0,0,0,0,0,0,0,0,0,184,0,0,0,1013,134,441,387,0,0,1,1.013
4043,12.841,31.755,0.079,0.0,0.0,0.0,0.0,0.0,534.0,2616.0,0.668,0,6,0,10.752,10.661,253,240,2,12,24,12,0,1920,0,0,0,0,0,0,0,0,0,0,184,0,0,0,975,117,426,380,0,0,2,0.975
4044,11.849,31.755,0.079,0.0,0.0,0.0,0.0,0.0,534.0,2616.0,0.692,0,6,0,9.827,9.738,253,240,2,12,24,12,0,1920,0,0,0,0,0,0,0,0,0,0,184,0,0,0,978,143,401,385,0,0,2,0.978
4045,12.769,31.755,0.079,0.0,0.0,0.0,0.0,0.0,534.0,2616.0,0.706,0,6,0,10.702,10.605,255,240,2,12,24,12,0,1920,0,0,0,0,0,0,0,0,0,0,184,0,0,0,986,110,442,382,0,0,2,0.986
4046,12.254,31.755,0.079,0.0,0.0,0.0,0.0,0.0,534.0,2616.0,0.757,0,6,0,10.159,10.064,254,240,2,12,24,12,0,1920,0,0,0,0,0,0,0,0,0,0,184,0,0,0,1004,111,401,419,0,0,3,1.004
4047,12.498,31.755,0.079,0.0,0.0,0.0,0.0,0.0,534.0,2616.0,0.675,0,6,0,10.317,10.214,253,240,2,12,24,12,0,1920,0,0,0,0,0,0,0,0,0,0,184,0,0,0,1023,136,450,383,0,0,3,1.023
4048,12.149,31.755,0.079,0.0,0.0,0.0,0.0,0.0,534.0,2616.0,0.668,0,6,0,10.022,9.931,254,240,2,12,24,12,0,1920,0,0,0,0,0,0,0,0,0,0,184,0,0,0,1066,122,436,449,0,0,3,1.066
4049,12.324,31.755,0.079,0.0,0.0,0.0,0.0,0.0,534.0,2616.0,0.657,0,6,0,10.227,10.142,252,240,2,12,24,12,0,1920,0,0,0,0,0,0,0,0,0,0,184,0,0,0,1009,138,412,388,0,0,2,1.009
4050,11.973,31.755,0.079,0.0,0.0,0.0,0.0,0.0,534.0,2616.0,1.029,0,6,0,9.841,9.749,253,240,2,12,24,12,0,1920,0,0,0,0,0,0,0,0,0,0,184,0,0,0,1086,153,454,425,0,0,3,1.086
4051,17.892,31.755,0.079,0.0,0.0,0.0,0.0,0.0,534.0,2616.0,0.923,0,6,0,15.025,14.886,254,240,2,12,24,12,0,1920,0,0,0,0,0,0,0,0,0,0,184,0,0,0,1359,184,576,516,0,0,2,1.359
4052,12.535,31.755,0.079,0.0,0.0,0.0,0.0,0.0,534.0,2616.0,0.787,0,6,0,10.157,10.036,253,240,2,12,24,12,0,1920,0,0,0,0,0,0,0,0,0,0,184,0,0,0,1026,110,421,450,0,0,2,1.026
4053,12.321,31.755,0.079,0.0,0.0,0.0,0.0,0.0,534.0,2616.0,0.941,0,6,0,10.076,9.974,254,240,2,12,24,12,0,1920,0,0,0,0,0,0,0,0,0,0,184,0,0,0,1049,121,460,416,0,0,2,1.049
4054,13.14,31.755,0.079,0.0,0.0,0.0,0.0,0.0,534.0,2616.0,0.657,0,6,0,10.67,10.547,255,240,2,12,24,12,0,1920,0,0,0,0,0,0,0,0,0,0,184,0,0,0,1032,119,433,393,0,0,2,1.032
4055,13.48,31.755,0.079,0.0,0.0,0.0,0.0,0.0,534.0,2616.0,0.696,0,6,0,11.467,9.778,253,240,2,12,24,12,0,1920,0,0,0,0,0,0,0,0,0,0,184,0,0,0,966,118,427,375,0,0,3,0.966
4056,11.664,31.755,0.079,0.0,0.0,0.0,0.0,0.0,534.0,2616.0,0.649,0,6,0,9.64,9.55,253,240,2,12,24,12,0,1920,0,0,0,0,0,0,0,0,0,0,184,0,0,0,973,137,405,381,0,0,3,0.973
4057,12.494,31.755,0.079,0.0,0.0,0.0,0.0,0.0,534.0,2616.0,0.812,0,6,0,10.482,10.389,254,240,2,12,24,12,0,1920,0,0,0,0,0,0,0,0,0,0,184,0,0,0,996,145,415,378,0,0,2,0.996
4058,11.583,31.755,0.079,0.0,0.0,0.0,0.0,0.0,534.0,2616.0,0.651,0,6,0,9.44,9.35,253,240,2,12,24,12,0,1920,0,0,0,0,0,0,0,0,0,0,184,0,0,0,974,115,428,384,0,0,2,0.974
4059,13.387,31.755,0.079,0.0,0.0,0.0,0.0,0.0,534.0,2616.0,0.656,0,6,0,9.391,9.308,253,240,2,12,24,12,0,1920,0,0,0,0,0,0,0,0,0,0,184,0,0,0,960,138,411,350,0,0,3,0.96
4060,11.152,31.755,0.079,0.0,0.0,0.0,0.0,0.0,534.0,2616.0,0.639,0,6,0,9.229,9.146,254,240,2,12,24,12,0,1920,0,0,0,0,0,0,0,0,0,0,184,0,0,0,898,112,391,351,0,0,2,0.898
4061,11.244,31.755,0.079,0.0,0.0,0.0,0.0,0.0,534.0,2616.0,0.596,0,6,0,9.252,9.157,254,240,2,12,24,12,0,1920,0,0,0,0,0,0,0,0,0,0,184,0,0,0,912,109,395,358,0,0,2,0.912
4062,10.579,31.755,0.079,0.0,0.0,0.0,0.0,0.0,534.0,2616.0,0.777,0,6,0,8.699,8.603,253,240,2,12,24,12,0,1920,0,0,0,0,0,0,0,0,0,0,184,0,0,0,945,142,369,384,0,0,2,0.945
4063,10.789,31.755,0.079,0.0,0.0,0.0,0.0,0.0,534.0,2616.0,0.638,0,6,0,8.779,8.68,255,240,2,12,24,12,0,1920,0,0,0,0,0,0,0,0,0,0,184,0,0,0,904,114,391,352,0,0,1,0.904
4064,10.212,31.755,0.079,0.0,0.0,0.0,0.0,0.0,534.0,2616.0,0.62,0,6,0,8.339,8.269,252,240,2,12,24,12,0,1920,0,0,0,0,0,0,0,0,0,0,184,0,0,0,890,140,359,353,0,0,3,0.89
4065,10.83,31.755,0.079,0.0,0.0,0.0,0.0,0.0,534.0,2616.0,0.643,0,6,0,8.908,8.832,253,240,2,12,24,12,0,1920,0,0,0,0,0,0,0,0,0,0,184,0,0,0,968,123,372,424,0,0,3,0.968
4066,11.776,31.755,0.079,0.0,0.0,0.0,0.0,0.0,534.0,2616.0,0.618,0,6,0,9.792,9.7,255,240,2,12,24,12,0,1920,0,0,0,0,0,0,0,0,0,0,184,0,0,0,957,123,402,355,0,0,27,0.957
4067,11.987,31.755,0.079,0.0,0.0,0.0,0.0,0.0,534.0,2616.0,0.791,0,6,0,9.954,9.858,254,240,2,12,24,12,0,1920,0,0,0,0,0,0,0,0,0,0,184,0,0,0,971,127,382,416,0,0,2,0.971
4068,11.309,31.755,0.079,0.0,0.0,0.0,0.0,0.0,534.0,2616.0,0.658,0,6,0,9.256,9.167,254,240,2,12,24,12,0,1920,0,0,0,0,0,0,0,0,0,0,184,0,0,0,894,109,392,346,0,0,1,0.894
4069,11.306,31.755,0.079,0.0,0.0,0.0,0.0,0.0,534.0,2616.0,0.559,0,6,0,9.348,9.268,253,240,2,12,24,12,0,1920,0,0,0,0,0,0,0,0,0,0,184,0,0,0,898,107,367,378,0,0,3,0.898
4070,12.164,31.755,0.079,0.0,0.0,0.0,0.0,0.0,534.0,2616.0,0.681,0,6,0,10.149,10.059,253,240,2,12,24,12,0,1920,0,0,0,0,0,0,0,0,0,0,184,0,0,0,1024,123,432,414,0,0,2,1.024
4071,12.181,31.755,0.079,0.0,0.0,0.0,0.0,0.0,534.0,2616.0,1.06,0,6,0,10.04,9.952,252,240,2,12,24,12,0,1920,0,0,0,0,0,0,0,0,0,0,184,0,0,0,1010,117,443,399,0,0,3,1.01
4072,13.14,31.755,0.079,0.0,0.0,0.0,0.0,0.0,534.0,2616.0,0.672,0,6,0,10.632,10.521,254,240,2,12,24,12,0,1920,0,0,0,0,0,0,0,0,0,0,184,0,0,0,1043,131,479,379,0,0,1,1.043
4073,13.395,31.755,0.079,0.0,0.0,0.0,0.0,0.0,534.0,2616.0,0.68,0,6,0,11.331,11.24,253,240,2,12,24,12,0,1920,0,0,0,0,0,0,0,0,0,0,184,0,0,0,1016,157,430,379,0,0,2,1.016
4074,12.32,31.755,0.079,0.0,0.0,0.0,0.0,0.0,534.0,2616.0,0.871,0,6,0,10.256,10.139,254,240,2,12,24,12,0,1920,0,0,0,0,0,0,0,0,0,0,184,0,0,0,979,120,395,409,0,0,2,0.979
4075,12.671,31.755,0.079,0.0,0.0,0.0,0.0,0.0,534.0,2616.0,0.944,0,6,0,10.323,10.218,255,240,2,12,24,12,0,1920,0,0,0,0,0,0,0,0,0,0,184,0,0,0,1066,131,472,411,0,0,3,1.066
4076,12.624,31.755,0.079,0.0,0.0,0.0,0.0,0.0,534.0,2616.0,0.688,0,6,0,10.207,10.06,255,240,2,12,24,12,0,1920,0,0,0,0,0,0,0,0,0,0,184,0,0,0,1000,121,444,377,0,0,2,1.0
4077,12.327,31.755,0.079,0.0,0.0,0.0,0.0,0.0,534.0,2616.0,0.823,0,6,0,10.16,10.079,252,240,2,12,24,12,0,1920,0,0,0,0,0,0,0,0,0,0,184,0,0,0,1074,129,442,447,0,0,2,1.074
4078,11.842,31.755,0.079,0.0,0.0,0.0,0.0,0.0,534.0,2616.0,0.791,0,6,0,9.6,9.459,254,240,2,12,24,12,0,1920,0,0,0,0,0,0,0,0,0,0,184,0,0,0,965,113,398,402,0,0,3,0.965
4079,11.94,31.755,0.079,0.0,0.0,0.0,0.0,0.0,534.0,2616.0,0.702,0,6,0,9.805,9.689,253,240,2,12,24,12,0,1920,0,0,0,0,0,0,0,0,0,0,184,0,0,0,975,116,396,415,0,0,1,0.975
4080,11.694,31.755,0.079,0.0,0.0,0.0,0.0,0.0,534.0,2616.0,0.787,0,6,0,9.604,9.513,254,240,2,12,24,12,0,1920,0,0,0,0,0,0,0,0,0,0,184,0,0,0,1034,125,464,391,0,0,3,1.034
4081,12.221,31.755,0.079,0.0,0.0,0.0,0.0,0.0,534.0,2616.0,0.665,0,6,0,10.091,9.908,253,240,2,12,24,12,0,1920,0,0,0,0,0,0,0,0,0,0,184,0,0,0,974,124,396,401,0,0,1,0.974
4082,11.924,31.755,0.079,0.0,0.0,0.0,0.0,0.0,534.0,2616.0,0.696,0,6,0,9.872,9.784,253,240,2,12,24,12,0,1920,0,0,0,0,0,0,0,0,0,0,184,0,0,0,991,117,436,388,0,0,1,0.991
4083,11.428,31.755,0.079,0.0,0.0,0.0,0.0,0.0,534.0,2616.0,0.686,0,6,0,9.247,9.126,253,240,2,12,24,12,0,1920,0,0,0,0,0,0,0,0,0,0,184,0,0,0,1037,127,436,403,0,0,3,1.037
4084,11.605,31.755,0.079,0.0,0.0,0.0,0.0,0.0,534.0,2616.0,0.791,0,6,0,9.559,9.463,254,240,2,12,24,12,0,1920,0,0,0,0,0,0,0,0,0,0,184,0,0,0,995,117,421,408,0,0,2,0.995
4085,11.799,31.755,0.079,0.0,0.0,0.0,0.0,0.0,534.0,2616.0,0.723,0,6,0,9.383,9.299,252,240,2,12,24,12,0,1920,0,0,0,0,0,0,0,0,0,0,184,0,0,0,1219,119,449,581,0,0,17,1.219
4086,12.291,31.755,0.079,0.0,0.0,0.0,0.0,0.0,534.0,2616.0,0.709,0,6,0,10.144,10.037,256,240,2,12,24,12,0,1920,0,0,0,0,0,0,0,0,0,0,184,0,0,0,1043,141,420,430,0,0,2,1.043
4087,11.584,31.755,0.079,0.0,0.0,0.0,0.0,0.0,534.0,2616.0,0.659,0,6,0,9.49,9.404,253,240,2,12,24,12,0,1920,0,0,0,0,0,0,0,0,0,0,184,0,0,0,1007,109,457,396,0,0,2,1.007
4088,14.946,31.755,0.079,0.0,0.0,0.0,0.0,0.0,534.0,2616.0,0.689,0,6,0,12.792,12.695,253,240,2,12,24,12,0,1920,0,0,0,0,0,0,0,0,0,0,184,0,0,0,1082,113,482,436,0,0,3,1.082
4089,12.253,31.755,0.079,0.0,0.0,0.0,0.0,0.0,534.0,2616.0,0.884,0,6,0,10.095,9.985,252,240,2,12,24,12,0,1920,0,0,0,0,0,0,0,0,0,0,184,0,0,0,1100,164,443,437,0,0,2,1.1
4090,12.164,31.755,0.079,0.0,0.0,0.0,0.0,0.0,534.0,2616.0,0.668,0,6,0,9.887,9.791,254,240,2,12,24,12,0,1920,0,0,0,0,0,0,0,0,0,0,184,0,0,0,975,123,425,377,0,0,3,0.975
4091,12.207,31.755,0.079,0.0,0.0,0.0,0.0,0.0,534.0,2616.0,0.819,0,6,0,10.101,10.017,253,240,2,12,24,12,0,1920,0,0,0,0,0,0,0,0,0,0,184,0,0,0,1083,114,404,513,0,0,3,1.083
4092,12.83,31.755,0.079,0.0,0.0,0.0,0.0,0.0,534.0,2616.0,0.714,0,6,0,10.501,10.4,254,240,2,12,24,12,0,1920,0,0,0,0,0,0,0,0,0,0,184,0,0,0,1072,118,458,429,0,0,2,1.072
4093,12.51,31.755,0.079,0.0,0.0,0.0,0.0,0.0,534.0,2616.0,0.74,0,6,0,10.383,10.292,253,240,2,12,24,12,0,1920,0,0,0,0,0,0,0,0,0,0,184,0,0,0,1002,126,430,400,0,0,3,1.002
4094,12.134,31.755,0.079,0.0,0.0,0.0,0.0,0.0,534.0,2616.0,0.657,0,6,0,10.007,9.883,254,240,2,12,24,12,0,1920,0,0,0,0,0,0,0,0,0,0,184,0,0,0,976,116,432,375,0,0,1,0.976
4095,12.474,31.755,0.079,0.0,0.0,0.0,0.0,0.0,534.0,2616.0,0.948,0,6,0,10.241,10.148,254,240,2,12,24,12,0,1920,0,0,0,0,0,0,0,0,0,0,184,0,0,0,1178,145,482,482,0,0,3,1.178
4096,13.091,31.755,0.079,0.0,0.0,0.0,0.0,0.0,534.0,2616.0,0.713,0,6,0,10.571,10.476,253,240,2,12,24,12,0,1920,0,0,0,0,0,0,0,0,0,0,184,0,0,0,1149,125,408,553,0,0,3,1.149
4097,12.726,31.755,0.079,0.0,0.0,0.0,0.0,0.0,534.0,2616.0,0.727,0,6,0,10.643,10.55,253,240,2,12,24,12,0,1920,0,0,0,0,0,0,0,0,0,0,184,0,0,0,974,120,394,409,0,0,2,0.974
4098,12.216,31.755,0.079,0.0,0.0,0.0,0.0,0.0,534.0,2616.0,0.701,0,6,0,10.061,9.965,254,240,2,12,24,12,0,1920,0,0,0,0,0,0,0,0,0,0,184,0,0,0,1018,138,435,387,0,0,2,1.018
4099,12.813,31.755,0.079,0.0,0.0,0.0,0.0,0.0,534.0,2616.0,0.657,0,6,0,10.773,10.663,255,240,2,12,24,12,0,1920,0,0,0,0,0,0,0,0,0,0,184,0,0,0,971,124,402,393,0,0,2,0.971
4100,12.186,31.755,0.079,0.0,0.0,0.0,0.0,0.0,534.0,2616.0,0.685,0,6,0,10.163,10.072,253,240,2,12,24,12,0,1920,0,0,0,0,0,0,0,0,0,0,184,0,0,0,981,115,416,398,0,0,1,0.981
4101,13.104,31.755,0.079,0.0,0.0,0.0,0.0,0.0,534.0,2616.0,0.782,0,6,0,11.019,9.374,254,240,2,12,24,12,0,1920,0,0,0,0,0,0,0,0,0,0,184,0,0,0,1033,128,454,397,0,0,2,1.033
4102,12.07,31.755,0.079,0.0,0.0,0.0,0.0,0.0,534.0,2616.0,0.77,0,6,0,9.798,9.704,253,240,2,12,24,12,0,1920,0,0,0,0,0,0,0,0,0,0,184,0,0,0,1121,295,406,375,0,0,3,1.121
4103,12.097,31.755,0.079,0.0,0.0,0.0,0.0,0.0,534.0,2616.0,0.719,0,6,0,9.991,9.9,253,240,2,12,24,12,0,1920,0,0,0,0,0,0,0,0,0,0,184,0,0,0,958,118,414,378,0,0,1,0.958
4104,12.253,31.755,0.079,0.0,0.0,0.0,0.0,0.0,534.0,2616.0,0.738,0,6,0,10.173,10.079,254,240,2,12,24,12,0,1920,0,0,0,0,0,0,0,0,0,0,184,0,0,0,990,117,408,414,0,0,2,0.99
4105,13.665,31.755,0.079,0.0,0.0,0.0,0.0,0.0,534.0,2616.0,0.666,0,6,0,11.596,11.506,253,240,2,12,24,12,0,1920,0,0,0,0,0,0,0,0,0,0,184,0,0,0,952,117,397,389,0,0,1,0.952
4106,12.044,31.755,0.079,0.0,0.0,0.0,0.0,0.0,534.0,2616.0,0.696,0,6,0,9.926,9.826,255,240,2,12,24,12,0,1920,0,0,0,0,0,0,0,0,0,0,184,0,0,0,1101,150,412,480,0,0,3,1.101
4107,12.123,31.755,0.079,0.0,0.0,0.0,0.0,0.0,534.0,2616.0,0.671,0,6,0,9.951,9.853,254,240,2,12,24,12,0,1920,0,0,0,0,0,0,0,0,0,0,184,0,0,0,1089,117,497,406,0,0,2,1.089
4108,11.808,31.755,0.079,0.0,0.0,0.0,0.0,0.0,534.0,2616.0,0.696,0,6,0,9.83,9.722,253,240,2,12,24,12,0,1920,0,0,0,0,0,0,0,0,0,0,184,0,0,0,939,117,398,373,0,0,2,0.939
4109,12.084,31.755,0.079,0.0,0.0,0.0,0.0,0.0,534.0,2616.0,0.883,0,6,0,9.803,9.71,254,240,2,12,24,12,0,1920,0,0,0,0,0,0,0,0,0,0,184,0,0,0,1200,153,498,477,0,0,3,1.2
4110,18.243,31.755,0.079,0.0,0.0,0.0,0.0,0.0,534.0,2616.0,1.124,0,6,0,15.339,15.219,253,240,2,12,24,12,0,1920,0,0,0,0,0,0,0,0,0,0,184,0,0,0,1462,172,655,556,0,0,4,1.462
4111,14.914,31.755,0.079,0.0,0.0,0.0,0.0,0.0,534.0,2616.0,0.591,0,6,0,12.372,12.24,253,240,2,12,24,12,0,1920,0,0,0,0,0,0,0,0,0,0,184,0,0,0,941,111,414,368,0,0,2,0.941
4112,11.298,31.755,0.079,0.0,0.0,0.0,0.0,0.0,534.0,2616.0,0.619,0,6,0,9.408,9.313,254,240,2,12,24,12,0,1920,0,0,0,0,0,0,0,0,0,0,184,0,0,0,944,112,391,387,0,0,2,0.944
4113,11.551,31.755,0.079,0.0,0.0,0.0,0.0,0.0,534.0,2616.0,0.56,0,6,0,9.502,9.407,254,240,2,12,24,12,0,1920,0,0,0,0,0,0,0,0,0,0,184,0,0,0,910,115,393,355,0,0,2,0.91
4114,11.891,31.755,0.079,0.0,0.0,0.0,0.0,0.0,534.0,2616.0,0.701,0,6,0,9.926,9.831,255,240,2,12,24,12,0,1920,0,0,0,0,0,0,0,0,0,0,184,0,0,0,1034,138,412,388,0,0,2,1.034
4115,12.438,31.755,0.079,0.0,0.0,0.0,0.0,0.0,534.0,2616.0,0.779,0,6,0,9.873,9.783,253,240,2,12,24,12,0,1920,0,0,0,0,0,0,0,0,0,0,184,0,0,0,1497,120,703,586,0,0,2,1.497
4116,16.975,31.755,0.079,0.0,0.0,0.0,0.0,0.0,534.0,2616.0,1.1,0,6,0,14.051,13.957,253,240,2,12,24,12,0,1920,0,0,0,0,0,0,0,0,0,0,184,0,0,0,1770,138,556,993,0,0,4,1.77
4117,16.543,31.755,0.079,0.0,0.0,0.0,0.0,0.0,534.0,2616.0,1.008,0,6,0,13.65,13.518,253,240,2,12,24,12,0,1920,0,0,0,0,0,0,0,0,0,0,184,0,0,0,1260,180,541,464,0,0,3,1.26
4118,16.438,31.755,0.079,0.0,0.0,0.0,0.0,0.0,534.0,2616.0,0.967,0,6,0,13.497,13.363,255,240,2,12,24,12,0,1920,0,0,0,0,0,0,0,0,0,0,184,0,0,0,1362,197,542,542,0,0,5,1.362
4119,16.836,31.755,0.079,0.0,0.0,0.0,0.0,0.0,534.0,2616.0,0.963,0,6,0,13.906,13.772,254,240,2,12,24,12,0,1920,0,0,0,0,0,0,0,0,0,0,184,0,0,0,1402,165,661,500,0,0,3,1.402
4120,17.247,31.755,0.079,0.0,0.0,0.0,0.0,0.0,534.0,2616.0,0.937,0,6,0,14.426,14.303,254,240,2,12,24,12,0,1920,0,0,0,0,0,0,0,0,0,0,184,0,0,0,1285,162,521,529,0,0,4,1.285
4121,15.625,17.871,0.043,0.0,0.0,0.0,0.0,0.0,534.0,2616.0,0.785,0,6,0,13.071,12.95,253,240,2,12,24,12,0,1920,0,0,0,0,0,0,0,0,0,0,184,0,0,0,1009,139,411,403,0,0,3,1.009
4122,15.605,17.871,0.043,0.0,0.0,0.0,0.0,0.0,534.0,2616.0,0.85,0,6,0,12.976,12.839,253,240,2,12,24,12,0,1920,0,0,0,0,0,0,0,0,0,0,184,0,0,0,1315,206,522,517,0,0,3,1.315
4123,15.096,17.871,0.043,0.0,0.0,0.0,0.0,0.0,534.0,2616.0,0.908,0,6,0,12.451,12.309,253,240,2,12,24,12,0,1920,0,0,0,0,0,0,0,0,0,0,184,0,0,0,1302,149,565,516,0,0,4,1.302
4124,15.991,17.871,0.043,0.0,0.0,0.0,0.0,0.0,534.0,2616.0,0.91,0,6,0,13.227,13.104,254,240,2,12,24,12,0,1920,0,0,0,0,0,0,0,0,0,0,184,0,0,0,1316,162,573,503,0,0,3,1.316
4125,16.301,17.871,0.043,0.0,0.0,0.0,0.0,0.0,534.0,2616.0,0.741,0,6,0,13.523,13.386,254,240,2,12,24,12,0,1920,0,0,0,0,0,0,0,0,0,0,184,0,0,0,1323,162,527,562,0,0,3,1.323
4126,15.94,17.871,0.043,0.0,0.0,0.0,0.0,0.0,534.0,2616.0,0.938,0,6,0,13.47,13.307,255,240,2,12,24,12,0,1920,0,0,0,0,0,0,0,0,0,0,184,0,0,0,1261,210,526,462,0,0,4,1.261
4127,15.567,17.871,0.043,0.0,0.0,0.0,0.0,0.0,534.0,2616.0,0.852,0,6,0,12.771,12.643,253,240,2,12,24,12,0,1920,0,0,0,0,0,0,0,0,0,0,184,0,0,0,1254,151,540,495,0,0,3,1.254
4128,14.95,17.871,0.043,0.0,0.0,0.0,0.0,0.0,534.0,2616.0,1.048,0,6,0,12.319,12.198,253,240,2,12,24,12,0,1920,0,0,0,0,0,0,0,0,0,0,184,0,0,0,1187,146,520,457,0,0,4,1.187
4129,14.865,17.871,0.043,0.0,0.0,0.0,0.0,0.0,534.0,2616.0,0.934,0,6,0,12.013,11.876,253,240,2,12,24,12,0,1920,0,0,0,0,0,0,0,0,0,0,184,0,0,0,1210,165,520,452,0,0,4,1.21
4130,15.797,17.871,0.043,0.0,0.0,0.0,0.0,0.0,534.0,2616.0,0.957,0,6,0,13.069,12.94,254,240,2,12,24,12,0,1920,0,0,0,0,0,0,0,0,0,0,184,0,0,0,1236,192,489,488,0,0,3,1.236
4131,15.481,17.871,0.043,0.0,0.0,0.0,0.0,0.0,534.0,2616.0,0.912,0,6,0,12.662,12.522,255,240,2,12,24,12,0,1920,0,0,0,0,0,0,0,0,0,0,184,0,0,0,1310,207,518,517,0,0,4,1.31
4132,15.938,17.871,0.043,0.0,0.0,0.0,0.0,0.0,534.0,2616.0,0.993,0,6,0,13.142,13.008,253,240,2,12,24,12,0,1920,0,0,0,0,0,0,0,0,0,0,184,0,0,0,1328,203,529,475,0,0,4,1.328
4133,16.132,17.871,0.043,0.0,0.0,0.0,0.0,0.0,534.0,2616.0,0.991,0,6,0,13.345,13.184,254,240,2,12,24,12,0,1920,0,0,0,0,0,0,0,0,0,0,184,0,0,0,1218,158,504,487,0,0,3,1.218
4134,16.273,17.871,0.043,0.0,0.0,0.0,0.0,0.0,534.0,2616.0,0.98,0,6,0,13.463,13.306,254,240,2,12,24,12,0,1920,0,0,0,0,0,0,0,0,0,0,184,0,0,0,1229,163,524,473,0,0,5,1.229
4135,16.304,17.871,0.043,0.0,0.0,0.0,0.0,0.0,534.0,2616.0,0.959,0,6,0,13.418,13.305,252,240,2,12,24,12,0,1920,0,0,0,0,0,0,0,0,0,0,184,0,0,0,1312,194,525,516,0,0,5,1.312
4136,15.913,17.871,0.043,0.0,0.0,0.0,0.0,0.0,534.0,2616.0,0.919,0,6,0,13.261,13.13,254,240,2,12,24,12,0,1920,0,0,0,0,0,0,0,0,0,0,184,0,0,0,1210,175,519,448,0,0,5,1.21
4137,15.399,17.871,0.043,0.0,0.0,0.0,0.0,0.0,534.0,2616.0,0.886,0,6,0,12.675,12.558,253,240,2,12,24,12,0,1920,0,0,0,0,0,0,0,0,0,0,184,0,0,0,1247,202,498,476,0,0,5,1.247
4138,14.723,17.871,0.043,0.0,0.0,0.0,0.0,0.0,534.0,2616.0,0.982,0,6,0,12.046,11.921,254,240,2,12,24,12,0,1920,0,0,0,0,0,0,0,0,0,0,184,0,0,0,1224,147,517,491,0,0,4,1.224
4139,15.756,17.871,0.043,0.0,0.0,0.0,0.0,0.0,534.0,2616.0,0.948,0,6,0,12.995,12.86,255,240,2,12,24,12,0,1920,0,0,0,0,0,0,0,0,0,0,184,0,0,0,1288,164,536,481,0,0,3,1.288
4140,15.544,17.871,0.043,0.0,0.0,0.0,0.0,0.0,534.0,2616.0,0.912,0,6,0,12.904,12.779,253,240,2,12,24,12,0,1920,0,0,0,0,0,0,0,0,0,0,184,0,0,0,1216,151,512,491,0,0,3,1.216
4141,15.767,17.871,0.043,0.0,0.0,0.0,0.0,0.0,534.0,2616.0,0.885,0,6,0,13.102,13.002,252,240,2,12,24,12,0,1920,0,0,0,0,0,0,0,0,0,0,184,0,0,0,1199,151,512,464,0,0,4,1.199
4142,14.859,17.871,0.043,0.0,0.0,0.0,0.0,0.0,534.0,2616.0,0.903,0,6,0,12.201,12.079,254,240,2,12,24,12,0,1920,0,0,0,0,0,0,0,0,0,0,184,0,0,0,1204,143,519,467,0,0,3,1.204
4143,14.372,17.871,0.043,0.0,0.0,0.0,0.0,0.0,534.0,2616.0,0.865,0,6,0,11.639,11.519,253,240,2,12,24,12,0,1920,0,0,0,0,0,0,0,0,0,0,184,0,0,0,1284,188,554,476,0,0,3,1.284
4144,13.966,17.871,0.043,0.0,0.0,0.0,0.0,0.0,534.0,2616.0,0.723,0,6,0,11.646,11.526,253,240,2,12,24,12,0,1920,0,0,0,0,0,0,0,0,0,0,184,0,0,0,988,135,400,398,0,0,2,0.988
4145,14.084,17.871,0.043,0.0,0.0,0.0,0.0,0.0,534.0,2616.0,0.869,0,6,0,11.888,11.757,255,240,2,12,24,12,0,1920,0,0,0,0,0,0,0,0,0,0,184,0,0,0,1028,124,425,427,0,0,3,1.028
4146,13.808,17.871,0.043,0.0,0.0,0.0,0.0,0.0,534.0,2616.0,0.628,0,6,0,11.613,11.453,255,240,2,12,24,12,0,1920,0,0,0,0,0,0,0,0,0,0,184,0,0,0,914,113,399,353,0,0,2,0.914
4147,11.831,17.871,0.043,0.0,0.0,0.0,0.0,0.0,534.0,2616.0,0.726,0,6,0,9.815,9.736,252,240,2,12,24,12,0,1920,0,0,0,0,0,0,0,0,0,0,184,0,0,0,986,122,413,397,0,0,2,0.986
4148,12.492,17.871,0.043,0.0,0.0,0.0,0.0,0.0,534.0,2616.0,0.753,0,6,0,9.691,9.601,253,240,2,12,24,12,0,1920,0,0,0,0,0,0,0,0,0,0,184,0,0,0,1642,170,646,704,0,0,4,1.642
4149,11.635,17.871,0.043,0.0,0.0,0.0,0.0,0.0,534.0,2616.0,0.77,0,6,0,9.539,9.442,253,240,2,12,24,12,0,1920,0,0,0,0,0,0,0,0,0,0,184,0,0,0,973,108,412,378,0,0,1,0.973
4150,19.033,17.871,0.043,0.0,0.0,0.0,0.0,0.0,534.0,2616.0,1.028,0,6,0,16.325,16.224,254,240,2,12,24,12,0,1920,0,0,0,0,0,0,0,0,0,0,184,0,0,0,1396,174,597,550,0,0,3,1.396
4151,19.738,17.871,0.043,0.0,0.0,0.0,0.0,0.0,534.0,2616.0,1.099,0,6,0,16.674,14.374,255,240,2,12,24,12,0,1920,0,0,0,0,0,0,0,0,0,0,184,0,0,0,1495,167,716,536,0,0,4,1.495
4152,18.304,17.871,0.043,0.0,0.0,0.0,0.0,0.0,534.0,2616.0,1.111,0,6,0,15.165,15.052,253,240,2,12,24,12,0,1920,0,0,0,0,0,0,0,0,0,0,184,0,0,0,1433,171,640,531,0,0,3,1.433
4153,18.121,17.871,0.043,0.0,0.0,0.0,0.0,0.0,534.0,2616.0,1.4,0,6,0,14.923,14.746,254,240,2,12,24,12,0,1920,0,0,0,0,0,0,0,0,0,0,184,0,0,0,1372,248,561,483,0,0,4,1.372
4154,17.82,17.871,0.043,0.0,0.0,0.0,0.0,0.0,534.0,2616.0,1.248,0,6,0,14.661,14.522,254,240,2,12,24,12,0,1920,0,0,0,0,0,0,0,0,0,0,184,0,0,0,1253,139,550,495,0,0,3,1.253
4155,17.749,17.871,0.043,0.0,0.0,0.0,0.0,0.0,534.0,2616.0,0.93,0,6,0,14.608,14.471,253,240,2,12,24,12,0,1920,0,0,0,0,0,0,0,0,0,0,184,0,0,0,1381,171,615,527,0,0,3,1.381
4156,17.603,17.871,0.043,0.0,0.0,0.0,0.0,0.0,534.0,2616.0,1.073,0,6,0,14.686,14.572,252,240,2,12,24,12,0,1920,0,0,0,0,0,0,0,0,0,0,184,0,0,0,1394,172,585,558,0,0,3,1.394
4157,19.579,17.871,0.043,0.0,0.0,0.0,0.0,0.0,534.0,2616.0,1.036,0,6,0,16.437,16.3,255,240,2,12,24,12,0,1920,0,0,0,0,0,0,0,0,0,0,184,0,0,0,1482,222,576,494,0,0,3,1.482
4158,17.616,17.871,0.043,0.0,0.0,0.0,0.0,0.0,534.0,2616.0,0.849,0,6,0,14.939,14.776,253,240,2,12,24,12,0,1920,0,0,0,0,0,0,0,0,0,0,184,0,0,0,1148,141,504,439,0,0,3,1.148
4159,15.202,17.871,0.043,0.0,0.0,0.0,0.0,0.0,534.0,2616.0,0.721,0,6,0,12.285,12.14,253,240,2,12,24,12,0,1920,0,0,0,0,0,0,0,0,0,0,184,0,0,0,1551,144,449,889,0,0,5,1.551
4160,13.977,17.871,0.043,0.0,0.0,0.0,0.0,0.0,534.0,2616.0,0.619,0,6,0,11.477,11.254,255,240,2,12,24,12,0,1920,0,0,0,0,0,0,0,0,0,0,184,0,0,0,1309,120,460,607,0,0,3,1.309
4161,16.947,17.871,0.043,0.0,0.0,0.0,0.0,0.0,534.0,2616.0,0.837,0,6,0,14.456,14.254,253,240,2,12,24,12,0,1920,0,0,0,0,0,0,0,0,0,0,184,0,0,0,1404,163,601,571,0,0,4,1.404
4162,16.305,17.871,0.043,0.0,0.0,0.0,0.0,0.0,534.0,2616.0,0.925,0,6,0,13.443,13.333,252,240,2,12,24,12,0,1920,0,0,0,0,0,0,0,0,0,0,184,0,0,0,1489,212,616,549,0,0,3,1.489
4163,16.358,17.871,0.043,0.0,0.0,0.0,0.0,0.0,534.0,2616.0,0.915,0,6,0,13.477,13.35,254,240,2,12,24,12,0,1920,0,0,0,0,0,0,0,0,0,0,184,0,0,0,1417,171,623,555,0,0,3,1.417
4164,16.804,17.871,0.043,0.0,0.0,0.0,0.0,0.0,534.0,2616.0,1.107,0,6,0,13.899,13.72,255,240,2,12,24,12,0,1920,0,0,0,0,0,0,0,0,0,0,184,0,0,0,1402,160,581,587,0,0,3,1.402
4165,16.807,17.871,0.043,0.0,0.0,0.0,0.0,0.0,534.0,2616.0,0.845,0,6,0,13.689,13.453,253,240,2,12,24,12,0,1920,0,0,0,0,0,0,0,0,0,0,184,0,0,0,1454,196,609,580,0,0,3,1.454
4166,17.673,17.871,0.043,0.0,0.0,0.0,0.0,0.0,534.0,2616.0,0.841,0,6,0,14.801,14.674,254,240,2,12,24,12,0,1920,0,0,0,0,0,0,0,0,0,0,184,0,0,0,1478,173,619,616,0,0,3,1.478
4167,17.004,17.871,0.043,0.0,0.0,0.0,0.0,0.0,534.0,2616.0,0.837,0,6,0,14.136,13.993,253,240,2,12,24,12,0,1920,0,0,0,0,0,0,0,0,0,0,184,0,0,0,1488,160,642,580,0,0,3,1.488
4168,17.574,17.871,0.043,0.0,0.0,0.0,0.0,0.0,534.0,2616.0,1.057,0,6,0,14.487,14.35,253,240,2,12,24,12,0,1920,0,0,0,0,0,0,0,0,0,0,184,0,0,0,1684,221,714,651,0,0,4,1.684
4169,17.975,17.871,0.043,0.0,0.0,0.0,0.0,0.0,534.0,2616.0,1.058,0,6,0,14.735,14.599,254,240,2,12,24,12,0,1920,0,0,0,0,0,0,0,0,0,0,184,0,0,0,1524,214,636,597,0,0,4,1.524
4170,16.767,17.871,0.043,0.0,0.0,0.0,0.0,0.0,534.0,2616.0,1.073,0,6,0,13.848,13.734,252,240,2,12,24,12,0,1920,0,0,0,0,0,0,0,0,0,0,184,0,0,0,1286,167,557,500,0,0,3,1.286
4171,16.79,17.871,0.043,0.0,0.0,0.0,0.0,0.0,534.0,2616.0,1.009,0,6,0,13.801,13.679,253,240,2,12,24,12,0,1920,0,0,0,0,0,0,0,0,0,0,184,0,0,0,1334,180,587,497,0,0,5,1.334
4172,16.395,17.871,0.043,0.0,0.0,0.0,0.0,0.0,534.0,2616.0,0.968,0,6,0,13.439,13.298,255,240,2,12,24,12,0,1920,0,0,0,0,0,0,0,0,0,0,184,0,0,0,1372,164,594,547,0,0,4,1.372
4173,16.481,17.871,0.043,0.0,0.0,0.0,0.0,0.0,534.0,2616.0,1.016,0,6,0,13.576,13.457,253,240,2,12,24,12,0,1920,0,0,0,0,0,0,0,0,0,0,184,0,0,0,1412,168,552,619,0,0,4,1.412
4174,16.613,17.871,0.043,0.0,0.0,0.0,0.0,0.0,534.0,2616.0,1.018,0,6,0,13.505,13.379,253,240,2,12,24,12,0,1920,0,0,0,0,0,0,0,0,0,0,184,0,0,0,1459,187,635,562,0,0,2,1.459
4175,17.489,17.871,0.043,0.0,0.0,0.0,0.0,0.0,534.0,2616.0,1.069,0,6,0,14.493,14.36,254,240,2,12,24,12,0,1920,0,0,0,0,0,0,0,0,0,0,184,0,0,0,1450,167,588,622,0,0,3,1.45
4176,17.586,17.871,0.043,0.0,0.0,0.0,0.0,0.0,534.0,2616.0,1.011,0,6,0,14.651,14.491,253,240,2,12,24,12,0,1920,0,0,0,0,0,0,0,0,0,0,184,0,0,0,1311,162,590,491,0,0,4,1.311
4177,17.042,17.871,0.043,0.0,0.0,0.0,0.0,0.0,534.0,2616.0,1.547,0,6,0,13.914,13.695,255,240,2,12,24,12,0,1920,0,0,0,0,0,0,0,0,0,0,184,0,0,0,1481,232,619,555,0,0,3,1.481
4178,18.528,17.871,0.043,0.0,0.0,0.0,0.0,0.0,534.0,2616.0,1.143,0,6,0,14.958,14.814,254,240,2,12,24,12,0,1920,0,0,0,0,0,0,0,0,0,0,184,0,0,0,1458,178,664,538,0,0,4,1.458
4179,18.122,17.871,0.043,0.0,0.0,0.0,0.0,0.0,534.0,2616.0,1.052,0,6,0,14.956,14.82,253,240,2,12,24,12,0,1920,0,0,0,0,0,0,0,0,0,0,184,0,0,0,1473,210,626,558,0,0,4,1.473
4180,18.619,17.871,0.043,0.0,0.0,0.0,0.0,0.0,534.0,2616.0,0.931,0,6,0,15.593,14.954,253,240,2,12,24,12,0,1920,0,0,0,0,0,0,0,0,0,0,184,0,0,0,1457,195,581,605,0,0,3,1.457
4181,17.864,17.871,0.043,0.0,0.0,0.0,0.0,0.0,534.0,2616.0,1.118,0,6,0,14.96,14.818,254,240,2,12,24,12,0,1920,0,0,0,0,0,0,0,0,0,0,184,0,0,0,1401,171,583,577,0,0,3,1.401
4182,18.33,17.871,0.043,0.0,0.0,0.0,0.0,0.0,534.0,2616.0,1.012,0,6,0,15.166,15.044,252,240,2,12,24,12,0,1920,0,0,0,0,0,0,0,0,0,0,184,0,0,0,1495,170,676,567,0,0,3,1.495
4183,18.069,19.626,0.056,0.0,0.0,0.0,0.0,0.0,534.0,2616.0,1.01,0,6,0,15.141,14.985,255,240,2,12,24,12,0,1920,0,0,0,0,0,0,0,0,0,0,184,0,0,0,1371,215,574,487,0,0,5,1.371
4184,19.284,19.626,0.056,0.0,0.0,0.0,0.0,0.0,534.0,2616.0,1.11,0,6,0,16.206,16.062,255,240,2,12,24,12,0,1920,0,0,0,0,0,0,0,0,0,0,184,0,0,0,1400,173,611,532,0,0,4,1.4
4185,18.915,19.626,0.056,0.0,0.0,0.0,0.0,0.0,534.0,2616.0,1.038,0,6,0,15.624,15.443,254,240,2,12,24,12,0,1920,0,0,0,0,0,0,0,0,0,0,184,0,0,0,1597,232,608,664,0,0,4,1.597
4186,15.228,19.626,0.056,0.0,0.0,0.0,0.0,0.0,534.0,2616.0,0.796,0,6,0,12.671,12.551,252,240,2,12,24,12,0,1920,0,0,0,0,0,0,0,0,0,0,184,0,0,0,1019,116,402,445,0,0,3,1.019
4187,15.492,19.626,0.056,0.0,0.0,0.0,0.0,0.0,534.0,2616.0,1.073,0,6,0,12.792,12.687,254,240,2,12,24,12,0,1920,0,0,0,0,0,0,0,0,0,0,184,0,0,0,1415,174,603,565,0,0,5,1.415
4188,18.252,19.626,0.056,0.0,0.0,0.0,0.0,0.0,534.0,2616.0,1.076,0,6,0,15.211,15.092,252,240,2,12,24,12,0,1920,0,0,0,0,0,0,0,0,0,0,184,0,0,0,1354,181,595,498,0,0,4,1.354
4189,18.16,19.626,0.056,0.0,0.0,0.0,0.0,0.0,534.0,2616.0,0.998,0,6,0,15.15,14.998,254,240,2,12,24,12,0,1920,0,0,0,0,0,0,0,0,0,0,184,0,0,0,1300,205,494,525,0,0,3,1.3
4190,13.994,19.626,0.056,0.0,0.0,0.0,0.0,0.0,534.0,2616.0,0.728,0,6,0,11.514,11.382,253,240,2,12,24,12,0,1920,0,0,0,0,0,0,0,0,0,0,184,0,0,0,990,120,395,421,0,0,2,0.99
4191,11.693,19.626,0.056,0.0,0.0,0.0,0.0,0.0,534.0,2616.0,0.651,0,6,0,9.623,9.518,255,240,2,12,24,12,0,1920,0,0,0,0,0,0,0,0,0,0,184,0,0,0,970,109,422,393,0,0,3,0.97
4192,12.538,19.626,0.056,0.0,0.0,0.0,0.0,0.0,534.0,2616.0,0.707,0,6,0,10.571,10.469,253,240,2,12,24,12,0,1920,0,0,0,0,0,0,0,0,0,0,184,0,0,0,931,148,380,361,0,0,1,0.931
4193,12.036,19.626,0.056,0.0,0.0,0.0,0.0,0.0,534.0,2616.0,0.656,0,6,0,10.033,9.928,255,240,2,12,24,12,0,1920,0,0,0,0,0,0,0,0,0,0,184,0,0,0,912,131,386,352,0,0,1,0.912
4194,11.834,19.626,0.056,0.0,0.0,0.0,0.0,0.0,534.0,2616.0,0.773,0,6,0,9.784,9.707,252,240,2,12,24,12,0,1920,0,0,0,0,0,0,0,0,0,0,184,0,0,0,1012,117,403,438,0,0,1,1.012
4195,13.666,19.626,0.056,0.0,0.0,0.0,0.0,0.0,534.0,2616.0,1.463,0,6,0,9.835,9.739,254,240,2,12,24,12,0,1920,0,0,0,0,0,0,0,0,0,0,184,0,0,0,2660,673,955,852,0,0,4,2.66
4196,15.217,19.626,0.056,0.0,0.0,0.0,0.0,0.0,534.0,2616.0,0.688,0,6,0,12.321,12.215,253,240,2,12,24,12,0,1920,0,0,0,0,0,0,0,0,0,0,184,0,0,0,983,120,399,408,0,0,2,0.983
4197,13.282,19.626,0.056,0.0,0.0,0.0,0.0,0.0,534.0,2616.0,1.195,0,6,0,11.006,10.909,254,240,2,12,24,12,0,1920,0,0,0,0,0,0,0,0,0,0,184,0,0,0,1146,220,495,374,0,0,3,1.146
4198,13.593,19.626,0.056,0.0,0.0,0.0,0.0,0.0,534.0,2616.0,0.904,0,6,0,10.971,10.873,252,240,2,12,24,12,0,1920,0,0,0,0,0,0,0,0,0,0,184,0,0,0,958,138,399,366,0,0,2,0.958
4199,14.83,19.626,0.056,0.0,0.0,0.0,0.0,0.0,534.0,2616.0,0.902,0,6,0,11.831,11.727,255,240,2,12,24,12,0,1920,0,0,0,0,0,0,0,0,0,0,184,0,0,0,1582,136,623,660,0,0,3,1.582
4200,12.334,19.626,0.056,0.0,0.0,0.0,0.0,0.0,534.0,2616.0,0.7,0,6,0,9.985,9.89,253,240,2,12,24,12,0,1920,0,0,0,0,0,0,0,0,0,0,184,0,0,0,998,123,434,385,0,0,1,0.998
4201,11.828,19.626,0.056,0.0,0.0,0.0,0.0,0.0,534.0,2616.0,0.731,0,6,0,9.728,9.647,252,240,2,12,24,12,0,1920,0,0,0,0,0,0,0,0,0,0,184,0,0,0,987,119,400,412,0,0,4,0.987
4202,12.628,19.626,0.056,0.0,0.0,0.0,0.0,0.0,534.0,2616.0,0.819,0,6,0,10.242,10.147,254,240,2,12,24,12,0,1920,0,0,0,0,0,0,0,0,0,0,184,0,0,0,1244,118,521,555,0,0,3,1.244
4203,14.429,19.626,0.056,0.0,0.0,0.0,0.0,0.0,534.0,2616.0,0.772,0,6,0,11.457,11.365,253,240,2,12,24,12,0,1920,0,0,0,0,0,0,0,0,0,0,184,0,0,0,1675,120,1054,440,0,0,3,1.675
4204,13.105,19.626,0.056,0.0,0.0,0.0,0.0,0.0,534.0,2616.0,0.727,0,6,0,10.702,10.612,252,240,2,12,24,12,0,1920,0,0,0,0,0,0,0,0,0,0,184,0,0,0,1091,119,408,511,0,0,3,1.091
4205,12.581,19.626,0.056,0.0,0.0,0.0,0.0,0.0,534.0,2616.0,0.666,0,6,0,10.443,10.344,254,240,2,12,24,12,0,1920,0,0,0,0,0,0,0,0,0,0,184,0,0,0,989,119,408,411,0,0,3,0.989
4206,13.606,19.626,0.056,0.0,0.0,0.0,0.0,0.0,534.0,2616.0,0.81,0,6,0,11.554,9.812,254,240,2,12,24,12,0,1920,0,0,0,0,0,0,0,0,0,0,184,0,0,0,1015,116,452,395,0,0,2,1.015
4207,18.215,19.626,0.056,0.0,0.0,0.0,0.0,0.0,534.0,2616.0,0.82,0,6,0,15.933,15.841,253,240,2,12,24,12,0,1920,0,0,0,0,0,0,0,0,0,0,184,0,0,0,1017,143,402,419,0,0,4,1.017
4208,14.574,19.626,0.056,0.0,0.0,0.0,0.0,0.0,534.0,2616.0,0.935,0,6,0,11.609,11.446,255,240,2,12,24,12,0,1920,0,0,0,0,0,0,0,0,0,0,184,0,0,0,1733,254,538,785,0,0,4,1.733
4209,16.224,19.626,0.056,0.0,0.0,0.0,0.0,0.0,534.0,2616.0,0.751,0,6,0,13.643,13.544,253,240,2,12,24,12,0,1920,0,0,0,0,0,0,0,0,0,0,184,0,0,0,1228,137,430,407,0,0,3,1.228
4210,13.58,19.626,0.056,0.0,0.0,0.0,0.0,0.0,534.0,2616.0,0.745,0,6,0,10.311,10.21,254,240,2,12,24,12,0,1920,0,0,0,0,0,0,0,0,0,0,184,0,0,0,1109,119,414,491,0,0,2,1.109
4211,19.505,19.626,0.056,0.0,0.0,0.0,0.0,0.0,534.0,2616.0,0.7,0,6,0,17.393,17.292,254,240,2,12,24,12,0,1920,0,0,0,0,0,0,0,0,0,0,184,0,0,0,978,151,397,379,0,0,2,0.978
4212,12.81,19.626,0.056,0.0,0.0,0.0,0.0,0.0,534.0,2616.0,0.749,0,6,0,10.771,10.692,252,240,2,12,24,12,0,1920,0,0,0,0,0,0,0,0,0,0,184,0,0,0,974,116,397,412,0,0,1,0.974
4213,14.854,19.626,0.056,0.0,0.0,0.0,0.0,0.0,534.0,2616.0,0.9,0,6,0,12.501,12.419,252,240,2,12,24,12,0,1920,0,0,0,0,0,0,0,0,0,0,184,0,0,0,1204,120,615,415,0,0,3,1.204
4214,15.174,19.626,0.056,0.0,0.0,0.0,0.0,0.0,534.0,2616.0,0.823,0,6,0,12.463,12.363,254,240,2,12,24,12,0,1920,0,0,0,0,0,0,0,0,0,0,184,0,0,0,1368,119,476,513,0,0,3,1.368
4215,13.833,19.626,0.056,0.0,0.0,0.0,0.0,0.0,534.0,2616.0,0.677,0,6,0,11.57,11.468,253,240,2,12,24,12,0,1920,0,0,0,0,0,0,0,0,0,0,184,0,0,0,1108,119,460,470,0,0,3,1.108
4216,13.068,19.626,0.056,0.0,0.0,0.0,0.0,0.0,534.0,2616.0,1.068,0,6,0,10.493,10.401,253,240,2,12,24,12,0,1920,0,0,0,0,0,0,0,0,0,0,184,0,0,0,1399,203,576,546,0,0,3,1.399
4217,13.508,19.626,0.056,0.0,0.0,0.0,0.0,0.0,534.0,2616.0,0.6,0,6,0,10.983,10.814,254,240,2,12,24,12,0,1920,0,0,0,0,0,0,0,0,0,0,184,0,0,0,1021,120,454,393,0,0,2,1.021
4218,14.387,19.626,0.056,0.0,0.0,0.0,0.0,0.0,534.0,2616.0,0.875,0,6,0,12.407,12.094,253,240,2,12,24,12,0,1920,0,0,0,0,0,0,0,0,0,0,184,0,0,0,1014,118,461,380,0,0,2,1.014
4219,12.846,19.626,0.056,0.0,0.0,0.0,0.0,0.0,534.0,2616.0,0.774,0,6,0,10.578,10.487,253,240,2,12,24,12,0,1920,0,0,0,0,0,0,0,0,0,0,184,0,0,0,1016,115,402,446,0,0,3,1.016
4220,13.08,19.626,0.056,0.0,0.0,0.0,0.0,0.0,534.0,2616.0,0.856,0,6,0,10.603,10.514,253,240,2,12,24,12,0,1920,0,0,0,0,0,0,0,0,0,0,184,0,0,0,1245,125,529,533,0,0,3,1.245
4221,14.498,19.626,0.056,0.0,0.0,0.0,0.0,0.0,534.0,2616.0,0.729,0,6,0,12.192,12.1,253,240,2,12,24,12,0,1920,0,0,0,0,0,0,0,0,0,0,184,0,0,0,1062,152,458,395,0,0,1,1.062
4222,14.097,19.626,0.056,0.0,0.0,0.0,0.0,0.0,534.0,2616.0,0.834,0,6,0,11.615,11.517,253,240,2,12,24,12,0,1920,0,0,0,0,0,0,0,0,0,0,184,0,0,0,1341,183,552,533,0,0,4,1.341
4223,15.747,19.626,0.056,0.0,0.0,0.0,0.0,0.0,534.0,2616.0,0.903,0,6,0,13.124,13.01,252,240,2,12,24,12,0,1920,0,0,0,0,0,0,0,0,0,0,184,0,0,0,1292,153,541,531,0,0,4,1.292
4224,15.452,19.626,0.056,0.0,0.0,0.0,0.0,0.0,534.0,2616.0,0.899,0,6,0,12.8,12.641,255,240,2,12,24,12,0,1920,0,0,0,0,0,0,0,0,0,0,184,0,0,0,1326,189,552,517,0,0,4,1.326
4225,12.641,19.626,0.056,0.0,0.0,0.0,0.0,0.0,534.0,2616.0,0.643,0,6,0,10.439,10.337,252,240,2,12,24,12,0,1920,0,0,0,0,0,0,0,0,0,0,184,0,0,0,940,131,384,379,0,0,3,0.94
4226,10.995,19.626,0.056,0.0,0.0,0.0,0.0,0.0,534.0,2616.0,0.632,0,6,0,9.029,8.947,253,240,2,12,24,12,0,1920,0,0,0,0,0,0,0,0,0,0,184,0,0,0,977,132,425,372,0,0,2,0.977
4227,11.155,19.626,0.056,0.0,0.0,0.0,0.0,0.0,534.0,2616.0,0.665,0,6,0,9.245,9.138,254,240,2,12,24,12,0,1920,0,0,0,0,0,0,0,0,0,0,184,0,0,0,925,108,385,362,0,0,1,0.925
4228,10.988,19.626,0.056,0.0,0.0,0.0,0.0,0.0,534.0,2616.0,0.571,0,6,0,9.015,8.933,253,240,2,12,24,12,0,1920,0,0,0,0,0,0,0,0,0,0,184,0,0,0,926,107,406,365,0,0,1,0.926
4229,10.998,19.626,0.056,0.0,0.0,0.0,0.0,0.0,534.0,2616.0,0.615,0,6,0,9.103,9.025,252,240,2,12,24,12,0,1920,0,0,0,0,0,0,0,0,0,0,184,0,0,0,970,111,423,385,0,0,2,0.97
4230,11.703,19.626,0.056,0.0,0.0,0.0,0.0,0.0,534.0,2616.0,0.668,0,6,0,9.767,9.678,254,240,2,12,24,12,0,1920,0,0,0,0,0,0,0,0,0,0,184,0,0,0,979,114,405,412,0,0,2,0.979
4231,11.278,19.626,0.056,0.0,0.0,0.0,0.0,0.0,534.0,2616.0,0.608,0,6,0,9.244,9.147,252,240,2,12,24,12,0,1920,0,0,0,0,0,0,0,0,0,0,184,0,0,0,992,135,413,395,0,0,3,0.992
4232,11.253,19.626,0.056,0.0,0.0,0.0,0.0,0.0,534.0,2616.0,0.659,0,6,0,9.372,9.275,253,240,2,12,24,12,0,1920,0,0,0,0,0,0,0,0,0,0,184,0,0,0,947,109,403,384,0,0,1,0.947
4233,11.292,19.626,0.056,0.0,0.0,0.0,0.0,0.0,534.0,2616.0,0.806,0,6,0,9.345,9.259,254,240,2,12,24,12,0,1920,0,0,0,0,0,0,0,0,0,0,184,0,0,0,951,114,418,370,0,0,3,0.951
4234,11.589,19.626,0.056,0.0,0.0,0.0,0.0,0.0,534.0,2616.0,0.626,0,6,0,9.468,9.379,253,240,2,12,24,12,0,1920,0,0,0,0,0,0,0,0,0,0,184,0,0,0,955,110,402,394,0,0,2,0.955
4235,11.369,19.626,0.056,0.0,0.0,0.0,0.0,0.0,534.0,2616.0,0.673,0,6,0,9.388,9.284,253,240,2,12,24,12,0,1920,0,0,0,0,0,0,0,0,0,0,184,0,0,0,1019,132,418,414,0,0,1,1.019
4236,11.39,19.626,0.056,0.0,0.0,0.0,0.0,0.0,534.0,2616.0,0.635,0,6,0,9.453,9.371,253,240,2,12,24,12,0,1920,0,0,0,0,0,0,0,0,0,0,184,0,0,0,955,149,385,374,0,0,2,0.955
4237,10.942,19.626,0.056,0.0,0.0,0.0,0.0,0.0,534.0,2616.0,0.638,0,6,0,9.008,8.929,253,240,2,12,24,12,0,1920,0,0,0,0,0,0,0,0,0,0,184,0,0,0,969,110,409,399,0,0,1,0.969
4238,10.992,19.626,0.056,0.0,0.0,0.0,0.0,0.0,534.0,2616.0,0.696,0,6,0,9.068,8.983,253,240,2,12,24,12,0,1920,0,0,0,0,0,0,0,0,0,0,184,0,0,0,966,113,419,387,0,0,1,0.966
4239,11.482,19.626,0.056,0.0,0.0,0.0,0.0,0.0,534.0,2616.0,0.627,0,6,0,9.516,9.433,252,240,2,12,24,12,0,1920,0,0,0,0,0,0,0,0,0,0,184,0,0,0,942,109,389,396,0,0,2,0.942
4240,11.071,19.626,0.056,0.0,0.0,0.0,0.0,0.0,534.0,2616.0,0.657,0,6,0,9.19,9.104,254,240,2,12,24,12,0,1920,0,0,0,0,0,0,0,0,0,0,184,0,0,0,928,128,397,362,0,0,2,0.928
4241,11.296,19.626,0.056,0.0,0.0,0.0,0.0,0.0,534.0,2616.0,0.669,0,6,0,9.362,9.28,253,240,2,12,24,12,0,1920,0,0,0,0,0,0,0,0,0,0,184,0,0,0,929,112,387,384,0,0,1,0.929
4242,10.963,19.626,0.056,0.0,0.0,0.0,0.0,0.0,534.0,2616.0,0.687,0,6,0,8.976,8.888,255,240,2,12,24,12,0,1920,0,0,0,0,0,0,0,0,0,0,184,0,0,0,984,109,446,377,0,0,3,0.984
4243,11.153,19.626,0.056,0.0,0.0,0.0,0.0,0.0,534.0,2616.0,0.779,0,6,0,9.164,9.068,253,240,2,12,24,12,0,1920,0,0,0,0,0,0,0,0,0,0,184,0,0,0,969,122,401,399,0,0,2,0.969
4244,11.281,19.626,0.056,0.0,0.0,0.0,0.0,0.0,534.0,2616.0,0.628,0,6,0,9.138,9.059,252,240,2,12,24,12,0,1920,0,0,0,0,0,0,0,0,0,0,184,0,0,0,971,118,396,406,0,0,3,0.971
4245,10.91,19.626,0.056,0.0,0.0,0.0,0.0,0.0,534.0,2616.0,0.643,0,6,0,9.032,8.944,254,240,2,12,24,12,0,1920,0,0,0,0,0,0,0,0,0,0,184,0,0,0,917,103,380,395,0,0,2,0.917
4246,10.932,19.626,0.056,0.0,0.0,0.0,0.0,0.0,534.0,2616.0,0.622,0,6,0,9.003,8.922,253,240,2,12,24,12,0,1920,0,0,0,0,0,0,0,0,0,0,184,0,0,0,966,111,389,395,0,0,1,0.966
4247,11.149,19.626,0.056,0.0,0.0,0.0,0.0,0.0,534.0,2616.0,0.687,0,6,0,9.232,9.158,252,240,2,12,24,12,0,1920,0,0,0,0,0,0,0,0,0,0,184,0,0,0,919,111,380,382,0,0,2,0.919
4248,11.488,19.626,0.056,0.0,0.0,0.0,0.0,0.0,534.0,2616.0,0.669,0,6,0,9.521,9.437,253,240,2,12,24,12,0,1920,0,0,0,0,0,0,0,0,0,0,184,0,0,0,938,120,385,386,0,0,1,0.938
4249,11.253,19.626,0.056,0.0,0.0,0.0,0.0,0.0,534.0,2616.0,0.647,0,6,0,9.303,9.211,255,240,2,12,24,12,0,1920,0,0,0,0,0,0,0,0,0,0,184,0,0,0,930,109,393,360,0,0,1,0.93
4250,11.644,19.626,0.056,0.0,0.0,0.0,0.0,0.0,534.0,2616.0,0.655,0,6,0,9.695,9.614,252,240,2,12,24,12,0,1920,0,0,0,0,0,0,0,0,0,0,184,0,0,0,960,112,386,411,0,0,2,0.96
4251,11.121,19.626,0.056,0.0,0.0,0.0,0.0,0.0,534.0,2616.0,0.659,0,6,0,9.218,9.131,254,240,2,12,24,12,0,1920,0,0,0,0,0,0,0,0,0,0,184,0,0,0,921,108,399,366,0,0,3,0.921
4252,11.248,19.626,0.056,0.0,0.0,0.0,0.0,0.0,534.0,2616.0,0.659,0,6,0,9.293,9.207,254,240,2,12,24,12,0,1920,0,0,0,0,0,0,0,0,0,0,184,0,0,0,970,114,446,360,0,0,3,0.97
4253,12.347,19.626,0.056,0.0,0.0,0.0,0.0,0.0,534.0,2616.0,0.673,0,6,0,10.26,10.164,253,240,2,12,24,12,0,1920,0,0,0,0,0,0,0,0,0,0,184,0,0,0,1022,122,433,411,0,0,1,1.022
4254,11.776,19.626,0.056,0.0,0.0,0.0,0.0,0.0,534.0,2616.0,0.669,0,6,0,9.722,9.602,252,240,2,12,24,12,0,1920,0,0,0,0,0,0,0,0,0,0,184,0,0,0,1014,145,403,416,0,0,3,1.014
4255,12.037,19.626,0.056,0.0,0.0,0.0,0.0,0.0,534.0,2616.0,0.667,0,6,0,9.938,9.844,254,240,2,12,24,12,0,1920,0,0,0,0,0,0,0,0,0,0,184,0,0,0,1060,148,410,449,0,0,2,1.06
4256,11.857,19.626,0.056,0.0,0.0,0.0,0.0,0.0,534.0,2616.0,0.696,0,6,0,9.796,9.708,252,240,2,12,24,12,0,1920,0,0,0,0,0,0,0,0,0,0,184,0,0,0,1010,116,467,377,0,0,2,1.01
4257,11.872,19.626,0.056,0.0,0.0,0.0,0.0,0.0,534.0,2616.0,0.649,0,6,0,9.759,9.666,253,240,2,12,24,12,0,1920,0,0,0,0,0,0,0,0,0,0,184,0,0,0,1038,118,411,456,0,0,2,1.038
4258,11.91,20.609,0.032,0.0,0.0,0.0,0.0,0.0,534.0,2616.0,0.71,0,6,0,9.815,9.714,254,240,2,12,24,12,0,1920,0,0,0,0,0,0,0,0,0,0,184,0,0,0,1059,125,482,398,0,0,2,1.059
4259,11.989,20.609,0.032,0.0,0.0,0.0,0.0,0.0,534.0,2616.0,0.7,0,6,0,9.877,9.792,252,240,2,12,24,12,0,1920,0,0,0,0,0,0,0,0,0,0,184,0,0,0,1017,118,405,441,0,0,2,1.017
4260,11.835,20.609,0.032,0.0,0.0,0.0,0.0,0.0,534.0,2616.0,0.712,0,6,0,9.783,9.696,253,240,2,12,24,12,0,1920,0,0,0,0,0,0,0,0,0,0,184,0,0,0,1011,138,446,377,0,0,2,1.011
4261,11.456,20.609,0.032,0.0,0.0,0.0,0.0,0.0,534.0,2616.0,0.753,0,6,0,9.355,9.263,254,240,2,12,24,12,0,1920,0,0,0,0,0,0,0,0,0,0,184,0,0,0,1028,117,439,399,0,0,2,1.028
4262,11.595,20.609,0.032,0.0,0.0,0.0,0.0,0.0,534.0,2616.0,0.69,0,6,0,9.476,9.384,253,240,2,12,24,12,0,1920,0,0,0,0,0,0,0,0,0,0,184,0,0,0,989,122,430,381,0,0,3,0.989
4263,11.663,20.609,0.032,0.0,0.0,0.0,0.0,0.0,534.0,2616.0,0.653,0,6,0,9.578,9.442,254,240,2,12,24,12,0,1920,0,0,0,0,0,0,0,0,0,0,184,0,0,0,996,110,430,406,0,0,2,0.996
4264,11.561,20.609,0.032,0.0,0.0,0.0,0.0,0.0,534.0,2616.0,0.693,0,6,0,9.555,9.435,253,240,2,12,24,12,0,1920,0,0,0,0,0,0,0,0,0,0,184,0,0,0,969,115,402,400,0,0,2,0.969
4265,15.494,20.609,0.032,0.0,0.0,0.0,0.0,0.0,534.0,2616.0,0.884,0,6,0,12.962,12.865,253,240,2,12,24,12,0,1920,0,0,0,0,0,0,0,0,0,0,184,0,0,0,1418,182,621,543,0,0,3,1.418
4266,15.885,20.609,0.032,0.0,0.0,0.0,0.0,0.0,534.0,2616.0,0.872,0,6,0,13.213,13.124,253,240,2,12,24,12,0,1920,0,0,0,0,0,0,0,0,0,0,184,0,0,0,1380,176,587,552,0,0,2,1.38
4267,13.968,20.609,0.032,0.0,0.0,0.0,0.0,0.0,534.0,2616.0,0.759,0,6,0,11.677,11.534,255,240,2,12,24,12,0,1920,0,0,0,0,0,0,0,0,0,0,184,0,0,0,974,137,396,391,0,0,2,0.974
4268,11.406,20.609,0.032,0.0,0.0,0.0,0.0,0.0,534.0,2616.0,0.65,0,6,0,9.329,9.229,252,240,2,12,24,12,0,1920,0,0,0,0,0,0,0,0,0,0,184,0,0,0,946,114,420,367,0,0,2,0.946
4269,12.108,20.609,0.032,0.0,0.0,0.0,0.0,0.0,534.0,2616.0,0.833,0,6,0,10.158,10.043,254,240,2,12,24,12,0,1920,0,0,0,0,0,0,0,0,0,0,184,0,0,0,946,119,386,392,0,0,2,0.946
4270,14.597,20.609,0.032,0.0,0.0,0.0,0.0,0.0,534.0,2616.0,0.605,0,6,0,12.4,10.506,256,240,2,12,24,12,0,1920,0,0,0,0,0,0,0,0,0,0,184,0,0,0,977,116,428,387,0,0,2,0.977
4271,11.558,20.609,0.032,0.0,0.0,0.0,0.0,0.0,534.0,2616.0,0.655,0,6,0,9.668,9.555,253,240,2,12,24,12,0,1920,0,0,0,0,0,0,0,0,0,0,184,0,0,0,953,113,411,381,0,0,2,0.953
4272,11.556,20.609,0.032,0.0,0.0,0.0,0.0,0.0,534.0,2616.0,0.724,0,6,0,9.562,9.484,252,240,2,12,24,12,0,1920,0,0,0,0,0,0,0,0,0,0,184,0,0,0,1011,144,409,406,0,0,3,1.011
4273,13.163,20.609,0.032,0.0,0.0,0.0,0.0,0.0,534.0,2616.0,0.68,0,6,0,10.94,10.83,255,240,2,12,24,12,0,1920,0,0,0,0,0,0,0,0,0,0,184,0,0,0,1097,131,480,424,0,0,3,1.097
4274,12.349,20.609,0.032,0.0,0.0,0.0,0.0,0.0,534.0,2616.0,0.65,0,6,0,10.295,10.204,253,240,2,12,24,12,0,1920,0,0,0,0,0,0,0,0,0,0,184,0,0,0,1012,111,448,404,0,0,2,1.012
4275,18.138,20.609,0.032,0.0,0.0,0.0,0.0,0.0,534.0,2616.0,0.714,0,6,0,16.004,14.415,253,240,2,12,24,12,0,1920,0,0,0,0,0,0,0,0,0,0,184,0,0,0,1043,176,400,410,0,0,3,1.043
4276,13.126,20.609,0.032,0.0,0.0,0.0,0.0,0.0,534.0,2616.0,0.857,0,6,0,10.877,10.794,252,240,2,12,24,12,0,1920,0,0,0,0,0,0,0,0,0,0,184,0,0,0,1160,161,469,473,0,0,2,1.16
4277,12.486,20.609,0.032,0.0,0.0,0.0,0.0,0.0,534.0,2616.0,0.656,0,6,0,10.277,10.137,255,240,2,12,24,12,0,1920,0,0,0,0,0,0,0,0,0,0,184,0,0,0,948,120,388,392,0,0,2,0.948
4278,15.023,20.609,0.032,0.0,0.0,0.0,0.0,0.0,534.0,2616.0,0.898,0,6,0,12.638,12.53,257,240,2,12,24,12,0,1920,0,0,0,0,0,0,0,0,0,0,184,0,0,0,1289,203,505,513,0,0,3,1.289
4279,15.148,20.609,0.032,0.0,0.0,0.0,0.0,0.0,534.0,2616.0,0.691,0,6,0,12.75,12.62,255,240,2,12,24,12,0,1920,0,0,0,0,0,0,0,0,0,0,184,0,0,0,1099,125,402,488,0,0,3,1.099
4280,13.161,20.609,0.032,0.0,0.0,0.0,0.0,0.0,534.0,2616.0,0.949,0,6,0,10.718,10.639,252,240,2,12,24,12,0,1920,0,0,0,0,0,0,0,0,0,0,184,0,0,0,1302,155,575,503,0,0,3,1.302
4281,16.755,20.609,0.032,0.0,0.0,0.0,0.0,0.0,534.0,2616.0,0.911,0,6,0,13.984,13.876,253,240,2,12,24,12,0,1920,0,0,0,0,0,0,0,0,0,0,184,0,0,0,1295,164,528,527,0,0,4,1.295
4282,16.26,20.609,0.032,0.0,0.0,0.0,0.0,0.0,534.0,2616.0,0.887,0,6,0,13.591,13.461,253,240,2,12,24,12,0,1920,0,0,0,0,0,0,0,0,0,0,184,0,0,0,1275,142,535,538,0,0,4,1.275
4283,15.991,20.609,0.032,0.0,0.0,0.0,0.0,0.0,534.0,2616.0,0.885,0,6,0,13.232,13.075,254,240,2,12,24,12,0,1920,0,0,0,0,0,0,0,0,0,0,184,0,0,0,1375,165,566,572,0,0,3,1.375
4284,16.289,20.609,0.032,0.0,0.0,0.0,0.0,0.0,534.0,2616.0,0.92,0,6,0,13.473,13.306,256,240,2,12,24,12,0,1920,0,0,0,0,0,0,0,0,0,0,184,0,0,0,1446,156,610,599,0,0,4,1.446
4285,15.993,20.609,0.032,0.0,0.0,0.0,0.0,0.0,534.0,2616.0,0.878,0,6,0,13.149,12.969,254,240,2,12,24,12,0,1920,0,0,0,0,0,0,0,0,0,0,184,0,0,0,1424,154,610,585,0,0,3,1.424
4286,13.988,20.609,0.032,0.0,0.0,0.0,0.0,0.0,534.0,2616.0,0.629,0,6,0,11.692,11.523,253,240,2,12,24,12,0,1920,0,0,0,0,0,0,0,0,0,0,184,0,0,0,958,105,439,369,0,0,2,0.958
4287,12.378,20.609,0.032,0.0,0.0,0.0,0.0,0.0,534.0,2616.0,0.726,0,6,0,10.329,10.219,253,240,2,12,24,12,0,1920,0,0,0,0,0,0,0,0,0,0,184,0,0,0,1000,121,435,392,0,0,3,1.0
4288,14.899,20.609,0.032,0.0,0.0,0.0,0.0,0.0,534.0,2616.0,0.793,0,6,0,11.958,11.862,253,240,2,12,24,12,0,1920,0,0,0,0,0,0,0,0,0,0,184,0,0,0,1634,148,846,561,0,0,3,1.634
4289,14.018,20.609,0.032,0.0,0.0,0.0,0.0,0.0,534.0,2616.0,0.664,0,6,0,11.741,11.635,254,240,2,12,24,12,0,1920,0,0,0,0,0,0,0,0,0,0,184,0,0,0,1033,152,416,405,0,0,3,1.033
4290,15.624,20.609,0.032,0.0,0.0,0.0,0.0,0.0,534.0,2616.0,0.991,0,6,0,13.192,13.054,256,240,2,12,24,12,0,1920,0,0,0,0,0,0,0,0,0,0,184,0,0,0,1335,171,538,554,0,0,3,1.335
4291,16.466,20.609,0.032,0.0,0.0,0.0,0.0,0.0,534.0,2616.0,0.937,0,6,0,13.671,13.548,255,240,2,12,24,12,0,1920,0,0,0,0,0,0,0,0,0,0,184,0,0,0,1324,166,558,495,0,0,3,1.324
4292,16.074,20.609,0.032,0.0,0.0,0.0,0.0,0.0,534.0,2616.0,0.911,0,6,0,13.382,13.274,252,240,2,12,24,12,0,1920,0,0,0,0,0,0,0,0,0,0,184,0,0,0,1293,163,532,529,0,0,3,1.293
4293,16.62,20.609,0.032,0.0,0.0,0.0,0.0,0.0,534.0,2616.0,0.876,0,6,0,13.845,13.711,255,240,2,12,24,12,0,1920,0,0,0,0,0,0,0,0,0,0,184,0,0,0,1373,190,606,505,0,0,3,1.373
4294,16.279,20.609,0.032,0.0,0.0,0.0,0.0,0.0,534.0,2616.0,0.919,0,6,0,13.604,13.449,253,240,2,12,24,12,0,1920,0,0,0,0,0,0,0,0,0,0,184,0,0,0,1287,157,570,484,0,0,3,1.287
4295,16.484,20.609,0.032,0.0,0.0,0.0,0.0,0.0,534.0,2616.0,0.731,0,6,0,14.061,13.944,253,240,2,12,24,12,0,1920,0,0,0,0,0,0,0,0,0,0,184,0,0,0,1006,126,410,417,0,0,3,1.006
4296,12.235,20.609,0.032,0.0,0.0,0.0,0.0,0.0,534.0,2616.0,0.691,0,6,0,10.106,9.97,256,240,2,12,24,12,0,1920,0,0,0,0,0,0,0,0,0,0,184,0,0,0,970,117,420,380,0,0,2,0.97
4297,12.394,20.609,0.032,0.0,0.0,0.0,0.0,0.0,534.0,2616.0,0.759,0,6,0,10.232,10.124,255,240,2,12,24,12,0,1920,0,0,0,0,0,0,0,0,0,0,184,0,0,0,1074,130,421,467,0,0,2,1.074
4298,12.357,20.609,0.032,0.0,0.0,0.0,0.0,0.0,534.0,2616.0,0.606,0,6,0,10.189,10.088,254,240,2,12,24,12,0,1920,0,0,0,0,0,0,0,0,0,0,184,0,0,0,1003,123,432,391,0,0,3,1.003
4299,15.8,20.609,0.032,0.0,0.0,0.0,0.0,0.0,534.0,2616.0,0.902,0,6,0,13.337,13.248,253,240,2,12,24,12,0,1920,0,0,0,0,0,0,0,0,0,0,184,0,0,0,1396,167,589,567,0,0,3,1.396
4300,16.534,20.609,0.032,0.0,0.0,0.0,0.0,0.0,534.0,2616.0,0.899,0,6,0,13.765,13.608,253,240,2,12,24,12,0,1920,0,0,0,0,0,0,0,0,0,0,184,0,0,0,1383,183,602,523,0,0,4,1.383
4301,16.478,20.609,0.032,0.0,0.0,0.0,0.0,0.0,534.0,2616.0,1.022,0,6,0,13.784,13.668,253,240,2,12,24,12,0,1920,0,0,0,0,0,0,0,0,0,0,184,0,0,0,1278,163,524,525,0,0,3,1.278
4302,16.528,20.609,0.032,0.0,0.0,0.0,0.0,0.0,534.0,2616.0,0.939,0,6,0,13.46,13.305,255,240,2,12,24,12,0,1920,0,0,0,0,0,0,0,0,0,0,184,0,0,0,1494,173,613,617,0,0,3,1.494
4303,16.375,20.609,0.032,0.0,0.0,0.0,0.0,0.0,534.0,2616.0,0.927,0,6,0,13.615,13.476,256,240,2,12,24,12,0,1920,0,0,0,0,0,0,0,0,0,0,184,0,0,0,1354,161,589,535,0,0,3,1.354
4304,16.198,20.609,0.032,0.0,0.0,0.0,0.0,0.0,534.0,2616.0,0.901,0,6,0,13.416,13.294,253,240,2,12,24,12,0,1920,0,0,0,0,0,0,0,0,0,0,184,0,0,0,1377,170,560,576,0,0,2,1.377
4305,16.155,20.609,0.032,0.0,0.0,0.0,0.0,0.0,534.0,2616.0,0.875,0,6,0,13.372,13.225,253,240,2,12,24,12,0,1920,0,0,0,0,0,0,0,0,0,0,184,0,0,0,1416,163,607,575,0,0,2,1.416
4306,15.738,20.609,0.032,0.0,0.0,0.0,0.0,0.0,534.0,2616.0,0.962,0,6,0,13.083,12.965,253,240,2,12,24,12,0,1920,0,0,0,0,0,0,0,0,0,0,184,0,0,0,1272,165,558,479,0,0,3,1.272
4307,16.25,20.609,0.032,0.0,0.0,0.0,0.0,0.0,534.0,2616.0,0.794,0,6,0,13.391,13.23,254,240,2,12,24,12,0,1920,0,0,0,0,0,0,0,0,0,0,184,0,0,0,1411,165,609,565,0,0,2,1.411
4308,15.884,20.609,0.032,0.0,0.0,0.0,0.0,0.0,534.0,2616.0,0.847,0,6,0,13.217,13.112,252,240,2,12,24,12,0,1920,0,0,0,0,0,0,0,0,0,0,184,0,0,0,1323,157,581,519,0,0,3,1.323
4309,16.13,20.609,0.032,0.0,0.0,0.0,0.0,0.0,534.0,2616.0,0.925,0,6,0,13.36,13.168,257,240,2,12,24,12,0,1920,0,0,0,0,0,0,0,0,0,0,184,0,0,0,1444,169,633,567,0,0,3,1.444
4310,15.764,20.609,0.032,0.0,0.0,0.0,0.0,0.0,534.0,2616.0,0.951,0,6,0,13.053,12.934,253,240,2,12,24,12,0,1920,0,0,0,0,0,0,0,0,0,0,184,0,0,0,1310,162,571,509,0,0,3,1.31
4311,15.884,20.609,0.032,0.0,0.0,0.0,0.0,0.0,534.0,2616.0,0.875,0,6,0,13.074,12.918,254,240,2,12,24,12,0,1920,0,0,0,0,0,0,0,0,0,0,184,0,0,0,1383,166,598,548,0,0,3,1.383
4312,15.938,20.609,0.032,0.0,0.0,0.0,0.0,0.0,534.0,2616.0,0.897,0,6,0,13.288,13.157,254,240,2,12,24,12,0,1920,0,0,0,0,0,0,0,0,0,0,184,0,0,0,1272,156,556,493,0,0,3,1.272
4313,16.021,20.609,0.032,0.0,0.0,0.0,0.0,0.0,534.0,2616.0,0.911,0,6,0,13.283,13.15,253,240,2,12,24,12,0,1920,0,0,0,0,0,0,0,0,0,0,184,0,0,0,1349,159,577,541,0,0,3,1.349
4314,16.122,20.609,0.032,0.0,0.0,0.0,0.0,0.0,534.0,2616.0,0.908,0,6,0,13.338,13.228,252,240,2,12,24,12,0,1920,0,0,0,0,0,0,0,0,0,0,184,0,0,0,1340,160,574,536,0,0,3,1.34
4315,13.632,20.609,0.032,0.0,0.0,0.0,0.0,0.0,534.0,2616.0,0.919,0,6,0,11.248,11.096,254,240,2,12,24,12,0,1920,0,0,0,0,0,0,0,0,0,0,184,0,0,0,1070,119,432,462,0,0,2,1.07
4316,14.998,20.609,0.032,0.0,0.0,0.0,0.0,0.0,534.0,2616.0,0.849,0,6,0,12.607,12.508,254,240,2,12,24,12,0,1920,0,0,0,0,0,0,0,0,0,0,184,0,0,0,1059,147,412,428,0,0,3,1.059
4317,14.749,20.609,0.032,0.0,0.0,0.0,0.0,0.0,534.0,2616.0,0.922,0,6,0,12.067,11.955,255,240,2,12,24,12,0,1920,0,0,0,0,0,0,0,0,0,0,184,0,0,0,1272,141,498,560,0,0,3,1.272
4318,11.853,20.609,0.032,0.0,0.0,0.0,0.0,0.0,534.0,2616.0,0.681,0,6,0,9.606,9.488,255,240,2,12,24,12,0,1920,0,0,0,0,0,0,0,0,0,0,184,0,0,0,913,109,396,360,0,0,2,0.913
4319,19.687,20.609,0.032,0.0,0.0,0.0,0.0,0.0,534.0,2616.0,1.305,0,6,0,16.697,16.597,253,240,2,12,24,12,0,1920,0,0,0,0,0,0,0,0,0,0,184,0,0,0,1815,264,764,684,0,0,3,1.815
4320,19.322,20.609,0.032,0.0,0.0,0.0,0.0,0.0,534.0,2616.0,1.016,0,6,0,15.902,15.77,252,240,2,12,24,12,0,1920,0,0,0,0,0,0,0,0,0,0,184,0,0,0,1531,199,617,630,0,0,5,1.531
4321,19.372,20.609,0.032,0.0,0.0,0.0,0.0,0.0,534.0,2616.0,0.957,0,6,0,16.129,16.006,253,240,2,12,24,12,0,1920,0,0,0,0,0,0,0,0,0,0,184,0,0,0,1662,209,698,672,0,0,3,1.662
4322,19.305,20.609,0.032,0.0,0.0,0.0,0.0,0.0,534.0,2616.0,1.223,0,6,0,16.102,15.953,253,240,2,12,24,12,0,1920,0,0,0,0,0,0,0,0,0,0,184,0,0,0,1610,240,668,614,0,0,3,1.61
4323,20.439,20.609,0.032,0.0,0.0,0.0,0.0,0.0,534.0,2616.0,1.205,0,6,0,16.713,16.557,253,240,2,12,24,12,0,1920,0,0,0,0,0,0,0,0,0,0,184,0,0,0,1871,233,781,735,0,0,2,1.871
4324,19.95,20.609,0.032,0.0,0.0,0.0,0.0,0.0,534.0,2616.0,1.222,0,6,0,16.433,16.273,254,240,2,12,24,12,0,1920,0,0,0,0,0,0,0,0,0,0,184,0,0,0,1702,232,704,684,0,0,3,1.702
4325,20.057,20.114,0.04,0.0,0.0,0.0,0.0,0.0,534.0,2616.0,1.324,0,6,0,16.396,16.245,253,240,2,12,24,12,0,1920,0,0,0,0,0,0,0,0,0,0,184,0,0,0,1794,251,743,708,0,0,3,1.794
4326,19.99,20.114,0.04,0.0,0.0,0.0,0.0,0.0,534.0,2616.0,1.232,0,6,0,16.339,16.176,253,240,2,12,24,12,0,1920,0,0,0,0,0,0,0,0,0,0,184,0,0,0,1707,230,695,694,0,0,4,1.707
4327,17.964,20.114,0.04,0.0,0.0,0.0,0.0,0.0,534.0,2616.0,0.973,0,6,0,14.951,14.798,254,240,2,12,24,12,0,1920,0,0,0,0,0,0,0,0,0,0,184,0,0,0,1272,147,542,521,0,0,4,1.272
4328,17.336,20.114,0.04,0.0,0.0,0.0,0.0,0.0,534.0,2616.0,1.032,0,6,0,14.505,14.388,253,240,2,12,24,12,0,1920,0,0,0,0,0,0,0,0,0,0,184,0,0,0,1277,156,538,515,0,0,3,1.277
4329,17.451,20.114,0.04,0.0,0.0,0.0,0.0,0.0,534.0,2616.0,0.954,0,6,0,14.398,14.274,253,240,2,12,24,12,0,1920,0,0,0,0,0,0,0,0,0,0,184,0,0,0,1440,237,597,528,0,0,3,1.44
4330,17.154,20.114,0.04,0.0,0.0,0.0,0.0,0.0,534.0,2616.0,1.123,0,6,0,13.813,13.674,254,240,2,12,24,12,0,1920,0,0,0,0,0,0,0,0,0,0,184,0,0,0,1768,247,748,674,0,0,3,1.768
4331,17.867,20.114,0.04,0.0,0.0,0.0,0.0,0.0,534.0,2616.0,1.007,0,6,0,14.417,14.254,255,240,2,12,24,12,0,1920,0,0,0,0,0,0,0,0,0,0,184,0,0,0,1673,230,694,668,0,0,3,1.673
4332,18.32,20.114,0.04,0.0,0.0,0.0,0.0,0.0,534.0,2616.0,1.089,0,6,0,15.28,15.157,252,240,2,12,24,12,0,1920,0,0,0,0,0,0,0,0,0,0,184,0,0,0,1445,181,621,569,0,0,3,1.445
4333,18.11,20.114,0.04,0.0,0.0,0.0,0.0,0.0,534.0,2616.0,1.051,0,6,0,14.715,14.581,253,240,2,12,24,12,0,1920,0,0,0,0,0,0,0,0,0,0,184,0,0,0,1701,221,696,692,0,0,3,1.701
4334,17.714,20.114,0.04,0.0,0.0,0.0,0.0,0.0,534.0,2616.0,1.039,0,6,0,14.647,14.511,253,240,2,12,24,12,0,1920,0,0,0,0,0,0,0,0,0,0,184,0,0,0,1411,165,654,516,0,0,4,1.411
4335,17.838,20.114,0.04,0.0,0.0,0.0,0.0,0.0,534.0,2616.0,1.198,0,6,0,14.862,14.719,252,240,2,12,24,12,0,1920,0,0,0,0,0,0,0,0,0,0,184,0,0,0,1380,156,624,532,0,0,3,1.38
4336,17.87,20.114,0.04,0.0,0.0,0.0,0.0,0.0,534.0,2616.0,0.967,0,6,0,14.66,14.503,253,240,2,12,24,12,0,1920,0,0,0,0,0,0,0,0,0,0,184,0,0,0,1368,174,571,555,0,0,3,1.368
4337,18.448,20.114,0.04,0.0,0.0,0.0,0.0,0.0,534.0,2616.0,1.226,0,6,0,15.171,14.997,254,240,2,12,24,12,0,1920,0,0,0,0,0,0,0,0,0,0,184,0,0,0,1725,218,707,719,0,0,3,1.725
4338,18.4,20.114,0.04,0.0,0.0,0.0,0.0,0.0,534.0,2616.0,1.053,0,6,0,15.068,14.918,253,240,2,12,24,12,0,1920,0,0,0,0,0,0,0,0,0,0,184,0,0,0,1445,198,594,580,0,0,4,1.445
4339,17.914,20.114,0.04,0.0,0.0,0.0,0.0,0.0,534.0,2616.0,1.031,0,6,0,14.979,14.851,253,240,2,12,24,12,0,1920,0,0,0,0,0,0,0,0,0,0,184,0,0,0,1342,156,566,554,0,0,4,1.342
4340,18.181,20.114,0.04,0.0,0.0,0.0,0.0,0.0,534.0,2616.0,1.205,0,6,0,15.13,15.008,253,240,2,12,24,12,0,1920,0,0,0,0,0,0,0,0,0,0,184,0,0,0,1396,170,580,575,0,0,3,1.396
4341,18.167,20.114,0.04,0.0,0.0,0.0,0.0,0.0,534.0,2616.0,1.056,0,6,0,14.825,14.706,252,240,2,12,24,12,0,1920,0,0,0,0,0,0,0,0,0,0,184,0,0,0,1460,191,592,564,0,0,3,1.46
4342,18.716,20.114,0.04,0.0,0.0,0.0,0.0,0.0,534.0,2616.0,1.15,0,6,0,15.478,15.341,253,240,2,12,24,12,0,1920,0,0,0,0,0,0,0,0,0,0,184,0,0,0,1523,206,650,595,0,0,3,1.523
4343,18.652,20.114,0.04,0.0,0.0,0.0,0.0,0.0,534.0,2616.0,1.126,0,6,0,15.169,14.98,254,240,2,12,24,12,0,1920,0,0,0,0,0,0,0,0,0,0,184,0,0,0,1710,203,737,688,0,0,4,1.71
4344,18.925,20.114,0.04,0.0,0.0,0.0,0.0,0.0,534.0,2616.0,1.154,0,6,0,15.546,15.419,252,240,2,12,24,12,0,1920,0,0,0,0,0,0,0,0,0,0,184,0,0,0,1646,217,682,663,0,0,3,1.646
4345,18.831,20.114,0.04,0.0,0.0,0.0,0.0,0.0,534.0,2616.0,1.117,0,6,0,15.44,15.294,253,240,2,12,24,12,0,1920,0,0,0,0,0,0,0,0,0,0,184,0,0,0,1622,221,675,648,0,0,4,1.622
4346,19.921,20.114,0.04,0.0,0.0,0.0,0.0,0.0,534.0,2616.0,1.111,0,6,0,16.517,16.359,254,240,2,12,24,12,0,1920,0,0,0,0,0,0,0,0,0,0,184,0,0,0,1633,223,686,646,0,0,3,1.633
4347,19.96,20.114,0.04,0.0,0.0,0.0,0.0,0.0,534.0,2616.0,1.259,0,6,0,16.502,16.371,253,240,2,12,24,12,0,1920,0,0,0,0,0,0,0,0,0,0,184,0,0,0,1685,242,715,647,0,0,3,1.685
4348,19.823,20.114,0.04,0.0,0.0,0.0,0.0,0.0,534.0,2616.0,1.271,0,6,0,16.267,16.115,253,240,2,12,24,12,0,1920,0,0,0,0,0,0,0,0,0,0,184,0,0,0,1651,235,695,634,0,0,3,1.651
4349,19.226,20.114,0.04,0.0,0.0,0.0,0.0,0.0,534.0,2616.0,1.232,0,6,0,15.662,15.502,254,240,2,12,24,12,0,1920,0,0,0,0,0,0,0,0,0,0,184,0,0,0,1641,229,689,644,0,0,2,1.641
4350,18.746,20.114,0.04,0.0,0.0,0.0,0.0,0.0,534.0,2616.0,0.671,0,6,0,15.999,15.863,252,240,2,12,24,12,0,1920,0,0,0,0,0,0,0,0,0,0,184,0,0,0,994,110,400,438,0,0,2,0.994
4351,11.371,20.114,0.04,0.0,0.0,0.0,0.0,0.0,534.0,2616.0,0.654,0,6,0,9.317,9.224,253,240,2,12,24,12,0,1920,0,0,0,0,0,0,0,0,0,0,184,0,0,0,971,120,391,408,0,0,3,0.971
4352,12.696,20.114,0.04,0.0,0.0,0.0,0.0,0.0,534.0,2616.0,0.717,0,6,0,10.718,9.137,254,240,2,12,24,12,0,1920,0,0,0,0,0,0,0,0,0,0,184,0,0,0,954,109,417,381,0,0,3,0.954
4353,11.14,20.114,0.04,0.0,0.0,0.0,0.0,0.0,534.0,2616.0,0.672,0,6,0,9.082,9.005,252,240,2,12,24,12,0,1920,0,0,0,0,0,0,0,0,0,0,184,0,0,0,988,140,418,382,0,0,3,0.988
4354,11.19,20.114,0.04,0.0,0.0,0.0,0.0,0.0,534.0,2616.0,0.655,0,6,0,9.263,9.166,255,240,2,12,24,12,0,1920,0,0,0,0,0,0,0,0,0,0,184,0,0,0,897,105,391,352,0,0,2,0.897
4355,10.767,20.114,0.04,0.0,0.0,0.0,0.0,0.0,534.0,2616.0,0.656,0,6,0,8.87,8.788,253,240,2,12,24,12,0,1920,0,0,0,0,0,0,0,0,0,0,184,0,0,0,913,139,371,357,0,0,2,0.913
4356,10.777,20.114,0.04,0.0,0.0,0.0,0.0,0.0,534.0,2616.0,0.586,0,6,0,8.891,8.8,255,240,2,12,24,12,0,1920,0,0,0,0,0,0,0,0,0,0,184,0,0,0,908,105,385,373,0,0,1,0.908
4357,10.946,20.114,0.04,0.0,0.0,0.0,0.0,0.0,534.0,2616.0,0.646,0,6,0,9.038,8.961,253,240,2,12,24,12,0,1920,0,0,0,0,0,0,0,0,0,0,184,0,0,0,1004,114,414,389,0,0,2,1.004
4358,10.918,20.114,0.04,0.0,0.0,0.0,0.0,0.0,534.0,2616.0,0.679,0,6,0,9.018,8.934,253,240,2,12,24,12,0,1920,0,0,0,0,0,0,0,0,0,0,184,0,0,0,925,107,387,388,0,0,2,0.925
4359,11.19,20.114,0.04,0.0,0.0,0.0,0.0,0.0,534.0,2616.0,0.629,0,6,0,9.263,9.057,252,240,2,12,24,12,0,1920,0,0,0,0,0,0,0,0,0,0,184,0,0,0,932,108,391,385,0,0,2,0.932
4360,10.893,20.114,0.04,0.0,0.0,0.0,0.0,0.0,534.0,2616.0,0.632,0,6,0,9.036,8.952,254,240,2,12,24,12,0,1920,0,0,0,0,0,0,0,0,0,0,184,0,0,0,940,111,394,394,0,0,2,0.94
4361,10.961,20.114,0.04,0.0,0.0,0.0,0.0,0.0,534.0,2616.0,0.663,0,6,0,9.019,8.941,253,240,2,12,24,12,0,1920,0,0,0,0,0,0,0,0,0,0,184,0,0,0,1001,109,468,371,0,0,3,1.001
4362,10.822,20.114,0.04,0.0,0.0,0.0,0.0,0.0,534.0,2616.0,0.575,0,6,0,8.941,8.849,255,240,2,12,24,12,0,1920,0,0,0,0,0,0,0,0,0,0,184,0,0,0,906,105,376,364,0,0,2,0.906
4363,10.601,20.114,0.04,0.0,0.0,0.0,0.0,0.0,534.0,2616.0,0.623,0,6,0,8.766,8.683,253,240,2,12,24,12,0,1920,0,0,0,0,0,0,0,0,0,0,184,0,0,0,918,121,385,366,0,0,2,0.918
4364,10.728,20.114,0.04,0.0,0.0,0.0,0.0,0.0,534.0,2616.0,0.618,0,6,0,8.813,8.721,255,240,2,12,24,12,0,1920,0,0,0,0,0,0,0,0,0,0,184,0,0,0,953,107,431,367,0,0,2,0.953
4365,10.74,20.114,0.04,0.0,0.0,0.0,0.0,0.0,534.0,2616.0,0.609,0,6,0,8.859,8.781,253,240,2,12,24,12,0,1920,0,0,0,0,0,0,0,0,0,0,184,0,0,0,950,144,388,365,0,0,2,0.95
4366,10.981,20.114,0.04,0.0,0.0,0.0,0.0,0.0,534.0,2616.0,0.614,0,6,0,9.135,9.046,253,240,2,12,24,12,0,1920,0,0,0,0,0,0,0,0,0,0,184,0,0,0,904,126,375,360,0,0,2,0.904
4367,10.634,20.114,0.04,0.0,0.0,0.0,0.0,0.0,534.0,2616.0,0.589,0,6,0,8.706,8.623,253,240,2,12,24,12,0,1920,0,0,0,0,0,0,0,0,0,0,184,0,0,0,969,107,440,368,0,0,1,0.969
4368,11.315,20.114,0.04,0.0,0.0,0.0,0.0,0.0,534.0,2616.0,0.593,0,6,0,9.435,9.352,254,240,2,12,24,12,0,1920,0,0,0,0,0,0,0,0,0,0,184,0,0,0,960,108,391,419,0,0,2,0.96
4369,10.804,20.114,0.04,0.0,0.0,0.0,0.0,0.0,534.0,2616.0,0.595,0,6,0,8.964,8.857,256,240,2,12,24,12,0,1920,0,0,0,0,0,0,0,0,0,0,184,0,0,0,894,105,387,357,0,0,2,0.894
4370,11.061,20.114,0.04,0.0,0.0,0.0,0.0,0.0,534.0,2616.0,0.617,0,6,0,9.151,9.076,252,240,2,12,24,12,0,1920,0,0,0,0,0,0,0,0,0,0,184,0,0,0,972,132,417,368,0,0,2,0.972
4371,10.697,20.114,0.04,0.0,0.0,0.0,0.0,0.0,534.0,2616.0,0.68,0,6,0,8.823,8.704,254,240,2,12,24,12,0,1920,0,0,0,0,0,0,0,0,0,0,184,0,0,0,956,126,387,396,0,0,2,0.956
4372,11.182,20.114,0.04,0.0,0.0,0.0,0.0,0.0,534.0,2616.0,0.648,0,6,0,9.241,9.161,253,240,2,12,24,12,0,1920,0,0,0,0,0,0,0,0,0,0,184,0,0,0,909,108,398,358,0,0,2,0.909
4373,10.88,20.114,0.04,0.0,0.0,0.0,0.0,0.0,534.0,2616.0,0.599,0,6,0,8.993,8.916,253,240,2,12,24,12,0,1920,0,0,0,0,0,0,0,0,0,0,184,0,0,0,896,115,370,366,0,0,2,0.896
4374,10.725,20.114,0.04,0.0,0.0,0.0,0.0,0.0,534.0,2616.0,0.725,0,6,0,8.92,8.845,253,240,2,12,24,12,0,1920,0,0,0,0,0,0,0,0,0,0,184,0,0,0,910,102,401,366,0,0,2,0.91
4375,10.935,20.114,0.04,0.0,0.0,0.0,0.0,0.0,534.0,2616.0,0.641,0,6,0,8.912,8.827,254,240,2,12,24,12,0,1920,0,0,0,0,0,0,0,0,0,0,184,0,0,0,966,108,453,358,0,0,3,0.966
4376,10.799,20.114,0.04,0.0,0.0,0.0,0.0,0.0,534.0,2616.0,0.707,0,6,0,8.848,8.762,255,240,2,12,24,12,0,1920,0,0,0,0,0,0,0,0,0,0,184,0,0,0,987,114,409,412,0,0,3,0.987
4377,11.186,20.114,0.04,0.0,0.0,0.0,0.0,0.0,534.0,2616.0,0.714,0,6,0,9.226,9.099,254,240,2,12,24,12,0,1920,0,0,0,0,0,0,0,0,0,0,184,0,0,0,917,107,381,379,0,0,1,0.917
4378,11.177,20.114,0.04,0.0,0.0,0.0,0.0,0.0,534.0,2616.0,0.656,0,6,0,9.189,8.831,255,240,2,12,24,12,0,1920,0,0,0,0,0,0,0,0,0,0,184,0,0,0,942,102,423,372,0,0,1,0.942
4379,10.75,20.114,0.04,0.0,0.0,0.0,0.0,0.0,534.0,2616.0,0.591,0,6,0,8.805,8.731,252,240,2,12,24,12,0,1920,0,0,0,0,0,0,0,0,0,0,184,0,0,0,966,110,390,417,0,0,3,0.966
4380,16.077,20.114,0.04,0.0,0.0,0.0,0.0,0.0,534.0,2616.0,0.652,0,6,0,13.069,12.986,253,240,2,12,24,12,0,1920,0,0,0,0,0,0,0,0,0,0,184,0,0,0,1103,134,491,422,0,0,3,1.103
4381,10.562,20.114,0.04,0.0,0.0,0.0,0.0,0.0,534.0,2616.0,0.59,0,6,0,8.694,8.599,255,240,2,12,24,12,0,1920,0,0,0,0,0,0,0,0,0,0,184,0,0,0,901,101,377,381,0,0,1,0.901
4382,10.325,20.114,0.04,0.0,0.0,0.0,0.0,0.0,534.0,2616.0,0.604,0,6,0,8.564,8.488,253,240,2,12,24,12,0,1920,0,0,0,0,0,0,0,0,0,0,184,0,0,0,877,105,383,347,0,0,1,0.877
4383,10.996,20.114,0.04,0.0,0.0,0.0,0.0,0.0,534.0,2616.0,0.693,0,6,0,9.148,9.068,254,240,2,12,24,12,0,1920,0,0,0,0,0,0,0,0,0,0,184,0,0,0,921,103,403,370,0,0,2,0.921
4384,11.124,20.114,0.04,0.0,0.0,0.0,0.0,0.0,534.0,2616.0,0.789,0,6,0,9.16,9.074,254,240,2,12,24,12,0,1920,0,0,0,0,0,0,0,0,0,0,184,0,0,0,939,106,378,351,0,0,1,0.939
4385,13.389,20.114,0.04,0.0,0.0,0.0,0.0,0.0,534.0,2616.0,0.773,0,6,0,10.99,10.912,252,240,2,12,24,12,0,1920,0,0,0,0,0,0,0,0,0,0,184,0,0,0,1223,125,515,516,0,0,3,1.223
4386,12.606,20.114,0.04,0.0,0.0,0.0,0.0,0.0,534.0,2616.0,0.751,0,6,0,10.362,10.206,254,240,2,12,24,12,0,1920,0,0,0,0,0,0,0,0,0,0,184,0,0,0,1049,126,455,419,0,0,1,1.049
4387,12.259,20.114,0.04,0.0,0.0,0.0,0.0,0.0,534.0,2616.0,0.699,0,6,0,10.155,10.057,254,240,2,12,24,12,0,1920,0,0,0,0,0,0,0,0,0,0,184,0,0,0,970,141,405,378,0,0,2,0.97
4388,12.276,20.114,0.04,0.0,0.0,0.0,0.0,0.0,534.0,2616.0,0.638,0,6,0,10.239,10.155,253,240,2,12,24,12,0,1920,0,0,0,0,0,0,0,0,0,0,184,0,0,0,950,109,417,377,0,0,3,0.95
4389,12.398,20.114,0.04,0.0,0.0,0.0,0.0,0.0,534.0,2616.0,0.736,0,6,0,10.405,10.294,253,240,2,12,24,12,0,1920,0,0,0,0,0,0,0,0,0,0,184,0,0,0,988,128,425,384,0,0,1,0.988
4390,12.197,20.114,0.04,0.0,0.0,0.0,0.0,0.0,534.0,2616.0,0.987,0,6,0,10.078,9.985,253,240,2,12,24,12,0,1920,0,0,0,0,0,0,0,0,0,0,184,0,0,0,998,119,436,386,0,0,2,0.998
4391,15.108,20.114,0.04,0.0,0.0,0.0,0.0,0.0,534.0,2616.0,0.715,0,6,0,12.697,11.684,253,240,2,12,24,12,0,1920,0,0,0,0,0,0,0,0,0,0,184,0,0,0,987,151,402,383,0,0,3,0.987
4392,12.527,20.114,0.04,0.0,0.0,0.0,0.0,0.0,534.0,2616.0,1.067,0,6,0,10.407,10.311,254,240,2,12,24,12,0,1920,0,0,0,0,0,0,0,0,0,0,184,0,0,0,1070,113,395,502,0,0,2,1.07
4393,12.231,20.114,0.04,0.0,0.0,0.0,0.0,0.0,534.0,2616.0,0.674,0,6,0,9.911,9.801,255,240,2,12,24,12,0,1920,0,0,0,0,0,0,0,0,0,0,184,0,0,0,918,115,373,384,0,0,2,0.918
4394,10.837,20.114,0.04,0.0,0.0,0.0,0.0,0.0,534.0,2616.0,0.679,0,6,0,8.87,8.787,253,240,2,12,24,12,0,1920,0,0,0,0,0,0,0,0,0,0,184,0,0,0,912,110,405,355,0,0,3,0.912
4395,12.292,20.114,0.04,0.0,0.0,0.0,0.0,0.0,534.0,2616.0,0.695,0,6,0,10.224,10.144,252,240,2,12,24,12,0,1920,0,0,0,0,0,0,0,0,0,0,184,0,0,0,1008,141,433,382,0,0,3,1.008
4396,11.87,20.025,0.044,0.0,0.0,0.0,0.0,0.0,534.0,2616.0,0.692,0,6,0,9.824,9.719,254,240,2,12,24,12,0,1920,0,0,0,0,0,0,0,0,0,0,184,0,0,0,982,119,430,383,0,0,2,0.982
4397,11.665,20.025,0.044,0.0,0.0,0.0,0.0,0.0,534.0,2616.0,0.627,0,6,0,9.513,9.435,252,240,2,12,24,12,0,1920,0,0,0,0,0,0,0,0,0,0,184,0,0,0,1081,126,459,386,0,0,1,1.081
4398,11.508,20.025,0.044,0.0,0.0,0.0,0.0,0.0,534.0,2616.0,0.645,0,6,0,9.493,9.397,254,240,2,12,24,12,0,1920,0,0,0,0,0,0,0,0,0,0,184,0,0,0,1009,116,433,409,0,0,3,1.009
4399,11.756,20.025,0.044,0.0,0.0,0.0,0.0,0.0,534.0,2616.0,0.683,0,6,0,9.748,9.644,253,240,2,12,24,12,0,1920,0,0,0,0,0,0,0,0,0,0,184,0,0,0,1010,114,400,437,0,0,3,1.01
4400,12.439,20.025,0.044,0.0,0.0,0.0,0.0,0.0,534.0,2616.0,0.685,0,6,0,10.337,10.255,253,240,2,12,24,12,0,1920,0,0,0,0,0,0,0,0,0,0,184,0,0,0,1067,162,445,402,0,0,2,1.067
4401,13.486,20.025,0.044,0.0,0.0,0.0,0.0,0.0,534.0,2616.0,0.815,0,6,0,11.354,11.272,252,240,2,12,24,12,0,1920,0,0,0,0,0,0,0,0,0,0,184,0,0,0,1084,124,433,476,0,0,2,1.084
4402,12.749,20.025,0.044,0.0,0.0,0.0,0.0,0.0,534.0,2616.0,0.783,0,6,0,10.577,10.473,255,240,2,12,24,12,0,1920,0,0,0,0,0,0,0,0,0,0,184,0,0,0,966,118,417,383,0,0,3,0.966
4403,12.899,20.025,0.044,0.0,0.0,0.0,0.0,0.0,534.0,2616.0,1.302,0,6,0,10.646,10.549,254,240,2,12,24,12,0,1920,0,0,0,0,0,0,0,0,0,0,184,0,0,0,1058,123,477,403,0,0,2,1.058
4404,14.241,20.025,0.044,0.0,0.0,0.0,0.0,0.0,534.0,2616.0,0.665,0,6,0,11.5,11.395,253,240,2,12,24,12,0,1920,0,0,0,0,0,0,0,0,0,0,184,0,0,0,1026,145,434,392,0,0,2,1.026
4405,13.008,20.025,0.044,0.0,0.0,0.0,0.0,0.0,534.0,2616.0,0.82,0,6,0,10.558,10.467,254,240,2,12,24,12,0,1920,0,0,0,0,0,0,0,0,0,0,184,0,0,0,1302,174,520,528,0,0,3,1.302
4406,11.886,20.025,0.044,0.0,0.0,0.0,0.0,0.0,534.0,2616.0,0.728,0,6,0,9.662,9.585,252,240,2,12,24,12,0,1920,0,0,0,0,0,0,0,0,0,0,184,0,0,0,1001,116,420,417,0,0,1,1.001
4407,11.956,20.025,0.044,0.0,0.0,0.0,0.0,0.0,534.0,2616.0,0.613,0,6,0,9.923,9.833,252,240,2,12,24,12,0,1920,0,0,0,0,0,0,0,0,0,0,184,0,0,0,942,114,407,372,0,0,2,0.942
4408,12.16,20.025,0.044,0.0,0.0,0.0,0.0,0.0,534.0,2616.0,0.689,0,6,0,10.257,10.142,254,240,2,12,24,12,0,1920,0,0,0,0,0,0,0,0,0,0,184,0,0,0,958,107,417,383,0,0,3,0.958
4409,12.47,20.025,0.044,0.0,0.0,0.0,0.0,0.0,534.0,2616.0,0.819,0,6,0,10.236,10.158,252,240,2,12,24,12,0,1920,0,0,0,0,0,0,0,0,0,0,184,0,0,0,1194,125,431,393,0,0,2,1.194
4410,12.304,20.025,0.044,0.0,0.0,0.0,0.0,0.0,534.0,2616.0,0.782,0,6,0,10.145,10.057,253,240,2,12,24,12,0,1920,0,0,0,0,0,0,0,0,0,0,184,0,0,0,950,111,409,377,0,0,2,0.95
4411,11.754,20.025,0.044,0.0,0.0,0.0,0.0,0.0,534.0,2616.0,0.766,0,6,0,9.619,9.524,253,240,2,12,24,12,0,1920,0,0,0,0,0,0,0,0,0,0,184,0,0,0,978,128,413,384,0,0,1,0.978
4412,12.877,20.025,0.044,0.0,0.0,0.0,0.0,0.0,534.0,2616.0,0.681,0,6,0,10.656,10.571,253,240,2,12,24,12,0,1920,0,0,0,0,0,0,0,0,0,0,184,0,0,0,1138,142,543,403,0,0,2,1.138
4413,12.221,20.025,0.044,0.0,0.0,0.0,0.0,0.0,534.0,2616.0,0.613,0,6,0,10.165,10.084,252,240,2,12,24,12,0,1920,0,0,0,0,0,0,0,0,0,0,184,0,0,0,1013,118,431,413,0,0,3,1.013
4414,12.535,20.025,0.044,0.0,0.0,0.0,0.0,0.0,534.0,2616.0,0.771,0,6,0,10.623,10.532,254,240,2,12,24,12,0,1920,0,0,0,0,0,0,0,0,0,0,184,0,0,0,959,112,421,376,0,0,2,0.959
4415,15.105,20.025,0.044,0.0,0.0,0.0,0.0,0.0,534.0,2616.0,0.681,0,6,0,12.952,12.863,253,240,2,12,24,12,0,1920,0,0,0,0,0,0,0,0,0,0,184,0,0,0,1030,117,438,423,0,0,3,1.03
4416,12.104,20.025,0.044,0.0,0.0,0.0,0.0,0.0,534.0,2616.0,0.665,0,6,0,9.939,9.853,253,240,2,12,24,12,0,1920,0,0,0,0,0,0,0,0,0,0,184,0,0,0,1083,178,448,403,0,0,1,1.083
4417,11.445,20.025,0.044,0.0,0.0,0.0,0.0,0.0,534.0,2616.0,0.699,0,6,0,9.502,9.412,254,240,2,12,24,12,0,1920,0,0,0,0,0,0,0,0,0,0,184,0,0,0,933,110,392,384,0,0,2,0.933
4418,11.279,20.025,0.044,0.0,0.0,0.0,0.0,0.0,534.0,2616.0,0.621,0,6,0,9.338,9.262,252,240,2,12,24,12,0,1920,0,0,0,0,0,0,0,0,0,0,184,0,0,0,907,105,379,357,0,0,2,0.907
4419,10.84,20.025,0.044,0.0,0.0,0.0,0.0,0.0,534.0,2616.0,0.96,0,6,0,8.986,8.909,253,240,2,12,24,12,0,1920,0,0,0,0,0,0,0,0,0,0,184,0,0,0,911,105,377,382,0,0,2,0.911
4420,16.739,20.025,0.044,0.0,0.0,0.0,0.0,0.0,534.0,2616.0,0.729,0,6,0,14.156,14.065,254,240,2,12,24,12,0,1920,0,0,0,0,0,0,0,0,0,0,184,0,0,0,1093,149,449,438,0,0,2,1.093
4421,13.252,20.025,0.044,0.0,0.0,0.0,0.0,0.0,534.0,2616.0,4.083,0,6,0,10.759,10.621,252,240,2,12,24,12,0,1920,0,0,0,0,0,0,0,0,0,0,184,0,0,0,1355,197,554,535,0,0,3,1.355
4422,37.4,20.025,0.044,0.0,0.0,0.0,0.0,0.0,534.0,2616.0,1.468,0,6,0,30.584,30.474,252,240,2,12,24,12,0,1920,0,0,0,0,0,0,0,0,0,0,184,0,0,0,2183,149,1564,392,0,0,2,2.183
4423,12.929,20.025,0.044,0.0,0.0,0.0,0.0,0.0,534.0,2616.0,0.719,0,6,0,10.088,9.975,254,240,2,12,24,12,0,1920,0,0,0,0,0,0,0,0,0,0,184,0,0,0,942,111,395,393,0,0,3,0.942
4424,12.679,20.025,0.044,0.0,0.0,0.0,0.0,0.0,534.0,2616.0,0.689,0,6,0,10.087,9.997,253,240,2,12,24,12,0,1920,0,0,0,0,0,0,0,0,0,0,184,0,0,0,1479,113,440,869,0,0,3,1.479
4425,11.824,20.025,0.044,0.0,0.0,0.0,0.0,0.0,534.0,2616.0,0.7,0,6,0,9.696,9.606,252,240,2,12,24,12,0,1920,0,0,0,0,0,0,0,0,0,0,184,0,0,0,1011,113,406,440,0,0,3,1.011
4426,12.945,20.025,0.044,0.0,0.0,0.0,0.0,0.0,534.0,2616.0,0.751,0,6,0,10.744,10.643,253,240,2,12,24,12,0,1920,0,0,0,0,0,0,0,0,0,0,184,0,0,0,1000,120,410,419,0,0,2,1.0
4427,11.457,20.025,0.044,0.0,0.0,0.0,0.0,0.0,534.0,2616.0,0.695,0,6,0,9.34,9.218,252,240,2,12,24,12,0,1920,0,0,0,0,0,0,0,0,0,0,184,0,0,0,964,133,417,366,0,0,1,0.964
4428,11.81,20.025,0.044,0.0,0.0,0.0,0.0,0.0,534.0,2616.0,1.15,0,6,0,9.81,9.714,254,240,2,12,24,12,0,1920,0,0,0,0,0,0,0,0,0,0,184,0,0,0,943,106,418,375,0,0,2,0.943
4429,18.411,20.025,0.044,0.0,0.0,0.0,0.0,0.0,534.0,2616.0,1.225,0,6,0,15.058,14.927,253,240,2,12,24,12,0,1920,0,0,0,0,0,0,0,0,0,0,184,0,0,0,1591,191,693,625,0,0,3,1.591
4430,17.953,20.025,0.044,0.0,0.0,0.0,0.0,0.0,534.0,2616.0,1.418,0,6,0,14.714,14.568,254,240,2,12,24,12,0,1920,0,0,0,0,0,0,0,0,0,0,184,0,0,0,1391,171,577,570,0,0,8,1.391
4431,14.996,20.025,0.044,0.0,0.0,0.0,0.0,0.0,534.0,2616.0,0.829,0,6,0,11.778,11.66,252,240,2,12,24,12,0,1920,0,0,0,0,0,0,0,0,0,0,184,0,0,0,1310,144,574,527,0,0,3,1.31
4432,13.511,20.025,0.044,0.0,0.0,0.0,0.0,0.0,534.0,2616.0,0.797,0,6,0,11.235,11.142,254,240,2,12,24,12,0,1920,0,0,0,0,0,0,0,0,0,0,184,0,0,0,1005,114,421,417,0,0,2,1.005
4433,19.881,20.025,0.044,0.0,0.0,0.0,0.0,0.0,534.0,2616.0,0.991,0,6,0,17.189,17.095,252,240,2,12,24,12,0,1920,0,0,0,0,0,0,0,0,0,0,184,0,0,0,1376,162,591,549,0,0,4,1.376
4434,16.346,20.025,0.044,0.0,0.0,0.0,0.0,0.0,534.0,2616.0,1.003,0,6,0,13.409,13.286,253,240,2,12,24,12,0,1920,0,0,0,0,0,0,0,0,0,0,184,0,0,0,1414,162,589,563,0,0,3,1.414
4435,16.325,20.025,0.044,0.0,0.0,0.0,0.0,0.0,534.0,2616.0,0.899,0,6,0,13.447,13.316,253,240,2,12,24,12,0,1920,0,0,0,0,0,0,0,0,0,0,184,0,0,0,1382,164,599,552,0,0,3,1.382
4436,16.469,20.025,0.044,0.0,0.0,0.0,0.0,0.0,534.0,2616.0,0.911,0,6,0,13.646,13.45,255,240,2,12,24,12,0,1920,0,0,0,0,0,0,0,0,0,0,184,0,0,0,1426,155,581,621,0,0,3,1.426
4437,16.115,20.025,0.044,0.0,0.0,0.0,0.0,0.0,534.0,2616.0,0.925,0,6,0,13.241,13.124,253,240,2,12,24,12,0,1920,0,0,0,0,0,0,0,0,0,0,184,0,0,0,1476,199,591,610,0,0,2,1.476
4438,16.283,20.025,0.044,0.0,0.0,0.0,0.0,0.0,534.0,2616.0,0.969,0,6,0,13.495,13.376,253,240,2,12,24,12,0,1920,0,0,0,0,0,0,0,0,0,0,184,0,0,0,1383,236,558,518,0,0,3,1.383
4439,16.265,20.025,0.044,0.0,0.0,0.0,0.0,0.0,534.0,2616.0,0.9,0,6,0,13.344,13.231,252,240,2,12,24,12,0,1920,0,0,0,0,0,0,0,0,0,0,184,0,0,0,1413,164,608,570,0,0,3,1.413
4440,16.119,20.025,0.044,0.0,0.0,0.0,0.0,0.0,534.0,2616.0,0.831,0,6,0,13.276,13.109,256,240,2,12,24,12,0,1920,0,0,0,0,0,0,0,0,0,0,184,0,0,0,1427,170,606,576,0,0,3,1.427
4441,15.725,20.025,0.044,0.0,0.0,0.0,0.0,0.0,534.0,2616.0,0.842,0,6,0,12.989,12.879,252,240,2,12,24,12,0,1920,0,0,0,0,0,0,0,0,0,0,184,0,0,0,1362,166,569,556,0,0,3,1.362
4442,15.683,20.025,0.044,0.0,0.0,0.0,0.0,0.0,534.0,2616.0,0.882,0,6,0,12.933,12.817,254,240,2,12,24,12,0,1920,0,0,0,0,0,0,0,0,0,0,184,0,0,0,1389,153,557,607,0,0,3,1.389
4443,15.834,20.025,0.044,0.0,0.0,0.0,0.0,0.0,534.0,2616.0,0.903,0,6,0,13.125,13.006,254,240,2,12,24,12,0,1920,0,0,0,0,0,0,0,0,0,0,184,0,0,0,1349,185,536,553,0,0,4,1.349
4444,15.927,20.025,0.044,0.0,0.0,0.0,0.0,0.0,534.0,2616.0,0.938,0,6,0,13.13,13.003,254,240,2,12,24,12,0,1920,0,0,0,0,0,0,0,0,0,0,184,0,0,0,1397,154,562,608,0,0,4,1.397
4445,15.88,20.025,0.044,0.0,0.0,0.0,0.0,0.0,534.0,2616.0,0.836,0,6,0,13.044,12.934,252,240,2,12,24,12,0,1920,0,0,0,0,0,0,0,0,0,0,184,0,0,0,1411,164,616,553,0,0,4,1.411
4446,15.846,20.025,0.044,0.0,0.0,0.0,0.0,0.0,534.0,2616.0,0.891,0,6,0,13.123,13.006,253,240,2,12,24,12,0,1920,0,0,0,0,0,0,0,0,0,0,184,0,0,0,1359,190,581,519,0,0,3,1.359
4447,15.838,20.025,0.044,0.0,0.0,0.0,0.0,0.0,534.0,2616.0,0.875,0,6,0,13.049,12.914,252,240,2,12,24,12,0,1920,0,0,0,0,0,0,0,0,0,0,184,0,0,0,1446,160,586,634,0,0,3,1.446
4448,15.847,20.025,0.044,0.0,0.0,0.0,0.0,0.0,534.0,2616.0,0.946,0,6,0,13.124,12.989,256,240,2,12,24,12,0,1920,0,0,0,0,0,0,0,0,0,0,184,0,0,0,1292,182,561,478,0,0,3,1.292
4449,15.954,20.025,0.044,0.0,0.0,0.0,0.0,0.0,534.0,2616.0,0.916,0,6,0,13.03,12.898,254,240,2,12,24,12,0,1920,0,0,0,0,0,0,0,0,0,0,184,0,0,0,1463,168,601,623,0,0,3,1.463
4450,15.994,20.025,0.044,0.0,0.0,0.0,0.0,0.0,534.0,2616.0,0.891,0,6,0,13.205,13.071,254,240,2,12,24,12,0,1920,0,0,0,0,0,0,0,0,0,0,184,0,0,0,1372,180,560,560,0,0,3,1.372
4451,15.573,20.025,0.044,0.0,0.0,0.0,0.0,0.0,534.0,2616.0,0.918,0,6,0,12.964,12.854,252,240,2,12,24,12,0,1920,0,0,0,0,0,0,0,0,0,0,184,0,0,0,1274,143,539,525,0,0,3,1.274
4452,15.08,20.025,0.044,0.0,0.0,0.0,0.0,0.0,534.0,2616.0,0.782,0,6,0,12.369,12.244,254,240,2,12,24,12,0,1920,0,0,0,0,0,0,0,0,0,0,184,0,0,0,1324,174,529,553,0,0,4,1.324
4453,15.058,20.025,0.044,0.0,0.0,0.0,0.0,0.0,534.0,2616.0,0.859,0,6,0,12.531,12.43,252,240,2,12,24,12,0,1920,0,0,0,0,0,0,0,0,0,0,184,0,0,0,1264,165,525,511,0,0,3,1.264
4454,16.048,20.025,0.044,0.0,0.0,0.0,0.0,0.0,534.0,2616.0,0.886,0,6,0,13.478,13.367,253,240,2,12,24,12,0,1920,0,0,0,0,0,0,0,0,0,0,184,0,0,0,1223,148,525,483,0,0,3,1.223
4455,15.432,20.025,0.044,0.0,0.0,0.0,0.0,0.0,534.0,2616.0,0.874,0,6,0,12.797,12.662,256,240,2,12,24,12,0,1920,0,0,0,0,0,0,0,0,0,0,184,0,0,0,1268,145,560,500,0,0,3,1.268
4456,15.6,20.025,0.044,0.0,0.0,0.0,0.0,0.0,534.0,2616.0,0.931,0,6,0,12.836,12.716,254,240,2,12,24,12,0,1920,0,0,0,0,0,0,0,0,0,0,184,0,0,0,1422,173,585,591,0,0,3,1.422
4457,15.751,20.025,0.044,0.0,0.0,0.0,0.0,0.0,534.0,2616.0,0.812,0,6,0,12.925,12.822,252,240,2,12,24,12,0,1920,0,0,0,0,0,0,0,0,0,0,184,0,0,0,1438,167,617,587,0,0,3,1.438
4458,15.856,20.025,0.044,0.0,0.0,0.0,0.0,0.0,534.0,2616.0,0.884,0,6,0,13.207,13.098,253,240,2,12,24,12,0,1920,0,0,0,0,0,0,0,0,0,0,184,0,0,0,1363,156,556,559,0,0,5,1.363
4459,15.952,20.025,0.044,0.0,0.0,0.0,0.0,0.0,534.0,2616.0,0.892,0,6,0,13.214,13.102,252,240,2,12,24,12,0,1920,0,0,0,0,0,0,0,0,0,0,184,0,0,0,1359,155,572,522,0,0,3,1.359
4460,15.913,20.025,0.044,0.0,0.0,0.0,0.0,0.0,534.0,2616.0,0.936,0,6,0,13.182,13.038,253,240,2,12,24,12,0,1920,0,0,0,0,0,0,0,0,0,0,184,0,0,0,1375,157,623,525,0,0,2,1.375
4461,16.902,20.025,0.044,0.0,0.0,0.0,0.0,0.0,534.0,2616.0,1.136,0,6,0,13.981,13.805,257,240,2,12,24,12,0,1920,0,0,0,0,0,0,0,0,0,0,184,0,0,0,1457,215,592,570,0,0,4,1.457
4462,16.634,20.025,0.044,0.0,0.0,0.0,0.0,0.0,534.0,2616.0,0.972,0,6,0,13.608,13.476,253,240,2,12,24,12,0,1920,0,0,0,0,0,0,0,0,0,0,184,0,0,0,1326,169,571,509,0,0,3,1.326
4463,16.014,20.025,0.044,0.0,0.0,0.0,0.0,0.0,534.0,2616.0,0.936,0,6,0,13.222,13.093,252,240,2,12,24,12,0,1920,0,0,0,0,0,0,0,0,0,0,184,0,0,0,1301,156,549,531,0,0,4,1.301
4464,16.158,36.473,0.048,0.0,0.0,0.0,0.0,0.0,534.0,2616.0,0.959,0,6,0,13.236,13.104,254,240,2,12,24,12,0,1920,0,0,0,0,0,0,0,0,0,0,184,0,0,0,1433,175,619,563,0,0,3,1.433
4465,15.913,36.473,0.048,0.0,0.0,0.0,0.0,0.0,534.0,2616.0,0.926,0,6,0,13.056,12.942,252,240,2,12,24,12,0,1920,0,0,0,0,0,0,0,0,0,0,184,0,0,0,1372,171,576,551,0,0,3,1.372
4466,15.9,36.473,0.048,0.0,0.0,0.0,0.0,0.0,534.0,2616.0,0.924,0,6,0,13.16,13.02,254,240,2,12,24,12,0,1920,0,0,0,0,0,0,0,0,0,0,184,0,0,0,1321,152,593,514,0,0,3,1.321
4467,15.96,36.473,0.048,0.0,0.0,0.0,0.0,0.0,534.0,2616.0,0.933,0,6,0,13.2,13.054,255,240,2,12,24,12,0,1920,0,0,0,0,0,0,0,0,0,0,184,0,0,0,1303,160,550,525,0,0,3,1.303
4468,16.004,36.473,0.048,0.0,0.0,0.0,0.0,0.0,534.0,2616.0,0.96,0,6,0,13.237,13.103,254,240,2,12,24,12,0,1920,0,0,0,0,0,0,0,0,0,0,184,0,0,0,1382,187,593,537,0,0,3,1.382
4469,16.006,36.473,0.048,0.0,0.0,0.0,0.0,0.0,534.0,2616.0,0.934,0,6,0,13.244,13.125,252,240,2,12,24,12,0,1920,0,0,0,0,0,0,0,0,0,0,184,0,0,0,1267,158,555,487,0,0,3,1.267
4470,15.878,36.473,0.048,0.0,0.0,0.0,0.0,0.0,534.0,2616.0,0.949,0,6,0,13.166,13.047,252,240,2,12,24,12,0,1920,0,0,0,0,0,0,0,0,0,0,184,0,0,0,1278,195,515,501,0,0,4,1.278
4471,15.998,36.473,0.048,0.0,0.0,0.0,0.0,0.0,534.0,2616.0,0.871,0,6,0,13.157,13.03,253,240,2,12,24,12,0,1920,0,0,0,0,0,0,0,0,0,0,184,0,0,0,1422,154,642,564,0,0,3,1.422
4472,16.061,36.473,0.048,0.0,0.0,0.0,0.0,0.0,534.0,2616.0,0.917,0,6,0,13.228,13.114,253,240,2,12,24,12,0,1920,0,0,0,0,0,0,0,0,0,0,184,0,0,0,1463,166,626,593,0,0,3,1.463
4473,16.044,36.473,0.048,0.0,0.0,0.0,0.0,0.0,534.0,2616.0,0.888,0,6,0,13.335,13.206,254,240,2,12,24,12,0,1920,0,0,0,0,0,0,0,0,0,0,184,0,0,0,1328,175,553,536,0,0,3,1.328
4474,16.159,36.473,0.048,0.0,0.0,0.0,0.0,0.0,534.0,2616.0,0.926,0,6,0,13.444,13.32,254,240,2,12,24,12,0,1920,0,0,0,0,0,0,0,0,0,0,184,0,0,0,1324,152,570,529,0,0,3,1.324
4475,16.254,36.473,0.048,0.0,0.0,0.0,0.0,0.0,534.0,2616.0,0.945,0,6,0,13.529,13.41,252,240,2,12,24,12,0,1920,0,0,0,0,0,0,0,0,0,0,184,0,0,0,1311,160,545,538,0,0,3,1.311
4476,16.334,36.473,0.048,0.0,0.0,0.0,0.0,0.0,534.0,2616.0,0.858,0,6,0,13.472,13.357,252,240,2,12,24,12,0,1920,0,0,0,0,0,0,0,0,0,0,184,0,0,0,1434,159,625,587,0,0,3,1.434
4477,16.162,36.473,0.048,0.0,0.0,0.0,0.0,0.0,534.0,2616.0,0.942,0,6,0,13.542,13.411,254,240,2,12,24,12,0,1920,0,0,0,0,0,0,0,0,0,0,184,0,0,0,1272,181,520,502,0,0,10,1.272
4478,16.19,36.473,0.048,0.0,0.0,0.0,0.0,0.0,534.0,2616.0,0.958,0,6,0,13.403,13.236,253,240,2,12,24,12,0,1920,0,0,0,0,0,0,0,0,0,0,184,0,0,0,1322,159,554,543,0,0,2,1.322
4479,16.341,36.473,0.048,0.0,0.0,0.0,0.0,0.0,534.0,2616.0,0.974,0,6,0,13.426,13.273,253,240,2,12,24,12,0,1920,0,0,0,0,0,0,0,0,0,0,184,0,0,0,1468,163,606,630,0,0,2,1.468
4480,16.385,36.473,0.048,0.0,0.0,0.0,0.0,0.0,534.0,2616.0,1.001,0,6,0,13.518,13.353,254,240,2,12,24,12,0,1920,0,0,0,0,0,0,0,0,0,0,184,0,0,0,1378,161,574,570,0,0,3,1.378
4481,16.392,36.473,0.048,0.0,0.0,0.0,0.0,0.0,534.0,2616.0,0.981,0,6,0,13.472,13.356,252,240,2,12,24,12,0,1920,0,0,0,0,0,0,0,0,0,0,184,0,0,0,1373,158,594,547,0,0,3,1.373
4482,16.274,36.473,0.048,0.0,0.0,0.0,0.0,0.0,534.0,2616.0,0.933,0,6,0,13.423,13.301,253,240,2,12,24,12,0,1920,0,0,0,0,0,0,0,0,0,0,184,0,0,0,1364,160,593,539,0,0,3,1.364
4483,15.942,36.473,0.048,0.0,0.0,0.0,0.0,0.0,534.0,2616.0,0.923,0,6,0,13.15,13.008,253,240,2,12,24,12,0,1920,0,0,0,0,0,0,0,0,0,0,184,0,0,0,1363,159,582,550,0,0,3,1.363
4484,16.233,36.473,0.048,0.0,0.0,0.0,0.0,0.0,534.0,2616.0,0.833,0,6,0,13.504,13.392,252,240,2,12,24,12,0,1920,0,0,0,0,0,0,0,0,0,0,184,0,0,0,1346,188,550,542,0,0,3,1.346
4485,16.256,36.473,0.048,0.0,0.0,0.0,0.0,0.0,534.0,2616.0,0.856,0,6,0,13.458,13.301,253,240,2,12,24,12,0,1920,0,0,0,0,0,0,0,0,0,0,184,0,0,0,1444,171,618,582,0,0,2,1.444
4486,15.7,36.473,0.048,0.0,0.0,0.0,0.0,0.0,534.0,2616.0,0.876,0,6,0,13.032,12.913,254,240,2,12,24,12,0,1920,0,0,0,0,0,0,0,0,0,0,184,0,0,0,1342,209,579,485,0,0,3,1.342
4487,15.824,36.473,0.048,0.0,0.0,0.0,0.0,0.0,534.0,2616.0,0.877,0,6,0,13.014,12.858,253,240,2,12,24,12,0,1920,0,0,0,0,0,0,0,0,0,0,184,0,0,0,1405,162,613,562,0,0,3,1.405
4488,15.857,36.473,0.048,0.0,0.0,0.0,0.0,0.0,534.0,2616.0,0.867,0,6,0,13.066,12.939,253,240,2,12,24,12,0,1920,0,0,0,0,0,0,0,0,0,0,184,0,0,0,1412,157,608,578,0,0,3,1.412
4489,15.655,36.473,0.048,0.0,0.0,0.0,0.0,0.0,534.0,2616.0,0.995,0,6,0,13.021,12.895,253,240,2,12,24,12,0,1920,0,0,0,0,0,0,0,0,0,0,184,0,0,0,1278,175,540,496,0,0,3,1.278
4490,15.903,36.473,0.048,0.0,0.0,0.0,0.0,0.0,534.0,2616.0,1.009,0,6,0,13.139,13.028,252,240,2,12,24,12,0,1920,0,0,0,0,0,0,0,0,0,0,184,0,0,0,1282,154,541,482,0,0,3,1.282
4491,15.794,36.473,0.048,0.0,0.0,0.0,0.0,0.0,534.0,2616.0,0.96,0,6,0,13.056,12.942,252,240,2,12,24,12,0,1920,0,0,0,0,0,0,0,0,0,0,184,0,0,0,1271,148,565,494,0,0,2,1.271
4492,15.717,36.473,0.048,0.0,0.0,0.0,0.0,0.0,534.0,2616.0,0.999,0,6,0,13.006,12.883,253,240,2,12,24,12,0,1920,0,0,0,0,0,0,0,0,0,0,184,0,0,0,1245,153,542,488,0,0,3,1.245
4493,15.891,36.473,0.048,0.0,0.0,0.0,0.0,0.0,534.0,2616.0,1.078,0,6,0,13.042,12.929,252,240,2,12,24,12,0,1920,0,0,0,0,0,0,0,0,0,0,184,0,0,0,1284,168,528,485,0,0,3,1.284
4494,13.246,36.473,0.048,0.0,0.0,0.0,0.0,0.0,534.0,2616.0,0.681,0,6,0,10.714,10.595,253,240,2,12,24,12,0,1920,0,0,0,0,0,0,0,0,0,0,184,0,0,0,1014,149,429,387,0,0,2,1.014
4495,11.338,36.473,0.048,0.0,0.0,0.0,0.0,0.0,534.0,2616.0,0.7,0,6,0,9.325,9.226,254,240,2,12,24,12,0,1920,0,0,0,0,0,0,0,0,0,0,184,0,0,0,958,114,395,403,0,0,2,0.958
4496,11.482,36.473,0.048,0.0,0.0,0.0,0.0,0.0,534.0,2616.0,0.658,0,6,0,9.451,9.335,254,240,2,12,24,12,0,1920,0,0,0,0,0,0,0,0,0,0,184,0,0,0,976,112,401,417,0,0,2,0.976
4497,11.524,36.473,0.048,0.0,0.0,0.0,0.0,0.0,534.0,2616.0,0.589,0,6,0,9.467,9.386,252,240,2,12,24,12,0,1920,0,0,0,0,0,0,0,0,0,0,184,0,0,0,970,117,400,404,0,0,3,0.97
4498,11.391,36.473,0.048,0.0,0.0,0.0,0.0,0.0,534.0,2616.0,0.688,0,6,0,9.5,9.408,253,240,2,12,24,12,0,1920,0,0,0,0,0,0,0,0,0,0,184,0,0,0,959,119,417,377,0,0,3,0.959
4499,11.517,36.473,0.048,0.0,0.0,0.0,0.0,0.0,534.0,2616.0,0.642,0,6,0,9.505,9.43,252,240,2,12,24,12,0,1920,0,0,0,0,0,0,0,0,0,0,184,0,0,0,963,123,416,378,0,0,2,0.963
4500,11.717,36.473,0.048,0.0,0.0,0.0,0.0,0.0,534.0,2616.0,0.645,0,6,0,9.754,9.68,252,240,2,12,24,12,0,1920,0,0,0,0,0,0,0,0,0,0,184,0,0,0,966,121,424,376,0,0,2,0.966
