frame,frame_ms,process_max_1s_ms,physics_max_1s_ms,render_cpu_ms,render_gpu_ms,draw_calls,render_objects,primitives,nodes,objects,view_update_ms,alive_p,alive_e,projectiles,draw_ms_total,draw_ms_units,redraws,redraws_units,steps,unit_updates,nearest_calls,nearest_calls_swords,nearest_forced,examined,dist_checks,target_kept,target_changed,target_lost,range_checks,moves,attacks,damage_events,deaths,taunt_scans,taunt_target_calls,paladin_taunt_checks,projectile_updates,projectile_hit_checks,us_step,us_paladins,us_swords,us_target,us_move,us_attack,us_projectiles,sim_ms
1,14.961,0.0,0.0,0.0,0.0,0.0,0.0,0.0,534.0,2496.0,0.652,40,40,0,7.954,7.862,253,240,2,160,160,0,0,12800,6400,160,0,0,160,160,0,0,0,0,320,0,0,0,6034,86,0,5565,175,0,3,6.034
2,15.397,0.0,0.0,0.0,0.0,0.0,0.0,0.0,534.0,2496.0,0.384,40,40,0,7.899,7.816,252,240,2,160,160,0,0,12800,6400,160,0,0,160,160,0,0,0,0,320,0,0,0,6253,85,0,5817,154,0,4,6.253
3,15.017,0.0,0.0,0.0,0.0,0.0,0.0,0.0,534.0,2496.0,0.373,40,40,0,8.374,8.303,252,240,2,160,160,0,0,12800,6400,160,0,0,160,160,0,0,0,0,320,0,0,0,5693,134,0,5232,144,0,2,5.693
4,14.448,0.0,0.0,0.0,0.0,0.0,0.0,0.0,534.0,2496.0,0.386,40,40,0,7.721,7.637,254,240,2,160,160,0,0,12800,6400,160,0,0,160,160,0,0,0,0,320,0,0,0,5902,87,0,5441,167,0,3,5.902
5,15.075,0.0,0.0,0.0,0.0,0.0,0.0,0.0,534.0,2496.0,0.37,40,40,0,8.023,7.911,252,240,2,160,160,0,0,12800,6400,160,0,0,160,160,0,0,0,0,320,0,0,0,6125,92,0,5651,167,0,3,6.125
6,14.704,0.0,0.0,0.0,0.0,0.0,0.0,0.0,534.0,2496.0,0.385,40,40,0,7.786,7.654,255,240,2,160,160,0,0,12800,6400,160,0,0,160,160,0,0,0,0,320,0,0,0,5693,90,0,5250,151,0,2,5.693
7,14.254,0.0,0.0,0.0,0.0,0.0,0.0,0.0,534.0,2496.0,0.337,40,40,0,7.484,7.392,255,240,2,160,160,0,0,12800,6400,160,0,0,160,160,0,0,0,0,320,0,0,0,5920,88,0,5480,153,0,2,5.92
8,14.645,0.0,0.0,0.0,0.0,0.0,0.0,0.0,534.0,2496.0,0.379,40,40,0,7.636,7.512,254,240,2,160,160,0,0,12800,6400,160,0,0,160,160,0,0,0,0,320,0,0,0,6093,122,0,5431,146,0,4,6.093
9,14.11,0.0,0.0,0.0,0.0,0.0,0.0,0.0,534.0,2496.0,0.368,40,40,0,7.501,7.419,253,240,2,160,160,0,0,12800,6400,160,0,0,160,160,0,0,0,0,320,0,0,0,5766,92,0,5327,152,0,3,5.766
10,14.269,0.0,0.0,0.0,0.0,0.0,0.0,0.0,534.0,2496.0,0.382,40,40,0,7.752,7.675,253,240,2,160,160,0,0,12800,6400,160,0,0,160,160,0,0,0,0,320,0,0,0,5687,95,0,5260,144,0,2,5.687
11,16.28,0.0,0.0,0.0,0.0,0.0,0.0,0.0,534.0,2496.0,0.473,40,40,0,8.275,8.2,252,240,2,160,160,0,0,12800,6400,160,0,0,160,160,0,0,0,0,320,0,0,0,7044,112,0,6477,173,0,3,7.044
12,16.075,370.238,15.359,0.0,0.0,0.0,0.0,0.0,534.0,2496.0,0.575,40,40,0,8.605,8.493,256,240,2,160,160,0,0,12800,6400,160,0,0,160,160,0,0,0,0,320,0,0,0,6168,106,0,5688,141,0,3,6.168
13,20.869,370.238,15.359,0.0,0.0,0.0,0.0,0.0,534.0,2496.0,0.654,40,40,0,10.824,10.731,253,240,2,160,160,0,0,12800,6400,160,0,0,160,160,0,0,0,0,320,0,0,0,8772,210,0,7898,288,0,7,8.772
14,17.973,370.238,15.359,0.0,0.0,0.0,0.0,0.0,534.0,2496.0,0.514,40,40,0,9.144,9.019,253,240,2,160,160,0,0,12800,6400,160,0,0,160,160,0,0,0,0,320,0,0,0,7538,148,0,6934,209,0,3,7.538
15,15.874,370.238,15.359,0.0,0.0,0.0,0.0,0.0,534.0,2496.0,0.497,40,40,0,8.413,8.325,252,240,2,160,160,0,0,12800,6400,160,0,0,160,160,0,0,0,0,320,0,0,0,6358,97,0,5879,167,0,3,6.358
16,15.776,370.238,15.359,0.0,0.0,0.0,0.0,0.0,534.0,2496.0,0.423,40,40,0,8.475,8.373,254,240,2,160,160,0,0,12800,6400,160,0,0,160,160,0,0,0,0,320,0,0,0,6197,97,0,5711,162,0,2,6.197
17,16.558,370.238,15.359,0.0,0.0,0.0,0.0,0.0,534.0,2496.0,0.497,40,40,0,9.187,9.092,253,240,2,160,160,0,0,12800,6400,160,0,0,160,160,0,0,0,0,320,0,0,0,6141,99,0,5682,155,0,2,6.141
18,22.447,370.238,15.359,0.0,0.0,0.0,0.0,0.0,534.0,2496.0,0.698,40,40,0,12.156,12.053,255,240,2,160,160,0,0,12800,6400,160,0,0,160,160,0,0,0,0,320,0,0,0,9052,200,0,8264,262,0,6,9.052
19,23.199,370.238,15.359,0.0,0.0,0.0,0.0,0.0,534.0,2496.0,0.65,40,40,0,12.682,12.539,254,240,2,160,160,0,0,12800,6400,160,0,0,160,160,0,0,0,0,320,0,0,0,8968,149,0,8068,356,0,5,8.968
20,21.642,370.238,15.359,0.0,0.0,0.0,0.0,0.0,534.0,2496.0,0.464,40,40,0,12.868,12.761,252,240,2,160,160,0,0,12800,6400,160,0,0,160,160,0,0,0,0,320,0,0,0,7319,138,0,6725,204,0,3,7.319
21,15.65,370.238,15.359,0.0,0.0,0.0,0.0,0.0,534.0,2496.0,0.485,40,40,0,8.388,8.286,254,240,2,160,160,0,0,12800,6400,160,0,0,160,160,0,0,0,0,320,0,0,0,6201,100,0,5740,161,0,3,6.201
22,15.6,370.238,15.359,0.0,0.0,0.0,0.0,0.0,534.0,2496.0,0.43,40,40,0,8.21,8.116,253,240,2,160,160,0,0,12800,6400,160,0,0,160,160,0,0,0,0,320,0,0,0,6292,100,0,5779,201,0,2,6.292
23,15.844,370.238,15.359,0.0,0.0,0.0,0.0,0.0,534.0,2496.0,0.496,40,40,0,8.345,8.239,254,240,2,160,160,0,0,12800,6400,160,0,0,160,160,0,0,0,0,320,0,0,0,6262,100,0,5765,171,0,3,6.262
24,16.177,370.238,15.359,0.0,0.0,0.0,0.0,0.0,534.0,2496.0,0.438,40,40,0,8.739,8.609,252,240,2,160,160,0,0,12800,6400,160,0,0,160,160,0,0,0,0,320,0,0,0,6337,105,0,5851,168,0,3,6.337
25,15.799,370.238,15.359,0.0,0.0,0.0,0.0,0.0,534.0,2496.0,0.647,40,40,0,8.269,8.17,253,240,2,160,160,0,0,12800,6400,160,0,0,160,160,0,0,0,0,320,0,0,0,6538,94,0,6040,160,0,4,6.538
26,19.888,370.238,15.359,0.0,0.0,0.0,0.0,0.0,534.0,2496.0,0.44,40,40,0,12.439,12.326,255,240,2,160,160,0,0,12800,6400,160,0,0,160,160,0,0,0,0,320,0,0,0,6133,104,0,5654,174,0,4,6.133
27,17.924,370.238,15.359,0.0,0.0,0.0,0.0,0.0,534.0,2496.0,0.443,40,40,0,8.096,7.986,253,240,2,160,160,0,0,12800,6400,160,0,0,160,160,0,0,0,0,320,0,0,0,8814,128,0,8324,157,0,3,8.814
28,15.513,370.238,15.359,0.0,0.0,0.0,0.0,0.0,534.0,2496.0,0.441,40,40,0,8.452,8.361,253,240,2,160,160,0,0,12800,6400,160,0,0,160,160,0,0,0,0,320,0,0,0,6016,94,0,5582,154,0,3,6.016
29,17.523,370.238,15.359,0.0,0.0,0.0,0.0,0.0,534.0,2496.0,0.456,40,40,0,9.717,9.617,255,240,2,160,160,0,0,12800,6400,160,0,0,160,160,0,0,0,0,320,0,0,0,6520,97,0,5999,167,0,4,6.52
30,23.299,370.238,15.359,0.0,0.0,0.0,0.0,0.0,534.0,2496.0,0.438,40,40,0,13.046,12.96,253,240,2,160,160,0,0,12800,6400,160,0,0,160,160,0,0,0,0,320,0,0,0,8986,376,0,7900,280,0,4,8.986
31,22.485,370.238,15.359,0.0,0.0,0.0,0.0,0.0,534.0,2496.0,0.653,40,40,0,12.551,12.421,253,240,2,160,160,0,0,12800,6400,160,0,0,160,160,0,0,0,0,320,0,0,0,8709,154,0,7957,284,0,4,8.709
32,19.574,370.238,15.359,0.0,0.0,0.0,0.0,0.0,534.0,2496.0,0.46,40,40,0,11.689,11.559,253,240,2,160,160,0,0,12800,6400,160,0,0,160,160,0,0,0,0,320,0,0,0,6573,162,0,6026,168,0,4,6.573
33,16.536,370.238,15.359,0.0,0.0,0.0,0.0,0.0,534.0,2496.0,0.445,40,40,0,9.055,8.959,252,240,2,160,160,0,0,12800,6400,160,0,0,160,160,0,0,0,0,320,0,0,0,6345,94,0,5883,168,0,2,6.345
34,17.136,370.238,15.359,0.0,0.0,0.0,0.0,0.0,534.0,2496.0,0.481,40,40,0,9.082,8.977,255,240,2,160,160,0,0,12800,6400,160,0,0,160,160,0,0,0,0,320,0,0,0,6974,281,0,6286,184,0,3,6.974
35,17.063,370.238,15.359,0.0,0.0,0.0,0.0,0.0,534.0,2496.0,0.472,40,40,0,9.451,9.319,254,240,2,160,160,0,0,12800,6400,160,0,0,160,160,0,0,0,0,320,0,0,0,6312,101,0,5812,174,0,3,6.312
36,15.911,370.238,15.359,0.0,0.0,0.0,0.0,0.0,534.0,2496.0,0.485,40,40,0,8.534,8.436,254,240,2,160,160,0,0,12800,6400,160,0,0,160,160,0,0,0,0,320,0,0,0,6291,109,0,5813,163,0,2,6.291
37,16.235,370.238,15.359,0.0,0.0,0.0,0.0,0.0,534.0,2496.0,0.448,40,40,0,8.714,8.623,253,240,2,160,160,0,0,12800,6400,160,0,0,160,160,0,0,0,0,320,0,0,0,6392,130,0,5875,161,0,2,6.392
38,16.183,370.238,15.359,0.0,0.0,0.0,0.0,0.0,534.0,2496.0,0.458,40,40,0,8.896,8.77,254,240,2,160,160,0,0,12800,6400,160,0,0,160,160,0,0,0,0,320,0,0,0,6285,98,0,5805,153,0,3,6.285
39,16.409,370.238,15.359,0.0,0.0,0.0,0.0,0.0,534.0,2496.0,0.436,40,40,0,9.023,8.94,252,240,2,160,160,0,0,12800,6400,160,0,0,160,160,0,0,0,0,320,0,0,0,6401,106,0,5911,176,0,2,6.401
40,18.121,370.238,15.359,0.0,0.0,0.0,0.0,0.0,534.0,2496.0,0.484,40,40,0,10.304,8.678,254,240,2,160,160,0,0,12800,6400,160,0,0,160,160,0,0,0,0,320,0,0,0,6795,95,0,6263,183,0,4,6.795
41,18.145,370.238,15.359,0.0,0.0,0.0,0.0,0.0,534.0,2496.0,0.459,40,40,0,9.623,9.521,253,240,2,160,160,0,0,12800,6400,160,0,0,160,160,0,0,0,0,320,0,0,0,7438,105,0,6822,208,0,4,7.438
42,21.971,370.238,15.359,0.0,0.0,0.0,0.0,0.0,534.0,2496.0,0.702,40,40,0,10.756,10.635,256,240,2,160,160,0,0,12800,6400,160,0,0,160,160,0,0,0,0,320,0,0,0,9651,177,0,8850,268,0,5,9.651
43,29.667,370.238,15.359,0.0,0.0,0.0,0.0,0.0,534.0,2496.0,0.824,40,40,0,18.175,18.047,252,240,2,160,160,0,0,12800,6400,160,0,0,160,160,0,0,0,0,320,0,0,0,9746,225,0,8882,281,0,6,9.746
44,25.053,370.238,15.359,0.0,0.0,0.0,0.0,0.0,534.0,2496.0,0.616,40,40,0,14.075,13.88,253,240,2,160,160,0,0,12800,6400,160,0,0,160,160,0,0,0,0,320,0,0,0,9084,172,0,8343,245,0,6,9.084
45,19.624,370.238,15.359,0.0,0.0,0.0,0.0,0.0,534.0,2496.0,0.502,40,40,0,11.997,11.89,252,240,2,160,160,0,0,12800,6400,160,0,0,160,160,0,0,0,0,320,0,0,0,6313,103,0,5820,172,0,3,6.313
46,16.128,370.238,15.359,0.0,0.0,0.0,0.0,0.0,534.0,2496.0,0.476,40,40,0,8.663,8.563,253,240,2,160,160,0,0,12800,6400,160,0,0,160,160,0,0,0,0,320,0,0,0,6387,100,0,5892,159,0,3,6.387
47,15.913,370.238,15.359,0.0,0.0,0.0,0.0,0.0,534.0,2496.0,0.5,40,40,0,8.541,8.435,255,240,2,160,160,0,0,12800,6400,160,0,0,160,160,0,0,0,0,320,0,0,0,6337,93,0,5869,164,0,3,6.337
48,21.631,370.238,15.359,0.0,0.0,0.0,0.0,0.0,534.0,2496.0,0.444,40,40,0,10.564,10.421,256,240,2,160,160,0,0,12800,6400,160,0,0,160,160,0,0,0,0,320,0,0,0,7622,98,0,7009,244,0,4,7.622
49,19.688,370.238,15.359,0.0,0.0,0.0,0.0,0.0,534.0,2496.0,0.563,40,40,0,11.352,11.269,252,240,2,160,160,0,0,12800,6400,160,0,0,160,160,0,0,0,0,320,0,0,0,7324,126,0,6724,207,0,4,7.324
50,16.227,370.238,15.359,0.0,0.0,0.0,0.0,0.0,534.0,2496.0,0.492,40,40,0,8.595,8.478,254,240,2,160,160,0,0,12800,6400,160,0,0,160,160,0,0,0,0,320,0,0,0,6330,128,0,5799,184,0,19,6.33
51,16.55,370.238,15.359,0.0,0.0,0.0,0.0,0.0,534.0,2496.0,0.489,40,40,0,9.026,8.932,252,240,2,160,160,0,0,12800,6400,160,0,0,160,160,0,0,0,0,320,0,0,0,6390,106,0,5875,183,0,3,6.39
52,16.061,370.238,15.359,0.0,0.0,0.0,0.0,0.0,534.0,2496.0,0.5,40,40,0,8.494,8.367,253,240,2,160,160,0,0,12800,6400,160,0,0,160,160,0,0,0,0,320,0,0,0,6485,102,0,5999,175,0,3,6.485
53,15.818,370.238,15.359,0.0,0.0,0.0,0.0,0.0,534.0,2496.0,0.448,40,40,0,8.533,8.432,253,240,2,160,160,0,0,12800,6400,160,0,0,160,160,0,0,0,0,320,0,0,0,6150,98,0,5689,152,0,3,6.15
54,16.356,370.238,15.359,0.0,0.0,0.0,0.0,0.0,534.0,2496.0,0.517,40,40,0,8.778,8.671,254,240,2,160,160,0,0,12800,6400,160,0,0,160,160,0,0,0,0,320,0,0,0,6277,104,0,5808,164,0,3,6.277
55,16.722,370.238,15.359,0.0,0.0,0.0,0.0,0.0,534.0,2496.0,0.6,40,40,0,9.202,9.095,254,240,2,160,160,0,0,12800,6400,160,0,0,160,160,0,0,0,0,320,0,0,0,6372,99,0,5900,146,0,2,6.372
56,18.67,370.238,15.359,0.0,0.0,0.0,0.0,0.0,534.0,2496.0,0.461,40,40,0,10.584,10.469,254,240,2,160,160,0,0,12800,6400,160,0,0,160,160,0,0,0,0,320,0,0,0,6639,151,0,6081,177,0,19,6.639
57,16.808,370.238,15.359,0.0,0.0,0.0,0.0,0.0,534.0,2496.0,0.493,40,40,0,9.453,9.31,254,240,2,160,160,0,0,12800,6400,160,0,0,160,160,0,0,0,0,320,0,0,0,6319,110,0,5847,161,0,3,6.319
58,21.344,370.238,15.359,0.0,0.0,0.0,0.0,0.0,534.0,2496.0,0.584,40,40,0,11.452,11.361,252,240,2,160,160,0,0,12800,6400,160,0,0,160,160,0,0,0,0,320,0,0,0,8618,146,0,7946,234,0,2,8.618
59,21.753,370.238,15.359,0.0,0.0,0.0,0.0,0.0,534.0,2496.0,0.542,40,40,0,11.816,11.685,253,240,2,160,160,0,0,12800,6400,160,0,0,160,160,0,0,0,0,320,0,0,0,8646,139,0,7961,226,0,4,8.646
60,21.868,370.238,15.359,0.0,0.0,0.0,0.0,0.0,534.0,2496.0,0.56,40,40,0,11.651,11.506,254,240,2,160,160,0,0,12800,6400,160,0,0,160,160,0,0,0,0,320,0,0,0,8635,149,0,7963,223,0,4,8.635
61,21.688,370.238,15.359,0.0,0.0,0.0,0.0,0.0,534.0,2496.0,0.586,40,40,0,11.758,11.649,252,240,2,160,160,0,0,12800,6400,160,0,0,160,160,0,0,0,0,320,0,0,0,8640,155,0,7934,220,0,4,8.64
62,21.389,370.238,15.359,0.0,0.0,0.0,0.0,0.0,534.0,2496.0,0.594,40,40,0,11.363,11.239,254,240,2,160,160,0,0,12800,6400,160,0,0,160,160,0,0,0,0,320,0,0,0,8693,144,0,8003,265,0,4,8.693
63,21.448,370.238,15.359,0.0,0.0,0.0,0.0,0.0,534.0,2496.0,0.579,40,40,0,11.561,11.393,254,240,2,160,160,0,0,12800,6400,160,0,0,160,160,0,0,0,0,320,0,0,0,8611,184,0,7893,243,0,4,8.611
64,21.286,370.238,15.359,0.0,0.0,0.0,0.0,0.0,534.0,2496.0,0.581,40,40,0,11.412,11.296,253,240,2,160,160,0,0,12800,6400,160,0,0,160,160,0,0,0,0,320,0,0,0,8566,142,0,7894,237,0,2,8.566
65,21.833,370.238,15.359,0.0,0.0,0.0,0.0,0.0,534.0,2496.0,0.591,40,40,0,11.884,11.766,253,240,2,160,160,0,0,12800,6400,160,0,0,160,160,0,0,0,0,320,0,0,0,8645,152,0,7991,218,0,3,8.645
66,21.694,29.392,0.073,0.0,0.0,0.0,0.0,0.0,534.0,2496.0,0.574,40,40,0,11.535,11.409,254,240,2,160,160,0,0,12800,6400,160,0,0,160,160,0,0,0,0,320,0,0,0,8627,141,0,7960,236,0,3,8.627
67,22.851,29.392,0.073,0.0,0.0,0.0,0.0,0.0,534.0,2496.0,0.487,40,40,0,12.601,12.482,253,240,2,160,160,0,0,12800,6400,160,0,0,160,160,0,0,0,0,320,0,0,0,8677,194,0,7914,270,0,5,8.677
68,15.822,29.392,0.073,0.0,0.0,0.0,0.0,0.0,534.0,2496.0,0.427,40,40,0,8.521,8.395,253,240,2,160,160,0,0,12800,6400,160,0,0,160,160,0,0,0,0,320,0,0,0,6006,99,0,5559,157,0,3,6.006
69,15.291,29.392,0.073,0.0,0.0,0.0,0.0,0.0,534.0,2496.0,0.417,40,40,0,8.082,7.986,254,240,2,160,160,0,0,12800,6400,160,0,0,160,160,0,0,0,0,320,0,0,0,6174,90,0,5723,164,0,4,6.174
70,16.247,29.392,0.073,0.0,0.0,0.0,0.0,0.0,534.0,2496.0,0.446,40,40,0,8.895,8.729,254,240,2,160,160,0,0,12800,6400,160,0,0,160,160,0,0,0,0,320,0,0,0,6300,107,0,5791,192,0,4,6.3
71,15.352,29.392,0.073,0.0,0.0,0.0,0.0,0.0,534.0,2496.0,0.45,40,40,0,8.488,8.387,253,240,2,160,160,0,0,12800,6400,160,0,0,160,160,0,0,0,0,320,0,0,0,5809,107,0,5366,143,0,2,5.809
72,15.591,29.392,0.073,0.0,0.0,0.0,0.0,0.0,534.0,2496.0,0.417,40,40,0,8.441,8.334,256,240,2,160,160,0,0,12800,6400,160,0,0,160,160,0,0,0,0,320,0,0,0,5979,100,0,5536,148,0,2,5.979
73,15.268,29.392,0.073,0.0,0.0,0.0,0.0,0.0,534.0,2496.0,0.45,40,40,0,8.147,8.056,253,240,2,160,160,0,0,12800,6400,160,0,0,160,160,0,0,0,0,320,0,0,0,6154,95,0,5698,150,0,3,6.154
74,14.886,29.392,0.073,0.0,0.0,0.0,0.0,0.0,534.0,2496.0,0.435,40,40,0,7.98,7.898,252,240,2,160,160,0,0,12800,6400,160,0,0,160,160,0,0,0,0,320,0,0,0,5970,93,0,5513,157,0,3,5.97
75,17.407,29.392,0.073,0.0,0.0,0.0,0.0,0.0,534.0,2496.0,0.416,40,40,0,9.886,9.792,255,240,2,160,160,0,0,12800,6400,160,0,0,160,160,0,0,0,0,320,0,0,0,6494,103,0,5963,209,0,2,6.494
76,18.918,29.392,0.073,0.0,0.0,0.0,0.0,0.0,534.0,2496.0,0.468,40,40,0,10.165,10.08,252,240,2,160,160,0,0,12800,6400,160,0,0,160,160,0,0,0,0,320,0,0,0,7685,106,0,7112,211,0,5,7.685
77,19.311,29.392,0.073,0.0,0.0,0.0,0.0,0.0,534.0,2496.0,0.546,40,40,0,11.993,11.885,255,240,2,160,160,0,0,12800,6400,160,0,0,160,160,0,0,0,0,320,0,0,0,6221,107,0,5727,165,0,3,6.221
78,16.46,29.392,0.073,0.0,0.0,0.0,0.0,0.0,534.0,2496.0,0.492,40,40,0,8.724,8.619,254,240,2,160,160,0,0,12800,6400,160,0,0,160,160,0,0,0,0,320,0,0,0,6413,101,0,5940,157,0,3,6.413
79,15.942,29.392,0.073,0.0,0.0,0.0,0.0,0.0,534.0,2496.0,0.474,40,40,0,8.461,8.364,253,240,2,160,160,0,0,12800,6400,160,0,0,160,160,0,0,0,0,320,0,0,0,6419,97,0,5926,174,0,3,6.419
80,15.95,29.392,0.073,0.0,0.0,0.0,0.0,0.0,534.0,2496.0,0.483,40,40,0,8.554,8.454,254,240,2,160,160,0,0,12800,6400,160,0,0,160,160,0,0,0,0,320,0,0,0,6376,104,0,5848,210,0,7,6.376
81,17.034,29.392,0.073,0.0,0.0,0.0,0.0,0.0,534.0,2496.0,0.5,40,40,0,9.62,9.523,253,240,2,160,160,0,0,12800,6400,160,0,0,160,160,0,0,0,0,320,0,0,0,6287,102,0,5802,158,0,2,6.287
82,18.424,29.392,0.073,0.0,0.0,0.0,0.0,0.0,534.0,2496.0,0.635,40,40,0,8.725,8.629,253,240,2,160,160,0,0,12800,6400,160,0,0,160,160,0,0,0,0,320,0,0,0,8599,125,0,7891,240,0,5,8.599
83,21.786,29.392,0.073,0.0,0.0,0.0,0.0,0.0,534.0,2496.0,0.487,40,40,0,12.511,12.331,254,240,2,160,160,0,0,12800,6400,160,0,0,160,160,0,0,0,0,320,0,0,0,7708,230,0,6928,233,0,5,7.708
84,22.3,29.392,0.073,0.0,0.0,0.0,0.0,0.0,534.0,2496.0,0.535,40,40,0,12.207,12.098,254,240,2,160,160,0,0,12800,6400,160,0,0,160,160,0,0,0,0,320,0,0,0,8649,143,0,7967,239,0,4,8.649
85,21.613,29.392,0.073,0.0,0.0,0.0,0.0,0.0,534.0,2496.0,0.645,40,40,0,11.704,11.548,253,240,2,160,160,0,0,12800,6400,160,0,0,160,140,10,10,0,0,320,0,0,0,8635,141,0,7875,216,108,5,8.635
86,22.574,29.392,0.073,0.0,0.0,0.0,0.0,0.0,534.0,2496.0,0.585,40,40,0,12.274,12.134,254,240,2,160,160,0,0,12800,6400,160,0,0,160,140,0,0,0,0,320,0,0,0,8775,162,0,8084,204,0,5,8.775
87,22.238,29.392,0.073,0.0,0.0,0.0,0.0,0.0,534.0,2496.0,0.755,40,40,0,12.224,12.105,253,240,2,160,160,0,0,12800,6400,160,0,0,160,140,0,0,0,0,320,0,0,0,8584,160,0,7915,217,0,5,8.584
88,24.343,29.392,0.073,0.0,0.0,0.0,0.0,0.0,534.0,2496.0,0.659,40,40,0,14.081,11.541,255,240,2,160,160,0,0,12800,6400,160,0,0,160,140,0,0,0,0,320,0,0,0,8551,160,0,7886,204,0,6,8.551
89,21.506,29.392,0.073,0.0,0.0,0.0,0.0,0.0,534.0,2496.0,0.682,40,40,0,11.68,11.539,255,240,2,160,160,0,0,12800,6400,160,0,0,160,140,0,0,0,0,320,0,0,0,8291,142,0,7571,238,0,4,8.291
90,21.377,29.392,0.073,0.0,0.0,0.0,0.0,0.0,534.0,2496.0,0.666,40,40,0,11.331,11.205,253,240,2,160,160,0,0,12800,6400,160,0,0,160,140,0,0,0,0,320,0,0,0,8342,149,0,7641,238,0,4,8.342
91,22.121,29.392,0.073,0.0,0.0,0.0,0.0,0.0,534.0,2496.0,0.61,40,40,0,12.194,12.063,253,240,2,160,160,0,0,12800,6400,160,0,0,160,140,0,0,0,0,320,0,0,0,8261,166,0,7491,200,0,42,8.261
92,21.4,29.392,0.073,0.0,0.0,0.0,0.0,0.0,534.0,2496.0,0.553,40,40,0,11.764,11.645,254,240,2,160,160,0,0,12800,6400,160,0,0,160,140,0,0,0,0,320,0,0,0,8198,141,0,7571,206,0,4,8.198
93,21.167,29.392,0.073,0.0,0.0,0.0,0.0,0.0,534.0,2496.0,0.613,40,40,0,11.574,11.442,254,240,2,160,160,0,0,12800,6400,160,0,0,160,140,0,0,0,0,320,0,0,0,8206,145,0,7555,207,0,4,8.206
94,21.261,29.392,0.073,0.0,0.0,0.0,0.0,0.0,534.0,2496.0,0.569,40,40,0,11.535,11.406,253,240,2,160,160,0,0,12800,6400,160,0,0,160,140,0,0,0,0,320,0,0,0,8298,136,0,7684,194,0,4,8.298
95,20.88,29.392,0.073,0.0,0.0,0.0,0.0,0.0,534.0,2496.0,0.57,40,40,0,11.319,11.19,255,240,2,160,160,0,0,12800,6400,160,0,0,160,140,0,0,0,0,320,0,0,0,8254,139,0,7622,202,0,4,8.254
96,22.041,29.392,0.073,0.0,0.0,0.0,0.0,0.0,534.0,2496.0,0.512,40,40,0,11.913,11.792,254,240,2,160,160,0,0,12800,6400,160,0,0,160,140,0,0,0,0,320,0,0,0,8519,159,0,7847,212,0,5,8.519
97,17.636,29.392,0.073,0.0,0.0,0.0,0.0,0.0,534.0,2496.0,0.491,40,40,0,10.006,9.91,253,240,2,160,160,0,0,12800,6400,160,0,0,160,140,0,0,0,0,320,0,0,0,6453,131,0,5935,165,0,3,6.453
98,16.4,29.392,0.073,0.0,0.0,0.0,0.0,0.0,534.0,2496.0,0.49,40,40,0,8.987,8.87,254,240,2,160,160,0,0,12800,6400,160,0,0,160,140,0,0,0,0,320,0,0,0,6196,102,0,5696,149,0,3,6.196
99,17.081,29.392,0.073,0.0,0.0,0.0,0.0,0.0,534.0,2496.0,0.492,40,40,0,9.251,9.163,253,240,2,160,160,0,0,12800,6400,160,0,0,160,140,0,0,0,0,320,0,0,0,6661,96,0,6160,195,0,3,6.661
100,20.587,29.392,0.073,0.0,0.0,0.0,0.0,0.0,534.0,2496.0,0.625,40,40,0,10.675,10.572,254,240,2,160,160,0,0,12800,6400,160,0,0,160,140,0,0,0,0,320,0,0,0,8671,149,0,7952,242,0,5,8.671
101,22.155,29.392,0.073,0.0,0.0,0.0,0.0,0.0,534.0,2496.0,0.655,40,40,0,11.85,11.67,254,240,2,160,160,0,0,12800,6400,160,0,0,160,140,0,0,0,0,320,0,0,0,8797,143,0,8141,218,0,5,8.797
102,22.127,29.392,0.073,0.0,0.0,0.0,0.0,0.0,534.0,2496.0,0.693,40,40,0,11.701,11.559,254,240,2,160,160,0,0,12800,6400,160,0,0,160,140,0,0,0,0,320,0,0,0,8703,147,0,8038,213,0,6,8.703
103,21.494,29.392,0.073,0.0,0.0,0.0,0.0,0.0,534.0,2496.0,0.574,40,40,0,11.482,11.357,253,240,2,160,160,0,0,12800,6400,160,0,0,160,140,0,0,0,0,320,0,0,0,8484,181,0,7756,251,0,12,8.484
104,21.035,29.392,0.073,0.0,0.0,0.0,0.0,0.0,534.0,2496.0,0.584,40,40,0,11.264,11.114,255,240,2,160,160,0,0,12800,6400,160,0,0,160,140,0,0,0,0,320,0,0,0,8373,137,0,7631,241,0,5,8.373
105,16.7,29.392,0.073,0.0,0.0,0.0,0.0,0.0,534.0,2496.0,0.439,40,40,0,9.682,9.55,254,240,2,160,160,0,0,12800,6400,160,0,0,160,140,0,0,0,0,320,0,0,0,5750,97,0,5346,125,0,2,5.75
106,14.741,29.392,0.073,0.0,0.0,0.0,0.0,0.0,534.0,2496.0,0.454,40,40,0,7.85,7.768,252,240,2,160,160,0,0,12800,6400,160,0,0,160,140,0,0,0,0,320,0,0,0,5940,93,0,5514,141,0,3,5.94
107,14.798,29.392,0.073,0.0,0.0,0.0,0.0,0.0,534.0,2496.0,0.38,40,40,0,8.052,7.957,253,240,2,160,160,0,0,12800,6400,160,0,0,160,140,0,0,0,0,320,0,0,0,5720,92,0,5305,140,0,2,5.72
108,14.664,29.392,0.073,0.0,0.0,0.0,0.0,0.0,534.0,2496.0,0.403,40,40,0,7.783,7.685,254,240,2,160,160,0,0,12800,6400,160,0,0,160,140,0,0,0,0,320,0,0,0,5753,122,0,5298,143,0,2,5.753
109,16.322,29.392,0.073,0.0,0.0,0.0,0.0,0.0,534.0,2496.0,0.394,40,40,0,9.102,9.002,255,240,2,160,160,0,0,12800,6400,160,0,0,160,140,0,0,0,0,320,0,0,0,6194,93,0,5660,220,0,2,6.194
110,20.087,29.392,0.073,0.0,0.0,0.0,0.0,0.0,534.0,2496.0,0.679,40,40,0,12.12,12.028,254,240,2,160,160,0,0,12800,6400,160,0,0,160,140,0,0,0,0,320,0,0,0,6843,106,0,6307,206,0,5,6.843
111,23.275,29.392,0.073,0.0,0.0,0.0,0.0,0.0,534.0,2496.0,0.501,40,40,0,13.651,13.483,255,240,2,160,160,0,0,12800,6400,160,0,0,160,140,0,0,0,0,320,0,0,0,7962,211,0,7133,203,0,5,7.962
112,15.938,29.392,0.073,0.0,0.0,0.0,0.0,0.0,534.0,2496.0,0.458,40,40,0,8.606,8.512,252,240,2,160,160,0,0,12800,6400,160,0,0,160,140,0,0,0,0,320,0,0,0,6221,104,0,5733,174,0,2,6.221
113,15.705,29.392,0.073,0.0,0.0,0.0,0.0,0.0,534.0,2496.0,0.496,40,40,0,8.507,8.409,253,240,2,160,160,0,0,12800,6400,160,0,0,160,140,0,0,0,0,320,0,0,0,6114,97,0,5659,135,0,2,6.114
114,20.948,29.392,0.073,0.0,0.0,0.0,0.0,0.0,534.0,2496.0,0.472,40,40,0,10.438,10.33,254,240,2,160,160,0,0,12800,6400,160,0,0,160,140,0,0,0,0,320,0,0,0,8881,187,0,8073,289,0,5,8.881
115,16.476,29.392,0.073,0.0,0.0,0.0,0.0,0.0,534.0,2496.0,0.501,40,40,0,8.822,8.71,255,240,2,160,160,0,0,12800,6400,160,0,0,160,140,0,0,0,0,320,0,0,0,6502,101,0,6032,158,0,3,6.502
116,16.087,29.392,0.073,0.0,0.0,0.0,0.0,0.0,534.0,2496.0,0.473,40,40,0,8.89,8.779,252,240,2,160,160,0,0,12800,6400,160,0,0,160,140,0,0,0,0,320,0,0,0,6110,109,0,5654,151,0,3,6.11
117,17.499,29.392,0.073,0.0,0.0,0.0,0.0,0.0,534.0,2496.0,1.306,40,40,0,8.651,8.556,253,240,2,160,160,0,0,12800,6400,160,0,0,160,140,0,0,0,0,320,0,0,0,7837,116,0,7048,410,0,4,7.837
118,25.659,29.392,0.073,0.0,0.0,0.0,0.0,0.0,534.0,2496.0,0.676,40,40,0,14.525,14.401,255,240,2,160,160,0,0,12800,6400,160,0,0,160,140,0,0,0,0,320,0,0,0,8994,169,0,8190,251,0,5,8.994
119,23.09,24.233,0.133,0.0,0.0,0.0,0.0,0.0,534.0,2496.0,0.792,40,40,0,12.786,12.624,256,240,2,160,160,0,0,12800,6400,160,0,0,160,140,0,0,0,0,320,0,0,0,8740,155,0,8031,235,0,5,8.74
120,22.811,24.233,0.133,0.0,0.0,0.0,0.0,0.0,534.0,2496.0,0.51,40,40,0,13.26,13.106,254,240,2,160,160,0,0,12800,6400,160,0,0,160,140,0,0,0,0,320,0,0,0,7429,153,0,6782,215,0,4,7.429
121,16.895,24.233,0.133,0.0,0.0,0.0,0.0,0.0,534.0,2496.0,0.468,40,40,0,9.208,9.093,255,240,2,160,160,0,0,12800,6400,160,0,0,160,140,0,0,0,0,320,0,0,0,6464,116,0,5955,164,0,2,6.464
122,18.298,24.233,0.133,0.0,0.0,0.0,0.0,0.0,534.0,2496.0,0.643,40,40,0,8.703,8.607,252,240,2,160,160,0,0,12800,6400,160,0,0,160,140,0,0,0,0,320,0,0,0,8450,146,0,7806,218,0,5,8.45
123,21.872,24.233,0.133,0.0,0.0,0.0,0.0,0.0,534.0,2496.0,0.587,40,40,0,11.815,11.678,254,240,2,160,160,0,0,12800,6400,160,0,0,160,140,0,0,0,0,320,0,0,0,8552,171,0,7805,265,0,4,8.552
124,22.0,24.233,0.133,0.0,0.0,0.0,0.0,0.0,534.0,2496.0,0.617,40,40,0,12.007,11.841,252,240,2,160,160,0,0,12800,6400,160,0,0,160,140,0,0,0,0,320,0,0,0,8561,164,0,7901,221,0,3,8.561
125,23.49,24.233,0.133,0.0,0.0,0.0,0.0,0.0,534.0,2496.0,0.711,40,40,0,13.483,11.757,255,240,2,160,160,0,0,12800,6400,160,0,0,160,140,0,0,0,0,320,0,0,0,8529,183,0,7777,249,0,5,8.529
126,17.266,24.233,0.133,0.0,0.0,0.0,0.0,0.0,534.0,2496.0,0.486,40,40,0,9.392,9.243,255,240,2,160,160,0,0,12800,6400,160,0,0,160,140,0,0,0,0,320,0,0,0,6259,109,0,5747,171,0,2,6.259
127,15.917,24.233,0.133,0.0,0.0,0.0,0.0,0.0,534.0,2496.0,0.475,40,40,0,8.582,8.461,256,240,2,160,160,0,0,12800,6400,160,0,0,160,140,0,0,0,0,320,0,0,0,6311,97,0,5798,191,0,3,6.311
128,15.926,24.233,0.133,0.0,0.0,0.0,0.0,0.0,534.0,2496.0,0.455,40,40,0,8.629,8.546,252,240,2,160,160,0,0,12800,6400,160,0,0,160,140,0,0,0,0,320,0,0,0,6242,99,0,5785,152,0,3,6.242
129,16.723,24.233,0.133,0.0,0.0,0.0,0.0,0.0,534.0,2496.0,0.443,40,40,0,9.363,9.264,253,240,2,160,160,0,0,12800,6400,160,0,0,160,140,0,0,0,0,320,0,0,0,6321,97,0,5864,164,0,2,6.321
130,16.136,24.233,0.133,0.0,0.0,0.0,0.0,0.0,534.0,2496.0,0.463,40,40,0,8.872,8.786,252,240,2,160,160,0,0,12800,6400,160,0,0,160,140,0,0,0,0,320,0,0,0,6229,99,0,5779,147,0,3,6.229
131,15.65,24.233,0.133,0.0,0.0,0.0,0.0,0.0,534.0,2496.0,0.427,40,40,0,8.383,8.289,254,240,2,160,160,0,0,12800,6400,160,0,0,160,140,0,0,0,0,320,0,0,0,6239,97,0,5779,141,0,2,6.239
132,15.866,24.233,0.133,0.0,0.0,0.0,0.0,0.0,534.0,2496.0,0.409,40,40,0,8.437,8.299,256,240,2,160,160,0,0,12800,6400,160,0,0,160,140,0,0,0,0,320,0,0,0,6245,99,0,5722,187,0,3,6.245
133,15.8,24.233,0.133,0.0,0.0,0.0,0.0,0.0,534.0,2496.0,0.655,40,40,0,8.465,8.371,254,240,2,160,160,0,0,12800,6400,120,40,0,160,125,10,10,0,0,320,0,0,0,6370,113,0,5805,151,85,3,6.37
134,16.018,24.233,0.133,0.0,0.0,0.0,0.0,0.0,534.0,2496.0,0.446,40,40,0,8.598,8.493,254,240,2,160,160,0,0,12800,6400,160,0,0,160,120,0,0,0,0,320,0,0,0,6247,98,0,5783,155,0,3,6.247
135,16.916,24.233,0.133,0.0,0.0,0.0,0.0,0.0,534.0,2496.0,0.498,40,40,0,8.709,8.611,254,240,2,160,160,0,0,12800,6400,160,0,0,160,120,0,0,0,0,320,0,0,0,7183,94,0,6717,147,0,3,7.183
136,16.663,24.233,0.133,0.0,0.0,0.0,0.0,0.0,534.0,2496.0,0.58,40,40,0,9.193,9.099,253,240,2,160,160,0,0,12800,6400,160,0,0,160,120,0,0,0,0,320,0,0,0,6352,102,0,5887,150,0,3,6.352
137,16.648,24.233,0.133,0.0,0.0,0.0,0.0,0.0,534.0,2496.0,0.639,40,40,0,8.63,8.55,252,240,2,160,160,0,0,12800,6400,160,0,0,160,120,0,0,0,0,320,0,0,0,6740,113,0,6032,394,0,3,6.74
138,17.172,24.233,0.133,0.0,0.0,0.0,0.0,0.0,534.0,2496.0,0.438,40,40,0,9.391,9.27,256,240,2,160,160,0,0,12800,6400,160,0,0,160,120,0,0,0,0,320,0,0,0,6242,102,0,5776,142,0,2,6.242
139,17.875,24.233,0.133,0.0,0.0,0.0,0.0,0.0,534.0,2496.0,0.466,40,40,0,10.008,8.382,255,240,2,160,160,0,0,12800,6400,160,0,0,160,120,0,0,0,0,320,0,0,0,6799,127,0,6282,154,0,3,6.799
140,17.085,24.233,0.133,0.0,0.0,0.0,0.0,0.0,534.0,2496.0,0.466,40,40,0,8.568,8.48,252,240,2,160,160,0,0,12800,6400,160,0,0,160,120,0,0,0,0,320,0,0,0,7497,101,0,6533,155,0,4,7.497
141,15.871,24.233,0.133,0.0,0.0,0.0,0.0,0.0,534.0,2496.0,0.415,40,40,0,8.682,8.56,254,240,2,160,160,0,0,12800,6400,160,0,0,160,120,0,0,0,0,320,0,0,0,6123,101,0,5678,128,0,3,6.123
142,16.633,24.233,0.133,0.0,0.0,0.0,0.0,0.0,534.0,2496.0,0.577,40,40,0,9.469,9.374,254,240,2,160,160,0,0,12800,6400,160,0,0,160,120,0,0,0,0,320,0,0,0,6232,93,0,5802,133,0,3,6.232
143,20.494,24.233,0.133,0.0,0.0,0.0,0.0,0.0,534.0,2496.0,0.47,40,40,0,10.941,10.842,254,240,2,160,160,0,0,12800,6400,160,0,0,160,120,0,0,0,0,320,0,0,0,8398,119,0,7842,174,0,4,8.398
144,19.546,24.233,0.133,0.0,0.0,0.0,0.0,0.0,534.0,2496.0,0.593,40,40,0,9.894,9.781,255,240,2,160,160,0,0,12800,6400,160,0,0,160,120,0,0,0,0,320,0,0,0,8358,122,0,7735,199,0,5,8.358
145,15.946,24.233,0.133,0.0,0.0,0.0,0.0,0.0,534.0,2496.0,0.452,40,40,0,8.4,8.305,253,240,2,160,160,0,0,12800,6400,160,0,0,160,120,10,10,0,0,320,0,0,0,6342,96,0,5734,133,84,3,6.342
146,20.831,24.233,0.133,0.0,0.0,0.0,0.0,0.0,534.0,2496.0,0.467,40,40,0,12.784,12.69,253,240,2,160,160,0,0,12800,6400,160,0,0,160,120,0,0,0,0,320,0,0,0,6839,114,0,6327,148,0,3,6.839
147,14.598,24.233,0.133,0.0,0.0,0.0,0.0,0.0,534.0,2496.0,0.407,40,40,0,7.804,7.688,255,240,2,160,160,0,0,12800,6400,160,0,0,160,120,0,0,0,0,320,0,0,0,5765,98,0,5338,133,0,1,5.765
148,14.773,24.233,0.133,0.0,0.0,0.0,0.0,0.0,534.0,2496.0,0.425,40,40,0,7.969,7.891,252,240,2,160,160,0,0,12800,6400,160,0,0,160,120,0,0,0,0,320,0,0,0,5785,91,0,5361,129,0,3,5.785
149,14.19,24.233,0.133,0.0,0.0,0.0,0.0,0.0,534.0,2496.0,0.438,40,40,0,7.539,7.45,253,240,2,160,160,0,0,12800,6400,160,0,0,160,120,0,0,0,0,320,0,0,0,5707,93,0,5297,129,0,2,5.707
150,18.11,24.233,0.133,0.0,0.0,0.0,0.0,0.0,534.0,2496.0,0.426,40,40,0,9.729,9.598,254,240,2,160,160,0,0,12800,6400,160,0,0,160,120,0,0,0,0,320,0,0,0,7137,99,0,6618,177,0,4,7.137
151,15.145,24.233,0.133,0.0,0.0,0.0,0.0,0.0,534.0,2496.0,0.397,40,40,0,8.278,8.161,257,240,2,160,160,0,0,12800,6400,160,0,0,160,120,0,0,0,0,320,0,0,0,5903,91,0,5466,133,0,2,5.903
152,14.768,24.233,0.133,0.0,0.0,0.0,0.0,0.0,534.0,2496.0,0.474,40,40,0,7.766,7.661,253,240,2,160,160,0,0,12800,6400,160,0,0,160,120,0,0,0,0,320,0,0,0,6079,96,0,5615,175,0,3,6.079
153,15.277,24.233,0.133,0.0,0.0,0.0,0.0,0.0,534.0,2496.0,0.401,40,40,0,8.408,8.309,252,240,2,160,160,0,0,12800,6400,160,0,0,160,120,0,0,0,0,320,0,0,0,5875,93,0,5355,124,0,2,5.875
154,15.896,24.233,0.133,0.0,0.0,0.0,0.0,0.0,534.0,2496.0,0.429,40,40,0,7.796,7.718,252,240,2,160,160,0,0,12800,6400,160,0,0,160,120,0,0,0,0,320,0,0,0,7145,95,0,6695,133,0,3,7.145
155,14.989,24.233,0.133,0.0,0.0,0.0,0.0,0.0,534.0,2496.0,0.399,40,40,0,8.22,8.065,257,240,2,160,160,0,0,12800,6400,160,0,0,160,120,0,0,0,0,320,0,0,0,5779,91,0,5351,141,0,2,5.779
156,14.414,24.233,0.133,0.0,0.0,0.0,0.0,0.0,534.0,2496.0,0.448,40,40,0,7.675,7.578,254,240,2,160,160,0,0,12800,6400,160,0,0,160,120,0,0,0,0,320,0,0,0,5630,100,0,5186,149,0,2,5.63
157,14.304,24.233,0.133,0.0,0.0,0.0,0.0,0.0,534.0,2496.0,0.411,40,40,0,7.73,7.62,254,240,2,160,160,0,0,12800,6400,160,0,0,160,120,0,0,0,0,320,0,0,0,5594,98,0,5130,192,0,3,5.594
158,15.175,24.233,0.133,0.0,0.0,0.0,0.0,0.0,534.0,2496.0,0.404,40,40,0,7.809,7.728,253,240,2,160,160,0,0,12800,6400,160,0,0,160,120,0,0,0,0,320,0,0,0,6475,114,0,5973,153,0,5,6.475
159,14.484,24.233,0.133,0.0,0.0,0.0,0.0,0.0,534.0,2496.0,0.416,40,40,0,7.919,7.81,257,240,2,160,160,0,0,12800,6400,160,0,0,160,120,0,0,0,0,320,0,0,0,5645,90,0,5221,132,0,3,5.645
160,14.937,24.233,0.133,0.0,0.0,0.0,0.0,0.0,534.0,2496.0,0.64,40,40,0,8.333,8.238,253,240,2,160,160,0,0,12800,6400,160,0,0,160,120,0,0,0,0,320,0,0,0,5649,94,0,5211,131,0,4,5.649
161,14.343,24.233,0.133,0.0,0.0,0.0,0.0,0.0,534.0,2496.0,0.387,40,40,0,7.617,7.533,253,240,2,160,160,0,0,12800,6400,160,0,0,160,120,0,0,0,0,320,0,0,0,5567,93,0,5165,122,0,2,5.567
162,14.992,24.233,0.133,0.0,0.0,0.0,0.0,0.0,534.0,2496.0,0.396,40,40,0,8.045,7.955,253,240,2,160,160,0,0,12800,6400,160,0,0,160,120,0,0,0,0,320,0,0,0,5873,97,0,5426,138,0,3,5.873
163,14.538,24.233,0.133,0.0,0.0,0.0,0.0,0.0,534.0,2496.0,0.446,40,40,0,7.93,7.836,255,240,2,160,160,0,0,12800,6400,160,0,0,160,120,0,0,0,0,320,0,0,0,5747,85,0,5319,122,0,3,5.747
164,14.064,24.233,0.133,0.0,0.0,0.0,0.0,0.0,534.0,2496.0,0.414,40,40,0,7.472,7.398,252,240,2,160,160,0,0,12800,6400,160,0,0,160,120,0,0,0,0,320,0,0,0,5653,128,0,5218,126,0,2,5.653
165,14.015,24.233,0.133,0.0,0.0,0.0,0.0,0.0,534.0,2496.0,0.407,40,40,0,7.464,7.372,255,240,2,160,160,0,0,12800,6400,160,0,0,160,120,0,0,0,0,320,0,0,0,5629,111,0,5208,123,0,2,5.629
166,14.291,24.233,0.133,0.0,0.0,0.0,0.0,0.0,534.0,2496.0,0.434,40,40,0,7.596,7.509,254,240,2,160,160,0,0,12800,6400,160,0,0,160,120,0,0,0,0,320,0,0,0,5747,93,0,5308,135,0,3,5.747
167,14.702,24.233,0.133,0.0,0.0,0.0,0.0,0.0,534.0,2496.0,0.437,40,40,0,7.802,7.699,257,240,2,160,160,0,0,12800,6400,160,0,0,160,120,0,0,0,0,320,0,0,0,5979,103,0,5528,133,0,2,5.979
168,14.513,24.233,0.133,0.0,0.0,0.0,0.0,0.0,534.0,2496.0,0.38,40,40,0,7.791,7.707,253,240,2,160,160,0,0,12800,6400,160,0,0,160,120,0,0,0,0,320,0,0,0,5605,107,0,5196,126,0,3,5.605
169,13.721,24.233,0.133,0.0,0.0,0.0,0.0,0.0,534.0,2496.0,0.41,40,40,0,7.334,7.262,252,240,2,160,160,0,0,12800,6400,160,0,0,160,120,0,0,0,0,320,0,0,0,5565,84,0,5173,110,0,2,5.565
170,14.482,24.233,0.133,0.0,0.0,0.0,0.0,0.0,534.0,2496.0,0.398,40,40,0,7.597,7.525,252,240,2,160,160,0,0,12800,6400,160,0,0,160,120,0,0,0,0,320,0,0,0,6027,97,0,5570,144,0,2,6.027
171,14.696,24.233,0.133,0.0,0.0,0.0,0.0,0.0,534.0,2496.0,0.427,40,40,0,7.404,7.288,256,240,2,160,160,0,0,12800,6400,160,0,0,160,120,0,0,0,0,320,0,0,0,6431,91,0,5968,137,0,4,6.431
172,15.686,24.233,0.133,0.0,0.0,0.0,0.0,0.0,534.0,2496.0,0.403,40,40,0,9.075,8.982,255,240,2,160,160,0,0,12800,6400,160,0,0,160,120,0,0,0,0,320,0,0,0,5549,96,0,5128,144,0,2,5.549
173,13.972,24.233,0.133,0.0,0.0,0.0,0.0,0.0,534.0,2496.0,0.396,40,40,0,7.555,7.482,252,240,2,160,160,0,0,12800,6400,160,0,0,160,120,0,0,0,0,320,0,0,0,5493,89,0,5094,124,0,3,5.493
174,15.511,24.233,0.133,0.0,0.0,0.0,0.0,0.0,534.0,2496.0,0.38,40,40,0,8.426,8.336,254,240,2,160,160,0,0,12800,6400,160,0,0,160,120,0,0,0,0,320,0,0,0,5889,106,0,5454,138,0,3,5.889
175,15.17,24.233,0.133,0.0,0.0,0.0,0.0,0.0,534.0,2496.0,0.626,40,40,0,7.603,7.503,255,240,2,160,160,0,0,12800,6400,160,0,0,160,120,0,0,0,0,320,0,0,0,6705,87,0,6240,159,0,4,6.705
176,15.78,24.233,0.133,0.0,0.0,0.0,0.0,0.0,534.0,2496.0,0.378,40,40,0,8.938,8.829,252,240,2,160,160,0,0,12800,6400,160,0,0,160,120,0,0,0,0,320,0,0,0,5671,88,0,5234,138,0,2,5.671
177,14.691,24.233,0.133,0.0,0.0,0.0,0.0,0.0,534.0,2496.0,0.4,40,40,0,8.231,8.147,253,240,2,160,160,0,0,12800,6400,160,0,0,160,120,0,0,0,0,320,0,0,0,5606,86,0,5205,122,0,2,5.606
178,18.004,24.233,0.133,0.0,0.0,0.0,0.0,0.0,534.0,2496.0,0.512,40,40,0,10.731,10.07,254,240,2,160,160,0,0,12800,6400,160,0,0,160,120,0,0,0,0,320,0,0,0,6286,101,0,5807,135,0,2,6.286
179,20.21,23.965,0.061,0.0,0.0,0.0,0.0,0.0,534.0,2496.0,0.445,40,40,0,9.115,9.005,256,240,2,160,160,0,0,12800,6400,160,0,0,160,120,0,0,0,0,320,0,0,0,8594,139,0,7937,208,0,6,8.594
180,22.004,23.965,0.061,0.0,0.0,0.0,0.0,0.0,534.0,2496.0,0.537,40,40,0,9.936,9.78,254,240,2,160,160,0,0,12800,6400,160,0,0,160,120,0,0,0,0,320,0,0,0,8149,191,0,7404,255,0,4,8.149
181,17.113,23.965,0.061,0.0,0.0,0.0,0.0,0.0,534.0,2496.0,0.474,40,40,0,8.919,8.825,252,240,2,160,160,0,0,12800,6400,120,40,0,160,110,10,10,0,0,320,0,0,0,7030,105,0,6421,170,98,4,7.03
182,17.018,23.965,0.061,0.0,0.0,0.0,0.0,0.0,534.0,2496.0,0.491,40,40,0,8.821,8.718,253,240,2,160,160,0,0,12800,6400,160,0,0,160,100,0,0,0,0,320,0,0,0,7047,103,0,6589,138,0,4,7.047
183,16.971,23.965,0.061,0.0,0.0,0.0,0.0,0.0,534.0,2496.0,0.567,40,40,0,8.684,8.563,256,240,2,160,160,0,0,12800,6400,160,0,0,160,100,0,0,0,0,320,0,0,0,7130,112,0,6523,163,0,4,7.13
184,16.381,23.965,0.061,0.0,0.0,0.0,0.0,0.0,534.0,2496.0,0.512,40,40,0,9.182,9.034,254,240,2,160,160,0,0,12800,6400,160,0,0,160,100,0,0,0,0,320,0,0,0,6029,97,0,5546,132,0,2,6.029
185,15.222,23.965,0.061,0.0,0.0,0.0,0.0,0.0,534.0,2496.0,0.45,40,40,0,8.451,8.347,252,240,2,160,160,0,0,12800,6400,160,0,0,160,100,0,0,0,0,320,0,0,0,5658,104,0,5239,120,0,2,5.658
186,16.054,23.965,0.061,0.0,0.0,0.0,0.0,0.0,534.0,2496.0,0.44,40,40,0,9.138,9.039,254,240,2,160,160,0,0,12800,6400,160,0,0,160,100,0,0,0,0,320,0,0,0,5702,94,0,5270,119,0,3,5.702
187,15.241,23.965,0.061,0.0,0.0,0.0,0.0,0.0,534.0,2496.0,0.411,40,40,0,7.999,7.902,255,240,2,160,160,0,0,12800,6400,160,0,0,160,100,0,0,0,0,320,0,0,0,6197,238,0,5604,134,0,3,6.197
188,19.098,23.965,0.061,0.0,0.0,0.0,0.0,0.0,534.0,2496.0,0.524,40,40,0,10.43,10.286,252,240,2,160,160,0,0,12800,6400,160,0,0,160,100,0,0,0,0,320,0,0,0,7631,126,0,7050,163,0,2,7.631
189,19.378,23.965,0.061,0.0,0.0,0.0,0.0,0.0,534.0,2496.0,0.563,40,40,0,10.517,10.403,253,240,2,160,160,0,0,12800,6400,160,0,0,160,100,0,0,0,0,320,0,0,0,7684,131,0,7124,165,0,3,7.684
190,19.663,23.965,0.061,0.0,0.0,0.0,0.0,0.0,534.0,2496.0,0.557,40,40,0,10.689,10.561,255,240,2,160,160,0,0,12800,6400,160,0,0,160,100,0,0,0,0,320,0,0,0,7723,137,0,7140,175,0,3,7.723
191,19.299,23.965,0.061,0.0,0.0,0.0,0.0,0.0,534.0,2496.0,0.566,40,40,0,10.456,10.317,253,240,2,160,160,0,0,12800,6400,160,0,0,160,100,0,0,0,0,320,0,0,0,7612,124,0,7048,177,0,2,7.612
192,19.42,23.965,0.061,0.0,0.0,0.0,0.0,0.0,534.0,2496.0,0.614,40,40,0,10.411,10.285,255,240,2,160,160,0,0,12800,6400,160,0,0,160,100,0,0,0,0,320,0,0,0,7492,131,0,6896,164,0,3,7.492
193,19.473,23.965,0.061,0.0,0.0,0.0,0.0,0.0,534.0,2496.0,0.57,40,40,0,10.541,10.43,252,240,2,160,160,0,0,12800,6400,160,0,0,160,100,5,5,0,0,320,0,0,0,7695,131,0,7033,162,97,4,7.695
194,19.242,23.965,0.061,0.0,0.0,0.0,0.0,0.0,534.0,2496.0,0.547,40,40,0,10.421,10.3,254,240,2,160,160,0,0,12800,6400,160,0,0,160,100,5,5,0,0,320,0,0,0,7562,124,0,6974,155,56,3,7.562
195,21.35,23.965,0.061,0.0,0.0,0.0,0.0,0.0,534.0,2496.0,0.558,40,40,0,12.466,10.297,256,240,2,160,160,0,0,12800,6400,160,0,0,160,100,0,0,0,0,320,0,0,0,7665,182,0,7058,154,0,3,7.665
196,19.539,23.965,0.061,0.0,0.0,0.0,0.0,0.0,534.0,2496.0,0.634,40,40,0,10.461,10.368,252,240,2,160,160,0,0,12800,6400,160,0,0,160,100,0,0,0,0,320,0,0,0,7816,139,0,7191,175,0,4,7.816
197,19.774,23.965,0.061,0.0,0.0,0.0,0.0,0.0,534.0,2496.0,0.567,40,40,0,10.617,10.451,255,240,2,160,160,0,0,12800,6400,160,0,0,160,100,0,0,0,0,320,0,0,0,7826,136,0,7241,167,0,4,7.826
198,19.879,23.965,0.061,0.0,0.0,0.0,0.0,0.0,534.0,2496.0,0.519,40,40,0,10.695,10.513,256,240,2,160,160,0,0,12800,6400,160,0,0,160,100,0,0,0,0,320,0,0,0,7653,132,0,7090,159,0,3,7.653
199,19.623,23.965,0.061,0.0,0.0,0.0,0.0,0.0,534.0,2496.0,0.59,40,40,0,10.536,10.428,253,240,2,160,160,0,0,12800,6400,160,0,0,160,100,0,0,0,0,320,0,0,0,7867,150,0,7262,160,0,4,7.867
200,19.665,23.965,0.061,0.0,0.0,0.0,0.0,0.0,534.0,2496.0,0.558,40,40,0,10.33,10.216,254,240,2,160,160,0,0,12800,6400,160,0,0,160,100,0,0,0,0,320,0,0,0,7975,139,0,7395,160,0,4,7.975
201,19.845,23.965,0.061,0.0,0.0,0.0,0.0,0.0,534.0,2496.0,0.554,40,40,0,10.458,10.354,253,240,2,160,160,0,0,12800,6400,160,0,0,160,100,0,0,0,0,320,0,0,0,8079,125,0,7514,162,0,4,8.079
202,20.133,23.965,0.061,0.0,0.0,0.0,0.0,0.0,534.0,2496.0,0.569,40,40,0,10.691,10.578,253,240,2,160,160,0,0,12800,6400,160,0,0,160,100,0,0,0,0,320,0,0,0,8113,140,0,7503,168,0,4,8.113
203,20.093,23.965,0.061,0.0,0.0,0.0,0.0,0.0,534.0,2496.0,0.611,40,40,0,10.677,10.573,253,240,2,160,160,0,0,12800,6400,160,0,0,160,100,0,0,0,0,320,0,0,0,8073,136,0,7478,159,0,4,8.073
204,20.262,23.965,0.061,0.0,0.0,0.0,0.0,0.0,534.0,2496.0,0.545,40,40,0,10.763,10.619,255,240,2,160,160,0,0,12800,6400,160,0,0,160,100,0,0,0,0,320,0,0,0,7939,137,0,7328,165,0,4,7.939
205,19.303,23.965,0.061,0.0,0.0,0.0,0.0,0.0,534.0,2496.0,0.547,40,40,0,10.432,10.32,253,240,2,160,160,0,0,12800,6400,160,0,0,160,100,0,0,0,0,320,0,0,0,7581,124,0,7019,175,0,2,7.581
206,19.46,23.965,0.061,0.0,0.0,0.0,0.0,0.0,534.0,2496.0,0.562,40,40,0,10.495,10.372,254,240,2,160,160,0,0,12800,6400,160,0,0,160,100,10,10,0,0,320,0,0,0,7706,127,0,7027,172,125,3,7.706
207,19.689,23.965,0.061,0.0,0.0,0.0,0.0,0.0,534.0,2496.0,0.581,40,40,0,10.392,10.277,254,240,2,160,160,0,0,12800,6400,160,0,0,160,100,0,0,0,0,320,0,0,0,7925,143,0,7320,151,0,4,7.925
208,19.86,23.965,0.061,0.0,0.0,0.0,0.0,0.0,534.0,2496.0,0.571,40,40,0,10.534,10.415,253,240,2,160,160,0,0,12800,6400,160,0,0,160,100,0,0,0,0,320,0,0,0,7943,125,0,7364,168,0,4,7.943
209,19.409,23.965,0.061,0.0,0.0,0.0,0.0,0.0,534.0,2496.0,0.541,40,40,0,10.455,10.342,253,240,2,160,160,0,0,12800,6400,160,0,0,160,100,0,0,0,0,320,0,0,0,7638,123,0,7090,146,0,4,7.638
210,18.835,23.965,0.061,0.0,0.0,0.0,0.0,0.0,534.0,2496.0,0.44,40,40,0,10.494,10.371,254,240,2,160,160,0,0,12800,6400,160,0,0,160,100,0,0,0,0,320,0,0,0,6849,128,0,6306,144,0,3,6.849
211,13.921,23.965,0.061,0.0,0.0,0.0,0.0,0.0,534.0,2496.0,0.394,40,40,0,7.457,7.345,253,240,2,160,160,0,0,12800,6400,160,0,0,160,100,0,0,0,0,320,0,0,0,5474,85,0,5087,114,0,2,5.474
212,13.783,23.965,0.061,0.0,0.0,0.0,0.0,0.0,534.0,2496.0,0.388,40,40,0,7.448,7.359,254,240,2,160,160,0,0,12800,6400,160,0,0,160,100,0,0,0,0,320,0,0,0,5449,88,0,5068,108,0,3,5.449
213,13.743,23.965,0.061,0.0,0.0,0.0,0.0,0.0,534.0,2496.0,0.378,40,40,0,7.387,7.289,255,240,2,160,160,0,0,12800,6400,160,0,0,160,100,0,0,0,0,320,0,0,0,5476,85,0,5084,113,0,2,5.476
214,13.668,23.965,0.061,0.0,0.0,0.0,0.0,0.0,534.0,2496.0,0.359,40,40,0,7.38,7.306,253,240,2,160,160,0,0,12800,6400,160,0,0,160,100,0,0,0,0,320,0,0,0,5428,88,0,5032,118,0,2,5.428
215,13.931,23.965,0.061,0.0,0.0,0.0,0.0,0.0,534.0,2496.0,0.366,40,40,0,7.609,7.516,253,240,2,160,160,0,0,12800,6400,160,0,0,160,100,0,0,0,0,320,0,0,0,5495,91,0,5100,114,0,2,5.495
216,13.863,23.965,0.061,0.0,0.0,0.0,0.0,0.0,534.0,2496.0,0.37,40,40,0,7.34,7.25,255,240,2,160,160,0,0,12800,6400,160,0,0,160,100,0,0,0,0,320,0,0,0,5521,85,0,5136,104,0,2,5.521
217,13.87,23.965,0.061,0.0,0.0,0.0,0.0,0.0,534.0,2496.0,0.415,40,40,0,7.474,7.396,253,240,2,160,160,0,0,12800,6400,160,0,0,160,100,0,0,0,0,320,0,0,0,5581,84,0,5193,114,0,2,5.581
218,13.863,23.965,0.061,0.0,0.0,0.0,0.0,0.0,534.0,2496.0,0.368,40,40,0,7.382,7.295,254,240,2,160,160,0,0,12800,6400,160,0,0,160,100,0,0,0,0,320,0,0,0,5597,87,0,5207,112,0,3,5.597
219,13.885,23.965,0.061,0.0,0.0,0.0,0.0,0.0,534.0,2496.0,0.403,40,40,0,7.457,7.373,255,240,2,160,160,0,0,12800,6400,160,0,0,160,100,0,0,0,0,320,0,0,0,5581,89,0,5183,105,0,3,5.581
220,14.057,23.965,0.061,0.0,0.0,0.0,0.0,0.0,534.0,2496.0,0.4,40,40,0,7.4,7.308,254,240,2,160,160,0,0,12800,6400,160,0,0,160,100,0,0,0,0,320,0,0,0,5759,87,0,5372,115,0,2,5.759
221,14.26,23.965,0.061,0.0,0.0,0.0,0.0,0.0,534.0,2496.0,0.403,40,40,0,7.655,7.578,253,240,2,160,160,0,0,12800,6400,160,0,0,160,100,0,0,0,0,320,0,0,0,5748,92,0,5357,116,0,2,5.748
222,14.157,23.965,0.061,0.0,0.0,0.0,0.0,0.0,534.0,2496.0,0.366,40,40,0,7.55,7.439,256,240,2,160,160,0,0,12800,6400,160,0,0,160,100,0,0,0,0,320,0,0,0,5583,86,0,5193,99,0,2,5.583
223,13.796,23.965,0.061,0.0,0.0,0.0,0.0,0.0,534.0,2496.0,0.392,40,40,0,7.427,7.353,253,240,2,160,160,0,0,12800,6400,160,0,0,160,100,0,0,0,0,320,0,0,0,5573,89,0,5166,114,0,2,5.573
224,13.689,23.965,0.061,0.0,0.0,0.0,0.0,0.0,534.0,2496.0,0.414,40,40,0,7.305,7.221,254,240,2,160,160,0,0,12800,6400,160,0,0,160,100,0,0,0,0,320,0,0,0,5579,85,0,5212,104,0,1,5.579
225,13.716,23.965,0.061,0.0,0.0,0.0,0.0,0.0,534.0,2496.0,0.382,40,40,0,7.302,7.222,254,240,2,160,160,0,0,12800,6400,160,0,0,160,100,0,0,0,0,320,0,0,0,5506,87,0,5082,124,0,1,5.506
226,13.682,23.965,0.061,0.0,0.0,0.0,0.0,0.0,534.0,2496.0,0.362,40,40,0,7.325,7.247,253,240,2,160,160,0,0,12800,6400,160,0,0,160,100,0,0,0,0,320,0,0,0,5506,88,0,5113,118,0,3,5.506
227,15.15,23.965,0.061,0.0,0.0,0.0,0.0,0.0,534.0,2496.0,0.494,40,40,0,8.335,8.25,255,240,2,160,160,0,0,12800,6400,160,0,0,160,100,0,0,0,0,320,0,0,0,5907,94,0,5493,118,0,2,5.907
228,14.95,23.965,0.061,0.0,0.0,0.0,0.0,0.0,534.0,2496.0,0.441,40,40,0,7.935,7.822,255,240,2,160,160,0,0,12800,6400,160,0,0,160,100,0,0,0,0,320,0,0,0,5813,91,0,5400,125,0,3,5.813
229,14.524,23.965,0.061,0.0,0.0,0.0,0.0,0.0,534.0,2496.0,0.45,40,40,0,7.71,7.596,253,240,2,160,160,0,0,12800,6400,120,40,0,160,95,5,5,0,0,320,0,0,0,5857,93,0,5393,109,66,2,5.857
230,14.938,23.965,0.061,0.0,0.0,0.0,0.0,0.0,534.0,2496.0,0.517,40,40,0,7.817,7.722,254,240,2,160,160,0,0,12800,6400,160,0,0,160,80,5,5,0,0,320,0,0,0,6160,94,0,5653,114,46,4,6.16
231,15.691,23.965,0.061,0.0,0.0,0.0,0.0,0.0,534.0,2496.0,0.444,40,40,0,8.399,8.296,253,240,2,160,160,0,0,12800,6400,160,0,0,160,80,0,0,0,0,320,0,0,0,6193,104,0,5750,122,0,3,6.193
232,15.58,23.965,0.061,0.0,0.0,0.0,0.0,0.0,534.0,2496.0,0.501,40,40,0,8.382,8.284,254,240,2,160,160,0,0,12800,6400,160,0,0,160,80,0,0,0,0,320,0,0,0,6176,103,0,5727,107,0,16,6.176
233,15.548,23.965,0.061,0.0,0.0,0.0,0.0,0.0,534.0,2496.0,0.465,40,40,0,8.278,8.182,253,240,2,160,160,0,0,12800,6400,160,0,0,160,80,0,0,0,0,320,0,0,0,6156,105,0,5699,116,0,3,6.156
234,15.767,23.965,0.061,0.0,0.0,0.0,0.0,0.0,534.0,2496.0,0.447,40,40,0,8.267,8.147,256,240,2,160,160,0,0,12800,6400,160,0,0,160,80,0,0,0,0,320,0,0,0,6235,95,0,5687,245,0,4,6.235
235,18.611,23.965,0.061,0.0,0.0,0.0,0.0,0.0,534.0,2496.0,0.59,40,40,0,8.303,8.171,253,240,2,160,160,0,0,12800,6400,160,0,0,160,80,0,0,0,0,320,0,0,0,9234,126,0,8522,219,0,5,9.234
236,21.657,23.965,0.061,0.0,0.0,0.0,0.0,0.0,534.0,2496.0,0.693,40,40,0,11.867,11.732,255,240,2,160,160,0,0,12800,6400,160,0,0,160,80,0,0,0,0,320,0,0,0,8485,163,0,7701,249,0,4,8.485
237,21.14,23.965,0.061,0.0,0.0,0.0,0.0,0.0,534.0,2496.0,0.619,40,40,0,11.85,11.72,254,240,2,160,160,0,0,12800,6400,160,0,0,160,80,0,0,0,0,320,0,0,0,7920,145,0,7239,198,0,5,7.92
238,22.742,23.533,0.078,0.0,0.0,0.0,0.0,0.0,534.0,2496.0,0.75,40,40,0,12.107,11.988,253,240,2,160,160,0,0,12800,6400,160,0,0,160,80,0,0,0,0,320,0,0,0,9137,168,0,8351,211,0,6,9.137
239,23.915,23.533,0.078,0.0,0.0,0.0,0.0,0.0,534.0,2496.0,0.747,40,40,0,13.035,12.893,254,240,2,160,160,0,0,12800,6400,160,0,0,160,80,0,0,0,0,320,0,0,0,9194,172,0,8398,215,0,6,9.194
240,22.911,23.533,0.078,0.0,0.0,0.0,0.0,0.0,534.0,2496.0,0.551,40,40,0,12.918,12.756,255,240,2,160,160,0,0,12800,6400,160,0,0,160,80,0,0,0,0,320,0,0,0,8127,152,0,7404,239,0,5,8.127
241,21.086,23.533,0.078,0.0,0.0,0.0,0.0,0.0,534.0,2496.0,0.678,40,40,0,11.575,11.445,253,240,2,160,160,0,0,12800,6400,160,0,0,160,80,0,0,0,0,320,0,0,0,8113,146,0,7419,201,0,4,8.113
242,21.583,23.533,0.078,0.0,0.0,0.0,0.0,0.0,534.0,2496.0,0.645,40,40,0,11.661,11.454,257,240,2,160,160,0,0,12800,6400,160,0,0,160,80,10,10,0,0,320,0,0,0,8395,149,0,7469,232,136,42,8.395
243,21.44,23.533,0.078,0.0,0.0,0.0,0.0,0.0,534.0,2496.0,0.696,40,40,0,11.772,11.586,254,240,2,160,160,0,0,12800,6400,160,0,0,160,80,0,0,0,0,320,0,0,0,8167,148,0,7448,225,0,4,8.167
244,20.712,23.533,0.078,0.0,0.0,0.0,0.0,0.0,534.0,2496.0,0.46,40,40,0,11.7,11.573,253,240,2,160,160,0,0,12800,6400,160,0,0,160,80,0,0,0,0,320,0,0,0,7494,149,0,6863,142,0,5,7.494
245,14.612,23.533,0.078,0.0,0.0,0.0,0.0,0.0,534.0,2496.0,0.461,40,40,0,7.98,7.892,252,240,2,160,160,0,0,12800,6400,160,0,0,160,80,0,0,0,0,320,0,0,0,5599,101,0,5196,114,0,2,5.599
246,14.32,23.533,0.078,0.0,0.0,0.0,0.0,0.0,534.0,2496.0,0.419,40,40,0,7.734,7.628,256,240,2,160,160,0,0,12800,6400,160,0,0,160,80,0,0,0,0,320,0,0,0,5465,84,0,5091,110,0,2,5.465
247,13.757,23.533,0.078,0.0,0.0,0.0,0.0,0.0,534.0,2496.0,0.401,40,40,0,7.389,7.304,254,240,2,160,160,0,0,12800,6400,160,0,0,160,80,0,0,0,0,320,0,0,0,5407,89,0,5018,111,0,1,5.407
248,13.848,23.533,0.078,0.0,0.0,0.0,0.0,0.0,534.0,2496.0,0.405,40,40,0,7.515,7.428,255,240,2,160,160,0,0,12800,6400,160,0,0,160,80,0,0,0,0,320,0,0,0,5432,88,0,5046,123,0,3,5.432
249,13.65,23.533,0.078,0.0,0.0,0.0,0.0,0.0,534.0,2496.0,0.399,40,40,0,7.253,7.169,254,240,2,160,160,0,0,12800,6400,160,0,0,160,80,0,0,0,0,320,0,0,0,5511,87,0,5138,105,0,3,5.511
250,13.693,23.533,0.078,0.0,0.0,0.0,0.0,0.0,534.0,2496.0,0.377,40,40,0,7.387,7.308,253,240,2,160,160,0,0,12800,6400,160,0,0,160,80,0,0,0,0,320,0,0,0,5464,83,0,5095,107,0,3,5.464
251,14.274,23.533,0.078,0.0,0.0,0.0,0.0,0.0,534.0,2496.0,0.401,40,40,0,7.506,7.417,255,240,2,160,160,0,0,12800,6400,160,0,0,160,80,0,0,0,0,320,0,0,0,5744,92,0,5347,105,0,2,5.744
252,14.765,23.533,0.078,0.0,0.0,0.0,0.0,0.0,534.0,2496.0,0.487,40,40,0,7.949,7.86,254,240,2,160,160,0,0,12800,6400,160,0,0,160,80,0,0,0,0,320,0,0,0,5911,89,0,5508,112,0,3,5.911
253,14.671,23.533,0.078,0.0,0.0,0.0,0.0,0.0,534.0,2496.0,0.422,40,40,0,7.954,7.869,254,240,2,160,160,0,0,12800,6400,160,0,0,160,80,0,0,0,0,320,0,0,0,5728,89,0,5335,100,0,2,5.728
254,14.49,23.533,0.078,0.0,0.0,0.0,0.0,0.0,534.0,2496.0,0.368,40,40,0,7.693,7.612,253,240,2,160,160,0,0,12800,6400,160,0,0,160,80,10,10,0,0,320,0,0,0,5913,89,0,5456,114,76,2,5.913
255,14.394,23.533,0.078,0.0,0.0,0.0,0.0,0.0,534.0,2496.0,0.4,40,40,0,7.794,7.701,256,240,2,160,160,0,0,12800,6400,160,0,0,160,80,0,0,0,0,320,0,0,0,5773,89,0,5394,111,0,3,5.773
256,13.906,23.533,0.078,0.0,0.0,0.0,0.0,0.0,534.0,2496.0,0.413,40,40,0,7.507,7.424,254,240,2,160,160,0,0,12800,6400,160,0,0,160,80,0,0,0,0,320,0,0,0,5518,94,0,5120,101,0,3,5.518
257,13.899,23.533,0.078,0.0,0.0,0.0,0.0,0.0,534.0,2496.0,0.414,40,40,0,7.438,7.351,254,240,2,160,160,0,0,12800,6400,160,0,0,160,80,0,0,0,0,320,0,0,0,5400,84,0,5038,95,0,2,5.4
258,14.73,23.533,0.078,0.0,0.0,0.0,0.0,0.0,534.0,2496.0,0.437,40,40,0,7.615,7.525,254,240,2,160,160,0,0,12800,6400,160,0,0,160,80,0,0,0,0,320,0,0,0,6224,120,0,5779,122,0,1,6.224
259,16.478,23.533,0.078,0.0,0.0,0.0,0.0,0.0,534.0,2496.0,0.416,40,40,0,9.565,7.928,255,240,2,160,160,0,0,12800,6400,160,0,0,160,80,0,0,0,0,320,0,0,0,5955,95,0,5553,106,0,2,5.955
260,15.317,23.533,0.078,0.0,0.0,0.0,0.0,0.0,534.0,2496.0,0.406,40,40,0,8.304,8.217,254,240,2,160,160,0,0,12800,6400,160,0,0,160,80,0,0,0,0,320,0,0,0,6092,99,0,5677,128,0,3,6.092
261,14.776,23.533,0.078,0.0,0.0,0.0,0.0,0.0,534.0,2496.0,0.426,40,40,0,7.951,7.855,255,240,2,160,160,0,0,12800,6400,160,0,0,160,80,0,0,0,0,320,0,0,0,5938,96,0,5544,120,0,2,5.938
262,14.85,23.533,0.078,0.0,0.0,0.0,0.0,0.0,534.0,2496.0,0.399,40,40,0,7.973,7.888,254,240,2,160,160,0,0,12800,6400,160,0,0,160,80,0,0,0,0,320,0,0,0,5967,96,0,5568,113,0,2,5.967
263,15.097,23.533,0.078,0.0,0.0,0.0,0.0,0.0,534.0,2496.0,0.458,40,40,0,7.883,7.756,255,240,2,160,160,0,0,12800,6400,160,0,0,160,80,0,0,0,0,320,0,0,0,6016,101,0,5620,111,0,2,6.016
264,15.222,23.533,0.078,0.0,0.0,0.0,0.0,0.0,534.0,2496.0,0.425,40,40,0,8.329,8.233,255,240,2,160,160,0,0,12800,6400,160,0,0,160,80,0,0,0,0,320,0,0,0,5888,102,0,5467,132,0,2,5.888
265,19.343,23.533,0.078,0.0,0.0,0.0,0.0,0.0,534.0,2496.0,0.435,40,40,0,10.992,10.913,252,240,2,160,160,0,0,12800,6400,160,0,0,160,80,0,0,0,0,320,0,0,0,7338,434,0,6545,129,0,4,7.338
266,16.778,23.533,0.078,0.0,0.0,0.0,0.0,0.0,534.0,2496.0,0.749,40,40,0,8.491,8.392,255,240,2,160,160,0,0,12800,6400,160,0,0,160,80,10,10,0,0,320,0,0,0,7375,105,0,6767,152,91,9,7.375
267,17.412,23.533,0.078,0.0,0.0,0.0,0.0,0.0,534.0,2496.0,0.433,40,40,0,9.392,9.256,256,240,2,160,160,0,0,12800,6400,160,0,0,160,80,0,0,0,0,320,0,0,0,6703,108,0,6214,165,0,4,6.703
268,17.988,23.533,0.078,0.0,0.0,0.0,0.0,0.0,534.0,2496.0,0.619,40,40,0,8.895,8.808,254,240,2,160,160,0,0,12800,6400,160,0,0,160,80,0,0,0,0,320,0,0,0,7795,195,0,7092,157,0,5,7.795
269,18.762,23.533,0.078,0.0,0.0,0.0,0.0,0.0,534.0,2496.0,0.553,40,40,0,9.6,9.499,255,240,2,160,160,0,0,12800,6400,160,0,0,160,80,0,0,0,0,320,0,0,0,7673,159,0,7037,164,0,4,7.673
270,19.812,23.533,0.078,0.0,0.0,0.0,0.0,0.0,534.0,2496.0,0.593,40,40,0,10.956,10.807,254,240,2,160,160,0,0,12800,6400,160,0,0,160,80,0,0,0,0,320,0,0,0,7304,230,0,6572,149,0,5,7.304
271,17.942,23.533,0.078,0.0,0.0,0.0,0.0,0.0,534.0,2496.0,0.508,40,40,0,10.059,9.916,254,240,2,160,160,0,0,12800,6400,160,0,0,160,80,0,0,0,0,320,0,0,0,6669,99,0,6205,136,0,4,6.669
272,15.917,23.533,0.078,0.0,0.0,0.0,0.0,0.0,534.0,2496.0,0.5,40,40,0,8.871,8.746,254,240,2,160,160,0,0,12800,6400,160,0,0,160,80,0,0,0,0,320,0,0,0,5980,105,0,5510,108,0,2,5.98
273,14.694,23.533,0.078,0.0,0.0,0.0,0.0,0.0,534.0,2496.0,0.428,40,40,0,7.908,7.811,255,240,2,160,160,0,0,12800,6400,160,0,0,160,80,0,0,0,0,320,0,0,0,5763,93,0,5377,113,0,2,5.763
274,14.836,23.533,0.078,0.0,0.0,0.0,0.0,0.0,534.0,2496.0,0.484,40,40,0,7.845,7.749,255,240,2,160,160,0,0,12800,6400,160,0,0,160,80,0,0,0,0,320,0,0,0,6036,120,0,5613,112,0,2,6.036
275,17.089,23.533,0.078,0.0,0.0,0.0,0.0,0.0,534.0,2496.0,0.508,40,40,0,9.053,8.957,254,240,2,160,160,0,0,12800,6400,160,0,0,160,80,0,0,0,0,320,0,0,0,6784,99,0,6315,132,0,3,6.784
276,17.701,23.533,0.078,0.0,0.0,0.0,0.0,0.0,534.0,2496.0,0.457,40,40,0,9.701,9.585,255,240,2,160,160,0,0,12800,6400,160,0,0,160,80,0,0,0,0,320,0,0,0,6903,118,0,6409,147,0,3,6.903
277,20.065,23.533,0.078,0.0,0.0,0.0,0.0,0.0,534.0,2496.0,0.433,40,40,0,11.162,11.068,254,240,2,160,160,0,0,12800,6400,160,0,0,160,75,5,5,0,0,320,0,0,0,7821,113,0,7108,169,70,4,7.821
278,16.85,23.533,0.078,0.0,0.0,0.0,0.0,0.0,534.0,2496.0,0.466,40,35,0,9.417,9.326,254,240,2,150,150,0,0,12000,5715,110,40,0,150,60,5,5,5,0,310,0,0,0,6371,97,0,5758,183,95,4,6.371
279,16.188,23.533,0.078,0.0,0.0,0.0,0.0,0.0,534.0,2496.0,0.426,40,35,0,9.366,9.258,254,240,2,150,150,0,0,12000,5600,150,0,0,150,60,0,0,0,0,310,0,0,0,5748,105,0,5344,106,0,2,5.748
280,14.463,23.533,0.078,0.0,0.0,0.0,0.0,0.0,534.0,2496.0,0.499,40,35,0,7.864,7.752,256,240,2,150,150,0,0,12000,5600,150,0,0,150,60,0,0,0,0,310,0,0,0,5379,90,0,5000,108,0,2,5.379
281,15.09,23.533,0.078,0.0,0.0,0.0,0.0,0.0,534.0,2496.0,0.53,40,35,0,8.499,8.403,255,240,2,150,150,0,0,12000,5600,150,0,0,150,60,0,0,0,0,310,0,0,0,5432,89,0,5051,97,0,3,5.432
282,13.971,23.533,0.078,0.0,0.0,0.0,0.0,0.0,534.0,2496.0,0.4,40,35,0,7.7,7.612,255,240,2,150,150,0,0,12000,5600,150,0,0,150,60,0,0,0,0,310,0,0,0,5226,90,0,4883,86,0,2,5.226
283,13.619,23.533,0.078,0.0,0.0,0.0,0.0,0.0,534.0,2496.0,0.389,40,35,0,7.483,7.398,255,240,2,150,150,0,0,12000,5600,150,0,0,150,60,0,0,0,0,310,0,0,0,5242,90,0,4889,113,0,3,5.242
284,13.384,23.533,0.078,0.0,0.0,0.0,0.0,0.0,534.0,2496.0,0.393,40,35,0,7.293,7.192,254,240,2,150,150,0,0,12000,5600,150,0,0,150,60,0,0,0,0,310,0,0,0,5209,95,0,4851,95,0,3,5.209
285,13.967,23.533,0.078,0.0,0.0,0.0,0.0,0.0,534.0,2496.0,0.444,40,35,0,7.682,7.603,254,240,2,150,150,0,0,12000,5600,150,0,0,150,60,0,0,0,0,310,0,0,0,5462,86,0,4917,93,0,3,5.462
286,14.139,23.533,0.078,0.0,0.0,0.0,0.0,0.0,534.0,2496.0,0.62,40,35,0,8.058,7.972,254,240,2,150,150,0,0,12000,5600,150,0,0,150,60,0,0,0,0,310,0,0,0,5149,98,0,4791,90,0,3,5.149
287,13.902,23.533,0.078,0.0,0.0,0.0,0.0,0.0,534.0,2496.0,0.415,40,35,0,7.595,7.498,255,240,2,150,150,0,0,12000,5600,150,0,0,150,60,0,0,0,0,310,0,0,0,5047,85,0,4707,92,0,2,5.047
288,15.271,23.533,0.078,0.0,0.0,0.0,0.0,0.0,534.0,2496.0,0.394,40,35,0,8.838,8.755,254,240,2,150,150,0,0,12000,5600,150,0,0,150,60,0,0,0,0,310,0,0,0,5508,91,0,5105,95,0,3,5.508
289,14.178,23.533,0.078,0.0,0.0,0.0,0.0,0.0,534.0,2496.0,0.38,40,35,0,8.028,7.931,254,240,2,150,150,0,0,12000,5600,150,0,0,150,60,0,0,0,0,310,0,0,0,5247,102,0,4850,117,0,2,5.247
290,13.823,23.533,0.078,0.0,0.0,0.0,0.0,0.0,534.0,2496.0,0.372,40,35,0,7.665,7.566,258,240,2,150,150,0,0,12000,5600,150,0,0,150,60,10,10,0,0,310,0,0,0,5256,88,0,4825,92,71,2,5.256
291,16.288,23.533,0.078,0.0,0.0,0.0,0.0,0.0,534.0,2496.0,0.472,40,35,0,9.121,9.04,254,240,2,150,150,0,0,12000,5600,150,0,0,150,60,0,0,0,0,310,0,0,0,6328,87,0,5931,96,0,4,6.328
292,15.808,23.533,0.078,0.0,0.0,0.0,0.0,0.0,534.0,2496.0,0.443,40,35,0,8.88,8.759,254,240,2,150,150,0,0,12000,5600,150,0,0,150,60,0,0,0,0,310,0,0,0,5862,139,0,5418,108,0,2,5.862
293,17.794,23.533,0.078,0.0,0.0,0.0,0.0,0.0,534.0,2496.0,0.481,40,35,0,8.767,8.63,255,240,2,150,150,0,0,12000,5600,150,0,0,150,60,0,0,0,0,310,0,0,0,7771,115,0,6112,152,0,5,7.771
294,16.417,23.533,0.078,0.0,0.0,0.0,0.0,0.0,534.0,2496.0,0.485,40,35,0,9.059,8.95,254,240,2,150,150,0,0,12000,5600,150,0,0,150,60,0,0,0,0,310,0,0,0,6309,104,0,5839,137,0,3,6.309
295,15.888,23.533,0.078,0.0,0.0,0.0,0.0,0.0,534.0,2496.0,0.424,40,35,0,9.097,8.979,254,240,2,150,150,0,0,12000,5600,150,0,0,150,60,0,0,0,0,310,0,0,0,5736,102,0,5289,121,0,2,5.736
296,15.105,23.533,0.078,0.0,0.0,0.0,0.0,0.0,534.0,2496.0,0.446,40,35,0,8.367,8.284,253,240,2,150,150,0,0,12000,5600,150,0,0,150,60,0,0,0,0,310,0,0,0,5816,126,0,5389,110,0,3,5.816
297,14.988,23.533,0.078,0.0,0.0,0.0,0.0,0.0,534.0,2496.0,0.422,40,35,0,8.3,8.185,257,240,2,150,150,0,0,12000,5600,150,0,0,150,60,0,0,0,0,310,0,0,0,5732,95,0,5317,97,0,3,5.732
298,15.107,23.533,0.078,0.0,0.0,0.0,0.0,0.0,534.0,2496.0,0.484,40,35,0,8.352,8.237,255,240,2,150,150,0,0,12000,5600,150,0,0,150,60,0,0,0,0,310,0,0,0,5793,99,0,5394,102,0,2,5.793
299,15.298,23.999,0.051,0.0,0.0,0.0,0.0,0.0,534.0,2496.0,0.465,40,35,0,8.295,8.191,255,240,2,150,150,0,0,12000,5600,150,0,0,150,60,0,0,0,0,310,0,0,0,5778,108,0,5364,105,0,2,5.778
300,15.273,23.999,0.051,0.0,0.0,0.0,0.0,0.0,534.0,2496.0,0.444,40,35,0,8.308,8.212,254,240,2,150,150,0,0,12000,5600,150,0,0,150,60,0,0,0,0,310,0,0,0,5952,103,0,5533,112,0,2,5.952
301,15.193,23.999,0.051,0.0,0.0,0.0,0.0,0.0,534.0,2496.0,0.443,40,35,0,8.524,8.427,254,240,2,150,150,0,0,12000,5600,150,0,0,150,60,0,0,0,0,310,0,0,0,5700,104,0,5308,94,0,2,5.7
302,15.007,23.999,0.051,0.0,0.0,0.0,0.0,0.0,534.0,2496.0,0.422,40,35,0,8.248,8.167,253,240,2,150,150,0,0,12000,5600,150,0,0,150,60,5,5,0,0,310,0,0,0,5828,95,0,5376,92,53,3,5.828
303,16.087,23.999,0.051,0.0,0.0,0.0,0.0,0.0,534.0,2496.0,0.459,40,35,0,8.877,8.772,255,240,2,150,150,0,0,12000,5600,150,0,0,150,60,0,0,0,0,310,0,0,0,6210,106,0,5782,108,0,3,6.21
304,15.028,23.999,0.051,0.0,0.0,0.0,0.0,0.0,534.0,2496.0,0.427,40,35,0,8.309,8.185,255,240,2,150,150,0,0,12000,5600,150,0,0,150,60,0,0,0,0,310,0,0,0,5720,94,0,5314,99,0,1,5.72
305,15.725,23.999,0.051,0.0,0.0,0.0,0.0,0.0,534.0,2496.0,0.409,40,35,0,8.818,8.718,256,240,2,150,150,0,0,12000,5600,150,0,0,150,60,0,0,0,0,310,0,0,0,5717,99,0,5304,102,0,3,5.717
306,15.535,23.999,0.051,0.0,0.0,0.0,0.0,0.0,534.0,2496.0,0.608,40,35,0,8.347,8.246,256,240,2,150,150,0,0,12000,5600,150,0,0,150,60,0,0,0,0,310,0,0,0,6245,101,0,5825,108,0,2,6.245
307,15.265,23.999,0.051,0.0,0.0,0.0,0.0,0.0,534.0,2496.0,0.431,40,35,0,8.379,8.281,254,240,2,150,150,0,0,12000,5600,150,0,0,150,60,0,0,0,0,310,0,0,0,5719,99,0,5324,99,0,3,5.719
308,14.859,23.999,0.051,0.0,0.0,0.0,0.0,0.0,534.0,2496.0,0.451,40,35,0,8.113,8.03,253,240,2,150,150,0,0,12000,5600,150,0,0,150,60,0,0,0,0,310,0,0,0,5667,104,0,5254,112,0,3,5.667
309,14.941,23.999,0.051,0.0,0.0,0.0,0.0,0.0,534.0,2496.0,0.446,40,35,0,8.235,8.142,254,240,2,150,150,0,0,12000,5600,150,0,0,150,60,0,0,0,0,310,0,0,0,5693,99,0,5304,109,0,2,5.693
310,15.802,23.999,0.051,0.0,0.0,0.0,0.0,0.0,534.0,2496.0,0.496,40,35,0,9.001,8.903,255,240,2,150,150,0,0,12000,5600,150,0,0,150,60,0,0,0,0,310,0,0,0,5770,101,0,5344,128,0,3,5.77
311,15.261,23.999,0.051,0.0,0.0,0.0,0.0,0.0,534.0,2496.0,0.48,40,35,0,8.332,8.224,255,240,2,150,150,0,0,12000,5600,150,0,0,150,60,0,0,0,0,310,0,0,0,5719,110,0,5319,96,0,3,5.719
312,14.942,23.999,0.051,0.0,0.0,0.0,0.0,0.0,534.0,2496.0,0.486,40,35,0,8.162,8.069,254,240,2,150,150,0,0,12000,5600,150,0,0,150,60,0,0,0,0,310,0,0,0,5774,123,0,5287,129,0,2,5.774
313,15.473,23.999,0.051,0.0,0.0,0.0,0.0,0.0,534.0,2496.0,0.511,40,35,0,8.389,8.284,255,240,2,150,150,0,0,12000,5600,150,0,0,150,60,0,0,0,0,310,0,0,0,6018,100,0,5599,116,0,3,6.018
314,15.383,23.999,0.051,0.0,0.0,0.0,0.0,0.0,534.0,2496.0,0.473,40,35,0,8.344,8.244,254,240,2,150,150,0,0,12000,5600,150,0,0,150,60,5,5,0,0,310,0,0,0,5991,107,0,5502,137,56,2,5.991
315,15.445,23.999,0.051,0.0,0.0,0.0,0.0,0.0,534.0,2496.0,0.418,40,35,0,8.532,8.434,254,240,2,150,150,0,0,12000,5600,150,0,0,150,60,5,5,0,0,310,0,0,0,5900,100,0,5465,107,43,3,5.9
316,17.725,23.999,0.051,0.0,0.0,0.0,0.0,0.0,534.0,2496.0,0.653,40,35,0,10.155,10.046,255,240,2,150,150,0,0,12000,5600,150,0,0,150,60,0,0,0,0,310,0,0,0,6372,130,0,5901,122,0,3,6.372
317,21.358,23.999,0.051,0.0,0.0,0.0,0.0,0.0,534.0,2496.0,0.665,40,35,0,11.775,11.646,254,240,2,150,150,0,0,12000,5600,150,0,0,150,60,0,0,0,0,310,0,0,0,7909,151,0,7291,181,0,5,7.909
318,18.059,23.999,0.051,0.0,0.0,0.0,0.0,0.0,534.0,2496.0,0.633,40,35,0,9.057,8.87,255,240,2,150,150,0,0,12000,5600,150,0,0,150,60,0,0,0,0,310,0,0,0,7530,144,0,6939,145,0,4,7.53
319,21.818,23.999,0.051,0.0,0.0,0.0,0.0,0.0,534.0,2496.0,0.683,40,35,0,12.192,12.028,254,240,2,150,150,0,0,12000,5600,150,0,0,150,60,0,0,0,0,310,0,0,0,8249,154,0,7625,154,0,5,8.249
320,21.767,23.999,0.051,0.0,0.0,0.0,0.0,0.0,534.0,2496.0,1.759,40,35,0,12.071,11.901,254,240,2,150,150,0,0,12000,5600,150,0,0,150,60,0,0,0,0,310,0,0,0,8251,147,0,7669,138,0,6,8.251
321,15.933,23.999,0.051,0.0,0.0,0.0,0.0,0.0,534.0,2496.0,0.461,40,35,0,8.182,8.09,254,240,2,150,150,0,0,12000,5600,150,0,0,150,60,0,0,0,0,310,0,0,0,5403,89,0,5039,104,0,2,5.403
322,14.335,23.999,0.051,0.0,0.0,0.0,0.0,0.0,534.0,2496.0,0.437,40,35,0,7.872,7.731,255,240,2,150,150,0,0,12000,5600,150,0,0,150,60,0,0,0,0,310,0,0,0,5338,94,0,4965,97,0,2,5.338
323,15.488,23.999,0.051,0.0,0.0,0.0,0.0,0.0,534.0,2496.0,0.556,40,35,0,8.212,8.115,255,240,2,150,150,0,0,12000,5600,150,0,0,150,60,0,0,0,0,310,0,0,0,6106,93,0,5667,128,0,4,6.106
324,24.341,23.999,0.051,0.0,0.0,0.0,0.0,0.0,534.0,2496.0,0.655,40,35,0,14.478,14.376,254,240,2,150,150,0,0,12000,5600,150,0,0,150,60,0,0,0,0,310,0,0,0,8540,162,0,7891,164,0,5,8.54
325,21.846,23.999,0.051,0.0,0.0,0.0,0.0,0.0,534.0,2496.0,0.83,40,35,0,11.991,11.857,255,240,2,150,150,0,0,12000,5600,150,0,0,150,60,0,0,0,0,310,0,0,0,8323,168,0,7680,149,0,6,8.323
326,23.25,23.999,0.051,0.0,0.0,0.0,0.0,0.0,534.0,2496.0,0.682,40,35,0,12.837,12.703,254,240,2,150,150,0,0,12000,5600,115,35,0,150,45,10,10,0,0,310,0,0,0,8608,177,0,7817,140,150,5,8.608
327,20.486,23.999,0.051,0.0,0.0,0.0,0.0,0.0,534.0,2496.0,0.597,40,30,0,12.106,11.961,253,240,2,140,140,0,0,11200,4815,70,70,0,140,45,5,5,5,0,300,0,0,0,6782,141,0,6175,112,117,3,6.782
328,20.691,23.999,0.051,0.0,0.0,0.0,0.0,0.0,534.0,2496.0,0.655,40,30,0,11.582,11.384,255,240,2,140,140,0,0,11200,4800,140,0,0,140,40,0,0,0,0,300,0,0,0,7563,167,0,6985,135,0,6,7.563
329,19.664,23.999,0.051,0.0,0.0,0.0,0.0,0.0,534.0,2496.0,0.854,40,30,0,10.394,10.259,254,240,2,140,140,0,0,11200,4800,140,0,0,140,40,0,0,0,0,300,0,0,0,7509,201,0,6908,126,0,5,7.509
330,21.277,23.999,0.051,0.0,0.0,0.0,0.0,0.0,534.0,2496.0,0.698,40,30,0,12.087,11.877,257,240,2,140,140,0,0,11200,4800,140,0,0,140,40,0,0,0,0,300,0,0,0,7509,147,0,6919,170,0,4,7.509
331,20.879,23.999,0.051,0.0,0.0,0.0,0.0,0.0,534.0,2496.0,0.644,40,30,0,11.788,11.58,253,240,2,140,140,0,0,11200,4800,140,0,0,140,40,0,0,0,0,300,0,0,0,7562,154,0,6930,174,0,6,7.562
332,21.649,23.999,0.051,0.0,0.0,0.0,0.0,0.0,534.0,2496.0,0.664,40,30,0,12.43,12.286,254,240,2,140,140,0,0,11200,4800,140,0,0,140,40,0,0,0,0,300,0,0,0,7663,196,0,6994,122,0,5,7.663
333,19.973,23.999,0.051,0.0,0.0,0.0,0.0,0.0,534.0,2496.0,0.675,40,30,0,12.02,11.884,255,240,2,140,140,0,0,11200,4800,140,0,0,140,40,0,0,0,0,300,0,0,0,6319,140,0,5820,114,0,5,6.319
334,18.501,23.999,0.051,0.0,0.0,0.0,0.0,0.0,534.0,2496.0,0.538,40,30,0,11.419,11.273,253,240,2,140,140,0,0,11200,4800,140,0,0,140,40,0,0,0,0,300,0,0,0,5538,125,0,5131,93,0,3,5.538
335,16.879,23.999,0.051,0.0,0.0,0.0,0.0,0.0,534.0,2496.0,0.515,40,30,0,9.38,9.238,254,240,2,140,140,0,0,11200,4800,140,0,0,140,40,0,0,0,0,300,0,0,0,5879,155,0,5419,85,0,3,5.879
336,19.529,23.999,0.051,0.0,0.0,0.0,0.0,0.0,534.0,2496.0,0.589,40,30,0,11.922,10.207,257,240,2,140,140,0,0,11200,4800,140,0,0,140,40,0,0,0,0,300,0,0,0,6271,130,0,5756,111,0,5,6.271
337,18.66,23.999,0.051,0.0,0.0,0.0,0.0,0.0,534.0,2496.0,0.489,40,30,0,11.345,11.242,253,240,2,140,140,0,0,11200,4800,140,0,0,140,40,0,0,0,0,300,0,0,0,5919,127,0,5487,97,0,3,5.919
338,16.87,23.999,0.051,0.0,0.0,0.0,0.0,0.0,534.0,2496.0,0.594,40,30,0,8.626,8.512,255,240,2,140,140,0,0,11200,4800,140,0,0,140,40,10,10,0,0,300,0,0,0,7087,130,0,6398,122,138,4,7.087
339,19.615,23.999,0.051,0.0,0.0,0.0,0.0,0.0,534.0,2496.0,0.548,40,30,0,11.481,11.342,254,240,2,140,140,0,0,11200,4800,140,0,0,140,40,0,0,0,0,300,0,0,0,6693,208,0,6095,131,0,4,6.693
340,15.845,23.999,0.051,0.0,0.0,0.0,0.0,0.0,534.0,2496.0,0.687,40,30,0,8.629,8.525,253,240,2,140,140,0,0,11200,4800,140,0,0,140,40,0,0,0,0,300,0,0,0,6033,100,0,5586,119,0,3,6.033
341,21.25,23.999,0.051,0.0,0.0,0.0,0.0,0.0,534.0,2496.0,0.606,40,30,0,12.232,12.105,254,240,2,140,140,0,0,11200,4800,140,0,0,140,40,0,0,0,0,300,0,0,0,7207,178,0,6568,161,0,5,7.207
342,18.441,23.999,0.051,0.0,0.0,0.0,0.0,0.0,534.0,2496.0,0.587,40,30,0,11.074,10.927,256,240,2,140,140,0,0,11200,4800,140,0,0,140,40,0,0,0,0,300,0,0,0,6082,98,0,5666,97,0,3,6.082
343,19.08,23.999,0.051,0.0,0.0,0.0,0.0,0.0,534.0,2496.0,0.584,40,30,0,10.558,10.376,253,240,2,140,140,0,0,11200,4800,140,0,0,140,40,0,0,0,0,300,0,0,0,7135,153,0,6574,155,0,5,7.135
344,19.453,23.999,0.051,0.0,0.0,0.0,0.0,0.0,534.0,2496.0,0.778,40,30,0,11.214,11.048,253,240,2,140,140,0,0,11200,4800,140,0,0,140,40,0,0,0,0,300,0,0,0,6872,132,0,6330,121,0,5,6.872
345,21.457,23.999,0.051,0.0,0.0,0.0,0.0,0.0,534.0,2496.0,0.675,40,30,0,12.251,12.102,255,240,2,140,140,0,0,11200,4800,140,0,0,140,40,0,0,0,0,300,0,0,0,7568,150,0,6997,134,0,13,7.568
346,19.023,23.999,0.051,0.0,0.0,0.0,0.0,0.0,534.0,2496.0,0.742,40,30,0,10.453,10.307,253,240,2,140,140,0,0,11200,4800,140,0,0,140,40,0,0,0,0,300,0,0,0,6969,116,0,6472,125,0,4,6.969
347,19.844,23.999,0.051,0.0,0.0,0.0,0.0,0.0,534.0,2496.0,0.656,40,30,0,10.919,10.792,254,240,2,140,140,0,0,11200,4800,140,0,0,140,40,0,0,0,0,300,0,0,0,7039,179,0,6468,128,0,4,7.039
348,20.42,23.999,0.051,0.0,0.0,0.0,0.0,0.0,534.0,2496.0,0.468,40,30,0,12.243,12.126,255,240,2,140,140,0,0,11200,4800,140,0,0,140,40,0,0,0,0,300,0,0,0,6725,131,0,6231,115,0,5,6.725
349,21.287,23.999,0.051,0.0,0.0,0.0,0.0,0.0,534.0,2496.0,0.559,40,30,0,12.4,12.28,252,240,2,140,140,0,0,11200,4800,140,0,0,140,40,0,0,0,0,300,0,0,0,7070,130,0,6629,98,0,3,7.07
350,17.745,23.999,0.051,0.0,0.0,0.0,0.0,0.0,534.0,2496.0,0.747,40,30,0,11.407,11.296,254,240,2,140,140,0,0,11200,4800,140,0,0,140,40,5,5,0,0,300,0,0,0,5104,94,0,4697,81,57,3,5.104
351,20.878,23.999,0.051,0.0,0.0,0.0,0.0,0.0,534.0,2496.0,0.46,40,30,0,14.506,14.368,254,240,2,140,140,0,0,11200,4800,140,0,0,140,40,5,5,0,0,300,0,0,0,4975,87,0,4584,81,49,3,4.975
352,14.537,23.999,0.051,0.0,0.0,0.0,0.0,0.0,534.0,2496.0,0.614,40,30,0,8.344,8.209,255,240,2,140,140,0,0,11200,4800,140,0,0,140,40,0,0,0,0,300,0,0,0,5082,112,0,4717,84,0,3,5.082
353,15.05,23.999,0.051,0.0,0.0,0.0,0.0,0.0,534.0,2496.0,0.465,40,30,0,8.582,8.371,255,240,2,140,140,0,0,11200,4800,140,0,0,140,40,0,0,0,0,300,0,0,0,5044,105,0,4663,92,0,3,5.044
354,14.899,22.84,0.075,0.0,0.0,0.0,0.0,0.0,534.0,2496.0,0.519,40,30,0,8.185,8.082,255,240,2,140,140,0,0,11200,4800,140,0,0,140,40,0,0,0,0,300,0,0,0,5609,123,0,5186,95,0,4,5.609
355,14.944,22.84,0.075,0.0,0.0,0.0,0.0,0.0,534.0,2496.0,0.593,40,30,0,8.441,8.346,253,240,2,140,140,0,0,11200,4800,140,0,0,140,40,0,0,0,0,300,0,0,0,5371,95,0,4981,108,0,4,5.371
356,15.219,22.84,0.075,0.0,0.0,0.0,0.0,0.0,534.0,2496.0,0.524,40,30,0,8.309,8.219,253,240,2,140,140,0,0,11200,4800,140,0,0,140,40,0,0,0,0,300,0,0,0,5427,93,0,5062,75,0,2,5.427
357,18.493,22.84,0.075,0.0,0.0,0.0,0.0,0.0,534.0,2496.0,0.421,40,30,0,12.484,12.379,253,240,2,140,140,0,0,11200,4800,140,0,0,140,40,0,0,0,0,300,0,0,0,4907,89,0,4570,86,0,2,4.907
358,14.246,22.84,0.075,0.0,0.0,0.0,0.0,0.0,534.0,2496.0,0.526,40,30,0,7.756,7.641,254,240,2,140,140,0,0,11200,4800,140,0,0,140,40,0,0,0,0,300,0,0,0,5502,89,0,5138,82,0,4,5.502
359,15.129,22.84,0.075,0.0,0.0,0.0,0.0,0.0,534.0,2496.0,0.467,40,30,0,8.695,8.593,254,240,2,140,140,0,0,11200,4800,140,0,0,140,40,0,0,0,0,300,0,0,0,5150,143,0,4744,78,0,3,5.15
360,22.608,22.84,0.075,0.0,0.0,0.0,0.0,0.0,534.0,2496.0,0.974,40,30,0,12.779,12.687,254,240,2,140,140,0,0,11200,4800,140,0,0,140,40,0,0,0,0,300,0,0,0,8508,217,0,7770,148,0,5,8.508
361,23.741,22.84,0.075,0.0,0.0,0.0,0.0,0.0,534.0,2496.0,0.85,40,30,0,14.049,13.91,253,240,2,140,140,0,0,11200,4800,140,0,0,140,40,0,0,0,0,300,0,0,0,7753,165,0,7162,136,0,4,7.753
362,24.041,22.84,0.075,0.0,0.0,0.0,0.0,0.0,534.0,2496.0,0.85,40,30,0,13.666,13.502,253,240,2,140,140,0,0,11200,4800,140,0,0,140,40,0,0,0,0,300,0,0,0,8383,178,0,7738,150,0,6,8.383
363,29.07,22.84,0.075,0.0,0.0,0.0,0.0,0.0,534.0,2496.0,0.904,40,30,0,17.888,17.731,253,240,2,140,140,0,0,11200,4800,140,0,0,140,40,5,5,0,0,300,0,0,0,8822,229,0,7933,171,86,6,8.822
364,24.461,22.84,0.075,0.0,0.0,0.0,0.0,0.0,534.0,2496.0,0.864,40,30,0,14.165,13.994,254,240,2,140,140,0,0,11200,4800,140,0,0,140,40,0,0,0,0,300,0,0,0,8377,184,0,7687,204,0,6,8.377
365,23.607,22.84,0.075,0.0,0.0,0.0,0.0,0.0,534.0,2496.0,0.855,40,30,0,13.232,13.055,255,240,2,140,140,0,0,11200,4800,140,0,0,140,40,0,0,0,0,300,0,0,0,8203,180,0,7566,149,0,6,8.203
366,26.623,22.84,0.075,0.0,0.0,0.0,0.0,0.0,534.0,2496.0,1.521,40,30,0,14.041,13.875,254,240,2,140,140,0,0,11200,4800,140,0,0,140,40,0,0,0,0,300,0,0,0,10622,169,0,9693,197,0,7,10.622
367,26.495,22.84,0.075,0.0,0.0,0.0,0.0,0.0,534.0,2496.0,1.154,40,30,0,15.332,15.011,254,240,2,140,140,0,0,11200,4800,140,0,0,140,40,0,0,0,0,300,0,0,0,8421,181,0,7736,156,0,6,8.421
368,24.321,22.84,0.075,0.0,0.0,0.0,0.0,0.0,534.0,2496.0,0.948,40,30,0,14.255,14.05,253,240,2,140,140,0,0,11200,4800,140,0,0,140,40,0,0,0,0,300,0,0,0,8067,143,0,7453,145,0,5,8.067
369,24.176,22.84,0.075,0.0,0.0,0.0,0.0,0.0,534.0,2496.0,0.91,40,30,0,13.851,13.661,253,240,2,140,140,0,0,11200,4800,140,0,0,140,40,0,0,0,0,300,0,0,0,8299,171,0,7639,158,0,5,8.299
370,29.469,22.84,0.075,0.0,0.0,0.0,0.0,0.0,534.0,2496.0,0.928,40,30,0,18.602,18.428,254,240,2,140,140,0,0,11200,4800,140,0,0,140,40,0,0,0,0,300,0,0,0,8681,192,0,7987,180,0,6,8.681
371,24.64,22.84,0.075,0.0,0.0,0.0,0.0,0.0,534.0,2496.0,0.729,40,30,0,14.277,14.054,254,240,2,140,140,0,0,11200,4800,140,0,0,140,40,0,0,0,0,300,0,0,0,8121,228,0,7429,142,0,7,8.121
372,23.43,22.84,0.075,0.0,0.0,0.0,0.0,0.0,534.0,2496.0,0.869,40,30,0,13.334,13.183,254,240,2,140,140,0,0,11200,4800,140,0,0,140,40,0,0,0,0,300,0,0,0,8257,181,0,7552,195,0,6,8.257
373,29.862,22.84,0.075,0.0,0.0,0.0,0.0,0.0,534.0,2496.0,1.031,40,30,0,14.922,14.761,253,240,2,140,140,0,0,11200,4800,140,0,0,140,40,0,0,0,0,300,0,0,0,12567,257,0,11376,269,0,8,12.567
374,25.243,22.84,0.075,0.0,0.0,0.0,0.0,0.0,534.0,2496.0,0.933,40,30,0,14.238,14.067,254,240,2,140,140,0,0,11200,4800,140,0,0,140,25,10,10,0,0,300,0,0,0,8786,190,0,7893,186,184,6,8.786
375,23.2,22.84,0.075,0.0,0.0,0.0,0.0,0.0,534.0,2496.0,0.798,40,30,0,13.476,13.317,253,240,2,140,140,0,0,11200,4800,140,0,0,140,20,10,10,0,0,300,0,0,0,7747,168,0,7049,118,138,6,7.747
376,22.507,22.84,0.075,0.0,0.0,0.0,0.0,0.0,534.0,2496.0,0.704,40,30,0,12.955,12.74,254,240,2,140,140,0,0,11200,4800,140,0,0,140,20,0,0,0,0,300,0,0,0,7785,176,0,7123,121,0,10,7.785
377,23.402,22.84,0.075,0.0,0.0,0.0,0.0,0.0,534.0,2496.0,0.854,40,30,0,13.558,13.395,254,240,2,140,140,0,0,11200,4800,140,0,0,140,20,0,0,0,0,300,0,0,0,7970,173,0,7318,179,0,5,7.97
378,22.453,22.84,0.075,0.0,0.0,0.0,0.0,0.0,534.0,2496.0,0.91,40,30,0,12.58,12.424,253,240,2,140,140,0,0,11200,4800,140,0,0,140,20,0,0,0,0,300,0,0,0,8003,165,0,7347,125,0,7,8.003
379,22.669,22.84,0.075,0.0,0.0,0.0,0.0,0.0,534.0,2496.0,0.804,40,30,0,12.795,12.649,252,240,2,140,140,0,0,11200,4800,140,0,0,140,20,0,0,0,0,300,0,0,0,7981,183,0,7392,114,0,5,7.981
380,22.198,22.84,0.075,0.0,0.0,0.0,0.0,0.0,534.0,2496.0,0.72,40,30,0,12.726,12.525,254,240,2,140,140,0,0,11200,4800,140,0,0,140,20,0,0,0,0,300,0,0,0,7716,156,0,7124,100,0,6,7.716
381,23.601,22.84,0.075,0.0,0.0,0.0,0.0,0.0,534.0,2496.0,0.724,40,30,0,13.629,13.493,252,240,2,140,140,0,0,11200,4800,140,0,0,140,20,0,0,0,0,300,0,0,0,8217,160,0,7634,128,0,5,8.217
382,22.789,22.84,0.075,0.0,0.0,0.0,0.0,0.0,534.0,2496.0,0.81,40,30,0,12.953,12.792,254,240,2,140,140,0,0,11200,4800,140,0,0,140,20,0,0,0,0,300,0,0,0,8125,164,0,7508,165,0,5,8.125
383,23.866,22.84,0.075,0.0,0.0,0.0,0.0,0.0,534.0,2496.0,0.779,40,30,0,13.631,13.442,256,240,2,140,140,0,0,11200,4800,140,0,0,140,20,0,0,0,0,300,0,0,0,8115,187,0,7430,119,0,4,8.115
384,22.145,22.84,0.075,0.0,0.0,0.0,0.0,0.0,534.0,2496.0,0.875,40,30,0,12.885,12.691,253,240,2,140,140,0,0,11200,4800,140,0,0,140,20,0,0,0,0,300,0,0,0,7635,146,0,7094,121,0,5,7.635
385,21.703,22.84,0.075,0.0,0.0,0.0,0.0,0.0,534.0,2496.0,0.714,40,30,0,12.436,12.312,252,240,2,140,140,0,0,11200,4800,140,0,0,140,20,0,0,0,0,300,0,0,0,7512,146,0,6954,125,0,5,7.512
386,22.529,22.84,0.075,0.0,0.0,0.0,0.0,0.0,534.0,2496.0,0.669,40,30,0,12.517,12.378,253,240,2,140,140,0,0,11200,4800,140,0,0,140,20,5,5,0,0,300,0,0,0,8317,165,0,7596,123,77,67,8.317
387,21.761,22.84,0.075,0.0,0.0,0.0,0.0,0.0,534.0,2496.0,0.775,40,30,0,12.635,12.499,253,240,2,140,140,0,0,11200,4800,140,0,0,140,20,10,10,0,0,300,0,0,0,7571,142,0,6845,125,135,5,7.571
388,22.616,22.84,0.075,0.0,0.0,0.0,0.0,0.0,534.0,2496.0,0.725,40,30,0,13.006,12.854,253,240,2,140,140,0,0,11200,4800,140,0,0,140,20,0,0,0,0,300,0,0,0,7733,170,0,7152,120,0,5,7.733
389,19.712,22.84,0.075,0.0,0.0,0.0,0.0,0.0,534.0,2496.0,0.529,40,30,0,12.543,12.371,255,240,2,140,140,0,0,11200,4800,140,0,0,140,20,0,0,0,0,300,0,0,0,5357,97,0,4985,85,0,3,5.357
390,17.11,22.84,0.075,0.0,0.0,0.0,0.0,0.0,534.0,2496.0,0.548,40,30,0,9.967,9.867,253,240,2,140,140,0,0,11200,4800,140,0,0,140,20,0,0,0,0,300,0,0,0,5838,157,0,5365,84,0,3,5.838
391,15.639,22.84,0.075,0.0,0.0,0.0,0.0,0.0,534.0,2496.0,0.516,40,30,0,9.01,8.896,253,240,2,140,140,0,0,11200,4800,140,0,0,140,20,0,0,0,0,300,0,0,0,5396,99,0,5048,63,0,3,5.396
392,16.596,22.84,0.075,0.0,0.0,0.0,0.0,0.0,534.0,2496.0,0.498,40,30,0,9.705,9.594,255,240,2,140,140,0,0,11200,4800,140,0,0,140,20,0,0,0,0,300,0,0,0,5679,106,0,5259,77,0,3,5.679
393,18.015,22.84,0.075,0.0,0.0,0.0,0.0,0.0,534.0,2496.0,0.501,40,30,0,10.399,10.295,253,240,2,140,140,0,0,11200,4800,140,0,0,140,20,0,0,0,0,300,0,0,0,6461,154,0,5985,88,0,3,6.461
394,16.331,22.84,0.075,0.0,0.0,0.0,0.0,0.0,534.0,2496.0,0.516,40,30,0,9.614,9.496,253,240,2,140,140,0,0,11200,4800,140,0,0,140,20,0,0,0,0,300,0,0,0,5603,116,0,5125,86,0,3,5.603
395,16.841,22.84,0.075,0.0,0.0,0.0,0.0,0.0,534.0,2496.0,0.46,40,30,0,10.183,10.047,254,240,2,140,140,0,0,11200,4800,140,0,0,140,20,0,0,0,0,300,0,0,0,5299,98,0,4881,153,0,3,5.299
396,14.734,22.84,0.075,0.0,0.0,0.0,0.0,0.0,534.0,2496.0,0.514,40,30,0,8.359,8.238,254,240,2,140,140,0,0,11200,4800,140,0,0,140,20,0,0,0,0,300,0,0,0,5363,102,0,4988,74,0,3,5.363
397,14.809,22.84,0.075,0.0,0.0,0.0,0.0,0.0,534.0,2496.0,0.687,40,30,0,8.435,8.343,252,240,2,140,140,0,0,11200,4800,140,0,0,140,20,0,0,0,0,300,0,0,0,5332,92,0,4974,69,0,2,5.332
398,14.54,22.84,0.075,0.0,0.0,0.0,0.0,0.0,534.0,2496.0,0.43,40,30,0,8.131,8.037,253,240,2,140,140,0,0,11200,4800,140,0,0,140,20,5,5,0,0,300,0,0,0,5190,92,0,4786,64,59,2,5.19
399,14.382,22.84,0.075,0.0,0.0,0.0,0.0,0.0,534.0,2496.0,0.467,40,25,0,8.375,8.265,254,240,2,130,130,0,0,10400,4115,65,65,0,130,25,5,5,5,0,290,0,0,0,4986,95,0,4550,66,76,2,4.986
400,15.332,22.84,0.075,0.0,0.0,0.0,0.0,0.0,534.0,2496.0,0.506,40,25,0,9.292,9.206,253,240,2,130,130,0,0,10400,4000,130,0,0,130,20,0,0,0,0,290,0,0,0,4880,116,0,4530,61,0,3,4.88
401,14.558,22.84,0.075,0.0,0.0,0.0,0.0,0.0,534.0,2496.0,0.476,40,25,0,8.357,8.228,254,240,2,130,130,0,0,10400,4000,130,0,0,130,20,0,0,0,0,290,0,0,0,4898,95,0,4539,77,0,3,4.898
402,14.229,29.293,0.085,0.0,0.0,0.0,0.0,0.0,534.0,2496.0,0.443,40,25,0,8.401,8.313,253,240,2,130,130,0,0,10400,4000,130,0,0,130,20,0,0,0,0,290,0,0,0,4777,96,0,4442,64,0,2,4.777
403,13.655,29.293,0.085,0.0,0.0,0.0,0.0,0.0,534.0,2496.0,0.468,40,25,0,8.036,7.955,253,240,2,130,130,0,0,10400,4000,130,0,0,130,20,0,0,0,0,290,0,0,0,4685,89,0,4368,68,0,2,4.685
404,14.009,29.293,0.085,0.0,0.0,0.0,0.0,0.0,534.0,2496.0,0.46,40,25,0,7.979,7.893,253,240,2,130,130,0,0,10400,4000,130,0,0,130,20,0,0,0,0,290,0,0,0,5036,114,0,4667,71,0,2,5.036
405,13.759,29.293,0.085,0.0,0.0,0.0,0.0,0.0,534.0,2496.0,0.424,40,25,0,7.9,7.814,253,240,2,130,130,0,0,10400,4000,130,0,0,130,20,0,0,0,0,290,0,0,0,4926,106,0,4580,77,0,4,4.926
406,14.139,29.293,0.085,0.0,0.0,0.0,0.0,0.0,534.0,2496.0,0.574,40,25,0,8.309,8.184,256,240,2,130,130,0,0,10400,4000,130,0,0,130,20,0,0,0,0,290,0,0,0,4811,100,0,4429,74,0,2,4.811
407,14.399,29.293,0.085,0.0,0.0,0.0,0.0,0.0,534.0,2496.0,0.496,40,25,0,8.33,8.235,254,240,2,130,130,0,0,10400,4000,130,0,0,130,20,0,0,0,0,290,0,0,0,4750,93,0,4367,137,0,3,4.75
408,13.527,29.293,0.085,0.0,0.0,0.0,0.0,0.0,534.0,2496.0,0.403,40,25,0,7.863,7.779,253,240,2,130,130,0,0,10400,4000,130,0,0,130,20,0,0,0,0,290,0,0,0,4668,93,0,4331,65,0,2,4.668
409,13.835,29.293,0.085,0.0,0.0,0.0,0.0,0.0,534.0,2496.0,0.434,40,25,0,8.005,7.916,252,240,2,130,130,0,0,10400,4000,130,0,0,130,20,0,0,0,0,290,0,0,0,4880,95,0,4519,74,0,3,4.88
410,17.292,29.293,0.085,0.0,0.0,0.0,0.0,0.0,534.0,2496.0,0.545,40,25,0,8.115,8.028,253,240,2,130,130,0,0,10400,4000,130,0,0,130,20,0,0,0,0,290,0,0,0,8151,94,0,7761,75,0,3,8.151
411,17.855,29.293,0.085,0.0,0.0,0.0,0.0,0.0,534.0,2496.0,0.488,40,25,0,11.067,10.971,253,240,2,130,130,0,0,10400,4000,130,0,0,130,20,10,10,0,0,290,0,0,0,5641,111,0,5168,80,89,3,5.641
412,15.14,29.293,0.085,0.0,0.0,0.0,0.0,0.0,534.0,2496.0,0.56,40,25,0,8.719,8.613,254,240,2,130,130,0,0,10400,4000,130,0,0,130,20,0,0,0,0,290,0,0,0,5302,170,0,4823,80,0,3,5.302
413,18.375,29.293,0.085,0.0,0.0,0.0,0.0,0.0,534.0,2496.0,0.526,40,25,0,11.685,11.539,254,240,2,130,130,0,0,10400,4000,130,0,0,130,20,0,0,0,0,290,0,0,0,5213,108,0,4844,79,0,3,5.213
414,24.041,29.293,0.085,0.0,0.0,0.0,0.0,0.0,534.0,2496.0,0.862,40,25,0,13.699,13.591,254,240,2,130,130,0,0,10400,4000,130,0,0,130,20,0,0,0,0,290,0,0,0,8972,238,0,8264,141,0,6,8.972
415,26.395,29.293,0.085,0.0,0.0,0.0,0.0,0.0,534.0,2496.0,0.943,40,25,0,15.382,15.228,252,240,2,130,130,0,0,10400,4000,130,0,0,130,20,0,0,0,0,290,0,0,0,9086,261,0,8333,152,0,5,9.086
416,25.459,29.293,0.085,0.0,0.0,0.0,0.0,0.0,534.0,2496.0,0.942,40,25,0,14.571,14.408,253,240,2,130,130,0,0,10400,4000,130,0,0,130,20,0,0,0,0,290,0,0,0,8953,203,0,8275,139,0,6,8.953
417,27.005,29.293,0.085,0.0,0.0,0.0,0.0,0.0,534.0,2496.0,0.985,40,25,0,15.325,15.137,252,240,2,130,130,0,0,10400,4000,130,0,0,130,20,0,0,0,0,290,0,0,0,9665,216,0,8931,149,0,5,9.665
418,26.033,29.293,0.085,0.0,0.0,0.0,0.0,0.0,534.0,2496.0,0.862,40,25,0,15.351,15.159,255,240,2,130,130,0,0,10400,4000,130,0,0,130,20,0,0,0,0,290,0,0,0,8645,216,0,7919,168,0,9,8.645
419,23.749,29.293,0.085,0.0,0.0,0.0,0.0,0.0,534.0,2496.0,0.874,40,25,0,14.107,13.908,253,240,2,130,130,0,0,10400,4000,130,0,0,130,20,0,0,0,0,290,0,0,0,7453,204,0,6768,121,0,4,7.453
420,23.075,29.293,0.085,0.0,0.0,0.0,0.0,0.0,534.0,2496.0,0.788,40,25,0,13.802,13.653,254,240,2,130,130,0,0,10400,4000,130,0,0,130,20,0,0,0,0,290,0,0,0,7418,217,0,6774,126,0,5,7.418
421,23.325,29.293,0.085,0.0,0.0,0.0,0.0,0.0,534.0,2496.0,0.741,40,25,0,13.829,13.684,253,240,2,130,130,0,0,10400,4000,130,0,0,130,20,0,0,0,0,290,0,0,0,7687,179,0,7048,134,0,6,7.687
422,16.31,29.293,0.085,0.0,0.0,0.0,0.0,0.0,534.0,2496.0,0.52,40,25,0,9.657,9.473,253,240,2,130,130,0,0,10400,4000,130,0,0,130,10,5,5,0,0,290,0,0,0,5195,106,0,4803,60,48,3,5.195
423,15.078,29.293,0.085,0.0,0.0,0.0,0.0,0.0,534.0,2496.0,0.463,40,25,0,8.868,8.753,252,240,2,130,130,0,0,10400,4000,130,0,0,130,0,10,10,0,0,290,0,0,0,5010,102,0,4590,53,76,2,5.01
424,14.969,29.293,0.085,0.0,0.0,0.0,0.0,0.0,534.0,2496.0,0.469,40,25,0,8.816,8.691,254,240,2,130,130,0,0,10400,4000,130,0,0,130,0,0,0,0,0,290,0,0,0,5025,111,0,4680,54,0,2,5.025
425,15.225,29.293,0.085,0.0,0.0,0.0,0.0,0.0,534.0,2496.0,0.491,40,25,0,8.737,8.63,253,240,2,130,130,0,0,10400,4000,130,0,0,130,0,0,0,0,0,290,0,0,0,4910,99,0,4580,45,0,3,4.91
426,16.827,29.293,0.085,0.0,0.0,0.0,0.0,0.0,534.0,2496.0,0.638,40,25,0,10.12,10.041,252,240,2,130,130,0,0,10400,4000,130,0,0,130,0,0,0,0,0,290,0,0,0,5617,106,0,5229,59,0,5,5.617
427,29.581,29.293,0.085,0.0,0.0,0.0,0.0,0.0,534.0,2496.0,0.71,40,25,0,11.902,11.767,254,240,2,130,130,0,0,10400,4000,130,0,0,130,0,0,0,0,0,290,0,0,0,16212,158,0,14733,1013,0,5,16.212
428,15.055,29.293,0.085,0.0,0.0,0.0,0.0,0.0,534.0,2496.0,0.463,40,25,0,8.689,8.59,253,240,2,130,130,0,0,10400,4000,130,0,0,130,0,0,0,0,0,290,0,0,0,5049,123,0,4693,50,0,3,5.049
429,15.142,29.293,0.085,0.0,0.0,0.0,0.0,0.0,534.0,2496.0,0.683,40,25,0,8.991,8.873,252,240,2,130,130,0,0,10400,4000,130,0,0,130,0,0,0,0,0,290,0,0,0,4981,105,0,4636,45,0,3,4.981
430,16.686,29.293,0.085,0.0,0.0,0.0,0.0,0.0,534.0,2496.0,0.529,40,25,0,10.078,9.972,254,240,2,130,130,0,0,10400,4000,130,0,0,130,0,0,0,0,0,290,0,0,0,5266,110,0,4909,67,0,3,5.266
431,15.437,29.293,0.085,0.0,0.0,0.0,0.0,0.0,534.0,2496.0,0.528,40,25,0,9.174,9.054,256,240,2,130,130,0,0,10400,4000,130,0,0,130,0,0,0,0,0,290,0,0,0,4958,95,0,4607,77,0,2,4.958
432,14.969,29.293,0.085,0.0,0.0,0.0,0.0,0.0,534.0,2496.0,0.471,40,25,0,8.797,8.678,252,240,2,130,130,0,0,10400,4000,130,0,0,130,0,0,0,0,0,290,0,0,0,5016,114,0,4674,51,0,3,5.016
433,14.911,29.293,0.085,0.0,0.0,0.0,0.0,0.0,534.0,2496.0,0.507,40,25,0,8.813,8.715,254,240,2,130,130,0,0,10400,4000,130,0,0,130,0,0,0,0,0,290,0,0,0,5051,100,0,4721,46,0,3,5.051
434,15.092,29.293,0.085,0.0,0.0,0.0,0.0,0.0,534.0,2496.0,0.458,40,25,0,8.868,8.765,252,240,2,130,130,0,0,10400,4000,130,0,0,130,0,5,5,0,0,290,0,0,0,5113,103,0,4695,63,58,3,5.113
435,14.677,29.293,0.085,0.0,0.0,0.0,0.0,0.0,534.0,2496.0,0.509,40,25,0,8.631,8.55,252,240,2,130,130,0,0,10400,4000,130,0,0,130,0,10,10,0,0,290,0,0,0,5078,95,0,4654,55,86,3,5.078
436,20.751,29.293,0.085,0.0,0.0,0.0,0.0,0.0,534.0,2496.0,0.532,40,25,0,13.906,13.793,253,240,2,130,130,0,0,10400,4000,130,0,0,130,0,5,5,0,0,290,0,0,0,5794,118,0,5384,52,52,4,5.794
437,15.764,29.293,0.085,0.0,0.0,0.0,0.0,0.0,534.0,2496.0,0.61,40,25,0,9.113,9.016,253,240,2,130,130,0,0,10400,4000,130,0,0,130,0,0,0,0,0,290,0,0,0,5318,122,0,4890,100,0,3,5.318
438,16.034,29.293,0.085,0.0,0.0,0.0,0.0,0.0,534.0,2496.0,0.498,40,25,0,9.831,9.729,254,240,2,130,130,0,0,10400,4000,130,0,0,130,0,0,0,0,0,290,0,0,0,4963,108,0,4619,55,0,2,4.963
439,26.046,29.293,0.085,0.0,0.0,0.0,0.0,0.0,534.0,2496.0,0.777,40,25,0,19.256,19.141,256,240,2,130,130,0,0,10400,4000,130,0,0,130,0,0,0,0,0,290,0,0,0,5651,103,0,5255,92,0,3,5.651
440,15.799,29.293,0.085,0.0,0.0,0.0,0.0,0.0,534.0,2496.0,0.6,40,25,0,9.201,9.099,252,240,2,130,130,0,0,10400,4000,130,0,0,130,0,0,0,0,0,290,0,0,0,5140,99,0,4806,56,0,4,5.14
441,18.112,29.293,0.085,0.0,0.0,0.0,0.0,0.0,534.0,2496.0,0.687,40,25,0,9.262,9.163,253,240,2,130,130,0,0,10400,4000,130,0,0,130,0,0,0,0,0,290,0,0,0,7466,184,0,6956,70,0,4,7.466
442,23.228,29.293,0.085,0.0,0.0,0.0,0.0,0.0,534.0,2496.0,0.862,40,25,0,13.462,13.334,253,240,2,130,130,0,0,10400,4000,130,0,0,130,0,0,0,0,0,290,0,0,0,8328,160,0,7748,95,0,5,8.328
443,22.942,29.293,0.085,0.0,0.0,0.0,0.0,0.0,534.0,2496.0,0.68,40,25,0,13.725,13.568,253,240,2,130,130,0,0,10400,4000,130,0,0,130,0,0,0,0,0,290,0,0,0,7163,168,0,6599,117,0,4,7.163
444,22.144,29.293,0.085,0.0,0.0,0.0,0.0,0.0,534.0,2496.0,0.909,40,25,0,12.921,12.794,253,240,2,130,130,0,0,10400,4000,130,0,0,130,0,0,0,0,0,290,0,0,0,7685,187,0,7089,89,0,29,7.685
445,22.858,29.293,0.085,0.0,0.0,0.0,0.0,0.0,534.0,2496.0,0.948,40,25,0,13.615,13.424,254,240,2,130,130,0,0,10400,4000,130,0,0,130,0,0,0,0,0,290,0,0,0,7399,156,0,6841,128,0,5,7.399
446,22.416,29.293,0.085,0.0,0.0,0.0,0.0,0.0,534.0,2496.0,0.846,40,25,0,12.699,12.534,254,240,2,130,130,0,0,10400,4000,130,0,0,130,0,0,0,0,0,290,0,0,0,7781,186,0,7225,84,0,4,7.781
447,26.194,29.293,0.085,0.0,0.0,0.0,0.0,0.0,534.0,2496.0,0.797,40,25,0,16.719,14.128,253,240,2,130,130,0,0,10400,4000,130,0,0,130,0,5,5,0,0,290,0,0,0,7640,146,0,7008,81,102,5,7.64
448,23.167,29.293,0.085,0.0,0.0,0.0,0.0,0.0,534.0,2496.0,0.85,40,25,0,13.369,13.237,253,240,2,130,130,0,0,10400,4000,130,0,0,130,0,5,5,0,0,290,0,0,0,8192,178,0,7518,115,59,6,8.192
449,22.501,29.293,0.085,0.0,0.0,0.0,0.0,0.0,534.0,2496.0,0.866,40,25,0,12.845,12.671,254,240,2,130,130,0,0,10400,4000,130,0,0,130,0,0,0,0,0,290,0,0,0,7574,170,0,6972,76,0,5,7.574
450,22.01,29.293,0.085,0.0,0.0,0.0,0.0,0.0,534.0,2496.0,0.709,40,25,0,13.186,12.982,253,240,2,130,130,0,0,10400,4000,130,0,0,130,0,0,0,0,0,290,0,0,0,7016,144,0,6533,75,0,5,7.016
451,20.851,29.293,0.085,0.0,0.0,0.0,0.0,0.0,534.0,2496.0,0.76,40,25,0,12.087,11.965,253,240,2,130,130,0,0,10400,4000,130,0,0,130,0,0,0,0,0,290,0,0,0,7165,155,0,6668,96,0,4,7.165
452,21.864,29.293,0.085,0.0,0.0,0.0,0.0,0.0,534.0,2496.0,0.748,40,25,0,12.913,12.75,255,240,2,130,130,0,0,10400,4000,130,0,0,130,0,0,0,0,0,290,0,0,0,7214,175,0,6642,82,0,5,7.214
453,22.045,29.293,0.085,0.0,0.0,0.0,0.0,0.0,534.0,2496.0,0.653,40,25,0,12.716,12.593,252,240,2,130,130,0,0,10400,4000,130,0,0,130,0,0,0,0,0,290,0,0,0,7598,169,0,7055,77,0,5,7.598
454,21.208,29.293,0.085,0.0,0.0,0.0,0.0,0.0,534.0,2496.0,0.71,40,25,0,12.731,12.602,253,240,2,130,130,0,0,10400,4000,130,0,0,130,0,0,0,0,0,290,0,0,0,7006,144,0,6506,103,0,5,7.006
455,21.704,27.013,0.033,0.0,0.0,0.0,0.0,0.0,534.0,2496.0,0.58,40,25,0,12.462,12.333,253,240,2,130,130,0,0,10400,4000,130,0,0,130,0,0,0,0,0,290,0,0,0,7395,167,0,6867,86,0,4,7.395
456,19.794,27.013,0.033,0.0,0.0,0.0,0.0,0.0,534.0,2496.0,0.775,40,25,0,11.494,11.357,255,240,2,130,130,0,0,10400,4000,130,0,0,130,0,0,0,0,0,290,0,0,0,6904,147,0,6424,84,0,4,6.904
457,20.05,27.013,0.033,0.0,0.0,0.0,0.0,0.0,534.0,2496.0,0.594,40,25,0,11.823,11.698,253,240,2,130,130,0,0,10400,4000,130,0,0,130,0,0,0,0,0,290,0,0,0,6586,131,0,6144,86,0,3,6.586
458,19.501,27.013,0.033,0.0,0.0,0.0,0.0,0.0,534.0,2496.0,0.635,40,25,0,11.396,11.267,253,240,2,130,130,0,0,10400,4000,130,0,0,130,0,0,0,0,0,290,0,0,0,6758,156,0,6261,62,0,6,6.758
459,19.602,27.013,0.033,0.0,0.0,0.0,0.0,0.0,534.0,2496.0,0.563,40,20,0,11.525,11.414,252,240,2,125,125,0,0,10000,3715,110,15,0,125,0,10,10,5,0,285,0,0,0,6588,192,0,5891,96,167,3,6.588
460,19.188,27.013,0.033,0.0,0.0,0.0,0.0,0.0,534.0,2496.0,0.645,40,20,0,11.471,11.359,253,240,2,120,120,0,0,9600,3200,75,45,0,120,5,0,0,0,0,280,0,0,0,6345,160,0,5847,81,0,4,6.345
461,19.302,27.013,0.033,0.0,0.0,0.0,0.0,0.0,534.0,2496.0,0.542,40,20,0,11.206,11.07,254,240,2,120,120,0,0,9600,3200,120,0,0,120,0,0,0,0,0,280,0,0,0,6449,150,0,5913,73,0,4,6.449
462,18.525,27.013,0.033,0.0,0.0,0.0,0.0,0.0,534.0,2496.0,0.608,40,20,0,11.179,11.066,254,240,2,120,120,0,0,9600,3200,120,0,0,120,0,0,0,0,0,280,0,0,0,6001,136,0,5571,74,0,4,6.001
463,19.64,27.013,0.033,0.0,0.0,0.0,0.0,0.0,534.0,2496.0,0.692,40,20,0,12.063,11.9,255,240,2,120,120,0,0,9600,3200,120,0,0,120,0,0,0,0,0,280,0,0,0,6265,134,0,5781,65,0,4,6.265
464,19.628,27.013,0.033,0.0,0.0,0.0,0.0,0.0,534.0,2496.0,0.756,40,20,0,11.722,11.598,252,240,2,120,120,0,0,9600,3200,120,0,0,120,0,0,0,0,0,280,0,0,0,6283,139,0,5820,67,0,5,6.283
465,19.63,27.013,0.033,0.0,0.0,0.0,0.0,0.0,534.0,2496.0,0.651,40,20,0,11.62,11.487,253,240,2,120,120,0,0,9600,3200,120,0,0,120,0,0,0,0,0,280,0,0,0,6459,187,0,5919,76,0,4,6.459
466,19.48,27.013,0.033,0.0,0.0,0.0,0.0,0.0,534.0,2496.0,0.661,40,20,0,11.925,11.816,252,240,2,120,120,0,0,9600,3200,120,0,0,120,0,0,0,0,0,280,0,0,0,6139,137,0,5704,84,0,3,6.139
467,19.356,27.013,0.033,0.0,0.0,0.0,0.0,0.0,534.0,2496.0,0.699,40,20,0,11.779,11.626,254,240,2,120,120,0,0,9600,3200,120,0,0,120,0,0,0,0,0,280,0,0,0,5991,132,0,5535,61,0,4,5.991
468,19.079,27.013,0.033,0.0,0.0,0.0,0.0,0.0,534.0,2496.0,0.636,40,20,0,11.491,11.334,255,240,2,120,120,0,0,9600,3200,120,0,0,120,0,0,0,0,0,280,0,0,0,6041,139,0,5611,81,0,3,6.041
469,18.39,27.013,0.033,0.0,0.0,0.0,0.0,0.0,534.0,2496.0,0.64,40,20,0,10.897,10.764,254,240,2,120,120,0,0,9600,3200,120,0,0,120,0,0,0,0,0,280,0,0,0,6136,137,0,5689,69,0,5,6.136
470,19.638,27.013,0.033,0.0,0.0,0.0,0.0,0.0,534.0,2496.0,0.621,40,20,0,11.762,11.645,253,240,2,120,120,0,0,9600,3200,120,0,0,120,0,0,0,0,0,280,0,0,0,6513,156,0,6008,110,0,5,6.513
471,19.361,27.013,0.033,0.0,0.0,0.0,0.0,0.0,534.0,2496.0,0.755,40,20,0,11.801,11.676,253,240,2,120,120,0,0,9600,3200,120,0,0,120,0,0,0,0,0,280,0,0,0,6235,136,0,5767,77,0,5,6.235
472,19.527,27.013,0.033,0.0,0.0,0.0,0.0,0.0,534.0,2496.0,0.597,40,20,0,11.651,11.532,252,240,2,120,120,0,0,9600,3200,120,0,0,120,0,5,5,0,0,280,0,0,0,6307,187,0,5739,80,81,3,6.307
473,19.71,27.013,0.033,0.0,0.0,0.0,0.0,0.0,534.0,2496.0,0.606,40,20,0,11.721,11.589,254,240,2,120,120,0,0,9600,3200,120,0,0,120,0,0,0,0,0,280,0,0,0,6286,146,0,5789,82,0,3,6.286
474,19.723,27.013,0.033,0.0,0.0,0.0,0.0,0.0,534.0,2496.0,0.641,40,20,0,12.131,11.995,254,240,2,120,120,0,0,9600,3200,120,0,0,120,0,0,0,0,0,280,0,0,0,6290,139,0,5777,80,0,4,6.29
475,19.337,27.013,0.033,0.0,0.0,0.0,0.0,0.0,534.0,2496.0,0.644,40,20,0,11.663,11.56,252,240,2,120,120,0,0,9600,3200,120,0,0,120,0,0,0,0,0,280,0,0,0,6290,143,0,5761,87,0,5,6.29
476,18.825,27.013,0.033,0.0,0.0,0.0,0.0,0.0,534.0,2496.0,0.674,40,20,0,11.44,11.278,254,240,2,120,120,0,0,9600,3200,120,0,0,120,0,0,0,0,0,280,0,0,0,5916,195,0,5426,68,0,4,5.916
477,19.136,27.013,0.033,0.0,0.0,0.0,0.0,0.0,534.0,2496.0,0.636,40,20,0,11.706,11.592,253,240,2,120,120,0,0,9600,3200,120,0,0,120,0,0,0,0,0,280,0,0,0,5994,173,0,5504,72,0,5,5.994
478,19.934,27.013,0.033,0.0,0.0,0.0,0.0,0.0,534.0,2496.0,0.709,40,20,0,12.032,11.908,254,240,2,120,120,0,0,9600,3200,120,0,0,120,0,0,0,0,0,280,0,0,0,6456,150,0,5880,101,0,5,6.456
479,20.061,27.013,0.033,0.0,0.0,0.0,0.0,0.0,534.0,2496.0,0.607,40,20,0,12.128,11.995,254,240,2,120,120,0,0,9600,3200,120,0,0,120,0,0,0,0,0,280,0,0,0,6177,158,0,5722,75,0,3,6.177
480,19.041,27.013,0.033,0.0,0.0,0.0,0.0,0.0,534.0,2496.0,0.584,40,20,0,11.522,11.396,254,240,2,120,120,0,0,9600,3200,120,0,0,120,0,0,0,0,0,280,0,0,0,6217,148,0,5770,75,0,4,6.217
481,19.429,27.013,0.033,0.0,0.0,0.0,0.0,0.0,534.0,2496.0,0.599,40,20,0,11.884,11.781,252,240,2,120,120,0,0,9600,3200,120,0,0,120,0,0,0,0,0,280,0,0,0,6179,153,0,5612,108,0,5,6.179
482,20.124,27.013,0.033,0.0,0.0,0.0,0.0,0.0,534.0,2496.0,0.647,40,20,0,12.104,11.985,253,240,2,120,120,0,0,9600,3200,120,0,0,120,0,5,5,0,0,280,0,0,0,6613,197,0,5968,81,121,5,6.613
483,19.878,27.013,0.033,0.0,0.0,0.0,0.0,0.0,534.0,2496.0,0.599,40,20,0,12.177,12.054,253,240,2,120,120,0,0,9600,3200,120,0,0,120,0,5,5,0,0,280,0,0,0,6274,155,0,5699,81,70,4,6.274
484,19.876,27.013,0.033,0.0,0.0,0.0,0.0,0.0,534.0,2496.0,0.644,40,20,0,12.336,12.203,253,240,2,120,120,0,0,9600,3200,120,0,0,120,0,5,5,0,0,280,0,0,0,6133,147,0,5630,61,62,5,6.133
485,19.35,27.013,0.033,0.0,0.0,0.0,0.0,0.0,534.0,2496.0,0.771,40,20,0,11.502,11.369,254,240,2,120,120,0,0,9600,3200,120,0,0,120,0,0,0,0,0,280,0,0,0,6200,139,0,5741,81,0,5,6.2
486,15.87,27.013,0.033,0.0,0.0,0.0,0.0,0.0,534.0,2496.0,0.424,40,20,0,10.324,10.203,253,240,2,120,120,0,0,9600,3200,120,0,0,120,0,0,0,0,0,280,0,0,0,4193,89,0,3920,50,0,3,4.193
487,12.949,27.013,0.033,0.0,0.0,0.0,0.0,0.0,534.0,2496.0,0.398,40,20,0,7.768,7.686,253,240,2,120,120,0,0,9600,3200,120,0,0,120,0,0,0,0,0,280,0,0,0,4207,122,0,3893,45,0,2,4.207
488,12.823,27.013,0.033,0.0,0.0,0.0,0.0,0.0,534.0,2496.0,0.383,40,20,0,7.725,7.639,254,240,2,120,120,0,0,9600,3200,120,0,0,120,0,0,0,0,0,280,0,0,0,4169,99,0,3883,43,0,2,4.169
489,12.895,27.013,0.033,0.0,0.0,0.0,0.0,0.0,534.0,2496.0,0.393,40,20,0,7.823,7.752,252,240,2,120,120,0,0,9600,3200,120,0,0,120,0,0,0,0,0,280,0,0,0,4194,92,0,3904,47,0,2,4.194
490,12.799,27.013,0.033,0.0,0.0,0.0,0.0,0.0,534.0,2496.0,0.404,40,20,0,7.697,7.626,252,240,2,120,120,0,0,9600,3200,120,0,0,120,0,0,0,0,0,280,0,0,0,4218,89,0,3924,49,0,3,4.218
491,12.919,27.013,0.033,0.0,0.0,0.0,0.0,0.0,534.0,2496.0,0.414,40,20,0,7.709,7.627,253,240,2,120,120,0,0,9600,3200,120,0,0,120,0,0,0,0,0,280,0,0,0,4179,92,0,3890,53,0,3,4.179
492,12.704,27.013,0.033,0.0,0.0,0.0,0.0,0.0,534.0,2496.0,0.413,40,20,0,7.609,7.529,254,240,2,120,120,0,0,9600,3200,120,0,0,120,0,0,0,0,0,280,0,0,0,4182,92,0,3894,43,0,3,4.182
493,12.69,27.013,0.033,0.0,0.0,0.0,0.0,0.0,534.0,2496.0,0.391,40,20,0,7.587,7.503,253,240,2,120,120,0,0,9600,3200,120,0,0,120,0,0,0,0,0,280,0,0,0,4218,92,0,3915,50,0,2,4.218
494,12.633,27.013,0.033,0.0,0.0,0.0,0.0,0.0,534.0,2496.0,0.388,40,20,0,7.596,7.519,253,240,2,120,120,0,0,9600,3200,120,0,0,120,0,0,0,0,0,280,0,0,0,4189,92,0,3898,44,0,2,4.189
495,12.671,27.013,0.033,0.0,0.0,0.0,0.0,0.0,534.0,2496.0,0.399,40,20,0,7.575,7.501,253,240,2,120,120,0,0,9600,3200,120,0,0,120,0,10,10,0,0,280,0,0,0,4266,90,0,3912,42,78,2,4.266
496,12.756,27.013,0.033,0.0,0.0,0.0,0.0,0.0,534.0,2496.0,0.379,40,20,0,7.631,7.556,252,240,2,120,120,0,0,9600,3200,120,0,0,120,0,10,10,0,0,280,0,0,0,4257,88,0,3895,49,68,2,4.257
497,12.836,27.013,0.033,0.0,0.0,0.0,0.0,0.0,534.0,2496.0,0.422,40,20,0,7.578,7.496,253,240,2,120,120,0,0,9600,3200,120,0,0,120,0,0,0,0,0,280,0,0,0,4198,101,0,3902,38,0,2,4.198
498,12.677,27.013,0.033,0.0,0.0,0.0,0.0,0.0,534.0,2496.0,0.428,40,20,0,7.67,7.593,253,240,2,120,120,0,0,9600,3200,120,0,0,120,0,0,0,0,0,280,0,0,0,4178,86,0,3896,37,0,3,4.178
499,12.69,27.013,0.033,0.0,0.0,0.0,0.0,0.0,534.0,2496.0,0.425,40,20,0,7.637,7.558,254,240,2,120,120,0,0,9600,3200,120,0,0,120,0,0,0,0,0,280,0,0,0,4190,94,0,3900,50,0,2,4.19
500,12.879,27.013,0.033,0.0,0.0,0.0,0.0,0.0,534.0,2496.0,0.393,40,20,0,7.674,7.603,252,240,2,120,120,0,0,9600,3200,120,0,0,120,0,0,0,0,0,280,0,0,0,4328,93,0,4027,40,0,3,4.328
501,13.594,27.013,0.033,0.0,0.0,0.0,0.0,0.0,534.0,2496.0,0.501,40,20,0,8.168,8.088,253,240,2,120,120,0,0,9600,3200,120,0,0,120,0,0,0,0,0,280,0,0,0,4495,106,0,4181,49,0,2,4.495
502,13.763,27.013,0.033,0.0,0.0,0.0,0.0,0.0,534.0,2496.0,0.51,40,20,0,8.267,8.188,252,240,2,120,120,0,0,9600,3200,120,0,0,120,0,0,0,0,0,280,0,0,0,4469,101,0,4149,50,0,2,4.469
503,14.036,27.013,0.033,0.0,0.0,0.0,0.0,0.0,534.0,2496.0,0.528,40,20,0,8.393,8.306,253,240,2,120,120,0,0,9600,3200,120,0,0,120,0,0,0,0,0,280,0,0,0,4474,93,0,4174,38,0,2,4.474
504,13.654,27.013,0.033,0.0,0.0,0.0,0.0,0.0,534.0,2496.0,0.449,40,20,0,8.181,8.098,253,240,2,120,120,0,0,9600,3200,120,0,0,120,0,0,0,0,0,280,0,0,0,4429,105,0,4108,50,0,3,4.429
505,13.52,27.013,0.033,0.0,0.0,0.0,0.0,0.0,534.0,2496.0,0.431,40,20,0,8.126,8.038,253,240,2,120,120,0,0,9600,3200,120,0,0,120,0,0,0,0,0,280,0,0,0,4487,96,0,4170,46,0,2,4.487
506,13.52,27.013,0.033,0.0,0.0,0.0,0.0,0.0,534.0,2496.0,0.45,40,20,0,8.131,8.059,252,240,2,120,120,0,0,9600,3200,120,0,0,120,0,0,0,0,0,280,0,0,0,4457,104,0,4114,53,0,2,4.457
507,13.533,27.013,0.033,0.0,0.0,0.0,0.0,0.0,534.0,2496.0,0.419,40,20,0,8.115,8.033,253,240,2,120,120,0,0,9600,3200,120,0,0,120,0,0,0,0,0,280,0,0,0,4484,96,0,4164,47,0,2,4.484
508,13.677,27.013,0.033,0.0,0.0,0.0,0.0,0.0,534.0,2496.0,0.447,40,20,0,8.225,8.153,252,240,2,120,120,0,0,9600,3200,120,0,0,120,0,10,10,0,0,280,0,0,0,4525,98,0,4137,52,83,2,4.525
509,13.744,27.013,0.033,0.0,0.0,0.0,0.0,0.0,534.0,2496.0,0.412,40,20,0,8.156,8.055,255,240,2,120,120,0,0,9600,3200,120,0,0,120,0,0,0,0,0,280,0,0,0,4429,105,0,4113,46,0,1,4.429
510,13.394,27.013,0.033,0.0,0.0,0.0,0.0,0.0,534.0,2496.0,0.455,40,20,0,8.078,7.989,253,240,2,120,120,0,0,9600,3200,120,0,0,120,0,0,0,0,0,280,0,0,0,4436,95,0,4147,47,0,2,4.436
511,13.509,27.013,0.033,0.0,0.0,0.0,0.0,0.0,534.0,2496.0,0.418,40,20,0,8.091,8.017,252,240,2,120,120,0,0,9600,3200,120,0,0,120,0,0,0,0,0,280,0,0,0,4507,97,0,4213,42,0,2,4.507
512,13.398,27.013,0.033,0.0,0.0,0.0,0.0,0.0,534.0,2496.0,0.443,40,20,0,8.092,7.99,253,240,2,120,120,0,0,9600,3200,120,0,0,120,0,0,0,0,0,280,0,0,0,4426,96,0,4127,41,0,2,4.426
513,13.494,27.013,0.033,0.0,0.0,0.0,0.0,0.0,534.0,2496.0,0.428,40,20,0,8.119,8.047,252,240,2,120,120,0,0,9600,3200,120,0,0,120,0,0,0,0,0,280,0,0,0,4490,102,0,4188,43,0,3,4.49
514,13.471,27.013,0.033,0.0,0.0,0.0,0.0,0.0,534.0,2496.0,0.456,40,20,0,8.094,8.02,252,240,2,120,120,0,0,9600,3200,120,0,0,120,0,0,0,0,0,280,0,0,0,4430,95,0,4134,53,0,2,4.43
515,14.243,20.325,0.053,0.0,0.0,0.0,0.0,0.0,534.0,2496.0,0.445,40,20,0,8.152,8.064,253,240,2,120,120,0,0,9600,3200,120,0,0,120,0,0,0,0,0,280,0,0,0,4935,116,0,4568,51,0,3,4.935
516,13.37,20.325,0.053,0.0,0.0,0.0,0.0,0.0,534.0,2496.0,0.405,40,20,0,8.031,7.94,253,240,2,120,120,0,0,9600,3200,120,0,0,120,0,0,0,0,0,280,0,0,0,4399,98,0,4084,41,0,2,4.399
517,13.524,20.325,0.053,0.0,0.0,0.0,0.0,0.0,534.0,2496.0,0.459,40,20,0,7.88,7.777,253,240,2,120,120,0,0,9600,3200,120,0,0,120,0,0,0,0,0,280,0,0,0,4712,97,0,4258,51,0,3,4.712
518,12.994,20.325,0.053,0.0,0.0,0.0,0.0,0.0,534.0,2496.0,0.439,40,20,0,7.853,7.774,252,240,2,120,120,0,0,9600,3200,120,0,0,120,0,0,0,0,0,280,0,0,0,4232,90,0,3944,43,0,2,4.232
519,13.062,20.325,0.053,0.0,0.0,0.0,0.0,0.0,534.0,2496.0,0.446,40,20,0,7.843,7.769,252,240,2,120,120,0,0,9600,3200,120,0,0,120,0,5,5,0,0,280,0,0,0,4346,91,0,4005,59,47,1,4.346
520,12.703,20.325,0.053,0.0,0.0,0.0,0.0,0.0,534.0,2496.0,0.411,40,15,0,7.78,7.703,253,240,2,110,110,0,0,8800,2515,55,55,0,110,5,5,5,5,0,270,0,0,0,3997,95,0,3617,65,72,2,3.997
521,12.549,20.325,0.053,0.0,0.0,0.0,0.0,0.0,534.0,2496.0,0.396,40,15,0,7.689,7.606,254,240,2,110,110,0,0,8800,2400,110,0,0,110,0,0,0,0,0,270,0,0,0,3856,88,0,3592,44,0,1,3.856
522,12.611,20.325,0.053,0.0,0.0,0.0,0.0,0.0,534.0,2496.0,0.414,40,15,0,7.76,7.651,253,240,2,110,110,0,0,8800,2400,110,0,0,110,0,0,0,0,0,270,0,0,0,3806,104,0,3513,32,0,2,3.806
523,12.309,20.325,0.053,0.0,0.0,0.0,0.0,0.0,534.0,2496.0,0.382,40,15,0,7.59,7.512,254,240,2,110,110,0,0,8800,2400,110,0,0,110,0,0,0,0,0,270,0,0,0,3839,92,0,3543,50,0,3,3.839
524,12.225,20.325,0.053,0.0,0.0,0.0,0.0,0.0,534.0,2496.0,0.379,40,15,0,7.56,7.492,252,240,2,110,110,0,0,8800,2400,110,0,0,110,0,0,0,0,0,270,0,0,0,3840,102,0,3544,43,0,3,3.84
525,12.459,20.325,0.053,0.0,0.0,0.0,0.0,0.0,534.0,2496.0,0.438,40,15,0,7.726,7.647,253,240,2,110,110,0,0,8800,2400,110,0,0,110,0,0,0,0,0,270,0,0,0,3941,91,0,3662,39,0,2,3.941
526,12.488,20.325,0.053,0.0,0.0,0.0,0.0,0.0,534.0,2496.0,0.392,40,15,0,7.759,7.689,252,240,2,110,110,0,0,8800,2400,110,0,0,110,0,0,0,0,0,270,0,0,0,3831,92,0,3529,37,0,3,3.831
527,12.456,20.325,0.053,0.0,0.0,0.0,0.0,0.0,534.0,2496.0,0.593,40,15,0,7.606,7.517,254,240,2,110,110,0,0,8800,2400,110,0,0,110,0,0,0,0,0,270,0,0,0,3840,110,0,3556,39,0,3,3.84
528,12.495,20.325,0.053,0.0,0.0,0.0,0.0,0.0,534.0,2496.0,0.431,40,15,0,7.553,7.472,253,240,2,110,110,0,0,8800,2400,110,0,0,110,0,0,0,0,0,270,0,0,0,3847,94,0,3550,42,0,2,3.847
529,12.265,20.325,0.053,0.0,0.0,0.0,0.0,0.0,534.0,2496.0,0.385,40,15,0,7.58,7.497,254,240,2,110,110,0,0,8800,2400,110,0,0,110,0,0,0,0,0,270,0,0,0,3831,88,0,3550,38,0,2,3.831
530,12.226,20.325,0.053,0.0,0.0,0.0,0.0,0.0,534.0,2496.0,0.423,40,15,0,7.594,7.526,252,240,2,110,110,0,0,8800,2400,110,0,0,110,0,0,0,0,0,270,0,0,0,3797,111,0,3507,45,0,2,3.797
531,12.153,20.325,0.053,0.0,0.0,0.0,0.0,0.0,534.0,2496.0,0.425,40,15,0,7.516,7.449,252,240,2,110,110,0,0,8800,2400,110,0,0,110,0,0,0,0,0,270,0,0,0,3792,97,0,3504,43,0,2,3.792
532,12.343,20.325,0.053,0.0,0.0,0.0,0.0,0.0,534.0,2496.0,0.377,40,15,0,7.595,7.52,253,240,2,110,110,0,0,8800,2400,110,0,0,110,0,5,5,0,0,270,0,0,0,3878,91,0,3557,45,50,2,3.878
533,13.277,20.325,0.053,0.0,0.0,0.0,0.0,0.0,534.0,2496.0,0.535,40,15,0,7.594,7.49,253,240,2,110,110,0,0,8800,2400,110,0,0,110,0,0,0,0,0,270,0,0,0,4671,90,0,4352,43,0,4,4.671
534,13.585,20.325,0.053,0.0,0.0,0.0,0.0,0.0,534.0,2496.0,0.487,40,15,0,8.356,8.251,254,240,2,110,110,0,0,8800,2400,110,0,0,110,0,0,0,0,0,270,0,0,0,4091,100,0,3804,45,0,3,4.091
535,13.347,20.325,0.053,0.0,0.0,0.0,0.0,0.0,534.0,2496.0,0.445,40,15,0,8.286,8.199,253,240,2,110,110,0,0,8800,2400,110,0,0,110,0,0,0,0,0,270,0,0,0,4080,96,0,3784,49,0,3,4.08
536,16.25,20.325,0.053,0.0,0.0,0.0,0.0,0.0,534.0,2496.0,0.65,40,15,0,8.306,8.215,253,240,2,110,110,0,0,8800,2400,110,0,0,110,0,0,0,0,0,270,0,0,0,6886,129,0,6444,71,0,3,6.886
537,18.555,20.325,0.053,0.0,0.0,0.0,0.0,0.0,534.0,2496.0,0.657,40,15,0,11.434,11.326,252,240,2,110,110,0,0,8800,2400,110,0,0,110,0,0,0,0,0,270,0,0,0,5715,166,0,5244,64,0,4,5.715
538,18.773,20.325,0.053,0.0,0.0,0.0,0.0,0.0,534.0,2496.0,0.682,40,15,0,11.488,11.379,252,240,2,110,110,0,0,8800,2400,110,0,0,110,0,0,0,0,0,270,0,0,0,5851,152,0,5391,70,0,3,5.851
539,19.205,20.325,0.053,0.0,0.0,0.0,0.0,0.0,534.0,2496.0,0.615,40,15,0,11.655,11.511,255,240,2,110,110,0,0,8800,2400,110,0,0,110,0,0,0,0,0,270,0,0,0,5847,155,0,5377,87,0,4,5.847
540,18.845,20.325,0.053,0.0,0.0,0.0,0.0,0.0,534.0,2496.0,0.611,40,15,0,11.68,11.535,254,240,2,110,110,0,0,8800,2400,110,0,0,110,0,0,0,0,0,270,0,0,0,5769,180,0,5299,64,0,4,5.769
541,18.743,20.325,0.053,0.0,0.0,0.0,0.0,0.0,534.0,2496.0,0.71,40,15,0,11.632,11.459,253,240,2,110,110,0,0,8800,2400,110,0,0,110,0,0,0,0,0,270,0,0,0,5748,156,0,5289,77,0,3,5.748
542,18.699,20.325,0.053,0.0,0.0,0.0,0.0,0.0,534.0,2496.0,0.706,40,15,0,11.601,11.488,252,240,2,110,110,0,0,8800,2400,110,0,0,110,0,0,0,0,0,270,0,0,0,5648,143,0,5209,58,0,4,5.648
543,18.992,20.325,0.053,0.0,0.0,0.0,0.0,0.0,534.0,2496.0,0.69,40,15,0,11.705,11.571,254,240,2,110,110,0,0,8800,2400,110,0,0,110,0,5,5,0,0,270,0,0,0,5853,144,0,5355,67,66,4,5.853
544,19.184,20.325,0.053,0.0,0.0,0.0,0.0,0.0,534.0,2496.0,0.66,40,15,0,11.573,11.461,252,240,2,110,110,0,0,8800,2400,110,0,0,110,0,10,10,0,0,270,0,0,0,6169,154,0,5595,69,121,5,6.169
545,18.781,20.325,0.053,0.0,0.0,0.0,0.0,0.0,534.0,2496.0,0.684,40,15,0,11.696,11.564,254,240,2,110,110,0,0,8800,2400,110,0,0,110,0,0,0,0,0,270,0,0,0,5461,136,0,5055,61,0,3,5.461
546,18.954,20.325,0.053,0.0,0.0,0.0,0.0,0.0,534.0,2496.0,0.704,40,15,0,11.724,11.579,255,240,2,110,110,0,0,8800,2400,110,0,0,110,0,0,0,0,0,270,0,0,0,5732,140,0,5290,86,0,4,5.732
547,18.953,20.325,0.053,0.0,0.0,0.0,0.0,0.0,534.0,2496.0,0.663,40,15,0,11.695,11.56,254,240,2,110,110,0,0,8800,2400,110,0,0,110,0,0,0,0,0,270,0,0,0,5816,144,0,5382,76,0,5,5.816
548,18.875,20.325,0.053,0.0,0.0,0.0,0.0,0.0,534.0,2496.0,0.613,40,15,0,11.664,11.547,252,240,2,110,110,0,0,8800,2400,110,0,0,110,0,0,0,0,0,270,0,0,0,5784,142,0,5348,68,0,3,5.784
549,19.125,20.325,0.053,0.0,0.0,0.0,0.0,0.0,534.0,2496.0,0.707,40,15,0,11.633,11.502,254,240,2,110,110,0,0,8800,2400,110,0,0,110,0,0,0,0,0,270,0,0,0,6063,154,0,5621,77,0,3,6.063
550,19.261,20.325,0.053,0.0,0.0,0.0,0.0,0.0,534.0,2496.0,0.574,40,15,0,11.744,11.577,252,240,2,110,110,0,0,8800,2400,110,0,0,110,0,0,0,0,0,270,0,0,0,6009,158,0,5567,60,0,4,6.009
551,20.815,20.325,0.053,0.0,0.0,0.0,0.0,0.0,534.0,2496.0,0.586,40,15,0,9.741,9.632,253,240,2,110,110,0,0,8800,2400,110,0,0,110,0,0,0,0,0,270,0,0,0,9616,188,0,9035,60,0,4,9.616
552,21.928,20.325,0.053,0.0,0.0,0.0,0.0,0.0,534.0,2496.0,0.595,40,15,0,14.318,14.185,254,240,2,110,110,0,0,8800,2400,110,0,0,110,0,0,0,0,0,270,0,0,0,5914,171,0,5403,64,0,6,5.914
553,20.216,20.325,0.053,0.0,0.0,0.0,0.0,0.0,534.0,2496.0,0.773,40,15,0,12.926,12.803,253,240,2,110,110,0,0,8800,2400,110,0,0,110,0,0,0,0,0,270,0,0,0,5867,149,0,5414,66,0,5,5.867
554,19.852,20.325,0.053,0.0,0.0,0.0,0.0,0.0,534.0,2496.0,0.693,40,15,0,12.201,12.078,254,240,2,110,110,0,0,8800,2400,110,0,0,110,0,0,0,0,0,270,0,0,0,5969,173,0,5493,76,0,4,5.969
555,19.252,20.325,0.053,0.0,0.0,0.0,0.0,0.0,534.0,2496.0,0.73,40,15,0,11.537,11.39,255,240,2,110,110,0,0,8800,2400,110,0,0,110,0,5,5,0,0,270,0,0,0,6151,158,0,5600,74,82,5,6.151
556,20.401,20.325,0.053,0.0,0.0,0.0,0.0,0.0,534.0,2496.0,0.603,40,15,0,12.874,12.744,252,240,2,110,110,0,0,8800,2400,110,0,0,110,0,5,5,0,0,270,0,0,0,5922,160,0,5347,63,75,6,5.922
557,20.343,20.325,0.053,0.0,0.0,0.0,0.0,0.0,534.0,2496.0,0.584,40,15,0,12.585,12.446,253,240,2,110,110,0,0,8800,2400,110,0,0,110,0,5,5,0,0,270,0,0,0,6022,161,0,5478,74,82,5,6.022
558,19.665,20.325,0.053,0.0,0.0,0.0,0.0,0.0,534.0,2496.0,0.689,40,15,0,12.21,12.067,254,240,2,110,110,0,0,8800,2400,110,0,0,110,0,0,0,0,0,270,0,0,0,6039,156,0,5575,63,0,5,6.039
559,20.839,20.325,0.053,0.0,0.0,0.0,0.0,0.0,534.0,2496.0,0.725,40,15,0,12.625,12.466,253,240,2,110,110,0,0,8800,2400,110,0,0,110,0,0,0,0,0,270,0,0,0,6554,168,0,6045,80,0,5,6.554
560,20.646,20.325,0.053,0.0,0.0,0.0,0.0,0.0,534.0,2496.0,0.827,40,15,0,12.767,12.564,254,240,2,110,110,0,0,8800,2400,110,0,0,110,0,0,0,0,0,270,0,0,0,6106,168,0,5583,85,0,5,6.106
561,20.529,20.325,0.053,0.0,0.0,0.0,0.0,0.0,534.0,2496.0,0.731,40,15,0,12.768,12.641,253,240,2,110,110,0,0,8800,2400,110,0,0,110,0,0,0,0,0,270,0,0,0,6081,182,0,5559,87,0,5,6.081
562,16.019,20.325,0.053,0.0,0.0,0.0,0.0,0.0,534.0,2496.0,0.492,40,15,0,10.297,10.149,254,240,2,110,110,0,0,8800,2400,110,0,0,110,0,0,0,0,0,270,0,0,0,4204,152,0,3821,45,0,3,4.204
563,14.033,20.325,0.053,0.0,0.0,0.0,0.0,0.0,534.0,2496.0,0.473,40,15,0,8.658,8.529,255,240,2,110,110,0,0,8800,2400,110,0,0,110,0,0,0,0,0,270,0,0,0,4070,96,0,3790,45,0,2,4.07
564,13.779,20.325,0.053,0.0,0.0,0.0,0.0,0.0,534.0,2496.0,0.452,40,15,0,8.629,8.532,254,240,2,110,110,0,0,8800,2400,110,0,0,110,0,0,0,0,0,270,0,0,0,4101,117,0,3791,45,0,1,4.101
565,13.617,20.325,0.053,0.0,0.0,0.0,0.0,0.0,534.0,2496.0,0.546,40,15,0,8.507,8.409,254,240,2,110,110,0,0,8800,2400,110,0,0,110,0,0,0,0,0,270,0,0,0,4087,94,0,3795,45,0,1,4.087
566,14.581,20.325,0.053,0.0,0.0,0.0,0.0,0.0,534.0,2496.0,0.519,40,15,0,8.464,8.353,253,240,2,110,110,0,0,8800,2400,110,0,0,110,0,0,0,0,0,270,0,0,0,4935,134,0,4555,56,0,5,4.935
567,14.227,20.325,0.053,0.0,0.0,0.0,0.0,0.0,534.0,2496.0,0.473,40,15,0,8.782,8.68,254,240,2,110,110,0,0,8800,2400,110,0,0,110,0,0,0,0,0,270,0,0,0,4178,129,0,3858,43,0,2,4.178
568,15.924,20.325,0.053,0.0,0.0,0.0,0.0,0.0,534.0,2496.0,0.604,40,15,0,9.568,9.457,254,240,2,110,110,0,0,8800,2400,110,0,0,110,0,5,5,0,0,270,0,0,0,5087,134,0,4577,52,70,3,5.087
569,15.912,20.325,0.053,0.0,0.0,0.0,0.0,0.0,534.0,2496.0,0.478,40,15,0,10.247,10.151,253,240,2,110,110,0,0,8800,2400,110,0,0,110,0,5,5,0,0,270,0,0,0,4207,108,0,3844,51,48,1,4.207
570,15.103,20.325,0.053,0.0,0.0,0.0,0.0,0.0,534.0,2496.0,0.461,40,15,0,9.808,9.707,255,240,2,110,110,0,0,8800,2400,110,0,0,110,0,0,0,0,0,270,0,0,0,4195,104,0,3875,63,0,3,4.195
571,17.326,20.325,0.053,0.0,0.0,0.0,0.0,0.0,534.0,2496.0,0.599,40,15,0,10.731,10.615,252,240,2,110,110,0,0,8800,2400,110,0,0,110,0,0,0,0,0,270,0,0,0,5431,143,0,5019,59,0,10,5.431
572,15.391,20.325,0.053,0.0,0.0,0.0,0.0,0.0,534.0,2496.0,0.573,40,15,0,8.682,8.572,255,240,2,110,110,0,0,8800,2400,110,0,0,110,0,0,0,0,0,270,0,0,0,5562,122,0,5034,90,0,5,5.562
573,15.601,20.325,0.053,0.0,0.0,0.0,0.0,0.0,534.0,2496.0,0.518,40,15,0,10.032,9.887,254,240,2,110,110,0,0,8800,2400,110,0,0,110,0,0,0,0,0,270,0,0,0,4395,134,0,4044,46,0,4,4.395
574,14.203,20.325,0.053,0.0,0.0,0.0,0.0,0.0,534.0,2496.0,0.537,40,15,0,8.555,8.461,253,240,2,110,110,0,0,8800,2400,110,0,0,110,0,0,0,0,0,270,0,0,0,4544,102,0,4221,55,0,2,4.544
575,17.247,20.325,0.053,0.0,0.0,0.0,0.0,0.0,534.0,2496.0,0.534,40,15,0,11.385,11.271,255,240,2,110,110,0,0,8800,2400,110,0,0,110,0,0,0,0,0,270,0,0,0,4512,122,0,4153,60,0,4,4.512
576,13.499,20.325,0.053,0.0,0.0,0.0,0.0,0.0,534.0,2496.0,0.463,40,15,0,8.323,8.222,254,240,2,110,110,0,0,8800,2400,110,0,0,110,0,0,0,0,0,270,0,0,0,4099,96,0,3817,45,0,1,4.099
577,13.718,25.475,0.03,0.0,0.0,0.0,0.0,0.0,534.0,2496.0,0.427,40,15,0,8.618,8.532,253,240,2,110,110,0,0,8800,2400,110,0,0,110,0,0,0,0,0,270,0,0,0,4069,102,0,3785,41,0,2,4.069
578,13.634,25.475,0.03,0.0,0.0,0.0,0.0,0.0,534.0,2496.0,0.475,40,15,0,8.432,8.336,255,240,2,110,110,0,0,8800,2400,110,0,0,110,0,0,0,0,0,270,0,0,0,4213,95,0,3922,44,0,4,4.213
579,14.387,25.475,0.03,0.0,0.0,0.0,0.0,0.0,534.0,2496.0,0.645,40,15,0,9.228,9.134,253,240,2,110,110,0,0,8800,2400,110,0,0,110,0,0,0,0,0,270,0,0,0,4097,95,0,3810,46,0,3,4.097
580,15.905,25.475,0.03,0.0,0.0,0.0,0.0,0.0,534.0,2496.0,0.481,40,10,0,9.457,9.328,254,240,2,105,105,0,0,8400,2115,90,15,0,105,0,10,10,5,0,265,0,0,0,5066,144,0,4469,58,152,3,5.066
581,14.726,25.475,0.03,0.0,0.0,0.0,0.0,0.0,534.0,2496.0,0.493,40,10,0,8.974,8.863,255,240,2,100,100,0,0,8000,1600,65,35,0,100,5,0,0,0,0,260,0,0,0,4450,144,0,4066,58,0,5,4.45
582,13.61,25.475,0.03,0.0,0.0,0.0,0.0,0.0,534.0,2496.0,0.552,40,10,0,8.647,8.539,255,240,2,100,100,0,0,8000,1600,100,0,0,100,0,0,0,0,0,260,0,0,0,3741,100,0,3443,48,0,2,3.741
583,14.262,25.475,0.03,0.0,0.0,0.0,0.0,0.0,534.0,2496.0,0.502,40,10,0,9.398,9.242,253,240,2,100,100,0,0,8000,1600,100,0,0,100,0,0,0,0,0,260,0,0,0,3676,99,0,3403,41,0,3,3.676
584,14.948,25.475,0.03,0.0,0.0,0.0,0.0,0.0,534.0,2496.0,0.497,40,10,0,10.163,10.069,254,240,2,100,100,0,0,8000,1600,100,0,0,100,0,0,0,0,0,260,0,0,0,3694,117,0,3387,45,0,3,3.694
585,14.281,25.475,0.03,0.0,0.0,0.0,0.0,0.0,534.0,2496.0,0.46,40,10,0,9.344,9.253,253,240,2,100,100,0,0,8000,1600,100,0,0,100,0,0,0,0,0,260,0,0,0,3808,102,0,3519,33,0,3,3.808
586,13.178,25.475,0.03,0.0,0.0,0.0,0.0,0.0,534.0,2496.0,0.511,40,10,0,8.406,8.306,255,240,2,100,100,0,0,8000,1600,100,0,0,100,0,0,0,0,0,260,0,0,0,3715,102,0,3427,31,0,3,3.715
587,14.629,25.475,0.03,0.0,0.0,0.0,0.0,0.0,534.0,2496.0,0.687,40,10,0,8.625,8.522,254,240,2,100,100,0,0,8000,1600,100,0,0,100,0,0,0,0,0,260,0,0,0,4687,172,0,4278,57,0,5,4.687
588,19.401,25.475,0.03,0.0,0.0,0.0,0.0,0.0,534.0,2496.0,0.59,40,10,0,12.493,12.367,253,240,2,100,100,0,0,8000,1600,100,0,0,100,0,0,0,0,0,260,0,0,0,5394,154,0,4963,58,0,4,5.394
589,19.111,25.475,0.03,0.0,0.0,0.0,0.0,0.0,534.0,2496.0,0.727,40,10,0,12.225,12.087,254,240,2,100,100,0,0,8000,1600,100,0,0,100,0,0,0,0,0,260,0,0,0,5465,204,0,4978,62,0,4,5.465
590,19.384,25.475,0.03,0.0,0.0,0.0,0.0,0.0,534.0,2496.0,0.718,40,10,0,12.537,12.416,254,240,2,100,100,0,0,8000,1600,100,0,0,100,0,0,0,0,0,260,0,0,0,5237,160,0,4734,64,0,6,5.237
591,19.44,25.475,0.03,0.0,0.0,0.0,0.0,0.0,534.0,2496.0,0.791,40,10,0,12.575,12.444,253,240,2,100,100,0,0,8000,1600,100,0,0,100,0,0,0,0,0,260,0,0,0,5323,156,0,4887,63,0,6,5.323
592,19.354,25.475,0.03,0.0,0.0,0.0,0.0,0.0,534.0,2496.0,0.852,40,10,0,12.377,12.228,255,240,2,100,100,0,0,8000,1600,100,0,0,100,0,0,0,0,0,260,0,0,0,5254,202,0,4754,60,0,6,5.254
593,20.31,25.475,0.03,0.0,0.0,0.0,0.0,0.0,534.0,2496.0,0.702,40,10,0,12.813,12.583,255,240,2,100,100,0,0,8000,1600,100,0,0,100,0,5,5,0,0,260,0,0,0,5407,161,0,4798,62,76,5,5.407
594,19.91,25.475,0.03,0.0,0.0,0.0,0.0,0.0,534.0,2496.0,0.826,40,10,0,12.721,12.6,253,240,2,100,100,0,0,8000,1600,100,0,0,100,0,0,0,0,0,260,0,0,0,5580,166,0,5087,86,0,5,5.58
595,19.598,25.475,0.03,0.0,0.0,0.0,0.0,0.0,534.0,2496.0,0.708,40,10,0,12.585,12.433,255,240,2,100,100,0,0,8000,1600,100,0,0,100,0,0,0,0,0,260,0,0,0,5254,164,0,4805,64,0,5,5.254
596,19.911,25.475,0.03,0.0,0.0,0.0,0.0,0.0,534.0,2496.0,0.764,40,10,0,12.89,12.693,254,240,2,100,100,0,0,8000,1600,100,0,0,100,0,0,0,0,0,260,0,0,0,5431,170,0,4922,72,0,6,5.431
597,19.358,25.475,0.03,0.0,0.0,0.0,0.0,0.0,534.0,2496.0,0.697,40,10,0,12.304,12.122,252,240,2,100,100,0,0,8000,1600,100,0,0,100,0,0,0,0,0,260,0,0,0,5388,159,0,4956,61,0,5,5.388
598,19.512,25.475,0.03,0.0,0.0,0.0,0.0,0.0,534.0,2496.0,0.589,40,10,0,12.615,12.459,255,240,2,100,100,0,0,8000,1600,100,0,0,100,0,0,0,0,0,260,0,0,0,5262,200,0,4783,64,0,4,5.262
599,19.976,25.475,0.03,0.0,0.0,0.0,0.0,0.0,534.0,2496.0,0.609,40,10,0,12.808,12.657,254,240,2,100,100,0,0,8000,1600,100,0,0,100,0,0,0,0,0,260,0,0,0,5433,159,0,4976,65,0,4,5.433
600,19.234,25.475,0.03,0.0,0.0,0.0,0.0,0.0,534.0,2496.0,0.722,40,10,0,12.464,12.272,254,240,2,100,100,0,0,8000,1600,100,0,0,100,0,0,0,0,0,260,0,0,0,5321,181,0,4848,55,0,5,5.321
601,19.766,25.475,0.03,0.0,0.0,0.0,0.0,0.0,534.0,2496.0,0.604,40,10,0,12.769,12.638,253,240,2,100,100,0,0,8000,1600,100,0,0,100,0,0,0,0,0,260,0,0,0,5428,161,0,4976,54,0,5,5.428
602,18.718,25.475,0.03,0.0,0.0,0.0,0.0,0.0,534.0,2496.0,0.809,40,10,0,12.035,11.838,256,240,2,100,100,0,0,8000,1600,100,0,0,100,0,0,0,0,0,260,0,0,0,5205,148,0,4742,67,0,6,5.205
603,19.621,25.475,0.03,0.0,0.0,0.0,0.0,0.0,534.0,2496.0,0.751,40,10,0,12.592,12.395,255,240,2,100,100,0,0,8000,1600,100,0,0,100,0,5,5,0,0,260,0,0,0,5312,156,0,4780,75,78,4,5.312
604,19.346,25.475,0.03,0.0,0.0,0.0,0.0,0.0,534.0,2496.0,0.746,40,10,0,12.634,12.489,254,240,2,100,100,0,0,8000,1600,100,0,0,100,0,5,5,0,0,260,0,0,0,5043,163,0,4530,56,85,5,5.043
605,19.746,25.475,0.03,0.0,0.0,0.0,0.0,0.0,534.0,2496.0,0.76,40,10,0,12.451,12.294,254,240,2,100,100,0,0,8000,1600,100,0,0,100,0,5,5,0,0,260,0,0,0,5365,190,0,4804,58,73,5,5.365
606,16.249,25.475,0.03,0.0,0.0,0.0,0.0,0.0,534.0,2496.0,0.49,40,10,0,11.172,11.034,254,240,2,100,100,0,0,8000,1600,100,0,0,100,0,0,0,0,0,260,0,0,0,3644,103,0,3370,47,0,2,3.644
607,13.188,25.475,0.03,0.0,0.0,0.0,0.0,0.0,534.0,2496.0,0.505,40,10,0,8.42,8.327,254,240,2,100,100,0,0,8000,1600,100,0,0,100,0,0,0,0,0,260,0,0,0,3674,98,0,3389,38,0,3,3.674
608,13.012,25.475,0.03,0.0,0.0,0.0,0.0,0.0,534.0,2496.0,0.437,40,10,0,8.347,8.25,254,240,2,100,100,0,0,8000,1600,100,0,0,100,0,0,0,0,0,260,0,0,0,3645,93,0,3362,37,0,3,3.645
609,12.874,25.475,0.03,0.0,0.0,0.0,0.0,0.0,534.0,2496.0,0.461,40,10,0,8.25,8.159,254,240,2,100,100,0,0,8000,1600,100,0,0,100,0,0,0,0,0,260,0,0,0,3625,101,0,3352,36,0,2,3.625
610,13.058,25.475,0.03,0.0,0.0,0.0,0.0,0.0,534.0,2496.0,0.435,40,10,0,8.362,8.259,256,240,2,100,100,0,0,8000,1600,100,0,0,100,0,0,0,0,0,260,0,0,0,3653,100,0,3364,38,0,3,3.653
611,13.081,25.475,0.03,0.0,0.0,0.0,0.0,0.0,534.0,2496.0,0.468,40,10,0,8.26,8.158,255,240,2,100,100,0,0,8000,1600,100,0,0,100,0,0,0,0,0,260,0,0,0,3648,96,0,3369,41,0,2,3.648
612,12.871,25.475,0.03,0.0,0.0,0.0,0.0,0.0,534.0,2496.0,0.482,40,10,0,8.245,8.156,254,240,2,100,100,0,0,8000,1600,100,0,0,100,0,0,0,0,0,260,0,0,0,3660,99,0,3388,33,0,3,3.66
613,12.848,25.475,0.03,0.0,0.0,0.0,0.0,0.0,534.0,2496.0,0.501,40,10,0,8.204,8.122,253,240,2,100,100,0,0,8000,1600,100,0,0,100,0,0,0,0,0,260,0,0,0,3670,114,0,3385,36,0,2,3.67
614,12.814,25.475,0.03,0.0,0.0,0.0,0.0,0.0,534.0,2496.0,0.452,40,10,0,8.158,8.069,254,240,2,100,100,0,0,8000,1600,100,0,0,100,0,0,0,0,0,260,0,0,0,3660,119,0,3376,42,0,2,3.66
615,12.805,25.475,0.03,0.0,0.0,0.0,0.0,0.0,534.0,2496.0,0.435,40,10,0,8.116,8.027,254,240,2,100,100,0,0,8000,1600,100,0,0,100,0,0,0,0,0,260,0,0,0,3784,94,0,3489,46,0,2,3.784
616,12.747,25.475,0.03,0.0,0.0,0.0,0.0,0.0,534.0,2496.0,0.463,40,10,0,8.127,8.003,256,240,2,100,100,0,0,8000,1600,100,0,0,100,0,5,5,0,0,260,0,0,0,3665,93,0,3343,38,46,3,3.665
617,13.087,25.475,0.03,0.0,0.0,0.0,0.0,0.0,534.0,2496.0,0.411,40,10,0,8.256,8.144,254,240,2,100,100,0,0,8000,1600,100,0,0,100,0,5,5,0,0,260,0,0,0,3725,94,0,3415,38,44,3,3.725
618,12.882,25.475,0.03,0.0,0.0,0.0,0.0,0.0,534.0,2496.0,0.441,40,10,0,8.259,8.166,255,240,2,100,100,0,0,8000,1600,100,0,0,100,0,0,0,0,0,260,0,0,0,3696,100,0,3424,38,0,2,3.696
619,12.771,25.475,0.03,0.0,0.0,0.0,0.0,0.0,534.0,2496.0,0.494,40,10,0,8.188,8.099,254,240,2,100,100,0,0,8000,1600,100,0,0,100,0,0,0,0,0,260,0,0,0,3629,99,0,3358,41,0,3,3.629
620,12.952,25.475,0.03,0.0,0.0,0.0,0.0,0.0,534.0,2496.0,0.509,40,10,0,8.268,8.178,254,240,2,100,100,0,0,8000,1600,100,0,0,100,0,0,0,0,0,260,0,0,0,3688,112,0,3397,43,0,3,3.688
621,12.882,25.475,0.03,0.0,0.0,0.0,0.0,0.0,534.0,2496.0,0.464,40,10,0,8.193,8.108,253,240,2,100,100,0,0,8000,1600,100,0,0,100,0,0,0,0,0,260,0,0,0,3672,111,0,3361,38,0,3,3.672
622,12.706,25.475,0.03,0.0,0.0,0.0,0.0,0.0,534.0,2496.0,0.426,40,10,0,8.13,8.028,257,240,2,100,100,0,0,8000,1600,100,0,0,100,0,0,0,0,0,260,0,0,0,3659,93,0,3394,40,0,2,3.659
623,13.016,25.475,0.03,0.0,0.0,0.0,0.0,0.0,534.0,2496.0,0.429,40,10,0,8.183,8.081,255,240,2,100,100,0,0,8000,1600,100,0,0,100,0,0,0,0,0,260,0,0,0,3681,106,0,3399,38,0,3,3.681
624,12.84,25.475,0.03,0.0,0.0,0.0,0.0,0.0,534.0,2496.0,0.429,40,10,0,8.26,8.156,254,240,2,100,100,0,0,8000,1600,100,0,0,100,0,0,0,0,0,260,0,0,0,3696,96,0,3419,35,0,2,3.696
625,12.774,25.475,0.03,0.0,0.0,0.0,0.0,0.0,534.0,2496.0,0.481,40,10,0,8.119,8.036,253,240,2,100,100,0,0,8000,1600,100,0,0,100,0,0,0,0,0,260,0,0,0,3651,100,0,3342,35,0,2,3.651
626,12.753,25.475,0.03,0.0,0.0,0.0,0.0,0.0,534.0,2496.0,0.465,40,10,0,8.157,8.062,255,240,2,100,100,0,0,8000,1600,100,0,0,100,0,0,0,0,0,260,0,0,0,3611,97,0,3323,46,0,16,3.611
627,12.678,25.475,0.03,0.0,0.0,0.0,0.0,0.0,534.0,2496.0,0.412,40,10,0,8.111,8.024,254,240,2,100,100,0,0,8000,1600,100,0,0,100,0,0,0,0,0,260,0,0,0,3656,94,0,3382,40,0,2,3.656
628,12.798,25.475,0.03,0.0,0.0,0.0,0.0,0.0,534.0,2496.0,0.437,40,10,0,8.173,8.047,256,240,2,100,100,0,0,8000,1600,100,0,0,100,0,0,0,0,0,260,0,0,0,3749,99,0,3433,45,0,1,3.749
629,13.106,25.475,0.03,0.0,0.0,0.0,0.0,0.0,534.0,2496.0,0.419,40,10,0,8.214,8.111,254,240,2,100,100,0,0,8000,1600,100,0,0,100,0,10,10,0,0,260,0,0,0,3761,97,0,3397,52,75,2,3.761
630,12.739,25.475,0.03,0.0,0.0,0.0,0.0,0.0,534.0,2496.0,0.457,40,10,0,8.189,8.074,254,240,2,100,100,0,0,8000,1600,100,0,0,100,0,0,0,0,0,260,0,0,0,3624,96,0,3352,34,0,3,3.624
631,12.678,25.475,0.03,0.0,0.0,0.0,0.0,0.0,534.0,2496.0,0.459,40,10,0,8.095,8.009,254,240,2,100,100,0,0,8000,1600,100,0,0,100,0,0,0,0,0,260,0,0,0,3634,113,0,3341,42,0,2,3.634
632,12.648,25.475,0.03,0.0,0.0,0.0,0.0,0.0,534.0,2496.0,0.419,40,10,0,8.059,7.976,254,240,2,100,100,0,0,8000,1600,100,0,0,100,0,0,0,0,0,260,0,0,0,3669,98,0,3374,38,0,2,3.669
633,12.704,25.475,0.03,0.0,0.0,0.0,0.0,0.0,534.0,2496.0,0.434,40,10,0,8.157,8.026,255,240,2,100,100,0,0,8000,1600,100,0,0,100,0,0,0,0,0,260,0,0,0,3690,124,0,3393,43,0,2,3.69
634,12.774,25.475,0.03,0.0,0.0,0.0,0.0,0.0,534.0,2496.0,0.465,40,10,0,8.209,8.111,256,240,2,100,100,0,0,8000,1600,100,0,0,100,0,0,0,0,0,260,0,0,0,3650,93,0,3375,44,0,3,3.65
635,13.001,25.475,0.03,0.0,0.0,0.0,0.0,0.0,534.0,2496.0,0.482,40,10,0,8.156,8.058,255,240,2,100,100,0,0,8000,1600,100,0,0,100,0,0,0,0,0,260,0,0,0,3666,96,0,3383,56,0,3,3.666
636,12.823,25.475,0.03,0.0,0.0,0.0,0.0,0.0,534.0,2496.0,0.464,40,10,0,8.191,8.1,255,240,2,100,100,0,0,8000,1600,100,0,0,100,0,0,0,0,0,260,0,0,0,3643,94,0,3358,40,0,3,3.643
637,12.805,25.475,0.03,0.0,0.0,0.0,0.0,0.0,534.0,2496.0,0.452,40,10,0,8.217,8.136,253,240,2,100,100,0,0,8000,1600,100,0,0,100,0,0,0,0,0,260,0,0,0,3676,93,0,3400,42,0,3,3.676
638,12.694,25.475,0.03,0.0,0.0,0.0,0.0,0.0,534.0,2496.0,0.412,40,10,0,8.082,7.996,254,240,2,100,100,0,0,8000,1600,100,0,0,100,0,0,0,0,0,260,0,0,0,3687,98,0,3414,50,0,3,3.687
639,12.59,25.475,0.03,0.0,0.0,0.0,0.0,0.0,534.0,2496.0,0.452,40,10,0,8.041,7.952,255,240,2,100,100,0,0,8000,1600,100,0,0,100,0,0,0,0,0,260,0,0,0,3648,103,0,3368,37,0,2,3.648
640,12.805,25.475,0.03,0.0,0.0,0.0,0.0,0.0,534.0,2496.0,0.466,40,10,0,8.107,8.015,255,240,2,100,100,0,0,8000,1600,100,0,0,100,0,5,5,0,0,260,0,0,0,3800,95,0,3478,41,53,2,3.8
641,12.854,25.475,0.03,0.0,0.0,0.0,0.0,0.0,534.0,2496.0,0.442,40,5,0,8.274,8.172,255,240,2,90,90,0,0,7200,915,45,45,0,90,10,5,5,5,0,250,0,0,0,3333,99,0,2966,47,79,3,3.333
642,12.365,25.475,0.03,0.0,0.0,0.0,0.0,0.0,534.0,2496.0,0.452,40,5,0,8.196,8.094,255,240,2,90,90,0,0,7200,800,90,0,0,90,0,0,0,0,0,250,0,0,0,3243,97,0,2989,35,0,2,3.243
643,13.807,20.108,0.048,0.0,0.0,0.0,0.0,0.0,534.0,2496.0,0.461,40,5,0,9.316,9.219,255,240,2,90,90,0,0,7200,800,90,0,0,90,0,0,0,0,0,250,0,0,0,3261,100,0,2997,40,0,3,3.261
644,12.452,20.108,0.048,0.0,0.0,0.0,0.0,0.0,534.0,2496.0,0.45,40,5,0,8.238,8.144,255,240,2,90,90,0,0,7200,800,90,0,0,90,0,0,0,0,0,250,0,0,0,3292,98,0,3030,41,0,2,3.292
645,12.47,20.108,0.048,0.0,0.0,0.0,0.0,0.0,534.0,2496.0,0.448,40,5,0,8.274,8.187,254,240,2,90,90,0,0,7200,800,90,0,0,90,0,0,0,0,0,250,0,0,0,3204,98,0,2934,29,0,2,3.204
646,12.327,20.108,0.048,0.0,0.0,0.0,0.0,0.0,534.0,2496.0,0.49,40,5,0,8.145,8.058,254,240,2,90,90,0,0,7200,800,90,0,0,90,0,0,0,0,0,250,0,0,0,3229,94,0,2983,35,0,2,3.229
647,12.695,20.108,0.048,0.0,0.0,0.0,0.0,0.0,534.0,2496.0,0.463,40,5,0,8.238,8.14,256,240,2,90,90,0,0,7200,800,90,0,0,90,0,0,0,0,0,250,0,0,0,3285,112,0,3022,32,0,2,3.285
648,12.404,20.108,0.048,0.0,0.0,0.0,0.0,0.0,534.0,2496.0,0.418,40,5,0,8.195,8.103,255,240,2,90,90,0,0,7200,800,90,0,0,90,0,0,0,0,0,250,0,0,0,3267,98,0,2979,64,0,2,3.267
649,12.173,20.108,0.048,0.0,0.0,0.0,0.0,0.0,534.0,2496.0,0.419,40,5,0,8.056,7.971,254,240,2,90,90,0,0,7200,800,90,0,0,90,0,0,0,0,0,250,0,0,0,3265,122,0,2981,32,0,2,3.265
650,12.262,20.108,0.048,0.0,0.0,0.0,0.0,0.0,534.0,2496.0,0.41,40,5,0,8.088,7.996,255,240,2,90,90,0,0,7200,800,90,0,0,90,0,0,0,0,0,250,0,0,0,3255,103,0,2986,30,0,2,3.255
651,12.161,20.108,0.048,0.0,0.0,0.0,0.0,0.0,534.0,2496.0,0.472,40,5,0,8.041,7.925,256,240,2,90,90,0,0,7200,800,90,0,0,90,0,0,0,0,0,250,0,0,0,3225,94,0,2920,36,0,3,3.225
652,12.27,20.108,0.048,0.0,0.0,0.0,0.0,0.0,534.0,2496.0,0.453,40,5,0,8.096,8.01,254,240,2,90,90,0,0,7200,800,90,0,0,90,0,0,0,0,0,250,0,0,0,3254,93,0,3000,25,0,3,3.254
653,12.843,20.108,0.048,0.0,0.0,0.0,0.0,0.0,534.0,2496.0,0.58,40,5,0,8.2,8.11,254,240,2,90,90,0,0,7200,800,90,0,0,90,0,5,5,0,0,250,0,0,0,3513,94,0,3190,52,48,4,3.513
654,12.744,20.108,0.048,0.0,0.0,0.0,0.0,0.0,534.0,2496.0,0.442,40,5,0,8.228,8.13,253,240,2,90,90,0,0,7200,800,90,0,0,90,0,0,0,0,0,250,0,0,0,3336,101,0,3070,43,0,3,3.336
655,12.818,20.108,0.048,0.0,0.0,0.0,0.0,0.0,534.0,2496.0,0.443,40,5,0,8.506,8.39,257,240,2,90,90,0,0,7200,800,90,0,0,90,0,0,0,0,0,250,0,0,0,3253,110,0,2985,35,0,3,3.253
656,12.855,20.108,0.048,0.0,0.0,0.0,0.0,0.0,534.0,2496.0,0.5,40,5,0,8.306,8.225,253,240,2,90,90,0,0,7200,800,90,0,0,90,0,0,0,0,0,250,0,0,0,3539,102,0,3260,36,0,3,3.539
657,12.79,20.108,0.048,0.0,0.0,0.0,0.0,0.0,534.0,2496.0,0.498,40,5,0,8.387,8.278,255,240,2,90,90,0,0,7200,800,90,0,0,90,0,0,0,0,0,250,0,0,0,3337,146,0,3029,28,0,2,3.337
658,12.971,20.108,0.048,0.0,0.0,0.0,0.0,0.0,534.0,2496.0,0.482,40,5,0,8.634,8.542,254,240,2,90,90,0,0,7200,800,90,0,0,90,0,0,0,0,0,250,0,0,0,3305,100,0,3044,35,0,1,3.305
659,12.82,20.108,0.048,0.0,0.0,0.0,0.0,0.0,534.0,2496.0,0.468,40,5,0,8.343,8.241,255,240,2,90,90,0,0,7200,800,90,0,0,90,0,0,0,0,0,250,0,0,0,3219,103,0,2955,35,0,2,3.219
660,13.13,20.108,0.048,0.0,0.0,0.0,0.0,0.0,534.0,2496.0,0.527,40,5,0,8.328,8.207,254,240,2,90,90,0,0,7200,800,90,0,0,90,0,0,0,0,0,250,0,0,0,3794,113,0,3476,28,0,3,3.794
661,12.694,20.108,0.048,0.0,0.0,0.0,0.0,0.0,534.0,2496.0,0.469,40,5,0,8.321,8.22,254,240,2,90,90,0,0,7200,800,90,0,0,90,0,0,0,0,0,250,0,0,0,3291,95,0,3030,37,0,2,3.291
662,13.159,20.108,0.048,0.0,0.0,0.0,0.0,0.0,534.0,2496.0,0.499,40,5,0,8.816,8.739,252,240,2,90,90,0,0,7200,800,90,0,0,90,0,0,0,0,0,250,0,0,0,3293,122,0,2999,37,0,2,3.293
663,12.652,20.108,0.048,0.0,0.0,0.0,0.0,0.0,534.0,2496.0,0.796,40,5,0,8.352,8.248,257,240,2,90,90,0,0,7200,800,90,0,0,90,0,0,0,0,0,250,0,0,0,3277,103,0,3010,32,0,3,3.277
664,13.299,20.108,0.048,0.0,0.0,0.0,0.0,0.0,534.0,2496.0,0.569,40,5,0,8.355,8.213,253,240,2,90,90,0,0,7200,800,90,0,0,90,0,5,5,0,0,250,0,0,0,3483,105,0,3163,39,50,3,3.483
665,12.987,20.108,0.048,0.0,0.0,0.0,0.0,0.0,534.0,2496.0,0.475,40,5,0,8.303,8.192,255,240,2,90,90,0,0,7200,800,90,0,0,90,0,10,10,0,0,250,0,0,0,3350,123,0,2988,39,77,2,3.35
666,12.534,20.108,0.048,0.0,0.0,0.0,0.0,0.0,534.0,2496.0,0.429,40,5,0,8.253,8.166,254,240,2,90,90,0,0,7200,800,90,0,0,90,0,0,0,0,0,250,0,0,0,3279,98,0,3001,33,0,3,3.279
667,12.523,20.108,0.048,0.0,0.0,0.0,0.0,0.0,534.0,2496.0,0.47,40,5,0,8.245,8.152,255,240,2,90,90,0,0,7200,800,90,0,0,90,0,0,0,0,0,250,0,0,0,3293,102,0,3027,32,0,3,3.293
668,12.46,20.108,0.048,0.0,0.0,0.0,0.0,0.0,534.0,2496.0,0.429,40,5,0,8.156,8.079,252,240,2,90,90,0,0,7200,800,90,0,0,90,0,0,0,0,0,250,0,0,0,3307,101,0,3051,33,0,2,3.307
669,12.398,20.108,0.048,0.0,0.0,0.0,0.0,0.0,534.0,2496.0,0.468,40,5,0,8.15,8.055,255,240,2,90,90,0,0,7200,800,90,0,0,90,0,0,0,0,0,250,0,0,0,3271,148,0,2952,43,0,3,3.271
670,12.609,20.108,0.048,0.0,0.0,0.0,0.0,0.0,534.0,2496.0,0.515,40,5,0,8.282,8.18,256,240,2,90,90,0,0,7200,800,90,0,0,90,0,0,0,0,0,250,0,0,0,3372,96,0,3121,39,0,3,3.372
671,12.675,20.108,0.048,0.0,0.0,0.0,0.0,0.0,534.0,2496.0,0.476,40,5,0,8.213,8.095,255,240,2,90,90,0,0,7200,800,90,0,0,90,0,0,0,0,0,250,0,0,0,3240,94,0,2968,31,0,3,3.24
672,12.382,20.108,0.048,0.0,0.0,0.0,0.0,0.0,534.0,2496.0,0.418,40,5,0,8.155,8.074,253,240,2,90,90,0,0,7200,800,90,0,0,90,0,0,0,0,0,250,0,0,0,3275,127,0,2998,33,0,3,3.275
673,12.348,20.108,0.048,0.0,0.0,0.0,0.0,0.0,534.0,2496.0,0.456,40,5,0,8.126,8.04,254,240,2,90,90,0,0,7200,800,90,0,0,90,0,0,0,0,0,250,0,0,0,3254,132,0,2931,48,0,3,3.254
674,12.305,20.108,0.048,0.0,0.0,0.0,0.0,0.0,534.0,2496.0,0.46,40,5,0,8.103,8.021,253,240,2,90,90,0,0,7200,800,90,0,0,90,0,0,0,0,0,250,0,0,0,3255,99,0,2970,37,0,2,3.255
675,12.378,20.108,0.048,0.0,0.0,0.0,0.0,0.0,534.0,2496.0,0.433,40,5,0,8.161,8.064,256,240,2,90,90,0,0,7200,800,90,0,0,90,0,0,0,0,0,250,0,0,0,3308,128,0,3011,47,0,2,3.308
676,12.238,20.108,0.048,0.0,0.0,0.0,0.0,0.0,534.0,2496.0,0.427,40,5,0,8.064,7.984,253,240,2,90,90,0,0,7200,800,90,0,0,90,0,0,0,0,0,250,0,0,0,3253,92,0,3005,42,0,3,3.253
677,12.401,20.108,0.048,0.0,0.0,0.0,0.0,0.0,534.0,2496.0,0.465,40,5,0,8.106,8.018,253,240,2,90,90,0,0,7200,800,90,0,0,90,0,5,5,0,0,250,0,0,0,3369,95,0,3051,34,48,1,3.369
678,12.629,20.108,0.048,0.0,0.0,0.0,0.0,0.0,534.0,2496.0,0.415,40,5,0,8.182,8.076,256,240,2,90,90,0,0,7200,800,90,0,0,90,0,5,5,0,0,250,0,0,0,3293,112,0,2956,44,44,2,3.293
679,12.21,20.108,0.048,0.0,0.0,0.0,0.0,0.0,534.0,2496.0,0.46,40,5,0,8.066,7.963,256,240,2,90,90,0,0,7200,800,90,0,0,90,0,0,0,0,0,250,0,0,0,3202,96,0,2951,33,0,1,3.202
680,12.328,20.108,0.048,0.0,0.0,0.0,0.0,0.0,534.0,2496.0,0.484,40,5,0,8.172,8.067,252,240,2,90,90,0,0,7200,800,90,0,0,90,0,0,0,0,0,250,0,0,0,3236,94,0,2992,27,0,2,3.236
681,12.431,20.108,0.048,0.0,0.0,0.0,0.0,0.0,534.0,2496.0,0.43,40,5,0,8.188,8.097,255,240,2,90,90,0,0,7200,800,90,0,0,90,0,0,0,0,0,250,0,0,0,3256,93,0,2999,38,0,3,3.256
682,12.433,20.108,0.048,0.0,0.0,0.0,0.0,0.0,534.0,2496.0,0.471,40,5,0,8.172,8.076,254,240,2,90,90,0,0,7200,800,90,0,0,90,0,0,0,0,0,250,0,0,0,3347,131,0,3046,48,0,3,3.347
683,12.504,20.108,0.048,0.0,0.0,0.0,0.0,0.0,534.0,2496.0,0.426,40,5,0,8.27,8.183,254,240,2,90,90,0,0,7200,800,90,0,0,90,0,0,0,0,0,250,0,0,0,3253,94,0,2979,36,0,3,3.253
684,12.646,20.108,0.048,0.0,0.0,0.0,0.0,0.0,534.0,2496.0,0.424,40,5,0,8.25,8.154,254,240,2,90,90,0,0,7200,800,90,0,0,90,0,0,0,0,0,250,0,0,0,3270,94,0,3007,41,0,3,3.27
685,12.258,20.108,0.048,0.0,0.0,0.0,0.0,0.0,534.0,2496.0,0.433,40,5,0,8.096,8.009,254,240,2,90,90,0,0,7200,800,90,0,0,90,0,0,0,0,0,250,0,0,0,3252,108,0,2991,35,0,1,3.252
686,12.347,20.108,0.048,0.0,0.0,0.0,0.0,0.0,534.0,2496.0,0.463,40,5,0,8.208,8.126,253,240,2,90,90,0,0,7200,800,90,0,0,90,0,0,0,0,0,250,0,0,0,3242,93,0,2975,33,0,2,3.242
687,12.373,20.108,0.048,0.0,0.0,0.0,0.0,0.0,534.0,2496.0,0.429,40,5,0,8.153,8.063,255,240,2,90,90,0,0,7200,800,90,0,0,90,0,0,0,0,0,250,0,0,0,3269,98,0,3000,38,0,2,3.269
688,12.253,20.108,0.048,0.0,0.0,0.0,0.0,0.0,534.0,2496.0,0.424,40,5,0,8.104,8.011,255,240,2,90,90,0,0,7200,800,90,0,0,90,0,0,0,0,0,250,0,0,0,3235,104,0,2946,49,0,2,3.235
689,12.392,20.108,0.048,0.0,0.0,0.0,0.0,0.0,534.0,2496.0,0.457,40,5,0,8.17,8.091,253,240,2,90,90,0,0,7200,800,90,0,0,90,0,5,5,0,0,250,0,0,0,3264,124,0,2931,35,49,2,3.264
690,12.7,20.108,0.048,0.0,0.0,0.0,0.0,0.0,534.0,2496.0,0.409,40,5,0,8.232,8.138,254,240,2,90,90,0,0,7200,800,90,0,0,90,0,5,5,0,0,250,0,0,0,3277,99,0,2959,57,43,2,3.277
691,12.203,20.108,0.048,0.0,0.0,0.0,0.0,0.0,534.0,2496.0,0.451,40,5,0,8.101,7.98,256,240,2,90,90,0,0,7200,800,90,0,0,90,0,0,0,0,0,250,0,0,0,3232,95,0,2965,37,0,16,3.232
692,12.266,20.108,0.048,0.0,0.0,0.0,0.0,0.0,534.0,2496.0,0.465,40,5,0,8.134,8.047,254,240,2,90,90,0,0,7200,800,90,0,0,90,0,0,0,0,0,250,0,0,0,3238,94,0,2992,24,0,2,3.238
693,12.356,20.108,0.048,0.0,0.0,0.0,0.0,0.0,534.0,2496.0,0.426,40,5,0,8.139,8.059,253,240,2,90,90,0,0,7200,800,90,0,0,90,0,0,0,0,0,250,0,0,0,3276,121,0,2986,39,0,1,3.276
694,12.306,20.108,0.048,0.0,0.0,0.0,0.0,0.0,534.0,2496.0,0.455,40,5,0,8.145,8.052,255,240,2,90,90,0,0,7200,800,90,0,0,90,0,0,0,0,0,250,0,0,0,3235,93,0,2984,31,0,2,3.235
695,12.288,20.108,0.048,0.0,0.0,0.0,0.0,0.0,534.0,2496.0,0.465,40,5,0,8.096,7.999,254,240,2,90,90,0,0,7200,800,90,0,0,90,0,0,0,0,0,250,0,0,0,3249,99,0,2976,41,0,3,3.249
696,12.582,20.108,0.048,0.0,0.0,0.0,0.0,0.0,534.0,2496.0,0.421,40,5,0,8.202,8.104,255,240,2,90,90,0,0,7200,800,90,0,0,90,0,0,0,0,0,250,0,0,0,3232,95,0,2964,31,0,3,3.232
697,12.255,20.108,0.048,0.0,0.0,0.0,0.0,0.0,534.0,2496.0,0.471,40,5,0,8.108,8.0,253,240,2,90,90,0,0,7200,800,90,0,0,90,0,0,0,0,0,250,0,0,0,3262,97,0,2998,40,0,2,3.262
698,12.427,20.108,0.048,0.0,0.0,0.0,0.0,0.0,534.0,2496.0,0.427,40,5,0,8.167,8.081,254,240,2,90,90,0,0,7200,800,90,0,0,90,0,0,0,0,0,250,0,0,0,3311,94,0,3037,39,0,3,3.311
699,12.284,20.108,0.048,0.0,0.0,0.0,0.0,0.0,534.0,2496.0,0.429,40,5,0,8.148,8.061,254,240,2,90,90,0,0,7200,800,90,0,0,90,0,0,0,0,0,250,0,0,0,3228,95,0,2970,35,0,2,3.228
700,12.335,20.108,0.048,0.0,0.0,0.0,0.0,0.0,534.0,2496.0,0.463,40,5,0,8.205,8.094,254,240,2,90,90,0,0,7200,800,90,0,0,90,0,0,0,0,0,250,0,0,0,3201,95,0,2952,36,0,2,3.201
701,12.244,20.108,0.048,0.0,0.0,0.0,0.0,0.0,534.0,2496.0,0.471,40,0,0,8.11,7.991,254,240,2,85,85,0,0,6800,515,70,0,15,70,0,5,5,5,0,245,0,0,0,3097,94,0,2762,40,79,2,3.097
702,12.109,20.108,0.048,0.0,0.0,0.0,0.0,0.0,534.0,2496.0,0.482,40,0,0,8.142,8.042,254,240,2,80,80,0,0,6400,0,0,0,25,0,0,0,0,0,0,240,0,0,0,2815,109,0,2613,0,0,3,2.815
703,12.139,20.108,0.048,0.0,0.0,0.0,0.0,0.0,534.0,2496.0,0.473,40,0,0,8.561,8.476,253,240,2,80,80,0,0,6400,0,0,0,0,0,0,0,0,0,0,240,0,0,0,2761,111,0,2557,0,0,3,2.761
704,11.65,20.108,0.048,0.0,0.0,0.0,0.0,0.0,534.0,2496.0,0.501,40,0,0,8.113,8.02,255,240,2,80,80,0,0,6400,0,0,0,0,0,0,0,0,0,0,240,0,0,0,2721,107,0,2530,0,0,2,2.721
705,11.702,20.108,0.048,0.0,0.0,0.0,0.0,0.0,534.0,2496.0,0.446,40,0,0,8.13,8.053,252,240,2,80,80,0,0,6400,0,0,0,0,0,0,0,0,0,0,240,0,0,0,2763,109,0,2568,0,0,3,2.763
706,11.673,20.108,0.048,0.0,0.0,0.0,0.0,0.0,534.0,2496.0,0.414,40,0,0,8.139,8.048,255,240,2,80,80,0,0,6400,0,0,0,0,0,0,0,0,0,0,240,0,0,0,2741,108,0,2556,0,0,1,2.741
707,11.668,20.108,0.048,0.0,0.0,0.0,0.0,0.0,534.0,2496.0,0.462,40,0,0,8.133,8.048,254,240,2,80,80,0,0,6400,0,0,0,0,0,0,0,0,0,0,240,0,0,0,2790,113,0,2584,0,0,3,2.79
708,11.739,20.108,0.048,0.0,0.0,0.0,0.0,0.0,534.0,2496.0,0.464,40,0,0,8.178,8.092,254,240,2,80,80,0,0,6400,0,0,0,0,0,0,0,0,0,0,240,0,0,0,2790,107,0,2597,0,0,2,2.79
709,11.679,20.108,0.048,0.0,0.0,0.0,0.0,0.0,534.0,2496.0,0.419,40,0,0,8.122,8.041,253,240,2,80,80,0,0,6400,0,0,0,0,0,0,0,0,0,0,240,0,0,0,2788,127,0,2577,0,0,3,2.788
710,11.635,20.108,0.048,0.0,0.0,0.0,0.0,0.0,534.0,2496.0,0.435,40,0,0,8.111,8.027,254,240,2,80,80,0,0,6400,0,0,0,0,0,0,0,0,0,0,240,0,0,0,2754,112,0,2550,0,0,2,2.754
711,11.632,20.108,0.048,0.0,0.0,0.0,0.0,0.0,534.0,2496.0,0.451,40,0,0,8.085,8.005,253,240,2,80,80,0,0,6400,0,0,0,0,0,0,0,0,0,0,240,0,0,0,2794,114,0,2586,0,0,3,2.794
712,11.771,20.108,0.048,0.0,0.0,0.0,0.0,0.0,534.0,2496.0,0.428,40,0,0,8.11,8.011,256,240,2,80,80,0,0,6400,0,0,0,0,0,0,0,0,0,0,240,0,0,0,2871,109,0,2663,0,0,3,2.871
713,11.749,20.108,0.048,0.0,0.0,0.0,0.0,0.0,534.0,2496.0,0.414,40,0,0,8.185,8.1,253,240,2,80,80,0,0,6400,0,0,0,0,0,0,0,0,0,0,240,0,0,0,2794,113,0,2586,0,0,3,2.794
714,11.582,20.108,0.048,0.0,0.0,0.0,0.0,0.0,534.0,2496.0,0.447,40,0,0,8.052,7.972,253,240,2,80,80,0,0,6400,0,0,0,0,0,0,0,0,0,0,240,0,0,0,2796,111,0,2542,0,0,3,2.796
715,11.959,20.108,0.048,0.0,0.0,0.0,0.0,0.0,534.0,2496.0,0.512,40,0,0,8.112,8.028,254,240,2,80,80,0,0,6400,0,0,0,0,0,0,0,0,0,0,240,0,0,0,3092,125,0,2730,0,0,3,3.092
716,11.983,20.108,0.048,0.0,0.0,0.0,0.0,0.0,534.0,2496.0,0.46,40,0,0,8.26,8.158,254,240,2,80,80,0,0,6400,0,0,0,0,0,0,0,0,0,0,240,0,0,0,2846,130,0,2619,0,0,2,2.846
717,11.783,20.108,0.048,0.0,0.0,0.0,0.0,0.0,534.0,2496.0,0.414,40,0,0,8.202,8.107,252,240,2,80,80,0,0,6400,0,0,0,0,0,0,0,0,0,0,240,0,0,0,2801,113,0,2592,0,0,3,2.801
718,13.995,20.108,0.048,0.0,0.0,0.0,0.0,0.0,534.0,2496.0,0.43,40,0,0,10.394,10.273,255,240,2,80,80,0,0,6400,0,0,0,0,0,0,0,0,0,0,240,0,0,0,2859,115,0,2656,0,0,3,2.859
719,11.855,20.108,0.048,0.0,0.0,0.0,0.0,0.0,534.0,2496.0,0.438,40,0,0,8.232,8.117,254,240,2,80,80,0,0,6400,0,0,0,0,0,0,0,0,0,0,240,0,0,0,2846,114,0,2622,0,0,3,2.846
720,14.598,20.108,0.048,0.0,0.0,0.0,0.0,0.0,534.0,2496.0,0.669,40,0,0,9.714,9.623,254,240,2,80,80,0,0,6400,0,0,0,0,0,0,0,0,0,0,240,0,0,0,3972,230,0,3602,0,0,6,3.972
721,17.332,20.108,0.048,0.0,0.0,0.0,0.0,0.0,534.0,2496.0,0.612,40,0,0,12.476,12.367,252,240,2,80,80,0,0,6400,0,0,0,0,0,0,0,0,0,0,240,0,0,0,3683,166,0,3379,0,0,6,3.683
722,13.41,20.108,0.048,0.0,0.0,0.0,0.0,0.0,534.0,2496.0,0.5,40,0,0,9.576,9.421,253,240,2,80,80,0,0,6400,0,0,0,0,0,0,0,0,0,0,240,0,0,0,2832,114,0,2625,0,0,3,2.832
723,13.013,17.606,0.036,0.0,0.0,0.0,0.0,0.0,534.0,2496.0,0.453,40,0,0,9.09,9.0,254,240,2,80,80,0,0,6400,0,0,0,0,0,0,0,0,0,0,240,0,0,0,3027,123,0,2807,0,0,2,3.027
724,13.421,17.606,0.036,0.0,0.0,0.0,0.0,0.0,534.0,2496.0,0.447,40,0,0,9.619,9.527,255,240,2,80,80,0,0,6400,0,0,0,0,0,0,0,0,0,0,240,0,0,0,2943,127,0,2715,0,0,3,2.943
725,12.658,17.606,0.036,0.0,0.0,0.0,0.0,0.0,534.0,2496.0,0.496,40,0,0,8.878,8.783,254,240,2,80,80,0,0,6400,0,0,0,0,0,0,0,0,0,0,240,0,0,0,2988,120,0,2764,0,0,2,2.988
726,12.125,17.606,0.036,0.0,0.0,0.0,0.0,0.0,534.0,2496.0,0.481,40,0,0,8.325,8.235,253,240,2,80,80,0,0,6400,0,0,0,0,0,0,0,0,0,0,240,0,0,0,2920,141,0,2661,0,0,2,2.92
727,12.38,17.606,0.036,0.0,0.0,0.0,0.0,0.0,534.0,2496.0,0.46,40,0,0,8.5,8.411,253,240,2,80,80,0,0,6400,0,0,0,0,0,0,0,0,0,0,240,0,0,0,2965,122,0,2743,0,0,3,2.965
728,12.406,17.606,0.036,0.0,0.0,0.0,0.0,0.0,534.0,2496.0,0.434,40,0,0,8.664,8.582,252,240,2,80,80,0,0,6400,0,0,0,0,0,0,0,0,0,0,240,0,0,0,2925,135,0,2694,0,0,4,2.925
729,12.32,17.606,0.036,0.0,0.0,0.0,0.0,0.0,534.0,2496.0,0.579,40,0,0,8.49,8.392,254,240,2,80,80,0,0,6400,0,0,0,0,0,0,0,0,0,0,240,0,0,0,2999,168,0,2726,0,0,3,2.999
730,12.009,17.606,0.036,0.0,0.0,0.0,0.0,0.0,534.0,2496.0,0.509,40,0,0,8.318,8.218,255,240,2,80,80,0,0,6400,0,0,0,0,0,0,0,0,0,0,240,0,0,0,2726,113,0,2531,0,0,3,2.726
731,11.75,17.606,0.036,0.0,0.0,0.0,0.0,0.0,534.0,2496.0,0.457,40,0,0,8.159,8.071,254,240,2,80,80,0,0,6400,0,0,0,0,0,0,0,0,0,0,240,0,0,0,2772,135,0,2553,0,0,3,2.772
732,11.699,17.606,0.036,0.0,0.0,0.0,0.0,0.0,534.0,2496.0,0.413,40,0,0,8.188,8.115,252,240,2,80,80,0,0,6400,0,0,0,0,0,0,0,0,0,0,240,0,0,0,2747,110,0,2549,0,0,2,2.747
733,11.904,17.606,0.036,0.0,0.0,0.0,0.0,0.0,534.0,2496.0,0.447,40,0,0,8.267,8.187,253,240,2,80,80,0,0,6400,0,0,0,0,0,0,0,0,0,0,240,0,0,0,2870,117,0,2665,0,0,3,2.87
734,11.93,17.606,0.036,0.0,0.0,0.0,0.0,0.0,534.0,2496.0,0.415,40,0,0,8.325,8.226,256,240,2,80,80,0,0,6400,0,0,0,0,0,0,0,0,0,0,240,0,0,0,2767,117,0,2557,0,0,2,2.767
735,12.04,17.606,0.036,0.0,0.0,0.0,0.0,0.0,534.0,2496.0,0.442,40,0,0,8.45,8.372,253,240,2,80,80,0,0,6400,0,0,0,0,0,0,0,0,0,0,240,0,0,0,2803,117,0,2598,0,0,3,2.803
736,12.32,17.606,0.036,0.0,0.0,0.0,0.0,0.0,534.0,2496.0,0.47,40,0,0,8.673,8.587,253,240,2,80,80,0,0,6400,0,0,0,0,0,0,0,0,0,0,240,0,0,0,2858,117,0,2647,0,0,1,2.858
737,13.034,17.606,0.036,0.0,0.0,0.0,0.0,0.0,534.0,2496.0,0.545,40,0,0,9.323,8.199,256,240,2,80,80,0,0,6400,0,0,0,0,0,0,0,0,0,0,240,0,0,0,2885,134,0,2646,0,0,2,2.885
738,12.085,17.606,0.036,0.0,0.0,0.0,0.0,0.0,534.0,2496.0,0.458,40,0,0,8.393,8.304,253,240,2,80,80,0,0,6400,0,0,0,0,0,0,0,0,0,0,240,0,0,0,2780,137,0,2556,0,0,3,2.78
739,11.891,17.606,0.036,0.0,0.0,0.0,0.0,0.0,534.0,2496.0,0.455,40,0,0,8.328,8.252,252,240,2,80,80,0,0,6400,0,0,0,0,0,0,0,0,0,0,240,0,0,0,2789,112,0,2590,0,0,3,2.789
740,11.809,17.606,0.036,0.0,0.0,0.0,0.0,0.0,534.0,2496.0,0.414,40,0,0,8.236,8.122,254,240,2,80,80,0,0,6400,0,0,0,0,0,0,0,0,0,0,240,0,0,0,2792,111,0,2595,0,0,3,2.792
741,11.794,17.606,0.036,0.0,0.0,0.0,0.0,0.0,534.0,2496.0,0.469,40,0,0,8.266,8.172,252,240,2,80,80,0,0,6400,0,0,0,0,0,0,0,0,0,0,240,0,0,0,2775,110,0,2584,0,0,3,2.775
742,12.103,17.606,0.036,0.0,0.0,0.0,0.0,0.0,534.0,2496.0,0.498,40,0,0,8.407,8.314,255,240,2,80,80,0,0,6400,0,0,0,0,0,0,0,0,0,0,240,0,0,0,2901,127,0,2656,0,0,3,2.901
743,11.949,17.606,0.036,0.0,0.0,0.0,0.0,0.0,534.0,2496.0,0.463,40,0,0,8.343,8.223,253,240,2,80,80,0,0,6400,0,0,0,0,0,0,0,0,0,0,240,0,0,0,2764,116,0,2559,0,0,3,2.764
744,12.126,17.606,0.036,0.0,0.0,0.0,0.0,0.0,534.0,2496.0,0.42,40,0,0,8.509,8.428,253,240,2,80,80,0,0,6400,0,0,0,0,0,0,0,0,0,0,240,0,0,0,2804,138,0,2569,0,0,3,2.804
745,11.835,17.606,0.036,0.0,0.0,0.0,0.0,0.0,534.0,2496.0,0.474,40,0,0,8.28,8.206,252,240,2,80,80,0,0,6400,0,0,0,0,0,0,0,0,0,0,240,0,0,0,2790,123,0,2577,0,0,3,2.79
746,12.178,17.606,0.036,0.0,0.0,0.0,0.0,0.0,534.0,2496.0,0.434,40,0,0,8.529,8.44,254,240,2,80,80,0,0,6400,0,0,0,0,0,0,0,0,0,0,240,0,0,0,2849,131,0,2626,0,0,3,2.849
747,11.955,17.606,0.036,0.0,0.0,0.0,0.0,0.0,534.0,2496.0,0.434,40,0,0,8.373,8.255,254,240,2,80,80,0,0,6400,0,0,0,0,0,0,0,0,0,0,240,0,0,0,2795,139,0,2538,0,0,2,2.795
748,11.81,17.606,0.036,0.0,0.0,0.0,0.0,0.0,534.0,2496.0,0.471,40,0,0,8.298,8.215,253,240,2,80,80,0,0,6400,0,0,0,0,0,0,0,0,0,0,240,0,0,0,2761,112,0,2565,0,0,3,2.761
749,11.865,17.606,0.036,0.0,0.0,0.0,0.0,0.0,534.0,2496.0,0.552,40,0,0,8.333,8.245,254,240,2,80,80,0,0,6400,0,0,0,0,0,0,0,0,0,0,240,0,0,0,2740,112,0,2541,0,0,2,2.74
750,13.527,17.606,0.036,0.0,0.0,0.0,0.0,0.0,534.0,2496.0,0.456,40,0,0,9.808,9.701,253,240,2,80,80,0,0,6400,0,0,0,0,0,0,0,0,0,0,240,0,0,0,2813,111,0,2617,0,0,3,2.813
751,12.317,17.606,0.036,0.0,0.0,0.0,0.0,0.0,534.0,2496.0,0.492,40,0,0,8.657,8.573,252,240,2,80,80,0,0,6400,0,0,0,0,0,0,0,0,0,0,240,0,0,0,2850,112,0,2653,0,0,2,2.85
752,11.884,17.606,0.036,0.0,0.0,0.0,0.0,0.0,534.0,2496.0,0.454,40,0,0,8.275,8.181,254,240,2,80,80,0,0,6400,0,0,0,0,0,0,0,0,0,0,240,0,0,0,2791,137,0,2568,0,0,1,2.791
753,11.754,17.606,0.036,0.0,0.0,0.0,0.0,0.0,534.0,2496.0,0.412,40,0,0,8.154,8.078,252,240,2,80,80,0,0,6400,0,0,0,0,0,0,0,0,0,0,240,0,0,0,2806,122,0,2595,0,0,3,2.806
754,12.313,17.606,0.036,0.0,0.0,0.0,0.0,0.0,534.0,2496.0,0.501,40,0,0,8.684,8.598,254,240,2,80,80,0,0,6400,0,0,0,0,0,0,0,0,0,0,240,0,0,0,2849,144,0,2614,0,0,3,2.849
755,11.914,17.606,0.036,0.0,0.0,0.0,0.0,0.0,534.0,2496.0,0.484,40,0,0,8.186,8.096,254,240,2,80,80,0,0,6400,0,0,0,0,0,0,0,0,0,0,240,0,0,0,2874,159,0,2618,0,0,2,2.874
756,11.807,17.606,0.036,0.0,0.0,0.0,0.0,0.0,534.0,2496.0,0.428,40,0,0,8.205,8.127,252,240,2,80,80,0,0,6400,0,0,0,0,0,0,0,0,0,0,240,0,0,0,2783,111,0,2583,0,0,3,2.783
757,11.82,17.606,0.036,0.0,0.0,0.0,0.0,0.0,534.0,2496.0,0.442,40,0,0,8.229,8.148,252,240,2,80,80,0,0,6400,0,0,0,0,0,0,0,0,0,0,240,0,0,0,2830,110,0,2607,0,0,3,2.83
758,12.13,17.606,0.036,0.0,0.0,0.0,0.0,0.0,534.0,2496.0,0.444,40,0,0,8.446,8.332,254,240,2,80,80,0,0,6400,0,0,0,0,0,0,0,0,0,0,240,0,0,0,2888,122,0,2650,0,0,3,2.888
759,12.075,17.606,0.036,0.0,0.0,0.0,0.0,0.0,534.0,2496.0,0.459,40,0,0,8.427,8.337,253,240,2,80,80,0,0,6400,0,0,0,0,0,0,0,0,0,0,240,0,0,0,2826,120,0,2619,0,0,3,2.826
760,12.023,17.606,0.036,0.0,0.0,0.0,0.0,0.0,534.0,2496.0,0.643,40,0,0,8.242,8.164,252,240,2,80,80,0,0,6400,0,0,0,0,0,0,0,0,0,0,240,0,0,0,2931,117,0,2718,0,0,4,2.931
761,13.72,17.606,0.036,0.0,0.0,0.0,0.0,0.0,534.0,2496.0,0.449,40,0,0,9.788,9.665,255,240,2,80,80,0,0,6400,0,0,0,0,0,0,0,0,0,0,240,0,0,0,2808,141,0,2575,0,0,3,2.808
762,12.022,17.606,0.036,0.0,0.0,0.0,0.0,0.0,534.0,2496.0,0.442,40,0,0,8.292,8.205,253,240,2,80,80,0,0,6400,0,0,0,0,0,0,0,0,0,0,240,0,0,0,2887,159,0,2637,0,0,3,2.887
763,12.14,17.606,0.036,0.0,0.0,0.0,0.0,0.0,534.0,2496.0,0.426,40,0,0,8.516,8.435,252,240,2,80,80,0,0,6400,0,0,0,0,0,0,0,0,0,0,240,0,0,0,2820,118,0,2605,0,0,7,2.82
764,11.909,17.606,0.036,0.0,0.0,0.0,0.0,0.0,534.0,2496.0,0.426,40,0,0,8.267,8.169,253,240,2,80,80,0,0,6400,0,0,0,0,0,0,0,0,0,0,240,0,0,0,2813,113,0,2599,0,0,16,2.813
765,12.181,17.606,0.036,0.0,0.0,0.0,0.0,0.0,534.0,2496.0,0.464,40,0,0,8.577,8.501,252,240,2,80,80,0,0,6400,0,0,0,0,0,0,0,0,0,0,240,0,0,0,2824,119,0,2610,0,0,2,2.824
766,11.757,17.606,0.036,0.0,0.0,0.0,0.0,0.0,534.0,2496.0,0.495,40,0,0,8.193,8.093,254,240,2,80,80,0,0,6400,0,0,0,0,0,0,0,0,0,0,240,0,0,0,2748,128,0,2533,0,0,3,2.748
767,13.967,17.606,0.036,0.0,0.0,0.0,0.0,0.0,534.0,2496.0,0.463,40,0,0,9.391,9.259,254,240,2,80,80,0,0,6400,0,0,0,0,0,0,0,0,0,0,240,0,0,0,3732,158,0,3441,0,0,5,3.732
768,13.114,17.606,0.036,0.0,0.0,0.0,0.0,0.0,534.0,2496.0,0.461,40,0,0,8.882,8.795,252,240,2,80,80,0,0,6400,0,0,0,0,0,0,0,0,0,0,240,0,0,0,3368,194,0,3059,0,0,3,3.368
769,16.121,17.606,0.036,0.0,0.0,0.0,0.0,0.0,534.0,2496.0,0.417,40,0,0,11.17,11.06,252,240,2,80,80,0,0,6400,0,0,0,0,0,0,0,0,0,0,240,0,0,0,4018,169,0,3668,0,0,4,4.018
770,14.312,17.606,0.036,0.0,0.0,0.0,0.0,0.0,534.0,2496.0,0.52,40,0,0,10.288,10.178,255,240,2,80,80,0,0,6400,0,0,0,0,0,0,0,0,0,0,240,0,0,0,3186,138,0,2934,0,0,3,3.186
771,12.5,17.606,0.036,0.0,0.0,0.0,0.0,0.0,534.0,2496.0,0.437,40,0,0,8.774,8.688,252,240,2,80,80,0,0,6400,0,0,0,0,0,0,0,0,0,0,240,0,0,0,2843,116,0,2631,0,0,2,2.843
772,11.944,17.606,0.036,0.0,0.0,0.0,0.0,0.0,534.0,2496.0,0.441,40,0,0,8.336,8.255,252,240,2,80,80,0,0,6400,0,0,0,0,0,0,0,0,0,0,240,0,0,0,2837,110,0,2626,0,0,14,2.837
773,12.048,17.606,0.036,0.0,0.0,0.0,0.0,0.0,534.0,2496.0,0.434,40,0,0,8.43,8.345,253,240,2,80,80,0,0,6400,0,0,0,0,0,0,0,0,0,0,240,0,0,0,2818,114,0,2606,0,0,3,2.818
774,12.073,17.606,0.036,0.0,0.0,0.0,0.0,0.0,534.0,2496.0,0.446,40,0,0,8.37,8.279,254,240,2,80,80,0,0,6400,0,0,0,0,0,0,0,0,0,0,240,0,0,0,2942,111,0,2745,0,0,3,2.942
775,13.075,17.606,0.036,0.0,0.0,0.0,0.0,0.0,534.0,2496.0,0.47,40,0,0,9.462,9.333,253,240,2,80,80,0,0,6400,0,0,0,0,0,0,0,0,0,0,240,0,0,0,2798,118,0,2589,0,0,7,2.798
776,11.82,17.606,0.036,0.0,0.0,0.0,0.0,0.0,534.0,2496.0,0.419,40,0,0,8.205,8.11,253,240,2,80,80,0,0,6400,0,0,0,0,0,0,0,0,0,0,240,0,0,0,2789,109,0,2586,0,0,2,2.789
777,12.277,17.606,0.036,0.0,0.0,0.0,0.0,0.0,534.0,2496.0,0.466,40,0,0,8.637,8.562,252,240,2,80,80,0,0,6400,0,0,0,0,0,0,0,0,0,0,240,0,0,0,2866,121,0,2647,0,0,3,2.866
778,11.741,17.606,0.036,0.0,0.0,0.0,0.0,0.0,534.0,2496.0,0.418,40,0,0,8.133,8.046,253,240,2,80,80,0,0,6400,0,0,0,0,0,0,0,0,0,0,240,0,0,0,2804,108,0,2615,0,0,2,2.804
779,11.78,17.606,0.036,0.0,0.0,0.0,0.0,0.0,534.0,2496.0,0.425,40,0,0,8.22,8.139,253,240,2,80,80,0,0,6400,0,0,0,0,0,0,0,0,0,0,240,0,0,0,2803,114,0,2594,0,0,2,2.803
780,11.975,17.606,0.036,0.0,0.0,0.0,0.0,0.0,534.0,2496.0,0.435,40,0,0,8.396,8.315,253,240,2,80,80,0,0,6400,0,0,0,0,0,0,0,0,0,0,240,0,0,0,2805,118,0,2597,0,0,2,2.805
781,11.665,17.606,0.036,0.0,0.0,0.0,0.0,0.0,534.0,2496.0,0.454,40,0,0,8.141,8.066,252,240,2,80,80,0,0,6400,0,0,0,0,0,0,0,0,0,0,240,0,0,0,2783,137,0,2560,0,0,2,2.783
782,12.154,17.606,0.036,0.0,0.0,0.0,0.0,0.0,534.0,2496.0,0.483,40,0,0,8.427,8.331,256,240,2,80,80,0,0,6400,0,0,0,0,0,0,0,0,0,0,240,0,0,0,2934,138,0,2702,0,0,3,2.934
783,12.055,17.606,0.036,0.0,0.0,0.0,0.0,0.0,534.0,2496.0,0.484,40,0,0,8.391,8.312,252,240,2,80,80,0,0,6400,0,0,0,0,0,0,0,0,0,0,240,0,0,0,2794,124,0,2580,0,0,3,2.794
784,12.003,17.606,0.036,0.0,0.0,0.0,0.0,0.0,534.0,2496.0,0.5,40,0,0,8.359,8.283,252,240,2,80,80,0,0,6400,0,0,0,0,0,0,0,0,0,0,240,0,0,0,2807,116,0,2606,0,0,3,2.807
785,14.77,17.606,0.036,0.0,0.0,0.0,0.0,0.0,534.0,2496.0,0.491,40,0,0,11.033,10.91,253,240,2,80,80,0,0,6400,0,0,0,0,0,0,0,0,0,0,240,0,0,0,2864,115,0,2654,0,0,3,2.864
786,12.085,17.606,0.036,0.0,0.0,0.0,0.0,0.0,534.0,2496.0,0.482,40,0,0,8.384,8.298,253,240,2,80,80,0,0,6400,0,0,0,0,0,0,0,0,0,0,240,0,0,0,2855,166,0,2600,0,0,2,2.855
787,11.811,17.606,0.036,0.0,0.0,0.0,0.0,0.0,534.0,2496.0,0.448,40,0,0,8.16,8.074,253,240,2,80,80,0,0,6400,0,0,0,0,0,0,0,0,0,0,240,0,0,0,2829,116,0,2610,0,0,3,2.829
788,12.049,17.606,0.036,0.0,0.0,0.0,0.0,0.0,534.0,2496.0,0.478,40,0,0,8.403,8.314,254,240,2,80,80,0,0,6400,0,0,0,0,0,0,0,0,0,0,240,0,0,0,2846,120,0,2638,0,0,2,2.846
789,11.808,17.606,0.036,0.0,0.0,0.0,0.0,0.0,534.0,2496.0,0.423,40,0,0,8.165,8.077,254,240,2,80,80,0,0,6400,0,0,0,0,0,0,0,0,0,0,240,0,0,0,2821,120,0,2613,0,0,2,2.821
790,12.094,17.606,0.036,0.0,0.0,0.0,0.0,0.0,534.0,2496.0,0.47,40,0,0,8.514,8.42,252,240,2,80,80,0,0,6400,0,0,0,0,0,0,0,0,0,0,240,0,0,0,2835,117,0,2629,0,0,2,2.835
791,12.118,17.606,0.036,0.0,0.0,0.0,0.0,0.0,534.0,2496.0,0.46,40,0,0,8.5,8.408,253,240,2,80,80,0,0,6400,0,0,0,0,0,0,0,0,0,0,240,0,0,0,2801,116,0,2596,0,0,3,2.801
792,11.985,17.606,0.036,0.0,0.0,0.0,0.0,0.0,534.0,2496.0,0.485,40,0,0,8.311,8.23,253,240,2,80,80,0,0,6400,0,0,0,0,0,0,0,0,0,0,240,0,0,0,2866,118,0,2652,0,0,2,2.866
793,12.008,17.606,0.036,0.0,0.0,0.0,0.0,0.0,534.0,2496.0,0.488,40,0,0,8.236,8.151,253,240,2,80,80,0,0,6400,0,0,0,0,0,0,0,0,0,0,240,0,0,0,2958,113,0,2755,0,0,3,2.958
794,11.84,17.606,0.036,0.0,0.0,0.0,0.0,0.0,534.0,2496.0,0.423,40,0,0,8.172,8.079,254,240,2,80,80,0,0,6400,0,0,0,0,0,0,0,0,0,0,240,0,0,0,2828,119,0,2621,0,0,3,2.828
795,11.755,17.606,0.036,0.0,0.0,0.0,0.0,0.0,534.0,2496.0,0.494,40,0,0,8.213,8.126,253,240,2,80,80,0,0,6400,0,0,0,0,0,0,0,0,0,0,240,0,0,0,2787,109,0,2589,0,0,2,2.787
796,12.049,17.606,0.036,0.0,0.0,0.0,0.0,0.0,534.0,2496.0,0.439,40,0,0,8.482,8.397,253,240,2,80,80,0,0,6400,0,0,0,0,0,0,0,0,0,0,240,0,0,0,2751,128,0,2540,0,0,3,2.751
797,11.829,17.606,0.036,0.0,0.0,0.0,0.0,0.0,534.0,2496.0,0.532,40,0,0,8.131,8.049,253,240,2,80,80,0,0,6400,0,0,0,0,0,0,0,0,0,0,240,0,0,0,2899,131,0,2667,0,0,3,2.899
798,13.059,17.606,0.036,0.0,0.0,0.0,0.0,0.0,534.0,2496.0,0.438,40,0,0,9.286,9.191,254,240,2,80,80,0,0,6400,0,0,0,0,0,0,0,0,0,0,240,0,0,0,2843,122,0,2627,0,0,2,2.843
799,12.229,17.606,0.036,0.0,0.0,0.0,0.0,0.0,534.0,2496.0,0.438,40,0,0,8.596,8.511,253,240,2,80,80,0,0,6400,0,0,0,0,0,0,0,0,0,0,240,0,0,0,2864,134,0,2639,0,0,4,2.864
800,15.443,17.606,0.036,0.0,0.0,0.0,0.0,0.0,534.0,2496.0,1.347,40,0,0,11.582,11.462,253,240,2,80,80,0,0,6400,0,0,0,0,0,0,0,0,0,0,240,0,0,0,3030,136,0,2793,0,0,3,3.03
801,21.576,17.606,0.036,0.0,0.0,0.0,0.0,0.0,534.0,2496.0,0.476,40,0,0,15.892,15.777,253,240,2,80,80,0,0,6400,0,0,0,0,0,0,0,0,0,0,240,0,0,0,3824,166,0,3493,0,0,6,3.824
802,12.72,17.606,0.036,0.0,0.0,0.0,0.0,0.0,534.0,2496.0,0.399,40,0,0,9.07,8.98,253,240,2,80,80,0,0,6400,0,0,0,0,0,0,0,0,0,0,240,0,0,0,2763,116,0,2565,0,0,2,2.763
803,11.595,17.606,0.036,0.0,0.0,0.0,0.0,0.0,534.0,2496.0,0.426,40,0,0,8.11,8.03,252,240,2,80,80,0,0,6400,0,0,0,0,0,0,0,0,0,0,240,0,0,0,2787,130,0,2561,0,0,2,2.787
804,11.639,20.693,0.073,0.0,0.0,0.0,0.0,0.0,534.0,2496.0,0.407,40,0,0,8.12,8.035,254,240,2,80,80,0,0,6400,0,0,0,0,0,0,0,0,0,0,240,0,0,0,2802,105,0,2606,0,0,3,2.802
805,13.102,20.693,0.073,0.0,0.0,0.0,0.0,0.0,534.0,2496.0,0.412,40,0,0,9.486,9.409,253,240,2,80,80,0,0,6400,0,0,0,0,0,0,0,0,0,0,240,0,0,0,2891,113,0,2686,0,0,2,2.891
806,11.858,20.693,0.073,0.0,0.0,0.0,0.0,0.0,534.0,2496.0,0.418,40,0,0,8.218,8.13,254,240,2,80,80,0,0,6400,0,0,0,0,0,0,0,0,0,0,240,0,0,0,2829,132,0,2608,0,0,3,2.829
807,67.661,20.693,0.073,0.0,0.0,0.0,0.0,0.0,534.0,2496.0,0.74,40,0,0,9.451,9.371,253,240,2,80,80,0,0,6400,0,0,0,0,0,0,0,0,0,0,240,0,0,0,57389,190,0,57009,0,0,5,57.389
808,14.738,20.693,0.073,0.0,0.0,0.0,0.0,0.0,534.0,2496.0,0.637,40,0,0,10.415,10.261,252,240,2,80,80,0,0,6400,0,0,0,0,0,0,0,0,0,0,240,0,0,0,3019,129,0,2781,0,0,6,3.019
809,12.597,20.693,0.073,0.0,0.0,0.0,0.0,0.0,534.0,2496.0,0.574,40,0,0,8.618,8.513,253,240,2,80,80,0,0,6400,0,0,0,0,0,0,0,0,0,0,240,0,0,0,2839,134,0,2609,0,0,3,2.839
810,15.163,20.693,0.073,0.0,0.0,0.0,0.0,0.0,534.0,2496.0,0.498,40,0,0,10.296,10.151,255,240,2,80,80,0,0,6400,0,0,0,0,0,0,0,0,0,0,240,0,0,0,3721,157,0,3421,0,0,4,3.721
811,11.975,20.693,0.073,0.0,0.0,0.0,0.0,0.0,534.0,2496.0,0.406,40,0,0,8.329,8.235,253,240,2,80,80,0,0,6400,0,0,0,0,0,0,0,0,0,0,240,0,0,0,2721,109,0,2526,0,0,3,2.721
812,13.146,20.693,0.073,0.0,0.0,0.0,0.0,0.0,534.0,2496.0,0.467,40,0,0,9.472,9.398,252,240,2,80,80,0,0,6400,0,0,0,0,0,0,0,0,0,0,240,0,0,0,2828,131,0,2611,0,0,3,2.828
813,12.995,20.693,0.073,0.0,0.0,0.0,0.0,0.0,534.0,2496.0,0.434,40,0,0,9.464,9.347,254,240,2,80,80,0,0,6400,0,0,0,0,0,0,0,0,0,0,240,0,0,0,2676,127,0,2474,0,0,3,2.676
814,11.822,20.693,0.073,0.0,0.0,0.0,0.0,0.0,534.0,2496.0,0.435,40,0,0,8.028,7.955,252,240,2,80,80,0,0,6400,0,0,0,0,0,0,0,0,0,0,240,0,0,0,2953,120,0,2725,0,0,3,2.953
815,11.663,20.693,0.073,0.0,0.0,0.0,0.0,0.0,534.0,2496.0,0.384,40,0,0,8.124,8.023,253,240,2,80,80,0,0,6400,0,0,0,0,0,0,0,0,0,0,240,0,0,0,2683,108,0,2487,0,0,1,2.683
816,12.23,20.693,0.073,0.0,0.0,0.0,0.0,0.0,534.0,2496.0,0.404,40,0,0,8.81,8.714,255,240,2,80,80,0,0,6400,0,0,0,0,0,0,0,0,0,0,240,0,0,0,2670,110,0,2474,0,0,3,2.67
817,11.474,20.693,0.073,0.0,0.0,0.0,0.0,0.0,534.0,2496.0,0.427,40,0,0,7.992,7.92,252,240,2,80,80,0,0,6400,0,0,0,0,0,0,0,0,0,0,240,0,0,0,2704,126,0,2496,0,0,2,2.704
818,11.51,20.693,0.073,0.0,0.0,0.0,0.0,0.0,534.0,2496.0,0.4,40,0,0,8.039,7.958,253,240,2,80,80,0,0,6400,0,0,0,0,0,0,0,0,0,0,240,0,0,0,2690,115,0,2487,0,0,3,2.69
819,10.988,20.693,0.073,0.0,0.0,0.0,0.0,0.0,534.0,2496.0,0.383,40,0,0,7.629,7.544,254,240,2,80,80,0,0,6400,0,0,0,0,0,0,0,0,0,0,240,0,0,0,2618,104,0,2428,0,0,3,2.618
820,12.183,20.693,0.073,0.0,0.0,0.0,0.0,0.0,534.0,2496.0,0.438,40,0,0,7.822,7.755,252,240,2,80,80,0,0,6400,0,0,0,0,0,0,0,0,0,0,240,0,0,0,3578,193,0,3258,0,0,6,3.578
821,15.263,20.693,0.073,0.0,0.0,0.0,0.0,0.0,534.0,2496.0,0.53,40,0,0,10.742,10.665,253,240,2,80,80,0,0,6400,0,0,0,0,0,0,0,0,0,0,240,0,0,0,3619,188,0,3307,0,0,4,3.619
822,15.377,20.693,0.073,0.0,0.0,0.0,0.0,0.0,534.0,2496.0,0.702,40,0,0,10.715,10.599,256,240,2,80,80,0,0,6400,0,0,0,0,0,0,0,0,0,0,240,0,0,0,3682,150,0,3401,0,0,5,3.682
823,15.376,20.693,0.073,0.0,0.0,0.0,0.0,0.0,534.0,2496.0,0.565,40,0,0,10.659,10.554,252,240,2,80,80,0,0,6400,0,0,0,0,0,0,0,0,0,0,240,0,0,0,3467,145,0,3205,0,0,4,3.467
824,16.009,20.693,0.073,0.0,0.0,0.0,0.0,0.0,534.0,2496.0,0.614,40,0,0,11.335,11.244,252,240,2,80,80,0,0,6400,0,0,0,0,0,0,0,0,0,0,240,0,0,0,3637,200,0,3286,0,0,6,3.637
825,14.4,20.693,0.073,0.0,0.0,0.0,0.0,0.0,534.0,2496.0,0.427,40,0,0,10.228,10.064,253,240,2,80,80,0,0,6400,0,0,0,0,0,0,0,0,0,0,240,0,0,0,3074,141,0,2833,0,0,4,3.074
826,11.107,20.693,0.073,0.0,0.0,0.0,0.0,0.0,534.0,2496.0,0.388,40,0,0,7.659,7.571,253,240,2,80,80,0,0,6400,0,0,0,0,0,0,0,0,0,0,240,0,0,0,2670,109,0,2479,0,0,2,2.67
827,11.495,20.693,0.073,0.0,0.0,0.0,0.0,0.0,534.0,2496.0,0.389,40,0,0,8.201,8.123,253,240,2,80,80,0,0,6400,0,0,0,0,0,0,0,0,0,0,240,0,0,0,2600,140,0,2374,0,0,3,2.6
828,11.735,20.693,0.073,0.0,0.0,0.0,0.0,0.0,534.0,2496.0,0.451,40,0,0,7.534,7.451,254,240,2,80,80,0,0,6400,0,0,0,0,0,0,0,0,0,0,240,0,0,0,3468,158,0,3190,0,0,4,3.468
829,10.943,20.693,0.073,0.0,0.0,0.0,0.0,0.0,534.0,2496.0,0.387,40,0,0,7.6,7.512,254,240,2,80,80,0,0,6400,0,0,0,0,0,0,0,0,0,0,240,0,0,0,2558,131,0,2340,0,0,3,2.558
830,11.164,20.693,0.073,0.0,0.0,0.0,0.0,0.0,534.0,2496.0,0.405,40,0,0,7.446,7.376,252,240,2,80,80,0,0,6400,0,0,0,0,0,0,0,0,0,0,240,0,0,0,2956,284,0,2578,0,0,4,2.956
831,11.754,20.693,0.073,0.0,0.0,0.0,0.0,0.0,534.0,2496.0,0.487,40,0,0,7.535,7.454,253,240,2,80,80,0,0,6400,0,0,0,0,0,0,0,0,0,0,240,0,0,0,3488,142,0,3213,0,0,8,3.488
832,11.011,20.693,0.073,0.0,0.0,0.0,0.0,0.0,534.0,2496.0,0.367,40,0,0,7.629,7.555,252,240,2,80,80,0,0,6400,0,0,0,0,0,0,0,0,0,0,240,0,0,0,2554,101,0,2368,0,0,2,2.554
833,11.433,20.693,0.073,0.0,0.0,0.0,0.0,0.0,534.0,2496.0,0.391,40,0,0,8.168,8.077,252,240,2,80,80,0,0,6400,0,0,0,0,0,0,0,0,0,0,240,0,0,0,2614,137,0,2403,0,0,3,2.614
834,10.628,20.693,0.073,0.0,0.0,0.0,0.0,0.0,534.0,2496.0,0.369,40,0,0,7.402,7.314,255,240,2,80,80,0,0,6400,0,0,0,0,0,0,0,0,0,0,240,0,0,0,2525,110,0,2312,0,0,2,2.525
835,11.493,20.693,0.073,0.0,0.0,0.0,0.0,0.0,534.0,2496.0,0.393,40,0,0,7.585,7.514,252,240,2,80,80,0,0,6400,0,0,0,0,0,0,0,0,0,0,240,0,0,0,3182,149,0,2922,0,0,4,3.182
836,12.565,20.693,0.073,0.0,0.0,0.0,0.0,0.0,534.0,2496.0,0.511,40,0,0,8.297,8.227,252,240,2,80,80,0,0,6400,0,0,0,0,0,0,0,0,0,0,240,0,0,0,3493,147,0,3216,0,0,4,3.493
837,13.69,20.693,0.073,0.0,0.0,0.0,0.0,0.0,534.0,2496.0,0.453,40,0,0,9.273,9.099,254,240,2,80,80,0,0,6400,0,0,0,0,0,0,0,0,0,0,240,0,0,0,3532,139,0,3268,0,0,4,3.532
838,11.356,20.693,0.073,0.0,0.0,0.0,0.0,0.0,534.0,2496.0,0.406,40,0,0,7.979,7.881,252,240,2,80,80,0,0,6400,0,0,0,0,0,0,0,0,0,0,240,0,0,0,2561,104,0,2378,0,0,1,2.561
839,10.759,20.693,0.073,0.0,0.0,0.0,0.0,0.0,534.0,2496.0,0.375,40,0,0,7.482,7.413,252,240,2,80,80,0,0,6400,0,0,0,0,0,0,0,0,0,0,240,0,0,0,2530,101,0,2348,0,0,3,2.53
840,10.439,20.693,0.073,0.0,0.0,0.0,0.0,0.0,534.0,2496.0,0.376,40,0,0,7.295,7.204,256,240,2,80,80,0,0,6400,0,0,0,0,0,0,0,0,0,0,240,0,0,0,2459,95,0,2285,0,0,2,2.459
841,10.327,20.693,0.073,0.0,0.0,0.0,0.0,0.0,534.0,2496.0,0.386,40,0,0,7.206,7.119,252,240,2,80,80,0,0,6400,0,0,0,0,0,0,0,0,0,0,240,0,0,0,2460,104,0,2272,0,0,2,2.46
842,12.557,20.693,0.073,0.0,0.0,0.0,0.0,0.0,534.0,2496.0,0.518,40,0,0,8.484,8.38,253,240,2,80,80,0,0,6400,0,0,0,0,0,0,0,0,0,0,240,0,0,0,3307,144,0,3051,0,0,4,3.307
843,14.047,20.693,0.073,0.0,0.0,0.0,0.0,0.0,534.0,2496.0,0.505,40,0,0,9.798,9.695,253,240,2,80,80,0,0,6400,0,0,0,0,0,0,0,0,0,0,240,0,0,0,3273,148,0,3011,0,0,4,3.273
844,13.979,20.693,0.073,0.0,0.0,0.0,0.0,0.0,534.0,2496.0,0.536,40,0,0,9.77,9.678,252,240,2,80,80,0,0,6400,0,0,0,0,0,0,0,0,0,0,240,0,0,0,3246,138,0,3001,0,0,4,3.246
845,14.038,20.693,0.073,0.0,0.0,0.0,0.0,0.0,534.0,2496.0,0.566,40,0,0,9.711,9.618,252,240,2,80,80,0,0,6400,0,0,0,0,0,0,0,0,0,0,240,0,0,0,3316,146,0,3058,0,0,4,3.316
846,13.648,20.693,0.073,0.0,0.0,0.0,0.0,0.0,534.0,2496.0,0.585,40,0,0,9.385,9.274,254,240,2,80,80,0,0,6400,0,0,0,0,0,0,0,0,0,0,240,0,0,0,3257,140,0,3002,0,0,5,3.257
847,12.737,20.693,0.073,0.0,0.0,0.0,0.0,0.0,534.0,2496.0,0.405,40,0,0,9.294,9.188,253,240,2,80,80,0,0,6400,0,0,0,0,0,0,0,0,0,0,240,0,0,0,2486,102,0,2307,0,0,3,2.486
848,13.962,20.693,0.073,0.0,0.0,0.0,0.0,0.0,534.0,2496.0,0.616,40,0,0,9.606,9.528,252,240,2,80,80,0,0,6400,0,0,0,0,0,0,0,0,0,0,240,0,0,0,3518,159,0,3221,0,0,5,3.518
849,11.679,20.693,0.073,0.0,0.0,0.0,0.0,0.0,534.0,2496.0,0.386,40,0,0,8.177,8.047,253,240,2,80,80,0,0,6400,0,0,0,0,0,0,0,0,0,0,240,0,0,0,2524,121,0,2325,0,0,3,2.524
850,11.294,20.693,0.073,0.0,0.0,0.0,0.0,0.0,534.0,2496.0,0.429,40,0,0,8.083,7.984,253,240,2,80,80,0,0,6400,0,0,0,0,0,0,0,0,0,0,240,0,0,0,2495,103,0,2301,0,0,3,2.495
851,10.504,20.693,0.073,0.0,0.0,0.0,0.0,0.0,534.0,2496.0,0.425,40,0,0,7.306,7.236,252,240,2,80,80,0,0,6400,0,0,0,0,0,0,0,0,0,0,240,0,0,0,2463,97,0,2290,0,0,1,2.463
852,12.937,20.693,0.073,0.0,0.0,0.0,0.0,0.0,534.0,2496.0,0.47,40,0,0,8.717,8.638,254,240,2,80,80,0,0,6400,0,0,0,0,0,0,0,0,0,0,240,0,0,0,3460,136,0,3191,0,0,5,3.46
853,11.474,20.693,0.073,0.0,0.0,0.0,0.0,0.0,534.0,2496.0,0.413,40,0,0,8.039,7.969,252,240,2,80,80,0,0,6400,0,0,0,0,0,0,0,0,0,0,240,0,0,0,2571,109,0,2378,0,0,3,2.571
854,10.862,20.693,0.073,0.0,0.0,0.0,0.0,0.0,534.0,2496.0,0.412,40,0,0,7.595,7.522,252,240,2,80,80,0,0,6400,0,0,0,0,0,0,0,0,0,0,240,0,0,0,2523,110,0,2337,0,0,3,2.523
855,10.728,20.693,0.073,0.0,0.0,0.0,0.0,0.0,534.0,2496.0,0.384,40,0,0,7.426,7.351,253,240,2,80,80,0,0,6400,0,0,0,0,0,0,0,0,0,0,240,0,0,0,2557,101,0,2374,0,0,3,2.557
856,10.648,20.693,0.073,0.0,0.0,0.0,0.0,0.0,534.0,2496.0,0.408,40,0,0,7.432,7.359,253,240,2,80,80,0,0,6400,0,0,0,0,0,0,0,0,0,0,240,0,0,0,2541,104,0,2353,0,0,2,2.541
857,10.967,20.693,0.073,0.0,0.0,0.0,0.0,0.0,534.0,2496.0,0.479,40,0,0,7.411,7.344,252,240,2,80,80,0,0,6400,0,0,0,0,0,0,0,0,0,0,240,0,0,0,2764,136,0,2540,0,0,3,2.764
858,12.422,20.693,0.073,0.0,0.0,0.0,0.0,0.0,534.0,2496.0,0.393,40,0,0,9.062,8.973,254,240,2,80,80,0,0,6400,0,0,0,0,0,0,0,0,0,0,240,0,0,0,2540,107,0,2346,0,0,3,2.54
859,10.894,20.693,0.073,0.0,0.0,0.0,0.0,0.0,534.0,2496.0,0.391,40,0,0,7.571,7.479,253,240,2,80,80,0,0,6400,0,0,0,0,0,0,0,0,0,0,240,0,0,0,2573,120,0,2368,0,0,2,2.573
860,11.31,20.693,0.073,0.0,0.0,0.0,0.0,0.0,534.0,2496.0,0.383,40,0,0,8.035,7.966,252,240,2,80,80,0,0,6400,0,0,0,0,0,0,0,0,0,0,240,0,0,0,2567,123,0,2360,0,0,3,2.567
861,11.201,20.693,0.073,0.0,0.0,0.0,0.0,0.0,534.0,2496.0,0.401,40,0,0,7.407,7.333,253,240,2,80,80,0,0,6400,0,0,0,0,0,0,0,0,0,0,240,0,0,0,3035,144,0,2758,0,0,3,3.035
862,10.497,20.693,0.073,0.0,0.0,0.0,0.0,0.0,534.0,2496.0,0.407,40,0,0,7.277,7.209,252,240,2,80,80,0,0,6400,0,0,0,0,0,0,0,0,0,0,240,0,0,0,2471,104,0,2295,0,0,2,2.471
863,11.558,20.693,0.073,0.0,0.0,0.0,0.0,0.0,534.0,2496.0,0.379,40,0,0,8.416,7.355,254,240,2,80,80,0,0,6400,0,0,0,0,0,0,0,0,0,0,240,0,0,0,2450,98,0,2279,0,0,2,2.45
864,12.267,20.693,0.073,0.0,0.0,0.0,0.0,0.0,534.0,2496.0,0.432,40,0,0,9.017,8.952,252,240,2,80,80,0,0,6400,0,0,0,0,0,0,0,0,0,0,240,0,0,0,2589,109,0,2401,0,0,3,2.589
865,11.731,20.693,0.073,0.0,0.0,0.0,0.0,0.0,534.0,2496.0,0.414,40,0,0,8.321,8.237,254,240,2,80,80,0,0,6400,0,0,0,0,0,0,0,0,0,0,240,0,0,0,2634,122,0,2422,0,0,3,2.634
866,12.14,20.693,0.073,0.0,0.0,0.0,0.0,0.0,534.0,2496.0,0.507,40,0,0,8.568,8.463,252,240,2,80,80,0,0,6400,0,0,0,0,0,0,0,0,0,0,240,0,0,0,2790,122,0,2577,0,0,2,2.79
867,11.839,20.693,0.073,0.0,0.0,0.0,0.0,0.0,534.0,2496.0,0.452,40,0,0,8.22,8.136,253,240,2,80,80,0,0,6400,0,0,0,0,0,0,0,0,0,0,240,0,0,0,2774,135,0,2550,0,0,3,2.774
868,13.832,20.693,0.073,0.0,0.0,0.0,0.0,0.0,534.0,2496.0,0.595,40,0,0,9.443,9.332,252,240,2,80,80,0,0,6400,0,0,0,0,0,0,0,0,0,0,240,0,0,0,3464,170,0,3155,0,0,10,3.464
869,12.468,20.693,0.073,0.0,0.0,0.0,0.0,0.0,534.0,2496.0,0.492,40,0,0,8.647,8.541,253,240,2,80,80,0,0,6400,0,0,0,0,0,0,0,0,0,0,240,0,0,0,2839,121,0,2619,0,0,3,2.839
870,13.446,20.693,0.073,0.0,0.0,0.0,0.0,0.0,534.0,2496.0,0.616,40,0,0,8.69,8.606,252,240,2,80,80,0,0,6400,0,0,0,0,0,0,0,0,0,0,240,0,0,0,3887,151,0,3594,0,0,5,3.887
871,18.122,20.693,0.073,0.0,0.0,0.0,0.0,0.0,534.0,2496.0,0.713,40,0,0,12.863,12.659,254,240,2,80,80,0,0,6400,0,0,0,0,0,0,0,0,0,0,240,0,0,0,4105,199,0,3763,0,0,4,4.105
872,17.604,20.693,0.073,0.0,0.0,0.0,0.0,0.0,534.0,2496.0,0.625,40,0,0,12.47,12.34,252,240,2,80,80,0,0,6400,0,0,0,0,0,0,0,0,0,0,240,0,0,0,3886,161,0,3570,0,0,4,3.886
873,17.426,20.693,0.073,0.0,0.0,0.0,0.0,0.0,534.0,2496.0,0.675,40,0,0,12.125,11.961,253,240,2,80,80,0,0,6400,0,0,0,0,0,0,0,0,0,0,240,0,0,0,4044,196,0,3706,0,0,6,4.044
874,17.019,20.693,0.073,0.0,0.0,0.0,0.0,0.0,534.0,2496.0,0.643,40,0,0,11.91,11.785,252,240,2,80,80,0,0,6400,0,0,0,0,0,0,0,0,0,0,240,0,0,0,3886,201,0,3547,0,0,6,3.886
875,16.51,20.693,0.073,0.0,0.0,0.0,0.0,0.0,534.0,2496.0,0.665,40,0,0,11.569,11.448,253,240,2,80,80,0,0,6400,0,0,0,0,0,0,0,0,0,0,240,0,0,0,3786,163,0,3481,0,0,6,3.786
876,16.499,20.693,0.073,0.0,0.0,0.0,0.0,0.0,534.0,2496.0,0.623,40,0,0,11.76,11.638,252,240,2,80,80,0,0,6400,0,0,0,0,0,0,0,0,0,0,240,0,0,0,3482,197,0,3153,0,0,6,3.482
877,16.209,20.693,0.073,0.0,0.0,0.0,0.0,0.0,534.0,2496.0,0.637,40,0,0,11.403,11.279,254,240,2,80,80,0,0,6400,0,0,0,0,0,0,0,0,0,0,240,0,0,0,3612,159,0,3320,0,0,6,3.612
878,17.066,68.973,0.04,0.0,0.0,0.0,0.0,0.0,534.0,2496.0,0.752,40,0,0,11.979,11.851,254,240,2,80,80,0,0,6400,0,0,0,0,0,0,0,0,0,0,240,0,0,0,3856,184,0,3525,0,0,6,3.856
879,17.766,68.973,0.04,0.0,0.0,0.0,0.0,0.0,534.0,2496.0,0.73,40,0,0,12.528,12.348,253,240,2,80,80,0,0,6400,0,0,0,0,0,0,0,0,0,0,240,0,0,0,3920,172,0,3570,0,0,6,3.92
880,17.709,68.973,0.04,0.0,0.0,0.0,0.0,0.0,534.0,2496.0,0.714,40,0,0,12.587,12.45,252,240,2,80,80,0,0,6400,0,0,0,0,0,0,0,0,0,0,240,0,0,0,3870,162,0,3567,0,0,6,3.87
881,17.965,68.973,0.04,0.0,0.0,0.0,0.0,0.0,534.0,2496.0,0.7,40,0,0,12.428,12.254,252,240,2,80,80,0,0,6400,0,0,0,0,0,0,0,0,0,0,240,0,0,0,4205,183,0,3870,0,0,5,4.205
882,17.71,68.973,0.04,0.0,0.0,0.0,0.0,0.0,534.0,2496.0,0.597,40,0,0,12.508,12.377,253,240,2,80,80,0,0,6400,0,0,0,0,0,0,0,0,0,0,240,0,0,0,3876,176,0,3556,0,0,5,3.876
883,17.42,68.973,0.04,0.0,0.0,0.0,0.0,0.0,534.0,2496.0,0.726,40,0,0,12.344,12.149,255,240,2,80,80,0,0,6400,0,0,0,0,0,0,0,0,0,0,240,0,0,0,3880,178,0,3504,0,0,5,3.88
884,17.438,68.973,0.04,0.0,0.0,0.0,0.0,0.0,534.0,2496.0,0.641,40,0,0,12.341,12.202,253,240,2,80,80,0,0,6400,0,0,0,0,0,0,0,0,0,0,240,0,0,0,3777,169,0,3470,0,0,6,3.777
885,17.862,68.973,0.04,0.0,0.0,0.0,0.0,0.0,534.0,2496.0,0.735,40,0,0,12.614,12.493,252,240,2,80,80,0,0,6400,0,0,0,0,0,0,0,0,0,0,240,0,0,0,4004,174,0,3686,0,0,5,4.004
886,15.223,68.973,0.04,0.0,0.0,0.0,0.0,0.0,534.0,2496.0,0.453,40,0,0,11.149,11.028,252,240,2,80,80,0,0,6400,0,0,0,0,0,0,0,0,0,0,240,0,0,0,2818,111,0,2608,0,0,3,2.818
887,13.699,68.973,0.04,0.0,0.0,0.0,0.0,0.0,534.0,2496.0,0.484,40,0,0,9.927,9.835,252,240,2,80,80,0,0,6400,0,0,0,0,0,0,0,0,0,0,240,0,0,0,2892,115,0,2684,0,0,2,2.892
888,12.746,68.973,0.04,0.0,0.0,0.0,0.0,0.0,534.0,2496.0,0.643,40,0,0,8.619,8.532,252,240,2,80,80,0,0,6400,0,0,0,0,0,0,0,0,0,0,240,0,0,0,3220,116,0,2989,0,0,5,3.22
889,16.787,68.973,0.04,0.0,0.0,0.0,0.0,0.0,534.0,2496.0,0.618,40,0,0,11.664,11.54,253,240,2,80,80,0,0,6400,0,0,0,0,0,0,0,0,0,0,240,0,0,0,3963,229,0,3606,0,0,5,3.963
890,17.775,68.973,0.04,0.0,0.0,0.0,0.0,0.0,534.0,2496.0,0.662,40,0,0,12.753,12.609,255,240,2,80,80,0,0,6400,0,0,0,0,0,0,0,0,0,0,240,0,0,0,3844,164,0,3549,0,0,6,3.844
891,16.507,68.973,0.04,0.0,0.0,0.0,0.0,0.0,534.0,2496.0,0.506,40,0,0,12.52,12.348,252,240,2,80,80,0,0,6400,0,0,0,0,0,0,0,0,0,0,240,0,0,0,2875,115,0,2666,0,0,3,2.875
892,12.253,68.973,0.04,0.0,0.0,0.0,0.0,0.0,534.0,2496.0,0.626,40,0,0,8.498,8.411,252,240,2,80,80,0,0,6400,0,0,0,0,0,0,0,0,0,0,240,0,0,0,2871,142,0,2631,0,0,2,2.871
893,14.414,68.973,0.04,0.0,0.0,0.0,0.0,0.0,534.0,2496.0,0.469,40,0,0,10.174,10.044,252,240,2,80,80,0,0,6400,0,0,0,0,0,0,0,0,0,0,240,0,0,0,3081,140,0,2837,0,0,4,3.081
894,14.661,68.973,0.04,0.0,0.0,0.0,0.0,0.0,534.0,2496.0,0.66,40,0,0,9.79,9.672,254,240,2,80,80,0,0,6400,0,0,0,0,0,0,0,0,0,0,240,0,0,0,3849,199,0,3514,0,0,5,3.849
895,12.935,68.973,0.04,0.0,0.0,0.0,0.0,0.0,534.0,2496.0,0.478,40,0,0,8.946,8.828,252,240,2,80,80,0,0,6400,0,0,0,0,0,0,0,0,0,0,240,0,0,0,2807,122,0,2591,0,0,3,2.807
896,15.664,68.973,0.04,0.0,0.0,0.0,0.0,0.0,534.0,2496.0,0.478,40,0,0,11.727,11.622,255,240,2,80,80,0,0,6400,0,0,0,0,0,0,0,0,0,0,240,0,0,0,3004,146,0,2762,0,0,3,3.004
897,13.607,68.973,0.04,0.0,0.0,0.0,0.0,0.0,534.0,2496.0,0.675,40,0,0,8.693,8.605,252,240,2,80,80,0,0,6400,0,0,0,0,0,0,0,0,0,0,240,0,0,0,3917,174,0,3603,0,0,6,3.917
898,17.759,68.973,0.04,0.0,0.0,0.0,0.0,0.0,534.0,2496.0,0.618,40,0,0,12.557,12.379,252,240,2,80,80,0,0,6400,0,0,0,0,0,0,0,0,0,0,240,0,0,0,4021,170,0,3702,0,0,5,4.021
899,17.914,68.973,0.04,0.0,0.0,0.0,0.0,0.0,534.0,2496.0,0.682,40,0,0,12.832,12.695,253,240,2,80,80,0,0,6400,0,0,0,0,0,0,0,0,0,0,240,0,0,0,3973,162,0,3633,0,0,6,3.973
900,18.266,68.973,0.04,0.0,0.0,0.0,0.0,0.0,534.0,2496.0,0.641,40,0,0,12.999,12.854,253,240,2,80,80,0,0,6400,0,0,0,0,0,0,0,0,0,0,240,0,0,0,3968,206,0,3615,0,0,6,3.968
901,15.806,68.973,0.04,0.0,0.0,0.0,0.0,0.0,534.0,2496.0,0.614,40,0,0,11.216,11.093,253,240,2,80,80,0,0,6400,0,0,0,0,0,0,0,0,0,0,240,0,0,0,3486,170,0,3193,0,0,5,3.486
902,13.846,68.973,0.04,0.0,0.0,0.0,0.0,0.0,534.0,2496.0,0.584,40,0,0,8.973,8.832,254,240,2,80,80,0,0,6400,0,0,0,0,0,0,0,0,0,0,240,0,0,0,3775,182,0,3452,0,0,4,3.775
903,12.714,68.973,0.04,0.0,0.0,0.0,0.0,0.0,534.0,2496.0,0.452,40,0,0,8.814,8.69,253,240,2,80,80,0,0,6400,0,0,0,0,0,0,0,0,0,0,240,0,0,0,2866,125,0,2648,0,0,3,2.866
904,13.845,68.973,0.04,0.0,0.0,0.0,0.0,0.0,534.0,2496.0,0.622,40,0,0,8.788,8.662,253,240,2,80,80,0,0,6400,0,0,0,0,0,0,0,0,0,0,240,0,0,0,4096,191,0,3754,0,0,4,4.096
905,13.987,68.973,0.04,0.0,0.0,0.0,0.0,0.0,534.0,2496.0,0.489,40,0,0,10.056,9.94,252,240,2,80,80,0,0,6400,0,0,0,0,0,0,0,0,0,0,240,0,0,0,2835,118,0,2627,0,0,2,2.835
906,16.06,68.973,0.04,0.0,0.0,0.0,0.0,0.0,534.0,2496.0,0.639,40,0,0,11.329,11.241,253,240,2,80,80,0,0,6400,0,0,0,0,0,0,0,0,0,0,240,0,0,0,3758,171,0,3455,0,0,5,3.758
907,16.408,68.973,0.04,0.0,0.0,0.0,0.0,0.0,534.0,2496.0,0.645,40,0,0,11.432,11.321,252,240,2,80,80,0,0,6400,0,0,0,0,0,0,0,0,0,0,240,0,0,0,3812,163,0,3512,0,0,5,3.812
908,17.012,68.973,0.04,0.0,0.0,0.0,0.0,0.0,534.0,2496.0,0.62,40,0,0,12.038,11.889,255,240,2,80,80,0,0,6400,0,0,0,0,0,0,0,0,0,0,240,0,0,0,3819,195,0,3485,0,0,4,3.819
909,14.738,68.973,0.04,0.0,0.0,0.0,0.0,0.0,534.0,2496.0,0.701,40,0,0,9.986,9.874,252,240,2,80,80,0,0,6400,0,0,0,0,0,0,0,0,0,0,240,0,0,0,3669,140,0,3396,0,0,5,3.669
910,17.088,68.973,0.04,0.0,0.0,0.0,0.0,0.0,534.0,2496.0,0.669,40,0,0,11.999,11.886,252,240,2,80,80,0,0,6400,0,0,0,0,0,0,0,0,0,0,240,0,0,0,3855,167,0,3537,0,0,4,3.855
911,17.288,68.973,0.04,0.0,0.0,0.0,0.0,0.0,534.0,2496.0,0.545,40,0,0,12.257,12.132,253,240,2,80,80,0,0,6400,0,0,0,0,0,0,0,0,0,0,240,0,0,0,3740,167,0,3436,0,0,6,3.74
912,16.08,68.973,0.04,0.0,0.0,0.0,0.0,0.0,534.0,2496.0,0.488,40,0,0,11.944,11.828,252,240,2,80,80,0,0,6400,0,0,0,0,0,0,0,0,0,0,240,0,0,0,3060,138,0,2824,0,0,4,3.06
913,12.585,68.973,0.04,0.0,0.0,0.0,0.0,0.0,534.0,2496.0,0.435,40,0,0,8.905,8.817,252,240,2,80,80,0,0,6400,0,0,0,0,0,0,0,0,0,0,240,0,0,0,2792,118,0,2583,0,0,2,2.792
914,14.797,68.973,0.04,0.0,0.0,0.0,0.0,0.0,534.0,2496.0,0.555,40,0,0,10.234,10.138,255,240,2,80,80,0,0,6400,0,0,0,0,0,0,0,0,0,0,240,0,0,0,3639,163,0,3335,0,0,5,3.639
915,16.873,68.973,0.04,0.0,0.0,0.0,0.0,0.0,534.0,2496.0,0.627,40,0,0,11.891,11.735,253,240,2,80,80,0,0,6400,0,0,0,0,0,0,0,0,0,0,240,0,0,0,3898,170,0,3588,0,0,5,3.898
916,16.09,68.973,0.04,0.0,0.0,0.0,0.0,0.0,534.0,2496.0,0.617,40,0,0,11.04,10.887,252,240,2,80,80,0,0,6400,0,0,0,0,0,0,0,0,0,0,240,0,0,0,3921,173,0,3610,0,0,4,3.921
917,15.635,68.973,0.04,0.0,0.0,0.0,0.0,0.0,534.0,2496.0,0.662,40,0,0,11.823,11.707,252,240,2,80,80,0,0,6400,0,0,0,0,0,0,0,0,0,0,240,0,0,0,2647,109,0,2435,0,0,2,2.647
918,12.119,68.973,0.04,0.0,0.0,0.0,0.0,0.0,534.0,2496.0,0.512,40,0,0,8.442,8.359,252,240,2,80,80,0,0,6400,0,0,0,0,0,0,0,0,0,0,240,0,0,0,2638,109,0,2445,0,0,2,2.638
919,13.387,68.973,0.04,0.0,0.0,0.0,0.0,0.0,534.0,2496.0,0.462,40,0,0,9.568,9.484,253,240,2,80,80,0,0,6400,0,0,0,0,0,0,0,0,0,0,240,0,0,0,2909,136,0,2683,0,0,3,2.909
920,17.285,68.973,0.04,0.0,0.0,0.0,0.0,0.0,534.0,2496.0,0.509,40,0,0,9.353,9.211,253,240,2,80,80,0,0,6400,0,0,0,0,0,0,0,0,0,0,240,0,0,0,7099,132,0,6849,0,0,5,7.099
921,11.937,68.973,0.04,0.0,0.0,0.0,0.0,0.0,534.0,2496.0,0.471,40,0,0,8.268,8.172,254,240,2,80,80,0,0,6400,0,0,0,0,0,0,0,0,0,0,240,0,0,0,2763,113,0,2556,0,0,3,2.763
922,12.082,68.973,0.04,0.0,0.0,0.0,0.0,0.0,534.0,2496.0,0.465,40,0,0,8.384,8.308,252,240,2,80,80,0,0,6400,0,0,0,0,0,0,0,0,0,0,240,0,0,0,2856,153,0,2609,0,0,4,2.856
923,13.748,68.973,0.04,0.0,0.0,0.0,0.0,0.0,534.0,2496.0,0.463,40,0,0,9.297,9.208,253,240,2,80,80,0,0,6400,0,0,0,0,0,0,0,0,0,0,240,0,0,0,3607,121,0,3381,0,0,4,3.607
924,14.682,68.973,0.04,0.0,0.0,0.0,0.0,0.0,534.0,2496.0,0.54,40,0,0,9.88,9.781,254,240,2,80,80,0,0,6400,0,0,0,0,0,0,0,0,0,0,240,0,0,0,3859,196,0,3522,0,0,6,3.859
925,15.297,68.973,0.04,0.0,0.0,0.0,0.0,0.0,534.0,2496.0,0.49,40,0,0,10.684,10.585,252,240,2,80,80,0,0,6400,0,0,0,0,0,0,0,0,0,0,240,0,0,0,3657,148,0,3362,0,0,5,3.657
926,14.181,68.973,0.04,0.0,0.0,0.0,0.0,0.0,534.0,2496.0,0.462,40,0,0,9.764,9.667,252,240,2,80,80,0,0,6400,0,0,0,0,0,0,0,0,0,0,240,0,0,0,3456,154,0,3181,0,0,5,3.456
927,11.72,68.973,0.04,0.0,0.0,0.0,0.0,0.0,534.0,2496.0,0.397,40,0,0,8.133,8.036,254,240,2,80,80,0,0,6400,0,0,0,0,0,0,0,0,0,0,240,0,0,0,2751,131,0,2530,0,0,3,2.751
928,12.632,68.973,0.04,0.0,0.0,0.0,0.0,0.0,534.0,2496.0,0.491,40,0,0,8.214,8.141,252,240,2,80,80,0,0,6400,0,0,0,0,0,0,0,0,0,0,240,0,0,0,3520,161,0,3216,0,0,4,3.52
929,15.503,68.973,0.04,0.0,0.0,0.0,0.0,0.0,534.0,2496.0,0.559,40,0,0,11.026,10.916,253,240,2,80,80,0,0,6400,0,0,0,0,0,0,0,0,0,0,240,0,0,0,3532,180,0,3200,0,0,5,3.532
930,14.673,68.973,0.04,0.0,0.0,0.0,0.0,0.0,534.0,2496.0,0.498,40,0,0,10.187,10.079,252,240,2,80,80,0,0,6400,0,0,0,0,0,0,0,0,0,0,240,0,0,0,3500,148,0,3228,0,0,2,3.5
931,12.38,68.973,0.04,0.0,0.0,0.0,0.0,0.0,534.0,2496.0,0.594,40,0,0,8.333,8.236,252,240,2,80,80,0,0,6400,0,0,0,0,0,0,0,0,0,0,240,0,0,0,3170,132,0,2930,0,0,5,3.17
932,14.991,68.973,0.04,0.0,0.0,0.0,0.0,0.0,534.0,2496.0,0.596,40,0,0,10.663,10.566,252,240,2,80,80,0,0,6400,0,0,0,0,0,0,0,0,0,0,240,0,0,0,3296,133,0,3042,0,0,5,3.296
933,17.15,68.973,0.04,0.0,0.0,0.0,0.0,0.0,534.0,2496.0,0.586,40,0,0,12.248,12.122,254,240,2,80,80,0,0,6400,0,0,0,0,0,0,0,0,0,0,240,0,0,0,3834,165,0,3492,0,0,6,3.834
934,14.573,68.973,0.04,0.0,0.0,0.0,0.0,0.0,534.0,2496.0,0.569,40,0,0,10.453,10.336,253,240,2,80,80,0,0,6400,0,0,0,0,0,0,0,0,0,0,240,0,0,0,3010,157,0,2746,0,0,4,3.01
935,14.347,68.973,0.04,0.0,0.0,0.0,0.0,0.0,534.0,2496.0,0.522,40,0,0,9.899,9.736,253,240,2,80,80,0,0,6400,0,0,0,0,0,0,0,0,0,0,240,0,0,0,3356,156,0,3088,0,0,3,3.356
936,13.627,68.973,0.04,0.0,0.0,0.0,0.0,0.0,534.0,2496.0,0.549,40,0,0,9.511,9.401,253,240,2,80,80,0,0,6400,0,0,0,0,0,0,0,0,0,0,240,0,0,0,3143,131,0,2903,0,0,2,3.143
937,12.702,68.973,0.04,0.0,0.0,0.0,0.0,0.0,534.0,2496.0,0.476,40,0,0,8.895,8.791,252,240,2,80,80,0,0,6400,0,0,0,0,0,0,0,0,0,0,240,0,0,0,2860,123,0,2645,0,0,3,2.86
938,14.156,68.973,0.04,0.0,0.0,0.0,0.0,0.0,534.0,2496.0,0.673,40,0,0,10.029,9.947,252,240,2,80,80,0,0,6400,0,0,0,0,0,0,0,0,0,0,240,0,0,0,3231,136,0,2964,0,0,5,3.231
939,15.48,68.973,0.04,0.0,0.0,0.0,0.0,0.0,534.0,2496.0,0.481,40,0,0,10.852,10.666,254,240,2,80,80,0,0,6400,0,0,0,0,0,0,0,0,0,0,240,0,0,0,3452,147,0,3186,0,0,5,3.452
940,15.038,68.973,0.04,0.0,0.0,0.0,0.0,0.0,534.0,2496.0,0.491,40,0,0,10.991,10.904,252,240,2,80,80,0,0,6400,0,0,0,0,0,0,0,0,0,0,240,0,0,0,3127,137,0,2876,0,0,3,3.127
941,12.054,68.973,0.04,0.0,0.0,0.0,0.0,0.0,534.0,2496.0,0.465,40,0,0,8.369,8.284,252,240,2,80,80,0,0,6400,0,0,0,0,0,0,0,0,0,0,240,0,0,0,2846,111,0,2651,0,0,3,2.846
942,11.787,68.973,0.04,0.0,0.0,0.0,0.0,0.0,534.0,2496.0,0.379,40,0,0,8.369,8.292,252,240,2,80,80,0,0,6400,0,0,0,0,0,0,0,0,0,0,240,0,0,0,2622,112,0,2424,0,0,2,2.622
943,11.239,68.973,0.04,0.0,0.0,0.0,0.0,0.0,534.0,2496.0,0.436,40,0,0,7.797,7.723,252,240,2,80,80,0,0,6400,0,0,0,0,0,0,0,0,0,0,240,0,0,0,2762,102,0,2547,0,0,28,2.762
944,11.461,68.973,0.04,0.0,0.0,0.0,0.0,0.0,534.0,2496.0,0.393,40,0,0,7.783,7.696,253,240,2,80,80,0,0,6400,0,0,0,0,0,0,0,0,0,0,240,0,0,0,2658,100,0,2474,0,0,3,2.658
945,10.982,18.112,0.052,0.0,0.0,0.0,0.0,0.0,534.0,2496.0,0.412,40,0,0,7.772,7.702,252,240,2,80,80,0,0,6400,0,0,0,0,0,0,0,0,0,0,240,0,0,0,2515,99,0,2332,0,0,3,2.515
946,10.612,18.112,0.052,0.0,0.0,0.0,0.0,0.0,534.0,2496.0,0.407,40,0,0,7.356,7.282,253,240,2,80,80,0,0,6400,0,0,0,0,0,0,0,0,0,0,240,0,0,0,2559,108,0,2366,0,0,3,2.559
947,10.672,18.112,0.052,0.0,0.0,0.0,0.0,0.0,534.0,2496.0,0.363,40,0,0,7.401,7.319,253,240,2,80,80,0,0,6400,0,0,0,0,0,0,0,0,0,0,240,0,0,0,2571,101,0,2392,0,0,2,2.571
948,11.071,18.112,0.052,0.0,0.0,0.0,0.0,0.0,534.0,2496.0,0.384,40,0,0,7.83,7.753,254,240,2,80,80,0,0,6400,0,0,0,0,0,0,0,0,0,0,240,0,0,0,2564,108,0,2375,0,0,3,2.564
949,10.676,18.112,0.052,0.0,0.0,0.0,0.0,0.0,534.0,2496.0,0.378,40,0,0,7.499,7.395,254,240,2,80,80,0,0,6400,0,0,0,0,0,0,0,0,0,0,240,0,0,0,2511,98,0,2337,0,0,2,2.511
950,10.708,18.112,0.052,0.0,0.0,0.0,0.0,0.0,534.0,2496.0,0.428,40,0,0,7.463,7.395,252,240,2,80,80,0,0,6400,0,0,0,0,0,0,0,0,0,0,240,0,0,0,2568,102,0,2387,0,0,2,2.568
951,10.746,18.112,0.052,0.0,0.0,0.0,0.0,0.0,534.0,2496.0,0.378,40,0,0,7.42,7.352,252,240,2,80,80,0,0,6400,0,0,0,0,0,0,0,0,0,0,240,0,0,0,2617,127,0,2406,0,0,1,2.617
952,10.939,18.112,0.052,0.0,0.0,0.0,0.0,0.0,534.0,2496.0,0.38,40,0,0,7.654,7.584,252,240,2,80,80,0,0,6400,0,0,0,0,0,0,0,0,0,0,240,0,0,0,2614,101,0,2433,0,0,3,2.614
953,11.033,18.112,0.052,0.0,0.0,0.0,0.0,0.0,534.0,2496.0,0.386,40,0,0,7.645,7.574,252,240,2,80,80,0,0,6400,0,0,0,0,0,0,0,0,0,0,240,0,0,0,2692,105,0,2506,0,0,3,2.692
954,10.952,18.112,0.052,0.0,0.0,0.0,0.0,0.0,534.0,2496.0,0.372,40,0,0,7.67,7.579,255,240,2,80,80,0,0,6400,0,0,0,0,0,0,0,0,0,0,240,0,0,0,2562,123,0,2350,0,0,1,2.562
955,11.058,18.112,0.052,0.0,0.0,0.0,0.0,0.0,534.0,2496.0,0.418,40,0,0,7.589,7.501,252,240,2,80,80,0,0,6400,0,0,0,0,0,0,0,0,0,0,240,0,0,0,2792,113,0,2583,0,0,3,2.792
956,13.271,18.112,0.052,0.0,0.0,0.0,0.0,0.0,534.0,2496.0,0.473,40,0,0,9.529,9.452,252,240,2,80,80,0,0,6400,0,0,0,0,0,0,0,0,0,0,240,0,0,0,2975,155,0,2707,0,0,2,2.975
957,11.84,18.112,0.052,0.0,0.0,0.0,0.0,0.0,534.0,2496.0,0.485,40,0,0,8.193,8.105,253,240,2,80,80,0,0,6400,0,0,0,0,0,0,0,0,0,0,240,0,0,0,2851,153,0,2613,0,0,2,2.851
958,11.802,18.112,0.052,0.0,0.0,0.0,0.0,0.0,534.0,2496.0,0.434,40,0,0,8.172,8.084,253,240,2,80,80,0,0,6400,0,0,0,0,0,0,0,0,0,0,240,0,0,0,2811,111,0,2604,0,0,3,2.811
959,11.875,18.112,0.052,0.0,0.0,0.0,0.0,0.0,534.0,2496.0,0.422,40,0,0,8.32,8.245,252,240,2,80,80,0,0,6400,0,0,0,0,0,0,0,0,0,0,240,0,0,0,2802,125,0,2590,0,0,2,2.802
960,11.81,18.112,0.052,0.0,0.0,0.0,0.0,0.0,534.0,2496.0,0.412,40,0,0,8.235,8.149,254,240,2,80,80,0,0,6400,0,0,0,0,0,0,0,0,0,0,240,0,0,0,2822,115,0,2614,0,0,3,2.822
961,12.623,18.112,0.052,0.0,0.0,0.0,0.0,0.0,534.0,2496.0,0.457,40,0,0,9.051,8.945,253,240,2,80,80,0,0,6400,0,0,0,0,0,0,0,0,0,0,240,0,0,0,2777,121,0,2569,0,0,2,2.777
962,13.43,18.112,0.052,0.0,0.0,0.0,0.0,0.0,534.0,2496.0,0.412,40,0,0,9.808,8.738,253,240,2,80,80,0,0,6400,0,0,0,0,0,0,0,0,0,0,240,0,0,0,2785,122,0,2577,0,0,2,2.785
963,13.906,18.112,0.052,0.0,0.0,0.0,0.0,0.0,534.0,2496.0,0.412,40,0,0,10.046,9.963,253,240,2,80,80,0,0,6400,0,0,0,0,0,0,0,0,0,0,240,0,0,0,3100,133,0,2875,0,0,3,3.1
964,15.501,18.112,0.052,0.0,0.0,0.0,0.0,0.0,534.0,2496.0,0.423,40,0,0,11.987,11.9,253,240,2,80,80,0,0,6400,0,0,0,0,0,0,0,0,0,0,240,0,0,0,2674,165,0,2423,0,0,3,2.674
965,10.839,18.112,0.052,0.0,0.0,0.0,0.0,0.0,534.0,2496.0,0.39,40,0,0,7.431,7.345,253,240,2,80,80,0,0,6400,0,0,0,0,0,0,0,0,0,0,240,0,0,0,2676,114,0,2475,0,0,3,2.676
966,16.671,18.112,0.052,0.0,0.0,0.0,0.0,0.0,534.0,2496.0,0.674,40,0,0,11.696,11.579,253,240,2,80,80,0,0,6400,0,0,0,0,0,0,0,0,0,0,240,0,0,0,4053,216,0,3682,0,0,6,4.053
967,12.702,18.112,0.052,0.0,0.0,0.0,0.0,0.0,534.0,2496.0,0.479,40,0,0,8.768,8.624,252,240,2,80,80,0,0,6400,0,0,0,0,0,0,0,0,0,0,240,0,0,0,2857,140,0,2620,0,0,3,2.857
968,13.048,18.112,0.052,0.0,0.0,0.0,0.0,0.0,534.0,2496.0,0.451,40,0,0,8.39,8.3,253,240,2,80,80,0,0,6400,0,0,0,0,0,0,0,0,0,0,240,0,0,0,3795,135,0,3561,0,0,4,3.795
969,13.027,18.112,0.052,0.0,0.0,0.0,0.0,0.0,534.0,2496.0,0.516,40,0,0,9.167,9.067,254,240,2,80,80,0,0,6400,0,0,0,0,0,0,0,0,0,0,240,0,0,0,3046,125,0,2819,0,0,3,3.046
970,12.6,18.112,0.052,0.0,0.0,0.0,0.0,0.0,534.0,2496.0,0.548,40,0,0,8.342,8.238,254,240,2,80,80,0,0,6400,0,0,0,0,0,0,0,0,0,0,240,0,0,0,3287,143,0,3014,0,0,4,3.287
971,13.321,18.112,0.052,0.0,0.0,0.0,0.0,0.0,534.0,2496.0,0.505,40,0,0,9.258,9.138,253,240,2,80,80,0,0,6400,0,0,0,0,0,0,0,0,0,0,240,0,0,0,3110,120,0,2874,0,0,3,3.11
972,13.346,18.112,0.052,0.0,0.0,0.0,0.0,0.0,534.0,2496.0,0.482,40,0,0,9.596,9.504,253,240,2,80,80,0,0,6400,0,0,0,0,0,0,0,0,0,0,240,0,0,0,2866,116,0,2638,0,0,3,2.866
973,13.312,18.112,0.052,0.0,0.0,0.0,0.0,0.0,534.0,2496.0,0.636,40,0,0,9.036,8.945,253,240,2,80,80,0,0,6400,0,0,0,0,0,0,0,0,0,0,240,0,0,0,3337,146,0,3078,0,0,4,3.337
974,14.582,18.112,0.052,0.0,0.0,0.0,0.0,0.0,534.0,2496.0,0.506,40,0,0,10.616,10.432,253,240,2,80,80,0,0,6400,0,0,0,0,0,0,0,0,0,0,240,0,0,0,2894,121,0,2676,0,0,3,2.894
975,12.527,18.112,0.052,0.0,0.0,0.0,0.0,0.0,534.0,2496.0,0.531,40,0,0,8.742,8.636,252,240,2,80,80,0,0,6400,0,0,0,0,0,0,0,0,0,0,240,0,0,0,2851,119,0,2609,0,0,3,2.851
976,12.416,18.112,0.052,0.0,0.0,0.0,0.0,0.0,534.0,2496.0,0.479,40,0,0,8.567,8.466,255,240,2,80,80,0,0,6400,0,0,0,0,0,0,0,0,0,0,240,0,0,0,2907,135,0,2686,0,0,4,2.907
977,14.455,18.112,0.052,0.0,0.0,0.0,0.0,0.0,534.0,2496.0,0.474,40,0,0,10.614,10.52,252,240,2,80,80,0,0,6400,0,0,0,0,0,0,0,0,0,0,240,0,0,0,2976,135,0,2743,0,0,3,2.976
978,13.301,18.112,0.052,0.0,0.0,0.0,0.0,0.0,534.0,2496.0,0.692,40,0,0,8.624,8.529,253,240,2,80,80,0,0,6400,0,0,0,0,0,0,0,0,0,0,240,0,0,0,3790,141,0,3535,0,0,6,3.79
979,16.995,18.112,0.052,0.0,0.0,0.0,0.0,0.0,534.0,2496.0,0.731,40,0,0,11.631,11.508,253,240,2,80,80,0,0,6400,0,0,0,0,0,0,0,0,0,0,240,0,0,0,4125,189,0,3773,0,0,3,4.125
980,17.919,18.112,0.052,0.0,0.0,0.0,0.0,0.0,534.0,2496.0,0.596,40,0,0,12.873,12.754,252,240,2,80,80,0,0,6400,0,0,0,0,0,0,0,0,0,0,240,0,0,0,3796,194,0,3452,0,0,3,3.796
981,15.943,18.112,0.052,0.0,0.0,0.0,0.0,0.0,534.0,2496.0,0.593,40,0,0,11.179,11.054,254,240,2,80,80,0,0,6400,0,0,0,0,0,0,0,0,0,0,240,0,0,0,3692,191,0,3354,0,0,3,3.692
982,15.922,18.112,0.052,0.0,0.0,0.0,0.0,0.0,534.0,2496.0,0.616,40,0,0,11.111,10.99,254,240,2,80,80,0,0,6400,0,0,0,0,0,0,0,0,0,0,240,0,0,0,3752,160,0,3460,0,0,3,3.752
983,15.916,18.112,0.052,0.0,0.0,0.0,0.0,0.0,534.0,2496.0,0.627,40,0,0,11.137,11.016,253,240,2,80,80,0,0,6400,0,0,0,0,0,0,0,0,0,0,240,0,0,0,3695,156,0,3407,0,0,3,3.695
984,15.909,18.112,0.052,0.0,0.0,0.0,0.0,0.0,534.0,2496.0,0.542,40,0,0,11.121,11.006,252,240,2,80,80,0,0,6400,0,0,0,0,0,0,0,0,0,0,240,0,0,0,3701,153,0,3417,0,0,2,3.701
985,15.763,18.112,0.052,0.0,0.0,0.0,0.0,0.0,534.0,2496.0,0.521,40,0,0,10.943,10.835,253,240,2,80,80,0,0,6400,0,0,0,0,0,0,0,0,0,0,240,0,0,0,3793,159,0,3504,0,0,4,3.793
986,15.803,18.112,0.052,0.0,0.0,0.0,0.0,0.0,534.0,2496.0,0.589,40,0,0,11.059,10.951,253,240,2,80,80,0,0,6400,0,0,0,0,0,0,0,0,0,0,240,0,0,0,3751,155,0,3464,0,0,5,3.751
987,15.674,18.112,0.052,0.0,0.0,0.0,0.0,0.0,534.0,2496.0,0.606,40,0,0,10.897,10.777,254,240,2,80,80,0,0,6400,0,0,0,0,0,0,0,0,0,0,240,0,0,0,3726,154,0,3447,0,0,4,3.726
988,17.077,18.112,0.052,0.0,0.0,0.0,0.0,0.0,534.0,2496.0,0.644,40,0,0,11.792,11.676,253,240,2,80,80,0,0,6400,0,0,0,0,0,0,0,0,0,0,240,0,0,0,4164,164,0,3858,0,0,4,4.164
989,16.655,18.112,0.052,0.0,0.0,0.0,0.0,0.0,534.0,2496.0,0.521,40,0,0,11.894,11.786,252,240,2,80,80,0,0,6400,0,0,0,0,0,0,0,0,0,0,240,0,0,0,3686,150,0,3404,0,0,4,3.686
990,15.832,18.112,0.052,0.0,0.0,0.0,0.0,0.0,534.0,2496.0,0.544,40,0,0,11.051,10.925,254,240,2,80,80,0,0,6400,0,0,0,0,0,0,0,0,0,0,240,0,0,0,3755,158,0,3465,0,0,6,3.755
991,15.861,18.112,0.052,0.0,0.0,0.0,0.0,0.0,534.0,2496.0,0.546,40,0,0,11.182,11.057,254,240,2,80,80,0,0,6400,0,0,0,0,0,0,0,0,0,0,240,0,0,0,3672,151,0,3401,0,0,3,3.672
992,15.898,18.112,0.052,0.0,0.0,0.0,0.0,0.0,534.0,2496.0,0.579,40,0,0,11.145,11.038,252,240,2,80,80,0,0,6400,0,0,0,0,0,0,0,0,0,0,240,0,0,0,3705,156,0,3416,0,0,4,3.705
993,17.388,18.112,0.052,0.0,0.0,0.0,0.0,0.0,534.0,2496.0,0.578,40,0,0,12.254,12.142,253,240,2,80,80,0,0,6400,0,0,0,0,0,0,0,0,0,0,240,0,0,0,4044,163,0,3717,0,0,4,4.044
994,16.529,18.112,0.052,0.0,0.0,0.0,0.0,0.0,534.0,2496.0,0.617,40,0,0,11.667,11.536,254,240,2,80,80,0,0,6400,0,0,0,0,0,0,0,0,0,0,240,0,0,0,3749,176,0,3435,0,0,5,3.749
995,15.68,18.112,0.052,0.0,0.0,0.0,0.0,0.0,534.0,2496.0,0.596,40,0,0,10.921,10.825,252,240,2,80,80,0,0,6400,0,0,0,0,0,0,0,0,0,0,240,0,0,0,3680,156,0,3405,0,0,5,3.68
996,15.319,18.112,0.052,0.0,0.0,0.0,0.0,0.0,534.0,2496.0,0.606,40,0,0,10.66,10.489,253,240,2,80,80,0,0,6400,0,0,0,0,0,0,0,0,0,0,240,0,0,0,3590,152,0,3315,0,0,5,3.59
997,15.36,18.112,0.052,0.0,0.0,0.0,0.0,0.0,534.0,2496.0,0.512,40,0,0,10.679,10.555,253,240,2,80,80,0,0,6400,0,0,0,0,0,0,0,0,0,0,240,0,0,0,3653,146,0,3382,0,0,5,3.653
998,15.333,18.112,0.052,0.0,0.0,0.0,0.0,0.0,534.0,2496.0,0.587,40,0,0,10.745,10.645,253,240,2,80,80,0,0,6400,0,0,0,0,0,0,0,0,0,0,240,0,0,0,3614,178,0,3315,0,0,4,3.614
999,15.241,18.112,0.052,0.0,0.0,0.0,0.0,0.0,534.0,2496.0,0.597,40,0,0,10.643,10.514,253,240,2,80,80,0,0,6400,0,0,0,0,0,0,0,0,0,0,240,0,0,0,3564,148,0,3297,0,0,5,3.564
1000,16.117,18.112,0.052,0.0,0.0,0.0,0.0,0.0,534.0,2496.0,0.604,40,0,0,11.224,11.112,253,240,2,80,80,0,0,6400,0,0,0,0,0,0,0,0,0,0,240,0,0,0,3754,154,0,3474,0,0,4,3.754
1001,16.86,18.112,0.052,0.0,0.0,0.0,0.0,0.0,534.0,2496.0,0.583,40,0,0,12.113,11.988,254,240,2,80,80,0,0,6400,0,0,0,0,0,0,0,0,0,0,240,0,0,0,3667,163,0,3381,0,0,3,3.667
1002,15.566,18.112,0.052,0.0,0.0,0.0,0.0,0.0,534.0,2496.0,0.547,40,0,0,10.912,10.807,252,240,2,80,80,0,0,6400,0,0,0,0,0,0,0,0,0,0,240,0,0,0,3614,147,0,3346,0,0,3,3.614
1003,15.696,18.112,0.052,0.0,0.0,0.0,0.0,0.0,534.0,2496.0,0.632,40,0,0,10.741,10.63,253,240,2,80,80,0,0,6400,0,0,0,0,0,0,0,0,0,0,240,0,0,0,3907,157,0,3593,0,0,3,3.907
1004,17.029,18.112,0.052,0.0,0.0,0.0,0.0,0.0,534.0,2496.0,0.56,40,0,0,12.307,12.185,254,240,2,80,80,0,0,6400,0,0,0,0,0,0,0,0,0,0,240,0,0,0,3592,151,0,3275,0,0,4,3.592
1005,16.664,18.112,0.052,0.0,0.0,0.0,0.0,0.0,534.0,2496.0,0.709,40,0,0,11.589,11.478,253,240,2,80,80,0,0,6400,0,0,0,0,0,0,0,0,0,0,240,0,0,0,4049,173,0,3740,0,0,4,4.049
1006,16.482,18.112,0.052,0.0,0.0,0.0,0.0,0.0,534.0,2496.0,0.552,40,0,0,11.628,11.492,254,240,2,80,80,0,0,6400,0,0,0,0,0,0,0,0,0,0,240,0,0,0,3671,152,0,3398,0,0,4,3.671
1007,15.601,18.112,0.052,0.0,0.0,0.0,0.0,0.0,534.0,2496.0,0.573,40,0,0,10.863,10.719,252,240,2,80,80,0,0,6400,0,0,0,0,0,0,0,0,0,0,240,0,0,0,3723,158,0,3429,0,0,4,3.723
1008,15.72,18.112,0.052,0.0,0.0,0.0,0.0,0.0,534.0,2496.0,0.608,40,0,0,10.911,10.819,252,240,2,80,80,0,0,6400,0,0,0,0,0,0,0,0,0,0,240,0,0,0,3774,157,0,3484,0,0,5,3.774
1009,15.71,18.112,0.052,0.0,0.0,0.0,0.0,0.0,534.0,2496.0,0.584,40,0,0,10.897,10.756,255,240,2,80,80,0,0,6400,0,0,0,0,0,0,0,0,0,0,240,0,0,0,3746,157,0,3450,0,0,4,3.746
1010,15.658,18.112,0.052,0.0,0.0,0.0,0.0,0.0,534.0,2496.0,0.569,40,0,0,10.969,10.836,252,240,2,80,80,0,0,6400,0,0,0,0,0,0,0,0,0,0,240,0,0,0,3659,168,0,3351,0,0,4,3.659
1011,15.779,18.112,0.052,0.0,0.0,0.0,0.0,0.0,534.0,2496.0,0.572,40,0,0,11.06,10.941,255,240,2,80,80,0,0,6400,0,0,0,0,0,0,0,0,0,0,240,0,0,0,3702,174,0,3400,0,0,4,3.702
1012,15.719,18.112,0.052,0.0,0.0,0.0,0.0,0.0,534.0,2496.0,0.537,40,0,0,10.97,10.861,253,240,2,80,80,0,0,6400,0,0,0,0,0,0,0,0,0,0,240,0,0,0,3733,148,0,3458,0,0,3,3.733
1013,15.265,18.112,0.052,0.0,0.0,0.0,0.0,0.0,534.0,2496.0,0.559,40,0,0,10.666,10.566,252,240,2,80,80,0,0,6400,0,0,0,0,0,0,0,0,0,0,240,0,0,0,3588,147,0,3308,0,0,2,3.588
1014,16.126,18.112,0.052,0.0,0.0,0.0,0.0,0.0,534.0,2496.0,0.596,40,0,0,11.45,11.324,255,240,2,80,80,0,0,6400,0,0,0,0,0,0,0,0,0,0,240,0,0,0,3662,177,0,3360,0,0,2,3.662
1015,15.658,18.209,0.031,0.0,0.0,0.0,0.0,0.0,534.0,2496.0,0.528,40,0,0,10.949,10.847,252,240,2,80,80,0,0,6400,0,0,0,0,0,0,0,0,0,0,240,0,0,0,3681,151,0,3397,0,0,4,3.681
1016,15.506,18.209,0.031,0.0,0.0,0.0,0.0,0.0,534.0,2496.0,0.625,40,0,0,10.823,10.698,254,240,2,80,80,0,0,6400,0,0,0,0,0,0,0,0,0,0,240,0,0,0,3687,186,0,3377,0,0,3,3.687
1017,15.963,18.209,0.031,0.0,0.0,0.0,0.0,0.0,534.0,2496.0,0.612,40,0,0,11.107,11.004,253,240,2,80,80,0,0,6400,0,0,0,0,0,0,0,0,0,0,240,0,0,0,3773,159,0,3469,0,0,16,3.773
1018,15.909,18.209,0.031,0.0,0.0,0.0,0.0,0.0,534.0,2496.0,0.618,40,0,0,11.11,10.986,255,240,2,80,80,0,0,6400,0,0,0,0,0,0,0,0,0,0,240,0,0,0,3737,155,0,3456,0,0,4,3.737
1019,15.831,18.209,0.031,0.0,0.0,0.0,0.0,0.0,534.0,2496.0,0.569,40,0,0,11.116,10.997,254,240,2,80,80,0,0,6400,0,0,0,0,0,0,0,0,0,0,240,0,0,0,3680,169,0,3387,0,0,3,3.68
1020,15.532,18.209,0.031,0.0,0.0,0.0,0.0,0.0,534.0,2496.0,0.525,40,0,0,10.849,10.732,254,240,2,80,80,0,0,6400,0,0,0,0,0,0,0,0,0,0,240,0,0,0,3680,151,0,3393,0,0,3,3.68
1021,15.449,18.209,0.031,0.0,0.0,0.0,0.0,0.0,534.0,2496.0,0.574,40,0,0,10.813,10.714,252,240,2,80,80,0,0,6400,0,0,0,0,0,0,0,0,0,0,240,0,0,0,3691,177,0,3395,0,0,3,3.691
1022,15.58,18.209,0.031,0.0,0.0,0.0,0.0,0.0,534.0,2496.0,0.409,40,0,0,10.963,10.836,255,240,2,80,80,0,0,6400,0,0,0,0,0,0,0,0,0,0,240,0,0,0,3624,187,0,3316,0,0,4,3.624
1023,11.143,18.209,0.031,0.0,0.0,0.0,0.0,0.0,534.0,2496.0,0.386,40,0,0,7.77,7.674,255,240,2,80,80,0,0,6400,0,0,0,0,0,0,0,0,0,0,240,0,0,0,2625,110,0,2430,0,0,3,2.625
1024,11.225,18.209,0.031,0.0,0.0,0.0,0.0,0.0,534.0,2496.0,0.385,40,0,0,7.867,7.786,254,240,2,80,80,0,0,6400,0,0,0,0,0,0,0,0,0,0,240,0,0,0,2651,122,0,2447,0,0,3,2.651
1025,10.893,18.209,0.031,0.0,0.0,0.0,0.0,0.0,534.0,2496.0,0.38,40,0,0,7.62,7.55,252,240,2,80,80,0,0,6400,0,0,0,0,0,0,0,0,0,0,240,0,0,0,2587,102,0,2402,0,0,2,2.587
1026,10.969,18.209,0.031,0.0,0.0,0.0,0.0,0.0,534.0,2496.0,0.37,40,0,0,7.64,7.534,255,240,2,80,80,0,0,6400,0,0,0,0,0,0,0,0,0,0,240,0,0,0,2651,109,0,2428,0,0,2,2.651
1027,10.928,18.209,0.031,0.0,0.0,0.0,0.0,0.0,534.0,2496.0,0.39,40,0,0,7.62,7.547,253,240,2,80,80,0,0,6400,0,0,0,0,0,0,0,0,0,0,240,0,0,0,2647,101,0,2451,0,0,2,2.647
1028,10.994,18.209,0.031,0.0,0.0,0.0,0.0,0.0,534.0,2496.0,0.383,40,0,0,7.666,7.584,254,240,2,80,80,0,0,6400,0,0,0,0,0,0,0,0,0,0,240,0,0,0,2636,103,0,2416,0,0,3,2.636
1029,10.954,18.209,0.031,0.0,0.0,0.0,0.0,0.0,534.0,2496.0,0.384,40,0,0,7.674,7.592,254,240,2,80,80,0,0,6400,0,0,0,0,0,0,0,0,0,0,240,0,0,0,2602,106,0,2414,0,0,2,2.602
1030,11.047,18.209,0.031,0.0,0.0,0.0,0.0,0.0,534.0,2496.0,0.379,40,0,0,7.714,7.63,255,240,2,80,80,0,0,6400,0,0,0,0,0,0,0,0,0,0,240,0,0,0,2681,101,0,2498,0,0,2,2.681
1031,11.287,18.209,0.031,0.0,0.0,0.0,0.0,0.0,534.0,2496.0,0.447,40,0,0,7.751,7.683,252,240,2,80,80,0,0,6400,0,0,0,0,0,0,0,0,0,0,240,0,0,0,2721,182,0,2446,0,0,3,2.721
1032,11.687,18.209,0.031,0.0,0.0,0.0,0.0,0.0,534.0,2496.0,0.376,40,0,0,8.275,8.179,254,240,2,80,80,0,0,6400,0,0,0,0,0,0,0,0,0,0,240,0,0,0,2640,108,0,2452,0,0,3,2.64
1033,10.969,18.209,0.031,0.0,0.0,0.0,0.0,0.0,534.0,2496.0,0.408,40,0,0,7.666,7.593,253,240,2,80,80,0,0,6400,0,0,0,0,0,0,0,0,0,0,240,0,0,0,2621,105,0,2438,0,0,2,2.621
1034,10.871,18.209,0.031,0.0,0.0,0.0,0.0,0.0,534.0,2496.0,0.391,40,0,0,7.58,7.501,254,240,2,80,80,0,0,6400,0,0,0,0,0,0,0,0,0,0,240,0,0,0,2587,103,0,2400,0,0,2,2.587
1035,10.943,18.209,0.031,0.0,0.0,0.0,0.0,0.0,534.0,2496.0,0.376,40,0,0,7.646,7.573,253,240,2,80,80,0,0,6400,0,0,0,0,0,0,0,0,0,0,240,0,0,0,2616,105,0,2429,0,0,2,2.616
1036,18.835,18.209,0.031,0.0,0.0,0.0,0.0,0.0,534.0,2496.0,0.421,40,0,0,15.145,15.061,255,240,2,80,80,0,0,6400,0,0,0,0,0,0,0,0,0,0,240,0,0,0,2632,108,0,2440,0,0,3,2.632
1037,11.629,18.209,0.031,0.0,0.0,0.0,0.0,0.0,534.0,2496.0,0.372,40,0,0,8.268,8.194,252,240,2,80,80,0,0,6400,0,0,0,0,0,0,0,0,0,0,240,0,0,0,2622,122,0,2415,0,0,3,2.622
1038,11.761,18.209,0.031,0.0,0.0,0.0,0.0,0.0,534.0,2496.0,0.378,40,0,0,8.47,8.384,254,240,2,80,80,0,0,6400,0,0,0,0,0,0,0,0,0,0,240,0,0,0,2589,101,0,2403,0,0,2,2.589
1039,11.104,18.209,0.031,0.0,0.0,0.0,0.0,0.0,534.0,2496.0,0.384,40,0,0,7.764,7.683,253,240,2,80,80,0,0,6400,0,0,0,0,0,0,0,0,0,0,240,0,0,0,2658,106,0,2470,0,0,2,2.658
1040,10.93,18.209,0.031,0.0,0.0,0.0,0.0,0.0,534.0,2496.0,0.377,40,0,0,7.632,7.524,254,240,2,80,80,0,0,6400,0,0,0,0,0,0,0,0,0,0,240,0,0,0,2632,103,0,2410,0,0,2,2.632
1041,11.022,18.209,0.031,0.0,0.0,0.0,0.0,0.0,534.0,2496.0,0.38,40,0,0,7.732,7.66,253,240,2,80,80,0,0,6400,0,0,0,0,0,0,0,0,0,0,240,0,0,0,2618,107,0,2427,0,0,2,2.618
1042,10.875,18.209,0.031,0.0,0.0,0.0,0.0,0.0,534.0,2496.0,0.413,40,0,0,7.607,7.519,256,240,2,80,80,0,0,6400,0,0,0,0,0,0,0,0,0,0,240,0,0,0,2598,115,0,2398,0,0,2,2.598
1043,10.843,18.209,0.031,0.0,0.0,0.0,0.0,0.0,534.0,2496.0,0.374,40,0,0,7.514,7.447,252,240,2,80,80,0,0,6400,0,0,0,0,0,0,0,0,0,0,240,0,0,0,2601,104,0,2416,0,0,2,2.601
1044,11.021,18.209,0.031,0.0,0.0,0.0,0.0,0.0,534.0,2496.0,0.383,40,0,0,7.699,7.616,255,240,2,80,80,0,0,6400,0,0,0,0,0,0,0,0,0,0,240,0,0,0,2654,101,0,2473,0,0,3,2.654
1045,10.919,18.209,0.031,0.0,0.0,0.0,0.0,0.0,534.0,2496.0,0.387,40,0,0,7.581,7.512,252,240,2,80,80,0,0,6400,0,0,0,0,0,0,0,0,0,0,240,0,0,0,2656,102,0,2464,0,0,2,2.656
1046,10.874,18.209,0.031,0.0,0.0,0.0,0.0,0.0,534.0,2496.0,0.439,40,0,0,7.62,7.532,255,240,2,80,80,0,0,6400,0,0,0,0,0,0,0,0,0,0,240,0,0,0,2563,102,0,2377,0,0,1,2.563
1047,11.046,18.209,0.031,0.0,0.0,0.0,0.0,0.0,534.0,2496.0,0.676,40,0,0,7.698,7.62,254,240,2,80,80,0,0,6400,0,0,0,0,0,0,0,0,0,0,240,0,0,0,2576,105,0,2356,0,0,2,2.576
1048,17.414,18.209,0.031,0.0,0.0,0.0,0.0,0.0,534.0,2496.0,0.454,40,0,0,13.446,11.828,256,240,2,80,80,0,0,6400,0,0,0,0,0,0,0,0,0,0,240,0,0,0,2878,141,0,2641,0,0,3,2.878
1049,12.835,18.209,0.031,0.0,0.0,0.0,0.0,0.0,534.0,2496.0,0.455,40,0,0,8.736,8.631,252,240,2,80,80,0,0,6400,0,0,0,0,0,0,0,0,0,0,240,0,0,0,3140,117,0,2711,0,0,3,3.14
1050,15.203,18.209,0.031,0.0,0.0,0.0,0.0,0.0,534.0,2496.0,0.466,40,0,0,10.85,10.753,254,240,2,80,80,0,0,6400,0,0,0,0,0,0,0,0,0,0,240,0,0,0,3521,119,0,3232,0,0,3,3.521
1051,13.572,18.209,0.031,0.0,0.0,0.0,0.0,0.0,534.0,2496.0,0.519,40,0,0,9.307,9.201,254,240,2,80,80,0,0,6400,0,0,0,0,0,0,0,0,0,0,240,0,0,0,3379,138,0,3110,0,0,3,3.379
1052,15.318,18.209,0.031,0.0,0.0,0.0,0.0,0.0,534.0,2496.0,0.635,40,0,0,11.515,11.394,255,240,2,80,80,0,0,6400,0,0,0,0,0,0,0,0,0,0,240,0,0,0,2843,118,0,2628,0,0,3,2.843
1053,16.164,18.209,0.031,0.0,0.0,0.0,0.0,0.0,534.0,2496.0,0.46,40,0,0,11.634,11.499,252,240,2,80,80,0,0,6400,0,0,0,0,0,0,0,0,0,0,240,0,0,0,3460,183,0,3177,0,0,3,3.46
1054,17.662,18.209,0.031,0.0,0.0,0.0,0.0,0.0,534.0,2496.0,0.633,40,0,0,12.725,12.261,256,240,2,80,80,0,0,6400,0,0,0,0,0,0,0,0,0,0,240,0,0,0,3981,178,0,3651,0,0,5,3.981
1055,19.177,18.209,0.031,0.0,0.0,0.0,0.0,0.0,534.0,2496.0,0.548,40,0,0,14.178,14.03,252,240,2,80,80,0,0,6400,0,0,0,0,0,0,0,0,0,0,240,0,0,0,3871,206,0,3478,0,0,4,3.871
1056,20.366,18.209,0.031,0.0,0.0,0.0,0.0,0.0,534.0,2496.0,1.184,40,0,0,14.229,14.109,254,240,2,80,80,0,0,6400,0,0,0,0,0,0,0,0,0,0,240,0,0,0,5085,193,0,4663,0,0,7,5.085
1057,22.342,18.209,0.031,0.0,0.0,0.0,0.0,0.0,534.0,2496.0,1.234,40,0,0,15.044,14.719,253,240,2,80,80,0,0,6400,0,0,0,0,0,0,0,0,0,0,240,0,0,0,5243,252,0,4711,0,0,52,5.243
1058,23.413,18.209,0.031,0.0,0.0,0.0,0.0,0.0,534.0,2496.0,0.738,40,0,0,15.812,15.526,255,240,2,80,80,0,0,6400,0,0,0,0,0,0,0,0,0,0,240,0,0,0,5495,322,0,4930,0,0,9,5.495
1059,23.576,18.209,0.031,0.0,0.0,0.0,0.0,0.0,534.0,2496.0,0.856,40,0,0,17.207,17.091,252,240,2,80,80,0,0,6400,0,0,0,0,0,0,0,0,0,0,240,0,0,0,5009,236,0,4561,0,0,5,5.009
1060,24.871,18.209,0.031,0.0,0.0,0.0,0.0,0.0,534.0,2496.0,1.324,40,0,0,17.943,17.767,254,240,2,80,80,0,0,6400,0,0,0,0,0,0,0,0,0,0,240,0,0,0,5390,189,0,4944,0,0,6,5.39
1061,23.746,18.209,0.031,0.0,0.0,0.0,0.0,0.0,534.0,2496.0,0.837,40,0,0,17.257,17.121,253,240,2,80,80,0,0,6400,0,0,0,0,0,0,0,0,0,0,240,0,0,0,4310,264,0,3884,0,0,6,4.31
1062,24.637,18.209,0.031,0.0,0.0,0.0,0.0,0.0,534.0,2496.0,0.972,40,0,0,17.678,17.302,255,240,2,80,80,0,0,6400,0,0,0,0,0,0,0,0,0,0,240,0,0,0,5203,270,0,4713,0,0,7,5.203
1063,24.491,18.209,0.031,0.0,0.0,0.0,0.0,0.0,534.0,2496.0,1.424,40,0,0,17.518,17.189,253,240,2,80,80,0,0,6400,0,0,0,0,0,0,0,0,0,0,240,0,0,0,5263,306,0,4728,0,0,11,5.263
1064,23.802,18.209,0.031,0.0,0.0,0.0,0.0,0.0,534.0,2496.0,1.262,40,0,0,15.855,15.574,254,240,2,80,80,0,0,6400,0,0,0,0,0,0,0,0,0,0,240,0,0,0,5631,312,0,5094,0,0,5,5.631
1065,22.954,18.209,0.031,0.0,0.0,0.0,0.0,0.0,534.0,2496.0,0.81,40,0,0,16.225,16.081,253,240,2,80,80,0,0,6400,0,0,0,0,0,0,0,0,0,0,240,0,0,0,4629,284,0,4157,0,0,6,4.629
1066,21.795,18.209,0.031,0.0,0.0,0.0,0.0,0.0,534.0,2496.0,0.773,40,0,0,15.036,14.867,255,240,2,80,80,0,0,6400,0,0,0,0,0,0,0,0,0,0,240,0,0,0,5347,222,0,4916,0,0,7,5.347
1067,20.76,18.209,0.031,0.0,0.0,0.0,0.0,0.0,534.0,2496.0,0.769,40,0,0,14.604,14.451,254,240,2,80,80,0,0,6400,0,0,0,0,0,0,0,0,0,0,240,0,0,0,4693,195,0,4295,0,0,5,4.693
1068,21.513,18.209,0.031,0.0,0.0,0.0,0.0,0.0,534.0,2496.0,1.508,40,0,0,15.201,15.032,254,240,2,80,80,0,0,6400,0,0,0,0,0,0,0,0,0,0,240,0,0,0,4726,290,0,4251,0,0,6,4.726
1069,21.081,18.209,0.031,0.0,0.0,0.0,0.0,0.0,534.0,2496.0,0.747,40,0,0,14.353,14.129,253,240,2,80,80,0,0,6400,0,0,0,0,0,0,0,0,0,0,240,0,0,0,4462,187,0,4063,0,0,7,4.462
1070,18.027,18.209,0.031,0.0,0.0,0.0,0.0,0.0,534.0,2496.0,0.795,40,0,0,12.564,12.395,255,240,2,80,80,0,0,6400,0,0,0,0,0,0,0,0,0,0,240,0,0,0,4076,204,0,3723,0,0,5,4.076
1071,18.204,18.209,0.031,0.0,0.0,0.0,0.0,0.0,534.0,2496.0,0.479,40,0,0,14.051,13.922,252,240,2,80,80,0,0,6400,0,0,0,0,0,0,0,0,0,0,240,0,0,0,2800,122,0,2577,0,0,2,2.8
1072,12.558,18.209,0.031,0.0,0.0,0.0,0.0,0.0,534.0,2496.0,0.481,40,0,0,8.447,8.347,254,240,2,80,80,0,0,6400,0,0,0,0,0,0,0,0,0,0,240,0,0,0,3140,114,0,2920,0,0,3,3.14
1073,16.873,18.209,0.031,0.0,0.0,0.0,0.0,0.0,534.0,2496.0,0.628,40,0,0,11.135,11.011,254,240,2,80,80,0,0,6400,0,0,0,0,0,0,0,0,0,0,240,0,0,0,4767,197,0,4368,0,0,5,4.767
1074,18.407,18.209,0.031,0.0,0.0,0.0,0.0,0.0,534.0,2496.0,0.626,40,0,0,13.2,13.03,256,240,2,80,80,0,0,6400,0,0,0,0,0,0,0,0,0,0,240,0,0,0,4033,172,0,3706,0,0,6,4.033
1075,17.614,18.209,0.031,0.0,0.0,0.0,0.0,0.0,534.0,2496.0,0.455,40,0,0,13.089,12.963,252,240,2,80,80,0,0,6400,0,0,0,0,0,0,0,0,0,0,240,0,0,0,3385,187,0,3081,0,0,3,3.385
1076,15.302,18.209,0.031,0.0,0.0,0.0,0.0,0.0,534.0,2496.0,0.691,40,0,0,10.299,10.154,255,240,2,80,80,0,0,6400,0,0,0,0,0,0,0,0,0,0,240,0,0,0,4072,165,0,3767,0,0,4,4.072
1077,16.445,18.209,0.031,0.0,0.0,0.0,0.0,0.0,534.0,2496.0,0.593,40,0,0,10.961,10.841,252,240,2,80,80,0,0,6400,0,0,0,0,0,0,0,0,0,0,240,0,0,0,4231,173,0,3894,0,0,5,4.231
1078,16.933,18.209,0.031,0.0,0.0,0.0,0.0,0.0,534.0,2496.0,0.724,40,0,0,11.604,11.473,255,240,2,80,80,0,0,6400,0,0,0,0,0,0,0,0,0,0,240,0,0,0,4204,224,0,3751,0,0,7,4.204
1079,13.752,24.564,0.051,0.0,0.0,0.0,0.0,0.0,534.0,2496.0,0.472,40,0,0,9.735,9.583,253,240,2,80,80,0,0,6400,0,0,0,0,0,0,0,0,0,0,240,0,0,0,2870,107,0,2665,0,0,1,2.87
1080,13.307,24.564,0.051,0.0,0.0,0.0,0.0,0.0,534.0,2496.0,0.432,40,0,0,8.877,8.772,256,240,2,80,80,0,0,6400,0,0,0,0,0,0,0,0,0,0,240,0,0,0,3586,126,0,3341,0,0,4,3.586
1081,12.45,24.564,0.051,0.0,0.0,0.0,0.0,0.0,534.0,2496.0,0.428,40,0,0,8.676,8.598,252,240,2,80,80,0,0,6400,0,0,0,0,0,0,0,0,0,0,240,0,0,0,2917,132,0,2686,0,0,4,2.917
1082,12.933,24.564,0.051,0.0,0.0,0.0,0.0,0.0,534.0,2496.0,0.461,40,0,0,9.175,9.077,254,240,2,80,80,0,0,6400,0,0,0,0,0,0,0,0,0,0,240,0,0,0,2906,113,0,2687,0,0,3,2.906
1083,12.984,24.564,0.051,0.0,0.0,0.0,0.0,0.0,534.0,2496.0,0.436,40,0,0,9.067,8.971,254,240,2,80,80,0,0,6400,0,0,0,0,0,0,0,0,0,0,240,0,0,0,3025,119,0,2794,0,0,4,3.025
1084,16.334,24.564,0.051,0.0,0.0,0.0,0.0,0.0,534.0,2496.0,0.672,40,0,0,11.523,11.389,254,240,2,80,80,0,0,6400,0,0,0,0,0,0,0,0,0,0,240,0,0,0,3949,154,0,3651,0,0,7,3.949
1085,18.075,24.564,0.051,0.0,0.0,0.0,0.0,0.0,534.0,2496.0,0.777,40,0,0,12.663,12.548,252,240,2,80,80,0,0,6400,0,0,0,0,0,0,0,0,0,0,240,0,0,0,4167,173,0,3777,0,0,5,4.167
1086,15.685,24.564,0.051,0.0,0.0,0.0,0.0,0.0,534.0,2496.0,0.527,40,0,0,10.599,10.434,257,240,2,80,80,0,0,6400,0,0,0,0,0,0,0,0,0,0,240,0,0,0,3753,161,0,3453,0,0,6,3.753
1087,16.535,24.564,0.051,0.0,0.0,0.0,0.0,0.0,534.0,2496.0,0.735,40,0,0,11.16,11.066,252,240,2,80,80,0,0,6400,0,0,0,0,0,0,0,0,0,0,240,0,0,0,4272,204,0,3906,0,0,6,4.272
1088,17.623,24.564,0.051,0.0,0.0,0.0,0.0,0.0,534.0,2496.0,0.743,40,0,0,12.469,12.297,256,240,2,80,80,0,0,6400,0,0,0,0,0,0,0,0,0,0,240,0,0,0,3783,247,0,3389,0,0,5,3.783
1089,14.574,24.564,0.051,0.0,0.0,0.0,0.0,0.0,534.0,2496.0,0.548,40,0,0,10.085,9.959,252,240,2,80,80,0,0,6400,0,0,0,0,0,0,0,0,0,0,240,0,0,0,3205,412,0,2704,0,0,2,3.205
1090,14.4,24.564,0.051,0.0,0.0,0.0,0.0,0.0,534.0,2496.0,0.673,40,0,0,10.495,10.353,255,240,2,80,80,0,0,6400,0,0,0,0,0,0,0,0,0,0,240,0,0,0,2931,137,0,2692,0,0,2,2.931
1091,14.706,24.564,0.051,0.0,0.0,0.0,0.0,0.0,534.0,2496.0,0.477,40,0,0,10.082,9.963,252,240,2,80,80,0,0,6400,0,0,0,0,0,0,0,0,0,0,240,0,0,0,3064,136,0,2812,0,0,3,3.064
1092,15.432,24.564,0.051,0.0,0.0,0.0,0.0,0.0,534.0,2496.0,0.647,40,0,0,10.561,10.418,256,240,2,80,80,0,0,6400,0,0,0,0,0,0,0,0,0,0,240,0,0,0,3869,217,0,3521,0,0,4,3.869
1093,16.96,24.564,0.051,0.0,0.0,0.0,0.0,0.0,534.0,2496.0,0.607,40,0,0,11.898,11.782,252,240,2,80,80,0,0,6400,0,0,0,0,0,0,0,0,0,0,240,0,0,0,3849,197,0,3515,0,0,6,3.849
1094,14.837,24.564,0.051,0.0,0.0,0.0,0.0,0.0,534.0,2496.0,0.536,40,0,0,10.553,10.424,256,240,2,80,80,0,0,6400,0,0,0,0,0,0,0,0,0,0,240,0,0,0,3201,124,0,2894,0,0,4,3.201
1095,14.0,24.564,0.051,0.0,0.0,0.0,0.0,0.0,534.0,2496.0,0.494,40,0,0,10.073,9.961,253,240,2,80,80,0,0,6400,0,0,0,0,0,0,0,0,0,0,240,0,0,0,2936,121,0,2716,0,0,3,2.936
1096,15.737,24.564,0.051,0.0,0.0,0.0,0.0,0.0,534.0,2496.0,0.448,40,0,0,11.248,11.146,254,240,2,80,80,0,0,6400,0,0,0,0,0,0,0,0,0,0,240,0,0,0,3595,120,0,3358,0,0,6,3.595
1097,12.865,24.564,0.051,0.0,0.0,0.0,0.0,0.0,534.0,2496.0,0.448,40,0,0,9.099,8.961,253,240,2,80,80,0,0,6400,0,0,0,0,0,0,0,0,0,0,240,0,0,0,2899,187,0,2613,0,0,3,2.899
1098,13.239,24.564,0.051,0.0,0.0,0.0,0.0,0.0,534.0,2496.0,0.434,40,0,0,9.314,9.216,254,240,2,80,80,0,0,6400,0,0,0,0,0,0,0,0,0,0,240,0,0,0,3116,115,0,2909,0,0,3,3.116
1099,13.853,24.564,0.051,0.0,0.0,0.0,0.0,0.0,534.0,2496.0,0.472,40,0,0,8.812,8.611,254,240,2,80,80,0,0,6400,0,0,0,0,0,0,0,0,0,0,240,0,0,0,4175,132,0,3836,0,0,4,4.175
1100,12.546,24.564,0.051,0.0,0.0,0.0,0.0,0.0,534.0,2496.0,0.515,40,0,0,8.846,8.721,254,240,2,80,80,0,0,6400,0,0,0,0,0,0,0,0,0,0,240,0,0,0,2822,118,0,2613,0,0,3,2.822
1101,19.828,24.564,0.051,0.0,0.0,0.0,0.0,0.0,534.0,2496.0,0.686,40,0,0,14.845,14.728,253,240,2,80,80,0,0,6400,0,0,0,0,0,0,0,0,0,0,240,0,0,0,3984,185,0,3654,0,0,6,3.984
1102,17.211,24.564,0.051,0.0,0.0,0.0,0.0,0.0,534.0,2496.0,0.715,40,0,0,12.082,11.954,254,240,2,80,80,0,0,6400,0,0,0,0,0,0,0,0,0,0,240,0,0,0,3835,189,0,3512,0,0,6,3.835
1103,17.736,24.564,0.051,0.0,0.0,0.0,0.0,0.0,534.0,2496.0,0.631,40,0,0,12.475,12.34,254,240,2,80,80,0,0,6400,0,0,0,0,0,0,0,0,0,0,240,0,0,0,4019,171,0,3705,0,0,5,4.019
1104,16.922,24.564,0.051,0.0,0.0,0.0,0.0,0.0,534.0,2496.0,0.715,40,0,0,11.907,11.793,253,240,2,80,80,0,0,6400,0,0,0,0,0,0,0,0,0,0,240,0,0,0,3856,166,0,3540,0,0,5,3.856
1105,17.411,24.564,0.051,0.0,0.0,0.0,0.0,0.0,534.0,2496.0,0.615,40,0,0,12.317,12.184,253,240,2,80,80,0,0,6400,0,0,0,0,0,0,0,0,0,0,240,0,0,0,3750,178,0,3436,0,0,5,3.75
1106,16.9,24.564,0.051,0.0,0.0,0.0,0.0,0.0,534.0,2496.0,0.671,40,0,0,11.85,11.708,254,240,2,80,80,0,0,6400,0,0,0,0,0,0,0,0,0,0,240,0,0,0,3831,192,0,3506,0,0,5,3.831
1107,17.036,24.564,0.051,0.0,0.0,0.0,0.0,0.0,534.0,2496.0,0.689,40,0,0,12.08,11.936,255,240,2,80,80,0,0,6400,0,0,0,0,0,0,0,0,0,0,240,0,0,0,3686,167,0,3383,0,0,5,3.686
1108,17.155,24.564,0.051,0.0,0.0,0.0,0.0,0.0,534.0,2496.0,0.633,40,0,0,11.9,11.756,255,240,2,80,80,0,0,6400,0,0,0,0,0,0,0,0,0,0,240,0,0,0,3979,182,0,3618,0,0,6,3.979
1109,18.178,24.564,0.051,0.0,0.0,0.0,0.0,0.0,534.0,2496.0,0.618,40,0,0,12.775,12.659,252,240,2,80,80,0,0,6400,0,0,0,0,0,0,0,0,0,0,240,0,0,0,4125,194,0,3779,0,0,5,4.125
1110,17.989,24.564,0.051,0.0,0.0,0.0,0.0,0.0,534.0,2496.0,0.578,40,0,0,12.591,12.465,253,240,2,80,80,0,0,6400,0,0,0,0,0,0,0,0,0,0,240,0,0,0,4132,172,0,3805,0,0,6,4.132
1111,16.925,24.564,0.051,0.0,0.0,0.0,0.0,0.0,534.0,2496.0,0.673,40,0,0,11.558,11.428,253,240,2,80,80,0,0,6400,0,0,0,0,0,0,0,0,0,0,240,0,0,0,4223,248,0,3806,0,0,5,4.223
1112,17.485,24.564,0.051,0.0,0.0,0.0,0.0,0.0,534.0,2496.0,0.679,40,0,0,12.366,12.209,253,240,2,80,80,0,0,6400,0,0,0,0,0,0,0,0,0,0,240,0,0,0,3893,168,0,3586,0,0,5,3.893
1113,17.856,24.564,0.051,0.0,0.0,0.0,0.0,0.0,534.0,2496.0,0.609,40,0,0,12.565,12.427,254,240,2,80,80,0,0,6400,0,0,0,0,0,0,0,0,0,0,240,0,0,0,4046,168,0,3735,0,0,5,4.046
1114,17.393,24.564,0.051,0.0,0.0,0.0,0.0,0.0,534.0,2496.0,0.662,40,0,0,12.221,12.014,254,240,2,80,80,0,0,6400,0,0,0,0,0,0,0,0,0,0,240,0,0,0,4028,169,0,3716,0,0,6,4.028
1115,17.42,24.564,0.051,0.0,0.0,0.0,0.0,0.0,534.0,2496.0,0.617,40,0,0,12.279,12.166,252,240,2,80,80,0,0,6400,0,0,0,0,0,0,0,0,0,0,240,0,0,0,3899,172,0,3552,0,0,6,3.899
1116,17.949,24.564,0.051,0.0,0.0,0.0,0.0,0.0,534.0,2496.0,0.805,40,0,0,12.575,12.438,253,240,2,80,80,0,0,6400,0,0,0,0,0,0,0,0,0,0,240,0,0,0,4138,186,0,3804,0,0,4,4.138
1117,17.119,24.564,0.051,0.0,0.0,0.0,0.0,0.0,534.0,2496.0,0.634,40,0,0,11.805,11.662,254,240,2,80,80,0,0,6400,0,0,0,0,0,0,0,0,0,0,240,0,0,0,3906,166,0,3583,0,0,4,3.906
1118,17.486,24.564,0.051,0.0,0.0,0.0,0.0,0.0,534.0,2496.0,0.669,40,0,0,12.37,12.217,255,240,2,80,80,0,0,6400,0,0,0,0,0,0,0,0,0,0,240,0,0,0,3934,249,0,3539,0,0,6,3.934
1119,17.732,24.564,0.051,0.0,0.0,0.0,0.0,0.0,534.0,2496.0,0.694,40,0,0,12.485,12.363,253,240,2,80,80,0,0,6400,0,0,0,0,0,0,0,0,0,0,240,0,0,0,3970,176,0,3646,0,0,5,3.97
1120,17.459,24.564,0.051,0.0,0.0,0.0,0.0,0.0,534.0,2496.0,0.57,40,0,0,12.157,12.03,253,240,2,80,80,0,0,6400,0,0,0,0,0,0,0,0,0,0,240,0,0,0,4010,170,0,3688,0,0,5,4.01
1121,17.629,24.564,0.051,0.0,0.0,0.0,0.0,0.0,534.0,2496.0,0.747,40,0,0,12.556,12.427,254,240,2,80,80,0,0,6400,0,0,0,0,0,0,0,0,0,0,240,0,0,0,3937,166,0,3626,0,0,6,3.937
1122,17.423,24.564,0.051,0.0,0.0,0.0,0.0,0.0,534.0,2496.0,0.578,40,0,0,12.007,11.876,253,240,2,80,80,0,0,6400,0,0,0,0,0,0,0,0,0,0,240,0,0,0,4048,174,0,3731,0,0,4,4.048
1123,17.531,24.564,0.051,0.0,0.0,0.0,0.0,0.0,534.0,2496.0,0.675,40,0,0,12.471,12.347,252,240,2,80,80,0,0,6400,0,0,0,0,0,0,0,0,0,0,240,0,0,0,3928,170,0,3570,0,0,6,3.928
1124,17.245,24.564,0.051,0.0,0.0,0.0,0.0,0.0,534.0,2496.0,0.663,40,0,0,12.3,12.166,253,240,2,80,80,0,0,6400,0,0,0,0,0,0,0,0,0,0,240,0,0,0,3664,177,0,3355,0,0,4,3.664
1125,19.033,24.564,0.051,0.0,0.0,0.0,0.0,0.0,534.0,2496.0,0.685,40,0,0,13.808,12.217,255,240,2,80,80,0,0,6400,0,0,0,0,0,0,0,0,0,0,240,0,0,0,3989,244,0,3600,0,0,5,3.989
1126,17.772,24.564,0.051,0.0,0.0,0.0,0.0,0.0,534.0,2496.0,0.683,40,0,0,12.69,12.549,254,240,2,80,80,0,0,6400,0,0,0,0,0,0,0,0,0,0,240,0,0,0,3841,161,0,3545,0,0,6,3.841
1127,17.698,24.564,0.051,0.0,0.0,0.0,0.0,0.0,534.0,2496.0,0.648,40,0,0,12.41,12.293,252,240,2,80,80,0,0,6400,0,0,0,0,0,0,0,0,0,0,240,0,0,0,3991,175,0,3666,0,0,5,3.991
1128,17.647,24.564,0.051,0.0,0.0,0.0,0.0,0.0,534.0,2496.0,0.69,40,0,0,12.431,12.293,253,240,2,80,80,0,0,6400,0,0,0,0,0,0,0,0,0,0,240,0,0,0,3956,195,0,3595,0,0,6,3.956
1129,17.699,24.564,0.051,0.0,0.0,0.0,0.0,0.0,534.0,2496.0,0.603,40,0,0,12.561,12.383,254,240,2,80,80,0,0,6400,0,0,0,0,0,0,0,0,0,0,240,0,0,0,3895,170,0,3549,0,0,4,3.895
1130,17.516,24.564,0.051,0.0,0.0,0.0,0.0,0.0,534.0,2496.0,0.627,40,0,0,12.645,12.523,253,240,2,80,80,0,0,6400,0,0,0,0,0,0,0,0,0,0,240,0,0,0,3705,173,0,3401,0,0,5,3.705
1131,16.817,24.564,0.051,0.0,0.0,0.0,0.0,0.0,534.0,2496.0,0.678,40,0,0,11.777,11.653,252,240,2,80,80,0,0,6400,0,0,0,0,0,0,0,0,0,0,240,0,0,0,3734,231,0,3373,0,0,5,3.734
1132,17.495,24.564,0.051,0.0,0.0,0.0,0.0,0.0,534.0,2496.0,0.687,40,0,0,12.111,11.919,255,240,2,80,80,0,0,6400,0,0,0,0,0,0,0,0,0,0,240,0,0,0,4096,177,0,3773,0,0,5,4.096
1133,17.826,24.564,0.051,0.0,0.0,0.0,0.0,0.0,534.0,2496.0,0.68,40,0,0,12.691,12.57,252,240,2,80,80,0,0,6400,0,0,0,0,0,0,0,0,0,0,240,0,0,0,3809,170,0,3503,0,0,6,3.809
1134,17.649,24.564,0.051,0.0,0.0,0.0,0.0,0.0,534.0,2496.0,0.69,40,0,0,12.522,12.298,254,240,2,80,80,0,0,6400,0,0,0,0,0,0,0,0,0,0,240,0,0,0,3778,174,0,3427,0,0,48,3.778
1135,17.417,24.564,0.051,0.0,0.0,0.0,0.0,0.0,534.0,2496.0,0.637,40,0,0,12.095,11.921,254,240,2,80,80,0,0,6400,0,0,0,0,0,0,0,0,0,0,240,0,0,0,3993,173,0,3646,0,0,5,3.993
1136,17.736,24.564,0.051,0.0,0.0,0.0,0.0,0.0,534.0,2496.0,0.727,40,0,0,12.591,12.458,253,240,2,80,80,0,0,6400,0,0,0,0,0,0,0,0,0,0,240,0,0,0,3870,221,0,3510,0,0,6,3.87
1137,18.412,24.564,0.051,0.0,0.0,0.0,0.0,0.0,534.0,2496.0,0.63,40,0,0,12.935,12.806,252,240,2,80,80,0,0,6400,0,0,0,0,0,0,0,0,0,0,240,0,0,0,4090,180,0,3762,0,0,4,4.09
1138,17.261,24.564,0.051,0.0,0.0,0.0,0.0,0.0,534.0,2496.0,0.556,40,0,0,12.732,12.583,254,240,2,80,80,0,0,6400,0,0,0,0,0,0,0,0,0,0,240,0,0,0,3237,148,0,2973,0,0,4,3.237
1139,13.412,18.692,0.054,0.0,0.0,0.0,0.0,0.0,534.0,2496.0,0.531,40,0,0,8.759,8.665,252,240,2,80,80,0,0,6400,0,0,0,0,0,0,0,0,0,0,240,0,0,0,3676,157,0,3387,0,0,4,3.676
1140,13.616,18.692,0.054,0.0,0.0,0.0,0.0,0.0,534.0,2496.0,0.453,40,0,0,9.757,9.581,255,240,2,80,80,0,0,6400,0,0,0,0,0,0,0,0,0,0,240,0,0,0,2835,114,0,2627,0,0,3,2.835
1141,13.04,18.692,0.054,0.0,0.0,0.0,0.0,0.0,534.0,2496.0,0.479,40,0,0,9.5,9.415,253,240,2,80,80,0,0,6400,0,0,0,0,0,0,0,0,0,0,240,0,0,0,2670,122,0,2464,0,0,3,2.67
1142,13.508,18.692,0.054,0.0,0.0,0.0,0.0,0.0,534.0,2496.0,0.4,40,0,0,9.853,9.77,253,240,2,80,80,0,0,6400,0,0,0,0,0,0,0,0,0,0,240,0,0,0,2795,112,0,2593,0,0,3,2.795
1143,12.339,18.692,0.054,0.0,0.0,0.0,0.0,0.0,534.0,2496.0,0.682,40,0,0,8.178,8.078,252,240,2,80,80,0,0,6400,0,0,0,0,0,0,0,0,0,0,240,0,0,0,3404,116,0,3169,0,0,5,3.404
1144,12.927,18.692,0.054,0.0,0.0,0.0,0.0,0.0,534.0,2496.0,0.431,40,0,0,9.018,8.92,254,240,2,80,80,0,0,6400,0,0,0,0,0,0,0,0,0,0,240,0,0,0,2820,116,0,2622,0,0,2,2.82
1145,12.712,18.692,0.054,0.0,0.0,0.0,0.0,0.0,534.0,2496.0,0.395,40,0,0,8.291,8.216,252,240,2,80,80,0,0,6400,0,0,0,0,0,0,0,0,0,0,240,0,0,0,3659,133,0,3383,0,0,4,3.659
1146,11.983,18.692,0.054,0.0,0.0,0.0,0.0,0.0,534.0,2496.0,0.397,40,0,0,8.354,8.273,253,240,2,80,80,0,0,6400,0,0,0,0,0,0,0,0,0,0,240,0,0,0,2839,142,0,2613,0,0,3,2.839
1147,11.774,18.692,0.054,0.0,0.0,0.0,0.0,0.0,534.0,2496.0,0.552,40,0,0,8.138,8.045,255,240,2,80,80,0,0,6400,0,0,0,0,0,0,0,0,0,0,240,0,0,0,2881,138,0,2652,0,0,4,2.881
1148,12.222,18.692,0.054,0.0,0.0,0.0,0.0,0.0,534.0,2496.0,0.385,40,0,0,8.601,8.481,254,240,2,80,80,0,0,6400,0,0,0,0,0,0,0,0,0,0,240,0,0,0,2687,128,0,2474,0,0,2,2.687
1149,11.039,18.692,0.054,0.0,0.0,0.0,0.0,0.0,534.0,2496.0,0.375,40,0,0,7.632,7.556,253,240,2,80,80,0,0,6400,0,0,0,0,0,0,0,0,0,0,240,0,0,0,2729,100,0,2546,0,0,2,2.729
1150,11.958,18.692,0.054,0.0,0.0,0.0,0.0,0.0,534.0,2496.0,0.382,40,0,0,8.631,8.552,254,240,2,80,80,0,0,6400,0,0,0,0,0,0,0,0,0,0,240,0,0,0,2639,103,0,2453,0,0,2,2.639
1151,10.987,18.692,0.054,0.0,0.0,0.0,0.0,0.0,534.0,2496.0,0.377,40,0,0,7.698,7.63,252,240,2,80,80,0,0,6400,0,0,0,0,0,0,0,0,0,0,240,0,0,0,2621,100,0,2430,0,0,2,2.621
1152,11.972,18.692,0.054,0.0,0.0,0.0,0.0,0.0,534.0,2496.0,0.41,40,0,0,8.606,8.533,253,240,2,80,80,0,0,6400,0,0,0,0,0,0,0,0,0,0,240,0,0,0,2673,110,0,2479,0,0,2,2.673
1153,11.135,18.692,0.054,0.0,0.0,0.0,0.0,0.0,534.0,2496.0,0.379,40,0,0,7.771,7.686,254,240,2,80,80,0,0,6400,0,0,0,0,0,0,0,0,0,0,240,0,0,0,2632,112,0,2443,0,0,2,2.632
1154,11.811,18.692,0.054,0.0,0.0,0.0,0.0,0.0,534.0,2496.0,0.441,40,0,0,7.802,7.703,253,240,2,80,80,0,0,6400,0,0,0,0,0,0,0,0,0,0,240,0,0,0,3178,183,0,2890,0,0,3,3.178
1155,11.369,18.692,0.054,0.0,0.0,0.0,0.0,0.0,534.0,2496.0,0.582,40,0,0,7.806,7.722,253,240,2,80,80,0,0,6400,0,0,0,0,0,0,0,0,0,0,240,0,0,0,2815,101,0,2622,0,0,3,2.815
1156,12.539,18.692,0.054,0.0,0.0,0.0,0.0,0.0,534.0,2496.0,0.433,40,0,0,8.929,8.802,255,240,2,80,80,0,0,6400,0,0,0,0,0,0,0,0,0,0,240,0,0,0,2632,104,0,2441,0,0,3,2.632
1157,11.851,18.692,0.054,0.0,0.0,0.0,0.0,0.0,534.0,2496.0,0.454,40,0,0,7.838,7.765,252,240,2,80,80,0,0,6400,0,0,0,0,0,0,0,0,0,0,240,0,0,0,3206,139,0,2920,0,0,3,3.206
1158,10.8,18.692,0.054,0.0,0.0,0.0,0.0,0.0,534.0,2496.0,0.402,40,0,0,7.508,7.418,254,240,2,80,80,0,0,6400,0,0,0,0,0,0,0,0,0,0,240,0,0,0,2535,132,0,2319,0,0,2,2.535
1159,11.37,18.692,0.054,0.0,0.0,0.0,0.0,0.0,534.0,2496.0,0.436,40,0,0,7.375,7.302,253,240,2,80,80,0,0,6400,0,0,0,0,0,0,0,0,0,0,240,0,0,0,3288,123,0,3020,0,0,6,3.288
1160,11.125,18.692,0.054,0.0,0.0,0.0,0.0,0.0,534.0,2496.0,0.377,40,0,0,7.645,7.558,254,240,2,80,80,0,0,6400,0,0,0,0,0,0,0,0,0,0,240,0,0,0,2713,104,0,2530,0,0,3,2.713
1161,10.919,18.692,0.054,0.0,0.0,0.0,0.0,0.0,534.0,2496.0,0.42,40,0,0,7.626,7.557,252,240,2,80,80,0,0,6400,0,0,0,0,0,0,0,0,0,0,240,0,0,0,2632,97,0,2457,0,0,3,2.632
1162,11.972,18.692,0.054,0.0,0.0,0.0,0.0,0.0,534.0,2496.0,0.404,40,0,0,8.6,8.508,256,240,2,80,80,0,0,6400,0,0,0,0,0,0,0,0,0,0,240,0,0,0,2611,121,0,2414,0,0,3,2.611
1163,10.987,18.692,0.054,0.0,0.0,0.0,0.0,0.0,534.0,2496.0,0.375,40,0,0,7.708,7.638,252,240,2,80,80,0,0,6400,0,0,0,0,0,0,0,0,0,0,240,0,0,0,2570,125,0,2349,0,0,2,2.57
1164,11.493,18.692,0.054,0.0,0.0,0.0,0.0,0.0,534.0,2496.0,0.426,40,0,0,7.563,7.479,254,240,2,80,80,0,0,6400,0,0,0,0,0,0,0,0,0,0,240,0,0,0,3198,158,0,2893,0,0,3,3.198
1165,10.94,18.692,0.054,0.0,0.0,0.0,0.0,0.0,534.0,2496.0,0.575,40,0,0,7.381,7.3,253,240,2,80,80,0,0,6400,0,0,0,0,0,0,0,0,0,0,240,0,0,0,2816,126,0,2591,0,0,4,2.816
1166,12.074,18.692,0.054,0.0,0.0,0.0,0.0,0.0,534.0,2496.0,0.633,40,0,0,8.212,8.053,254,240,2,80,80,0,0,6400,0,0,0,0,0,0,0,0,0,0,240,0,0,0,2910,105,0,2710,0,0,3,2.91
1167,11.65,18.692,0.054,0.0,0.0,0.0,0.0,0.0,534.0,2496.0,0.37,40,0,0,8.029,7.927,252,240,2,80,80,0,0,6400,0,0,0,0,0,0,0,0,0,0,240,0,0,0,2623,102,0,2427,0,0,2,2.623
1168,11.22,18.692,0.054,0.0,0.0,0.0,0.0,0.0,534.0,2496.0,0.452,40,0,0,7.693,7.608,255,240,2,80,80,0,0,6400,0,0,0,0,0,0,0,0,0,0,240,0,0,0,2793,130,0,2573,0,0,3,2.793
1169,11.032,18.692,0.054,0.0,0.0,0.0,0.0,0.0,534.0,2496.0,0.396,40,0,0,7.632,7.545,253,240,2,80,80,0,0,6400,0,0,0,0,0,0,0,0,0,0,240,0,0,0,2583,106,0,2404,0,0,3,2.583
1170,11.071,18.692,0.054,0.0,0.0,0.0,0.0,0.0,534.0,2496.0,0.387,40,0,0,7.738,7.663,253,240,2,80,80,0,0,6400,0,0,0,0,0,0,0,0,0,0,240,0,0,0,2601,104,0,2415,0,0,3,2.601
1171,11.689,18.692,0.054,0.0,0.0,0.0,0.0,0.0,534.0,2496.0,0.529,40,0,0,7.678,7.605,252,240,2,80,80,0,0,6400,0,0,0,0,0,0,0,0,0,0,240,0,0,0,3297,129,0,3051,0,0,5,3.297
1172,15.424,18.692,0.054,0.0,0.0,0.0,0.0,0.0,534.0,2496.0,0.589,40,0,0,11.076,10.951,256,240,2,80,80,0,0,6400,0,0,0,0,0,0,0,0,0,0,240,0,0,0,3376,143,0,3114,0,0,4,3.376
1173,15.377,18.692,0.054,0.0,0.0,0.0,0.0,0.0,534.0,2496.0,0.562,40,0,0,10.731,10.633,252,240,2,80,80,0,0,6400,0,0,0,0,0,0,0,0,0,0,240,0,0,0,3619,160,0,3335,0,0,5,3.619
1174,15.321,18.692,0.054,0.0,0.0,0.0,0.0,0.0,534.0,2496.0,0.578,40,0,0,10.6,10.426,255,240,2,80,80,0,0,6400,0,0,0,0,0,0,0,0,0,0,240,0,0,0,3708,159,0,3383,0,0,4,3.708
1175,16.08,18.692,0.054,0.0,0.0,0.0,0.0,0.0,534.0,2496.0,0.532,40,0,0,11.29,11.174,254,240,2,80,80,0,0,6400,0,0,0,0,0,0,0,0,0,0,240,0,0,0,3736,157,0,3443,0,0,4,3.736
1176,16.131,18.692,0.054,0.0,0.0,0.0,0.0,0.0,534.0,2496.0,0.572,40,0,0,11.489,11.402,253,240,2,80,80,0,0,6400,0,0,0,0,0,0,0,0,0,0,240,0,0,0,3700,126,0,3447,0,0,2,3.7
1177,13.163,18.692,0.054,0.0,0.0,0.0,0.0,0.0,534.0,2496.0,0.424,40,0,0,9.536,9.451,252,240,2,80,80,0,0,6400,0,0,0,0,0,0,0,0,0,0,240,0,0,0,2667,113,0,2466,0,0,3,2.667
1178,11.721,18.692,0.054,0.0,0.0,0.0,0.0,0.0,534.0,2496.0,0.456,40,0,0,8.149,8.063,254,240,2,80,80,0,0,6400,0,0,0,0,0,0,0,0,0,0,240,0,0,0,2773,130,0,2525,0,0,4,2.773
1179,11.751,18.692,0.054,0.0,0.0,0.0,0.0,0.0,534.0,2496.0,0.404,40,0,0,8.135,8.054,252,240,2,80,80,0,0,6400,0,0,0,0,0,0,0,0,0,0,240,0,0,0,2822,123,0,2606,0,0,3,2.822
1180,10.958,18.692,0.054,0.0,0.0,0.0,0.0,0.0,534.0,2496.0,0.383,40,0,0,7.676,7.579,256,240,2,80,80,0,0,6400,0,0,0,0,0,0,0,0,0,0,240,0,0,0,2546,106,0,2349,0,0,2,2.546
1181,11.16,18.692,0.054,0.0,0.0,0.0,0.0,0.0,534.0,2496.0,0.399,40,0,0,7.805,7.726,254,240,2,80,80,0,0,6400,0,0,0,0,0,0,0,0,0,0,240,0,0,0,2627,104,0,2441,0,0,3,2.627
1182,12.82,18.692,0.054,0.0,0.0,0.0,0.0,0.0,534.0,2496.0,0.547,40,0,0,8.415,8.313,254,240,2,80,80,0,0,6400,0,0,0,0,0,0,0,0,0,0,240,0,0,0,3627,167,0,3331,0,0,4,3.627
1183,11.62,18.692,0.054,0.0,0.0,0.0,0.0,0.0,534.0,2496.0,0.456,40,0,0,8.206,8.084,252,240,2,80,80,0,0,6400,0,0,0,0,0,0,0,0,0,0,240,0,0,0,2548,106,0,2370,0,0,2,2.548
1184,10.979,18.692,0.054,0.0,0.0,0.0,0.0,0.0,534.0,2496.0,0.412,40,0,0,7.607,7.524,254,240,2,80,80,0,0,6400,0,0,0,0,0,0,0,0,0,0,240,0,0,0,2605,138,0,2384,0,0,2,2.605
1185,10.919,18.692,0.054,0.0,0.0,0.0,0.0,0.0,534.0,2496.0,0.409,40,0,0,7.636,7.563,252,240,2,80,80,0,0,6400,0,0,0,0,0,0,0,0,0,0,240,0,0,0,2583,111,0,2389,0,0,3,2.583
1186,11.074,18.692,0.054,0.0,0.0,0.0,0.0,0.0,534.0,2496.0,0.436,40,0,0,7.636,7.559,253,240,2,80,80,0,0,6400,0,0,0,0,0,0,0,0,0,0,240,0,0,0,2688,103,0,2511,0,0,2,2.688
1187,11.62,18.692,0.054,0.0,0.0,0.0,0.0,0.0,534.0,2496.0,0.392,40,0,0,8.125,8.036,255,240,2,80,80,0,0,6400,0,0,0,0,0,0,0,0,0,0,240,0,0,0,2700,115,0,2493,0,0,3,2.7
1188,11.756,18.692,0.054,0.0,0.0,0.0,0.0,0.0,534.0,2496.0,0.421,40,0,0,8.082,7.989,255,240,2,80,80,0,0,6400,0,0,0,0,0,0,0,0,0,0,240,0,0,0,2935,140,0,2692,0,0,3,2.935
1189,11.321,18.692,0.054,0.0,0.0,0.0,0.0,0.0,534.0,2496.0,0.417,40,0,0,7.934,7.856,252,240,2,80,80,0,0,6400,0,0,0,0,0,0,0,0,0,0,240,0,0,0,2651,125,0,2440,0,0,3,2.651
1190,11.17,18.692,0.054,0.0,0.0,0.0,0.0,0.0,534.0,2496.0,0.417,40,0,0,7.697,7.616,254,240,2,80,80,0,0,6400,0,0,0,0,0,0,0,0,0,0,240,0,0,0,2736,122,0,2520,0,0,2,2.736
1191,11.604,18.692,0.054,0.0,0.0,0.0,0.0,0.0,534.0,2496.0,0.388,40,0,0,8.212,8.139,252,240,2,80,80,0,0,6400,0,0,0,0,0,0,0,0,0,0,240,0,0,0,2661,102,0,2469,0,0,3,2.661
1192,11.908,18.692,0.054,0.0,0.0,0.0,0.0,0.0,534.0,2496.0,0.427,40,0,0,8.277,8.196,254,240,2,80,80,0,0,6400,0,0,0,0,0,0,0,0,0,0,240,0,0,0,2851,114,0,2650,0,0,3,2.851
1193,12.568,18.692,0.054,0.0,0.0,0.0,0.0,0.0,534.0,2496.0,0.484,40,0,0,8.886,8.797,254,240,2,80,80,0,0,6400,0,0,0,0,0,0,0,0,0,0,240,0,0,0,2865,150,0,2627,0,0,2,2.865
1194,11.815,18.692,0.054,0.0,0.0,0.0,0.0,0.0,534.0,2496.0,0.434,40,0,0,8.19,8.095,255,240,2,80,80,0,0,6400,0,0,0,0,0,0,0,0,0,0,240,0,0,0,2812,109,0,2609,0,0,3,2.812
1195,11.931,18.692,0.054,0.0,0.0,0.0,0.0,0.0,534.0,2496.0,0.471,40,0,0,8.313,8.228,254,240,2,80,80,0,0,6400,0,0,0,0,0,0,0,0,0,0,240,0,0,0,2870,127,0,2648,0,0,4,2.87
1196,11.753,18.692,0.054,0.0,0.0,0.0,0.0,0.0,534.0,2496.0,0.45,40,0,0,8.13,8.038,254,240,2,80,80,0,0,6400,0,0,0,0,0,0,0,0,0,0,240,0,0,0,2809,106,0,2606,0,0,2,2.809
1197,13.104,18.692,0.054,0.0,0.0,0.0,0.0,0.0,534.0,2496.0,0.418,40,0,0,9.163,7.974,253,240,2,80,80,0,0,6400,0,0,0,0,0,0,0,0,0,0,240,0,0,0,3123,205,0,2809,0,0,3,3.123
1198,11.97,18.692,0.054,0.0,0.0,0.0,0.0,0.0,534.0,2496.0,0.404,40,0,0,8.428,8.325,252,240,2,80,80,0,0,6400,0,0,0,0,0,0,0,0,0,0,240,0,0,0,2798,126,0,2572,0,0,3,2.798
1199,11.788,18.692,0.054,0.0,0.0,0.0,0.0,0.0,534.0,2496.0,0.395,40,0,0,8.355,8.248,253,240,2,80,80,0,0,6400,0,0,0,0,0,0,0,0,0,0,240,0,0,0,2682,110,0,2490,0,0,3,2.682
1200,11.318,18.692,0.054,0.0,0.0,0.0,0.0,0.0,534.0,2496.0,0.364,40,0,0,7.875,7.783,255,240,2,80,80,0,0,6400,0,0,0,0,0,0,0,0,0,0,240,0,0,0,2701,105,0,2503,0,0,2,2.701
1201,12.506,18.692,0.054,0.0,0.0,0.0,0.0,0.0,534.0,2496.0,0.385,40,0,0,9.161,9.069,252,240,2,80,80,0,0,6400,0,0,0,0,0,0,0,0,0,0,240,0,0,0,2640,108,0,2445,0,0,2,2.64
1202,11.874,18.692,0.054,0.0,0.0,0.0,0.0,0.0,534.0,2496.0,0.46,40,0,0,8.472,8.395,253,240,2,80,80,0,0,6400,0,0,0,0,0,0,0,0,0,0,240,0,0,0,2647,115,0,2411,0,0,3,2.647
1203,11.633,18.692,0.054,0.0,0.0,0.0,0.0,0.0,534.0,2496.0,0.392,40,0,0,8.213,8.14,252,240,2,80,80,0,0,6400,0,0,0,0,0,0,0,0,0,0,240,0,0,0,2656,102,0,2471,0,0,2,2.656
1204,11.55,18.692,0.054,0.0,0.0,0.0,0.0,0.0,534.0,2496.0,0.397,40,0,0,8.022,7.94,254,240,2,80,80,0,0,6400,0,0,0,0,0,0,0,0,0,0,240,0,0,0,2805,107,0,2597,0,0,2,2.805
1205,13.325,18.692,0.054,0.0,0.0,0.0,0.0,0.0,534.0,2496.0,0.746,40,0,0,9.467,9.388,253,240,2,80,80,0,0,6400,0,0,0,0,0,0,0,0,0,0,240,0,0,0,3123,216,0,2809,0,0,4,3.123
1206,13.88,18.692,0.054,0.0,0.0,0.0,0.0,0.0,534.0,2496.0,0.538,40,0,0,9.322,9.186,254,240,2,80,80,0,0,6400,0,0,0,0,0,0,0,0,0,0,240,0,0,0,3085,122,0,2867,0,0,3,3.085
1207,13.76,18.692,0.054,0.0,0.0,0.0,0.0,0.0,534.0,2496.0,0.486,40,0,0,9.705,9.487,252,240,2,80,80,0,0,6400,0,0,0,0,0,0,0,0,0,0,240,0,0,0,3175,115,0,2958,0,0,3,3.175
1208,12.499,18.692,0.054,0.0,0.0,0.0,0.0,0.0,534.0,2496.0,0.49,40,0,0,8.805,8.715,253,240,2,80,80,0,0,6400,0,0,0,0,0,0,0,0,0,0,240,0,0,0,2845,120,0,2633,0,0,3,2.845
1209,12.987,18.692,0.054,0.0,0.0,0.0,0.0,0.0,534.0,2496.0,0.484,40,0,0,8.901,8.807,254,240,2,80,80,0,0,6400,0,0,0,0,0,0,0,0,0,0,240,0,0,0,3224,118,0,3009,0,0,3,3.224
1210,13.981,18.692,0.054,0.0,0.0,0.0,0.0,0.0,534.0,2496.0,0.451,40,0,0,9.823,9.741,252,240,2,80,80,0,0,6400,0,0,0,0,0,0,0,0,0,0,240,0,0,0,3275,293,0,2879,0,0,3,3.275
1211,13.382,18.692,0.054,0.0,0.0,0.0,0.0,0.0,534.0,2496.0,0.645,40,0,0,9.067,8.971,253,240,2,80,80,0,0,6400,0,0,0,0,0,0,0,0,0,0,240,0,0,0,3426,355,0,2963,0,0,3,3.426
1212,13.304,18.692,0.054,0.0,0.0,0.0,0.0,0.0,534.0,2496.0,0.482,40,0,0,8.879,8.786,253,240,2,80,80,0,0,6400,0,0,0,0,0,0,0,0,0,0,240,0,0,0,3249,233,0,2909,0,0,3,3.249
1213,14.649,18.692,0.054,0.0,0.0,0.0,0.0,0.0,534.0,2496.0,0.881,40,0,0,9.788,9.696,253,240,2,80,80,0,0,6400,0,0,0,0,0,0,0,0,0,0,240,0,0,0,3886,151,0,3608,0,0,3,3.886
1214,14.328,18.692,0.054,0.0,0.0,0.0,0.0,0.0,534.0,2496.0,0.427,40,0,0,10.017,9.556,254,240,2,80,80,0,0,6400,0,0,0,0,0,0,0,0,0,0,240,0,0,0,3004,125,0,2776,0,0,3,3.004
1215,15.423,18.692,0.054,0.0,0.0,0.0,0.0,0.0,534.0,2496.0,0.63,40,0,0,10.989,10.91,252,240,2,80,80,0,0,6400,0,0,0,0,0,0,0,0,0,0,240,0,0,0,3563,181,0,3254,0,0,6,3.563
1216,15.537,18.692,0.054,0.0,0.0,0.0,0.0,0.0,534.0,2496.0,0.511,40,0,0,10.836,10.725,253,240,2,80,80,0,0,6400,0,0,0,0,0,0,0,0,0,0,240,0,0,0,3629,159,0,3348,0,0,4,3.629
1217,12.585,18.692,0.054,0.0,0.0,0.0,0.0,0.0,534.0,2496.0,0.426,40,0,0,8.843,8.728,253,240,2,80,80,0,0,6400,0,0,0,0,0,0,0,0,0,0,240,0,0,0,2860,130,0,2638,0,0,4,2.86
1218,11.311,18.692,0.054,0.0,0.0,0.0,0.0,0.0,534.0,2496.0,0.396,40,0,0,7.968,7.885,253,240,2,80,80,0,0,6400,0,0,0,0,0,0,0,0,0,0,240,0,0,0,2613,107,0,2382,0,0,4,2.613
1219,10.823,18.692,0.054,0.0,0.0,0.0,0.0,0.0,534.0,2496.0,0.404,40,0,0,7.626,7.548,253,240,2,80,80,0,0,6400,0,0,0,0,0,0,0,0,0,0,240,0,0,0,2509,101,0,2325,0,0,2,2.509
1220,11.04,16.164,0.036,0.0,0.0,0.0,0.0,0.0,534.0,2496.0,0.406,40,0,0,7.75,7.676,253,240,2,80,80,0,0,6400,0,0,0,0,0,0,0,0,0,0,240,0,0,0,2500,104,0,2321,0,0,3,2.5
1221,11.049,16.164,0.036,0.0,0.0,0.0,0.0,0.0,534.0,2496.0,0.403,40,0,0,7.764,7.698,252,240,2,80,80,0,0,6400,0,0,0,0,0,0,0,0,0,0,240,0,0,0,2577,101,0,2387,0,0,3,2.577
1222,10.81,16.164,0.036,0.0,0.0,0.0,0.0,0.0,534.0,2496.0,0.438,40,0,0,7.569,7.493,253,240,2,80,80,0,0,6400,0,0,0,0,0,0,0,0,0,0,240,0,0,0,2549,101,0,2363,0,0,2,2.549
1223,10.924,16.164,0.036,0.0,0.0,0.0,0.0,0.0,534.0,2496.0,0.404,40,0,0,7.443,7.368,253,240,2,80,80,0,0,6400,0,0,0,0,0,0,0,0,0,0,240,0,0,0,2770,99,0,2591,0,0,2,2.77
1224,10.704,16.164,0.036,0.0,0.0,0.0,0.0,0.0,534.0,2496.0,0.375,40,0,0,7.402,7.325,252,240,2,80,80,0,0,6400,0,0,0,0,0,0,0,0,0,0,240,0,0,0,2603,105,0,2363,0,0,3,2.603
1225,10.727,16.164,0.036,0.0,0.0,0.0,0.0,0.0,534.0,2496.0,0.373,40,0,0,7.521,7.446,253,240,2,80,80,0,0,6400,0,0,0,0,0,0,0,0,0,0,240,0,0,0,2555,105,0,2363,0,0,3,2.555
1226,10.553,16.164,0.036,0.0,0.0,0.0,0.0,0.0,534.0,2496.0,0.384,40,0,0,7.383,7.306,254,240,2,80,80,0,0,6400,0,0,0,0,0,0,0,0,0,0,240,0,0,0,2509,111,0,2322,0,0,2,2.509
1227,10.548,16.164,0.036,0.0,0.0,0.0,0.0,0.0,534.0,2496.0,0.346,40,0,0,7.303,7.226,253,240,2,80,80,0,0,6400,0,0,0,0,0,0,0,0,0,0,240,0,0,0,2558,108,0,2340,0,0,2,2.558
1228,10.995,16.164,0.036,0.0,0.0,0.0,0.0,0.0,534.0,2496.0,0.391,40,0,0,7.557,7.49,252,240,2,80,80,0,0,6400,0,0,0,0,0,0,0,0,0,0,240,0,0,0,2800,105,0,2607,0,0,2,2.8
1229,11.26,16.164,0.036,0.0,0.0,0.0,0.0,0.0,534.0,2496.0,0.385,40,0,0,7.866,7.786,253,240,2,80,80,0,0,6400,0,0,0,0,0,0,0,0,0,0,240,0,0,0,2695,111,0,2497,0,0,3,2.695
1230,18.271,16.164,0.036,0.0,0.0,0.0,0.0,0.0,534.0,2496.0,0.726,40,0,0,14.636,14.54,252,240,2,80,80,0,0,6400,0,0,0,0,0,0,0,0,0,0,240,0,0,0,2930,107,0,2724,0,0,4,2.93
1231,12.43,16.164,0.036,0.0,0.0,0.0,0.0,0.0,534.0,2496.0,0.411,40,0,0,8.663,8.585,252,240,2,80,80,0,0,6400,0,0,0,0,0,0,0,0,0,0,240,0,0,0,2585,106,0,2390,0,0,2,2.585
1232,11.054,16.164,0.036,0.0,0.0,0.0,0.0,0.0,534.0,2496.0,0.402,40,0,0,7.768,7.675,254,240,2,80,80,0,0,6400,0,0,0,0,0,0,0,0,0,0,240,0,0,0,2561,104,0,2375,0,0,4,2.561
1233,11.396,16.164,0.036,0.0,0.0,0.0,0.0,0.0,534.0,2496.0,0.436,40,0,0,8.063,7.984,253,240,2,80,80,0,0,6400,0,0,0,0,0,0,0,0,0,0,240,0,0,0,2550,182,0,2278,0,0,2,2.55
1234,13.274,16.164,0.036,0.0,0.0,0.0,0.0,0.0,534.0,2496.0,0.547,40,0,0,8.988,8.917,252,240,2,80,80,0,0,6400,0,0,0,0,0,0,0,0,0,0,240,0,0,0,3509,174,0,3193,0,0,4,3.509
1235,14.307,16.164,0.036,0.0,0.0,0.0,0.0,0.0,534.0,2496.0,0.461,40,0,0,10.376,10.251,253,240,2,80,80,0,0,6400,0,0,0,0,0,0,0,0,0,0,240,0,0,0,2973,119,0,2756,0,0,2,2.973
1236,12.963,16.164,0.036,0.0,0.0,0.0,0.0,0.0,534.0,2496.0,0.447,40,0,0,8.96,8.878,252,240,2,80,80,0,0,6400,0,0,0,0,0,0,0,0,0,0,240,0,0,0,3191,175,0,2901,0,0,4,3.191
1237,12.285,16.164,0.036,0.0,0.0,0.0,0.0,0.0,534.0,2496.0,0.442,40,0,0,8.643,8.558,252,240,2,80,80,0,0,6400,0,0,0,0,0,0,0,0,0,0,240,0,0,0,2855,133,0,2628,0,0,3,2.855
1238,12.066,16.164,0.036,0.0,0.0,0.0,0.0,0.0,534.0,2496.0,0.434,40,0,0,8.457,8.346,254,240,2,80,80,0,0,6400,0,0,0,0,0,0,0,0,0,0,240,0,0,0,2837,114,0,2630,0,0,3,2.837
1239,12.887,16.164,0.036,0.0,0.0,0.0,0.0,0.0,534.0,2496.0,0.444,40,0,0,8.816,8.732,253,240,2,80,80,0,0,6400,0,0,0,0,0,0,0,0,0,0,240,0,0,0,3229,129,0,2964,0,0,4,3.229
1240,12.493,16.164,0.036,0.0,0.0,0.0,0.0,0.0,534.0,2496.0,0.496,40,0,0,8.779,8.665,253,240,2,80,80,0,0,6400,0,0,0,0,0,0,0,0,0,0,240,0,0,0,2839,117,0,2630,0,0,3,2.839
1241,11.789,16.164,0.036,0.0,0.0,0.0,0.0,0.0,534.0,2496.0,0.435,40,0,0,8.184,8.099,253,240,2,80,80,0,0,6400,0,0,0,0,0,0,0,0,0,0,240,0,0,0,2766,138,0,2536,0,0,3,2.766
1242,11.949,16.164,0.036,0.0,0.0,0.0,0.0,0.0,534.0,2496.0,0.479,40,0,0,8.353,8.278,252,240,2,80,80,0,0,6400,0,0,0,0,0,0,0,0,0,0,240,0,0,0,2824,116,0,2615,0,0,3,2.824
1243,12.264,16.164,0.036,0.0,0.0,0.0,0.0,0.0,534.0,2496.0,0.504,40,0,0,8.663,8.576,253,240,2,80,80,0,0,6400,0,0,0,0,0,0,0,0,0,0,240,0,0,0,2757,117,0,2556,0,0,2,2.757
1244,12.104,16.164,0.036,0.0,0.0,0.0,0.0,0.0,534.0,2496.0,0.486,40,0,0,8.48,8.393,253,240,2,80,80,0,0,6400,0,0,0,0,0,0,0,0,0,0,240,0,0,0,2751,118,0,2527,0,0,15,2.751
1245,12.321,16.164,0.036,0.0,0.0,0.0,0.0,0.0,534.0,2496.0,0.446,40,0,0,8.706,8.604,254,240,2,80,80,0,0,6400,0,0,0,0,0,0,0,0,0,0,240,0,0,0,2783,114,0,2572,0,0,3,2.783
1246,11.78,16.164,0.036,0.0,0.0,0.0,0.0,0.0,534.0,2496.0,0.491,40,0,0,8.232,8.155,252,240,2,80,80,0,0,6400,0,0,0,0,0,0,0,0,0,0,240,0,0,0,2755,110,0,2559,0,0,2,2.755
1247,11.851,16.164,0.036,0.0,0.0,0.0,0.0,0.0,534.0,2496.0,0.504,40,0,0,8.226,8.144,253,240,2,80,80,0,0,6400,0,0,0,0,0,0,0,0,0,0,240,0,0,0,2800,109,0,2580,0,0,3,2.8
1248,12.054,16.164,0.036,0.0,0.0,0.0,0.0,0.0,534.0,2496.0,0.506,40,0,0,8.375,8.293,253,240,2,80,80,0,0,6400,0,0,0,0,0,0,0,0,0,0,240,0,0,0,2799,124,0,2570,0,0,20,2.799
1249,11.769,16.164,0.036,0.0,0.0,0.0,0.0,0.0,534.0,2496.0,0.453,40,0,0,8.177,8.084,252,240,2,80,80,0,0,6400,0,0,0,0,0,0,0,0,0,0,240,0,0,0,2727,111,0,2519,0,0,2,2.727
1250,11.835,16.164,0.036,0.0,0.0,0.0,0.0,0.0,534.0,2496.0,0.55,40,0,0,8.202,8.092,252,240,2,80,80,0,0,6400,0,0,0,0,0,0,0,0,0,0,240,0,0,0,2846,114,0,2646,0,0,3,2.846
1251,12.042,16.164,0.036,0.0,0.0,0.0,0.0,0.0,534.0,2496.0,0.462,40,0,0,8.385,8.247,254,240,2,80,80,0,0,6400,0,0,0,0,0,0,0,0,0,0,240,0,0,0,2778,109,0,2583,0,0,3,2.778
1252,11.785,16.164,0.036,0.0,0.0,0.0,0.0,0.0,534.0,2496.0,0.426,40,0,0,8.256,8.174,253,240,2,80,80,0,0,6400,0,0,0,0,0,0,0,0,0,0,240,0,0,0,2744,110,0,2548,0,0,2,2.744
1253,12.544,16.164,0.036,0.0,0.0,0.0,0.0,0.0,534.0,2496.0,0.573,40,0,0,9.066,8.962,253,240,2,80,80,0,0,6400,0,0,0,0,0,0,0,0,0,0,240,0,0,0,2744,118,0,2522,0,0,2,2.744
1254,12.131,16.164,0.036,0.0,0.0,0.0,0.0,0.0,534.0,2496.0,0.442,40,0,0,8.381,8.3,252,240,2,80,80,0,0,6400,0,0,0,0,0,0,0,0,0,0,240,0,0,0,2768,117,0,2564,0,0,2,2.768
1255,11.92,16.164,0.036,0.0,0.0,0.0,0.0,0.0,534.0,2496.0,0.486,40,0,0,8.283,8.207,252,240,2,80,80,0,0,6400,0,0,0,0,0,0,0,0,0,0,240,0,0,0,2795,119,0,2588,0,0,2,2.795
1256,12.224,16.164,0.036,0.0,0.0,0.0,0.0,0.0,534.0,2496.0,0.491,40,0,0,8.511,8.419,253,240,2,80,80,0,0,6400,0,0,0,0,0,0,0,0,0,0,240,0,0,0,2899,114,0,2623,0,0,45,2.899
1257,13.76,16.164,0.036,0.0,0.0,0.0,0.0,0.0,534.0,2496.0,1.208,40,0,0,10.418,10.33,253,240,2,80,80,0,0,6400,0,0,0,0,0,0,0,0,0,0,240,0,0,0,2544,99,0,2355,0,0,3,2.544
1258,12.889,16.164,0.036,0.0,0.0,0.0,0.0,0.0,534.0,2496.0,0.543,40,0,0,8.309,8.235,253,240,2,80,80,0,0,6400,0,0,0,0,0,0,0,0,0,0,240,0,0,0,3041,102,0,2827,0,0,2,3.041
1259,14.362,16.164,0.036,0.0,0.0,0.0,0.0,0.0,534.0,2496.0,0.457,40,0,0,10.083,9.964,253,240,2,80,80,0,0,6400,0,0,0,0,0,0,0,0,0,0,240,0,0,0,3376,195,0,3005,0,0,2,3.376
1260,11.095,16.164,0.036,0.0,0.0,0.0,0.0,0.0,534.0,2496.0,0.39,40,0,0,7.786,7.694,255,240,2,80,80,0,0,6400,0,0,0,0,0,0,0,0,0,0,240,0,0,0,2535,101,0,2351,0,0,2,2.535
1261,11.168,16.164,0.036,0.0,0.0,0.0,0.0,0.0,534.0,2496.0,0.378,40,0,0,7.805,7.737,252,240,2,80,80,0,0,6400,0,0,0,0,0,0,0,0,0,0,240,0,0,0,2666,103,0,2470,0,0,2,2.666
1262,10.683,16.164,0.036,0.0,0.0,0.0,0.0,0.0,534.0,2496.0,0.376,40,0,0,7.448,7.377,252,240,2,80,80,0,0,6400,0,0,0,0,0,0,0,0,0,0,240,0,0,0,2529,115,0,2331,0,0,2,2.529
1263,10.636,16.164,0.036,0.0,0.0,0.0,0.0,0.0,534.0,2496.0,0.417,40,0,0,7.358,7.281,253,240,2,80,80,0,0,6400,0,0,0,0,0,0,0,0,0,0,240,0,0,0,2610,99,0,2434,0,0,2,2.61
1264,11.082,16.164,0.036,0.0,0.0,0.0,0.0,0.0,534.0,2496.0,0.374,40,0,0,7.453,7.378,253,240,2,80,80,0,0,6400,0,0,0,0,0,0,0,0,0,0,240,0,0,0,2887,101,0,2701,0,0,2,2.887
1265,12.181,16.164,0.036,0.0,0.0,0.0,0.0,0.0,534.0,2496.0,0.415,40,0,0,8.972,7.986,255,240,2,80,80,0,0,6400,0,0,0,0,0,0,0,0,0,0,240,0,0,0,2500,108,0,2306,0,0,2,2.5
1266,10.731,16.164,0.036,0.0,0.0,0.0,0.0,0.0,534.0,2496.0,0.393,40,0,0,7.546,7.461,254,240,2,80,80,0,0,6400,0,0,0,0,0,0,0,0,0,0,240,0,0,0,2438,102,0,2261,0,0,2,2.438
1267,11.483,16.164,0.036,0.0,0.0,0.0,0.0,0.0,534.0,2496.0,0.383,40,0,0,8.233,8.162,253,240,2,80,80,0,0,6400,0,0,0,0,0,0,0,0,0,0,240,0,0,0,2570,100,0,2384,0,0,3,2.57
1268,11.113,16.164,0.036,0.0,0.0,0.0,0.0,0.0,534.0,2496.0,0.393,40,0,0,7.731,7.657,253,240,2,80,80,0,0,6400,0,0,0,0,0,0,0,0,0,0,240,0,0,0,2688,105,0,2500,0,0,2,2.688
1269,12.076,16.164,0.036,0.0,0.0,0.0,0.0,0.0,534.0,2496.0,0.377,40,0,0,8.73,8.622,253,240,2,80,80,0,0,6400,0,0,0,0,0,0,0,0,0,0,240,0,0,0,2601,105,0,2411,0,0,3,2.601
1270,11.261,16.164,0.036,0.0,0.0,0.0,0.0,0.0,534.0,2496.0,0.41,40,0,0,7.903,7.811,253,240,2,80,80,0,0,6400,0,0,0,0,0,0,0,0,0,0,240,0,0,0,2644,104,0,2459,0,0,3,2.644
1271,10.73,16.164,0.036,0.0,0.0,0.0,0.0,0.0,534.0,2496.0,0.381,40,0,0,7.44,7.362,253,240,2,80,80,0,0,6400,0,0,0,0,0,0,0,0,0,0,240,0,0,0,2587,103,0,2396,0,0,1,2.587
1272,10.978,16.164,0.036,0.0,0.0,0.0,0.0,0.0,534.0,2496.0,0.379,40,0,0,7.635,7.528,254,240,2,80,80,0,0,6400,0,0,0,0,0,0,0,0,0,0,240,0,0,0,2650,110,0,2445,0,0,2,2.65
1273,11.062,16.164,0.036,0.0,0.0,0.0,0.0,0.0,534.0,2496.0,0.386,40,0,0,7.554,7.431,254,240,2,80,80,0,0,6400,0,0,0,0,0,0,0,0,0,0,240,0,0,0,2820,104,0,2438,0,0,3,2.82
1274,11.685,16.164,0.036,0.0,0.0,0.0,0.0,0.0,534.0,2496.0,0.372,40,0,0,8.41,8.338,252,240,2,80,80,0,0,6400,0,0,0,0,0,0,0,0,0,0,240,0,0,0,2548,117,0,2350,0,0,2,2.548
1275,10.671,16.164,0.036,0.0,0.0,0.0,0.0,0.0,534.0,2496.0,0.4,40,0,0,7.456,7.384,253,240,2,80,80,0,0,6400,0,0,0,0,0,0,0,0,0,0,240,0,0,0,2568,98,0,2383,0,0,3,2.568
1276,11.858,16.164,0.036,0.0,0.0,0.0,0.0,0.0,534.0,2496.0,0.408,40,0,0,8.078,7.998,254,240,2,80,80,0,0,6400,0,0,0,0,0,0,0,0,0,0,240,0,0,0,2925,107,0,2721,0,0,3,2.925
1277,12.334,16.164,0.036,0.0,0.0,0.0,0.0,0.0,534.0,2496.0,0.5,40,0,0,9.018,8.914,253,240,2,80,80,0,0,6400,0,0,0,0,0,0,0,0,0,0,240,0,0,0,2587,113,0,2393,0,0,2,2.587
1278,12.887,16.164,0.036,0.0,0.0,0.0,0.0,0.0,534.0,2496.0,0.421,40,0,0,9.479,9.394,252,240,2,80,80,0,0,6400,0,0,0,0,0,0,0,0,0,0,240,0,0,0,2560,107,0,2372,0,0,3,2.56
1279,13.243,16.164,0.036,0.0,0.0,0.0,0.0,0.0,534.0,2496.0,0.509,40,0,0,9.346,9.223,255,240,2,80,80,0,0,6400,0,0,0,0,0,0,0,0,0,0,240,0,0,0,3063,118,0,2844,0,0,4,3.063
1280,13.674,16.164,0.036,0.0,0.0,0.0,0.0,0.0,534.0,2496.0,0.531,40,0,0,9.849,9.74,254,240,2,80,80,0,0,6400,0,0,0,0,0,0,0,0,0,0,240,0,0,0,2959,153,0,2708,0,0,3,2.959
1281,13.531,16.164,0.036,0.0,0.0,0.0,0.0,0.0,534.0,2496.0,0.465,40,0,0,9.551,9.442,253,240,2,80,80,0,0,6400,0,0,0,0,0,0,0,0,0,0,240,0,0,0,3092,136,0,2843,0,0,4,3.092
1282,13.025,16.164,0.036,0.0,0.0,0.0,0.0,0.0,534.0,2496.0,0.45,40,0,0,9.152,9.054,253,240,2,80,80,0,0,6400,0,0,0,0,0,0,0,0,0,0,240,0,0,0,2991,124,0,2774,0,0,2,2.991
1283,14.578,16.164,0.036,0.0,0.0,0.0,0.0,0.0,534.0,2496.0,0.532,40,0,0,10.32,10.234,253,240,2,80,80,0,0,6400,0,0,0,0,0,0,0,0,0,0,240,0,0,0,3420,139,0,3162,0,0,4,3.42
1284,13.139,16.164,0.036,0.0,0.0,0.0,0.0,0.0,534.0,2496.0,0.562,40,0,0,9.082,8.968,253,240,2,80,80,0,0,6400,0,0,0,0,0,0,0,0,0,0,240,0,0,0,3113,127,0,2871,0,0,3,3.113
1285,15.207,16.164,0.036,0.0,0.0,0.0,0.0,0.0,534.0,2496.0,0.57,40,0,0,10.783,10.667,254,240,2,80,80,0,0,6400,0,0,0,0,0,0,0,0,0,0,240,0,0,0,3422,183,0,3114,0,0,5,3.422
1286,13.349,16.164,0.036,0.0,0.0,0.0,0.0,0.0,534.0,2496.0,0.497,40,0,0,9.041,8.92,254,240,2,80,80,0,0,6400,0,0,0,0,0,0,0,0,0,0,240,0,0,0,3321,120,0,3078,0,0,4,3.321
1287,16.019,16.164,0.036,0.0,0.0,0.0,0.0,0.0,534.0,2496.0,0.755,40,0,0,11.091,11.002,252,240,2,80,80,0,0,6400,0,0,0,0,0,0,0,0,0,0,240,0,0,0,3974,178,0,3650,0,0,6,3.974
1288,15.501,16.164,0.036,0.0,0.0,0.0,0.0,0.0,534.0,2496.0,0.574,40,0,0,10.905,10.787,253,240,2,80,80,0,0,6400,0,0,0,0,0,0,0,0,0,0,240,0,0,0,3388,150,0,3097,0,0,5,3.388
1289,14.358,16.164,0.036,0.0,0.0,0.0,0.0,0.0,534.0,2496.0,0.622,40,0,0,10.376,10.216,254,240,2,80,80,0,0,6400,0,0,0,0,0,0,0,0,0,0,240,0,0,0,2958,119,0,2739,0,0,7,2.958
1290,14.609,16.164,0.036,0.0,0.0,0.0,0.0,0.0,534.0,2496.0,0.461,40,0,0,10.477,10.378,252,240,2,80,80,0,0,6400,0,0,0,0,0,0,0,0,0,0,240,0,0,0,3060,132,0,2824,0,0,4,3.06
1291,12.981,16.164,0.036,0.0,0.0,0.0,0.0,0.0,534.0,2496.0,0.516,40,0,0,8.884,8.782,255,240,2,80,80,0,0,6400,0,0,0,0,0,0,0,0,0,0,240,0,0,0,3214,179,0,2924,0,0,3,3.214
1292,12.827,16.164,0.036,0.0,0.0,0.0,0.0,0.0,534.0,2496.0,0.444,40,0,0,8.827,8.745,252,240,2,80,80,0,0,6400,0,0,0,0,0,0,0,0,0,0,240,0,0,0,3110,118,0,2823,0,0,3,3.11
1293,12.667,16.164,0.036,0.0,0.0,0.0,0.0,0.0,534.0,2496.0,0.486,40,0,0,9.12,9.019,254,240,2,80,80,0,0,6400,0,0,0,0,0,0,0,0,0,0,240,0,0,0,2743,186,0,2470,0,0,2,2.743
1294,11.48,16.164,0.036,0.0,0.0,0.0,0.0,0.0,534.0,2496.0,0.404,40,0,0,8.043,7.959,253,240,2,80,80,0,0,6400,0,0,0,0,0,0,0,0,0,0,240,0,0,0,2622,109,0,2423,0,0,3,2.622
1295,11.232,16.164,0.036,0.0,0.0,0.0,0.0,0.0,534.0,2496.0,0.429,40,0,0,7.821,7.741,253,240,2,80,80,0,0,6400,0,0,0,0,0,0,0,0,0,0,240,0,0,0,2701,104,0,2494,0,0,3,2.701
1296,11.449,16.164,0.036,0.0,0.0,0.0,0.0,0.0,534.0,2496.0,0.449,40,0,0,8.055,7.948,252,240,2,80,80,0,0,6400,0,0,0,0,0,0,0,0,0,0,240,0,0,0,2637,107,0,2448,0,0,3,2.637
1297,12.168,16.164,0.036,0.0,0.0,0.0,0.0,0.0,534.0,2496.0,0.578,40,0,0,8.503,8.409,255,240,2,80,80,0,0,6400,0,0,0,0,0,0,0,0,0,0,240,0,0,0,2809,117,0,2599,0,0,3,2.809
1298,12.211,16.164,0.036,0.0,0.0,0.0,0.0,0.0,534.0,2496.0,0.496,40,0,0,8.45,8.361,253,240,2,80,80,0,0,6400,0,0,0,0,0,0,0,0,0,0,240,0,0,0,2857,111,0,2657,0,0,2,2.857
1299,12.286,16.164,0.036,0.0,0.0,0.0,0.0,0.0,534.0,2496.0,0.454,40,0,0,8.511,8.432,252,240,2,80,80,0,0,6400,0,0,0,0,0,0,0,0,0,0,240,0,0,0,2935,125,0,2715,0,0,3,2.935
1300,12.626,16.164,0.036,0.0,0.0,0.0,0.0,0.0,534.0,2496.0,0.5,40,0,0,8.445,8.352,253,240,2,80,80,0,0,6400,0,0,0,0,0,0,0,0,0,0,240,0,0,0,2880,114,0,2672,0,0,4,2.88
1301,13.145,16.164,0.036,0.0,0.0,0.0,0.0,0.0,534.0,2496.0,0.547,40,0,0,9.208,9.104,254,240,2,80,80,0,0,6400,0,0,0,0,0,0,0,0,0,0,240,0,0,0,3006,118,0,2786,0,0,3,3.006
1302,12.21,17.992,0.127,0.0,0.0,0.0,0.0,0.0,534.0,2496.0,0.427,40,0,0,8.47,8.356,252,240,2,80,80,0,0,6400,0,0,0,0,0,0,0,0,0,0,240,0,0,0,2848,124,0,2634,0,0,3,2.848
1303,12.11,17.992,0.127,0.0,0.0,0.0,0.0,0.0,534.0,2496.0,0.546,40,0,0,8.227,8.13,255,240,2,80,80,0,0,6400,0,0,0,0,0,0,0,0,0,0,240,0,0,0,3093,141,0,2837,0,0,3,3.093
1304,12.062,17.992,0.127,0.0,0.0,0.0,0.0,0.0,534.0,2496.0,0.444,40,0,0,8.397,8.313,252,240,2,80,80,0,0,6400,0,0,0,0,0,0,0,0,0,0,240,0,0,0,2789,111,0,2588,0,0,3,2.789
1305,12.196,17.992,0.127,0.0,0.0,0.0,0.0,0.0,534.0,2496.0,0.556,40,0,0,8.549,8.466,253,240,2,80,80,0,0,6400,0,0,0,0,0,0,0,0,0,0,240,0,0,0,2810,117,0,2604,0,0,3,2.81
1306,13.663,17.992,0.127,0.0,0.0,0.0,0.0,0.0,534.0,2496.0,0.509,40,0,0,9.881,9.796,253,240,2,80,80,0,0,6400,0,0,0,0,0,0,0,0,0,0,240,0,0,0,2861,120,0,2647,0,0,2,2.861
1307,12.156,17.992,0.127,0.0,0.0,0.0,0.0,0.0,534.0,2496.0,0.441,40,0,0,8.423,8.325,253,240,2,80,80,0,0,6400,0,0,0,0,0,0,0,0,0,0,240,0,0,0,2786,110,0,2589,0,0,2,2.786
1308,12.183,17.992,0.127,0.0,0.0,0.0,0.0,0.0,534.0,2496.0,0.478,40,0,0,8.5,8.418,253,240,2,80,80,0,0,6400,0,0,0,0,0,0,0,0,0,0,240,0,0,0,2903,134,0,2672,0,0,3,2.903
1309,12.942,17.992,0.127,0.0,0.0,0.0,0.0,0.0,534.0,2496.0,0.624,40,0,0,8.92,8.826,254,240,2,80,80,0,0,6400,0,0,0,0,0,0,0,0,0,0,240,0,0,0,3155,124,0,2936,0,0,3,3.155
1310,13.357,17.992,0.127,0.0,0.0,0.0,0.0,0.0,534.0,2496.0,0.412,40,0,0,9.643,9.563,252,240,2,80,80,0,0,6400,0,0,0,0,0,0,0,0,0,0,240,0,0,0,2702,145,0,2465,0,0,3,2.702
1311,13.087,17.992,0.127,0.0,0.0,0.0,0.0,0.0,534.0,2496.0,0.498,40,0,0,9.452,9.367,253,240,2,80,80,0,0,6400,0,0,0,0,0,0,0,0,0,0,240,0,0,0,2789,122,0,2575,0,0,2,2.789
1312,13.187,17.992,0.127,0.0,0.0,0.0,0.0,0.0,534.0,2496.0,0.431,40,0,0,9.522,9.434,253,240,2,80,80,0,0,6400,0,0,0,0,0,0,0,0,0,0,240,0,0,0,2794,122,0,2578,0,0,2,2.794
1313,12.166,17.992,0.127,0.0,0.0,0.0,0.0,0.0,534.0,2496.0,0.502,40,0,0,8.25,8.115,254,240,2,80,80,0,0,6400,0,0,0,0,0,0,0,0,0,0,240,0,0,0,3150,124,0,2920,0,0,4,3.15
1314,13.833,17.992,0.127,0.0,0.0,0.0,0.0,0.0,534.0,2496.0,0.68,40,0,0,8.905,8.809,253,240,2,80,80,0,0,6400,0,0,0,0,0,0,0,0,0,0,240,0,0,0,3786,200,0,3440,0,0,5,3.786
1315,13.728,17.992,0.127,0.0,0.0,0.0,0.0,0.0,534.0,2496.0,0.586,40,0,0,9.786,9.614,252,240,2,80,80,0,0,6400,0,0,0,0,0,0,0,0,0,0,240,0,0,0,2856,117,0,2648,0,0,3,2.856
1316,13.027,17.992,0.127,0.0,0.0,0.0,0.0,0.0,534.0,2496.0,0.455,40,0,0,8.809,8.715,253,240,2,80,80,0,0,6400,0,0,0,0,0,0,0,0,0,0,240,0,0,0,3242,142,0,2994,0,0,3,3.242
1317,14.99,17.992,0.127,0.0,0.0,0.0,0.0,0.0,534.0,2496.0,0.478,40,0,0,10.986,10.893,253,240,2,80,80,0,0,6400,0,0,0,0,0,0,0,0,0,0,240,0,0,0,3133,129,0,2836,0,0,4,3.133
1318,15.588,17.992,0.127,0.0,0.0,0.0,0.0,0.0,534.0,2496.0,0.499,40,0,0,9.797,9.693,255,240,2,80,80,0,0,6400,0,0,0,0,0,0,0,0,0,0,240,0,0,0,4579,133,0,4321,0,0,4,4.579
1319,18.884,17.992,0.127,0.0,0.0,0.0,0.0,0.0,534.0,2496.0,0.597,40,0,0,14.226,14.14,252,240,2,80,80,0,0,6400,0,0,0,0,0,0,0,0,0,0,240,0,0,0,3722,189,0,3407,0,0,3,3.722
1320,15.675,17.992,0.127,0.0,0.0,0.0,0.0,0.0,534.0,2496.0,0.541,40,0,0,10.91,10.768,254,240,2,80,80,0,0,6400,0,0,0,0,0,0,0,0,0,0,240,0,0,0,3676,162,0,3382,0,0,2,3.676
1321,15.417,17.992,0.127,0.0,0.0,0.0,0.0,0.0,534.0,2496.0,0.561,40,0,0,10.809,10.696,253,240,2,80,80,0,0,6400,0,0,0,0,0,0,0,0,0,0,240,0,0,0,3553,158,0,3280,0,0,3,3.553
1322,15.557,17.992,0.127,0.0,0.0,0.0,0.0,0.0,534.0,2496.0,0.547,40,0,0,10.717,10.607,253,240,2,80,80,0,0,6400,0,0,0,0,0,0,0,0,0,0,240,0,0,0,3843,191,0,3515,0,0,3,3.843
1323,15.499,17.992,0.127,0.0,0.0,0.0,0.0,0.0,534.0,2496.0,0.587,40,0,0,10.946,10.813,253,240,2,80,80,0,0,6400,0,0,0,0,0,0,0,0,0,0,240,0,0,0,3537,152,0,3266,0,0,4,3.537
1324,15.39,17.992,0.127,0.0,0.0,0.0,0.0,0.0,534.0,2496.0,0.538,40,0,0,10.799,10.69,253,240,2,80,80,0,0,6400,0,0,0,0,0,0,0,0,0,0,240,0,0,0,3572,148,0,3299,0,0,3,3.572
1325,15.375,17.992,0.127,0.0,0.0,0.0,0.0,0.0,534.0,2496.0,0.604,40,0,0,10.707,10.601,253,240,2,80,80,0,0,6400,0,0,0,0,0,0,0,0,0,0,240,0,0,0,3718,151,0,3440,0,0,3,3.718
1326,15.338,17.992,0.127,0.0,0.0,0.0,0.0,0.0,534.0,2496.0,0.616,40,0,0,10.671,10.541,255,240,2,80,80,0,0,6400,0,0,0,0,0,0,0,0,0,0,240,0,0,0,3590,187,0,3283,0,0,4,3.59
1327,15.265,17.992,0.127,0.0,0.0,0.0,0.0,0.0,534.0,2496.0,0.545,40,0,0,10.621,10.508,253,240,2,80,80,0,0,6400,0,0,0,0,0,0,0,0,0,0,240,0,0,0,3583,149,0,3270,0,0,3,3.583
1328,15.246,17.992,0.127,0.0,0.0,0.0,0.0,0.0,534.0,2496.0,0.511,40,0,0,10.629,10.52,253,240,2,80,80,0,0,6400,0,0,0,0,0,0,0,0,0,0,240,0,0,0,3645,150,0,3369,0,0,3,3.645
1329,15.286,17.992,0.127,0.0,0.0,0.0,0.0,0.0,534.0,2496.0,0.579,40,0,0,10.745,10.641,253,240,2,80,80,0,0,6400,0,0,0,0,0,0,0,0,0,0,240,0,0,0,3553,151,0,3274,0,0,3,3.553
1330,17.009,17.992,0.127,0.0,0.0,0.0,0.0,0.0,534.0,2496.0,0.604,40,0,0,12.211,10.743,254,240,2,80,80,0,0,6400,0,0,0,0,0,0,0,0,0,0,240,0,0,0,3771,187,0,3457,0,0,3,3.771
1331,15.372,17.992,0.127,0.0,0.0,0.0,0.0,0.0,534.0,2496.0,0.576,40,0,0,10.639,10.539,252,240,2,80,80,0,0,6400,0,0,0,0,0,0,0,0,0,0,240,0,0,0,3663,159,0,3389,0,0,3,3.663
1332,13.184,17.992,0.127,0.0,0.0,0.0,0.0,0.0,534.0,2496.0,0.413,40,0,0,9.725,9.611,253,240,2,80,80,0,0,6400,0,0,0,0,0,0,0,0,0,0,240,0,0,0,2513,127,0,2311,0,0,3,2.513
1333,11.922,17.992,0.127,0.0,0.0,0.0,0.0,0.0,534.0,2496.0,0.414,40,0,0,8.405,8.312,255,240,2,80,80,0,0,6400,0,0,0,0,0,0,0,0,0,0,240,0,0,0,2688,113,0,2472,0,0,2,2.688
1334,14.107,17.992,0.127,0.0,0.0,0.0,0.0,0.0,534.0,2496.0,0.443,40,0,0,10.46,10.382,253,240,2,80,80,0,0,6400,0,0,0,0,0,0,0,0,0,0,240,0,0,0,2867,118,0,2636,0,0,3,2.867
1335,14.245,17.992,0.127,0.0,0.0,0.0,0.0,0.0,534.0,2496.0,0.392,40,0,0,10.845,10.762,252,240,2,80,80,0,0,6400,0,0,0,0,0,0,0,0,0,0,240,0,0,0,2608,125,0,2405,0,0,3,2.608
1336,11.72,17.992,0.127,0.0,0.0,0.0,0.0,0.0,534.0,2496.0,0.346,40,0,0,8.267,8.183,253,240,2,80,80,0,0,6400,0,0,0,0,0,0,0,0,0,0,240,0,0,0,2698,101,0,2512,0,0,3,2.698
1337,11.126,17.992,0.127,0.0,0.0,0.0,0.0,0.0,534.0,2496.0,0.382,40,0,0,7.835,7.757,253,240,2,80,80,0,0,6400,0,0,0,0,0,0,0,0,0,0,240,0,0,0,2605,103,0,2411,0,0,4,2.605
1338,11.03,17.992,0.127,0.0,0.0,0.0,0.0,0.0,534.0,2496.0,0.378,40,0,0,7.778,7.699,253,240,2,80,80,0,0,6400,0,0,0,0,0,0,0,0,0,0,240,0,0,0,2554,106,0,2362,0,0,2,2.554
1339,11.866,17.992,0.127,0.0,0.0,0.0,0.0,0.0,534.0,2496.0,0.447,40,0,0,8.227,8.147,254,240,2,80,80,0,0,6400,0,0,0,0,0,0,0,0,0,0,240,0,0,0,2923,123,0,2701,0,0,2,2.923
1340,12.555,17.992,0.127,0.0,0.0,0.0,0.0,0.0,534.0,2496.0,0.529,40,0,0,8.9,8.811,253,240,2,80,80,0,0,6400,0,0,0,0,0,0,0,0,0,0,240,0,0,0,2854,153,0,2611,0,0,2,2.854
1341,12.442,17.992,0.127,0.0,0.0,0.0,0.0,0.0,534.0,2496.0,0.472,40,0,0,8.43,8.347,252,240,2,80,80,0,0,6400,0,0,0,0,0,0,0,0,0,0,240,0,0,0,3040,141,0,2778,0,0,3,3.04
1342,12.442,17.992,0.127,0.0,0.0,0.0,0.0,0.0,534.0,2496.0,0.482,40,0,0,8.669,8.573,254,240,2,80,80,0,0,6400,0,0,0,0,0,0,0,0,0,0,240,0,0,0,2954,111,0,2749,0,0,3,2.954
1343,12.424,17.992,0.127,0.0,0.0,0.0,0.0,0.0,534.0,2496.0,0.419,40,0,0,8.748,8.667,252,240,2,80,80,0,0,6400,0,0,0,0,0,0,0,0,0,0,240,0,0,0,2853,152,0,2615,0,0,3,2.853
1344,13.329,17.992,0.127,0.0,0.0,0.0,0.0,0.0,534.0,2496.0,0.703,40,0,0,9.669,9.583,253,240,2,80,80,0,0,6400,0,0,0,0,0,0,0,0,0,0,240,0,0,0,2881,122,0,2648,0,0,3,2.881
1345,12.811,17.992,0.127,0.0,0.0,0.0,0.0,0.0,534.0,2496.0,0.434,40,0,0,8.919,8.823,254,240,2,80,80,0,0,6400,0,0,0,0,0,0,0,0,0,0,240,0,0,0,2820,117,0,2609,0,0,3,2.82
1346,12.324,17.992,0.127,0.0,0.0,0.0,0.0,0.0,534.0,2496.0,0.501,40,0,0,8.436,8.343,254,240,2,80,80,0,0,6400,0,0,0,0,0,0,0,0,0,0,240,0,0,0,3126,113,0,2920,0,0,3,3.126
1347,12.142,17.992,0.127,0.0,0.0,0.0,0.0,0.0,534.0,2496.0,0.491,40,0,0,8.358,8.269,253,240,2,80,80,0,0,6400,0,0,0,0,0,0,0,0,0,0,240,0,0,0,2926,177,0,2656,0,0,3,2.926
1348,13.444,17.992,0.127,0.0,0.0,0.0,0.0,0.0,534.0,2496.0,0.472,40,0,0,9.517,9.403,253,240,2,80,80,0,0,6400,0,0,0,0,0,0,0,0,0,0,240,0,0,0,3015,120,0,2793,0,0,2,3.015
1349,11.995,17.992,0.127,0.0,0.0,0.0,0.0,0.0,534.0,2496.0,0.435,40,0,0,8.26,8.18,252,240,2,80,80,0,0,6400,0,0,0,0,0,0,0,0,0,0,240,0,0,0,2931,157,0,2677,0,0,3,2.931
1350,12.186,17.992,0.127,0.0,0.0,0.0,0.0,0.0,534.0,2496.0,0.433,40,0,0,8.589,8.504,253,240,2,80,80,0,0,6400,0,0,0,0,0,0,0,0,0,0,240,0,0,0,2775,124,0,2563,0,0,3,2.775
1351,11.838,17.992,0.127,0.0,0.0,0.0,0.0,0.0,534.0,2496.0,0.446,40,0,0,8.173,8.09,253,240,2,80,80,0,0,6400,0,0,0,0,0,0,0,0,0,0,240,0,0,0,2922,148,0,2666,0,0,3,2.922
1352,12.91,17.992,0.127,0.0,0.0,0.0,0.0,0.0,534.0,2496.0,1.325,40,0,0,9.007,8.909,255,240,2,80,80,0,0,6400,0,0,0,0,0,0,0,0,0,0,240,0,0,0,3093,199,0,2796,0,0,4,3.093
1353,12.62,17.992,0.127,0.0,0.0,0.0,0.0,0.0,534.0,2496.0,0.453,40,0,0,8.232,8.137,253,240,2,80,80,0,0,6400,0,0,0,0,0,0,0,0,0,0,240,0,0,0,2579,120,0,2374,0,0,3,2.579
1354,13.557,17.992,0.127,0.0,0.0,0.0,0.0,0.0,534.0,2496.0,0.452,40,0,0,9.04,8.881,254,240,2,80,80,0,0,6400,0,0,0,0,0,0,0,0,0,0,240,0,0,0,3632,175,0,3329,0,0,5,3.632
1355,11.373,17.992,0.127,0.0,0.0,0.0,0.0,0.0,534.0,2496.0,0.464,40,0,0,7.96,7.808,252,240,2,80,80,0,0,6400,0,0,0,0,0,0,0,0,0,0,240,0,0,0,2589,106,0,2411,0,0,3,2.589
1356,12.086,17.992,0.127,0.0,0.0,0.0,0.0,0.0,534.0,2496.0,0.648,40,0,0,7.696,7.608,253,240,2,80,80,0,0,6400,0,0,0,0,0,0,0,0,0,0,240,0,0,0,3569,164,0,3284,0,0,5,3.569
1357,12.923,17.992,0.127,0.0,0.0,0.0,0.0,0.0,534.0,2496.0,0.556,40,0,0,8.495,8.391,252,240,2,80,80,0,0,6400,0,0,0,0,0,0,0,0,0,0,240,0,0,0,3362,129,0,3113,0,0,6,3.362
1358,11.559,17.992,0.127,0.0,0.0,0.0,0.0,0.0,534.0,2496.0,0.432,40,0,0,7.895,7.799,254,240,2,80,80,0,0,6400,0,0,0,0,0,0,0,0,0,0,240,0,0,0,2754,129,0,2535,0,0,4,2.754
1359,11.871,17.992,0.127,0.0,0.0,0.0,0.0,0.0,534.0,2496.0,0.398,40,0,0,8.385,8.286,255,240,2,80,80,0,0,6400,0,0,0,0,0,0,0,0,0,0,240,0,0,0,2729,106,0,2524,0,0,2,2.729
1360,12.267,17.992,0.127,0.0,0.0,0.0,0.0,0.0,534.0,2496.0,0.397,40,0,0,8.751,8.67,253,240,2,80,80,0,0,6400,0,0,0,0,0,0,0,0,0,0,240,0,0,0,2801,132,0,2556,0,0,4,2.801
1361,11.03,17.992,0.127,0.0,0.0,0.0,0.0,0.0,534.0,2496.0,0.347,40,0,0,7.77,7.691,252,240,2,80,80,0,0,6400,0,0,0,0,0,0,0,0,0,0,240,0,0,0,2531,105,0,2338,0,0,2,2.531
1362,11.823,17.992,0.127,0.0,0.0,0.0,0.0,0.0,534.0,2496.0,0.419,40,0,0,7.719,7.647,253,240,2,80,80,0,0,6400,0,0,0,0,0,0,0,0,0,0,240,0,0,0,3476,128,0,3231,0,0,5,3.476
1363,11.98,17.992,0.127,0.0,0.0,0.0,0.0,0.0,534.0,2496.0,0.409,40,0,0,8.537,8.455,253,240,2,80,80,0,0,6400,0,0,0,0,0,0,0,0,0,0,240,0,0,0,2699,108,0,2500,0,0,2,2.699
1364,15.233,17.992,0.127,0.0,0.0,0.0,0.0,0.0,534.0,2496.0,0.62,40,0,0,10.157,10.079,253,240,2,80,80,0,0,6400,0,0,0,0,0,0,0,0,0,0,240,0,0,0,4193,196,0,3839,0,0,4,4.193
1365,13.923,17.992,0.127,0.0,0.0,0.0,0.0,0.0,534.0,2496.0,0.465,40,0,0,8.937,8.839,255,240,2,80,80,0,0,6400,0,0,0,0,0,0,0,0,0,0,240,0,0,0,3970,140,0,3683,0,0,6,3.97
1366,12.886,17.992,0.127,0.0,0.0,0.0,0.0,0.0,534.0,2496.0,0.597,40,0,0,8.998,8.805,254,240,2,80,80,0,0,6400,0,0,0,0,0,0,0,0,0,0,240,0,0,0,3017,115,0,2788,0,0,3,3.017
1367,14.561,17.992,0.127,0.0,0.0,0.0,0.0,0.0,534.0,2496.0,0.515,40,0,0,10.403,10.292,252,240,2,80,80,0,0,6400,0,0,0,0,0,0,0,0,0,0,240,0,0,0,3175,172,0,2891,0,0,3,3.175
1368,13.689,17.992,0.127,0.0,0.0,0.0,0.0,0.0,534.0,2496.0,0.437,40,0,0,9.78,9.682,254,240,2,80,80,0,0,6400,0,0,0,0,0,0,0,0,0,0,240,0,0,0,2953,124,0,2729,0,0,3,2.953
1369,13.271,17.992,0.127,0.0,0.0,0.0,0.0,0.0,534.0,2496.0,0.453,40,0,0,9.634,9.543,253,240,2,80,80,0,0,6400,0,0,0,0,0,0,0,0,0,0,240,0,0,0,2828,153,0,2588,0,0,3,2.828
1370,16.708,17.992,0.127,0.0,0.0,0.0,0.0,0.0,534.0,2496.0,0.394,40,0,0,13.304,13.216,253,240,2,80,80,0,0,6400,0,0,0,0,0,0,0,0,0,0,240,0,0,0,2622,107,0,2432,0,0,1,2.622
1371,11.133,17.992,0.127,0.0,0.0,0.0,0.0,0.0,534.0,2496.0,0.423,40,0,0,7.825,7.719,254,240,2,80,80,0,0,6400,0,0,0,0,0,0,0,0,0,0,240,0,0,0,2603,103,0,2423,0,0,3,2.603
1372,11.196,17.992,0.127,0.0,0.0,0.0,0.0,0.0,534.0,2496.0,0.383,40,0,0,7.952,7.863,254,240,2,80,80,0,0,6400,0,0,0,0,0,0,0,0,0,0,240,0,0,0,2508,100,0,2330,0,0,3,2.508
1373,11.788,17.992,0.127,0.0,0.0,0.0,0.0,0.0,534.0,2496.0,0.428,40,0,0,8.53,8.426,252,240,2,80,80,0,0,6400,0,0,0,0,0,0,0,0,0,0,240,0,0,0,2555,103,0,2374,0,0,2,2.555
1374,11.115,17.992,0.127,0.0,0.0,0.0,0.0,0.0,534.0,2496.0,0.849,40,0,0,7.728,7.647,253,240,2,80,80,0,0,6400,0,0,0,0,0,0,0,0,0,0,240,0,0,0,2616,114,0,2412,0,0,4,2.616
1375,12.996,17.992,0.127,0.0,0.0,0.0,0.0,0.0,534.0,2496.0,0.457,40,0,0,8.81,8.725,252,240,2,80,80,0,0,6400,0,0,0,0,0,0,0,0,0,0,240,0,0,0,2938,119,0,2724,0,0,3,2.938
1376,13.172,17.992,0.127,0.0,0.0,0.0,0.0,0.0,534.0,2496.0,0.476,40,0,0,9.289,9.156,254,240,2,80,80,0,0,6400,0,0,0,0,0,0,0,0,0,0,240,0,0,0,3096,111,0,2891,0,0,4,3.096
1377,13.449,20.01,0.022,0.0,0.0,0.0,0.0,0.0,534.0,2496.0,0.96,40,0,0,9.041,8.947,254,240,2,80,80,0,0,6400,0,0,0,0,0,0,0,0,0,0,240,0,0,0,3545,129,0,3297,0,0,5,3.545
1378,12.609,20.01,0.022,0.0,0.0,0.0,0.0,0.0,534.0,2496.0,0.42,40,0,0,8.378,8.259,253,240,2,80,80,0,0,6400,0,0,0,0,0,0,0,0,0,0,240,0,0,0,2803,114,0,2599,0,0,2,2.803
1379,12.249,20.01,0.022,0.0,0.0,0.0,0.0,0.0,534.0,2496.0,0.399,40,0,0,8.425,8.343,253,240,2,80,80,0,0,6400,0,0,0,0,0,0,0,0,0,0,240,0,0,0,3024,117,0,2803,0,0,3,3.024
1380,13.365,20.01,0.022,0.0,0.0,0.0,0.0,0.0,534.0,2496.0,0.53,40,0,0,9.419,9.316,253,240,2,80,80,0,0,6400,0,0,0,0,0,0,0,0,0,0,240,0,0,0,3154,116,0,2914,0,0,6,3.154
1381,15.708,20.01,0.022,0.0,0.0,0.0,0.0,0.0,534.0,2496.0,0.67,40,0,0,9.747,9.648,253,240,2,80,80,0,0,6400,0,0,0,0,0,0,0,0,0,0,240,0,0,0,4935,167,0,4610,0,0,6,4.935
1382,18.135,20.01,0.022,0.0,0.0,0.0,0.0,0.0,534.0,2496.0,0.685,40,0,0,12.632,12.496,254,240,2,80,80,0,0,6400,0,0,0,0,0,0,0,0,0,0,240,0,0,0,4002,171,0,3640,0,0,7,4.002
1383,17.527,20.01,0.022,0.0,0.0,0.0,0.0,0.0,534.0,2496.0,0.748,40,0,0,12.32,12.191,253,240,2,80,80,0,0,6400,0,0,0,0,0,0,0,0,0,0,240,0,0,0,3908,208,0,3555,0,0,6,3.908
1384,17.826,20.01,0.022,0.0,0.0,0.0,0.0,0.0,534.0,2496.0,0.72,40,0,0,12.415,12.277,254,240,2,80,80,0,0,6400,0,0,0,0,0,0,0,0,0,0,240,0,0,0,4077,173,0,3757,0,0,6,4.077
1385,17.777,20.01,0.022,0.0,0.0,0.0,0.0,0.0,534.0,2496.0,0.684,40,0,0,12.483,12.343,253,240,2,80,80,0,0,6400,0,0,0,0,0,0,0,0,0,0,240,0,0,0,3995,189,0,3659,0,0,6,3.995
1386,18.093,20.01,0.022,0.0,0.0,0.0,0.0,0.0,534.0,2496.0,0.717,40,0,0,12.805,12.665,253,240,2,80,80,0,0,6400,0,0,0,0,0,0,0,0,0,0,240,0,0,0,3965,178,0,3628,0,0,6,3.965
1387,17.75,20.01,0.022,0.0,0.0,0.0,0.0,0.0,534.0,2496.0,0.677,40,0,0,12.47,12.348,252,240,2,80,80,0,0,6400,0,0,0,0,0,0,0,0,0,0,240,0,0,0,3957,171,0,3613,0,0,6,3.957
1388,17.969,20.01,0.022,0.0,0.0,0.0,0.0,0.0,534.0,2496.0,0.709,40,0,0,12.705,12.491,254,240,2,80,80,0,0,6400,0,0,0,0,0,0,0,0,0,0,240,0,0,0,3992,176,0,3589,0,0,5,3.992
1389,18.028,20.01,0.022,0.0,0.0,0.0,0.0,0.0,534.0,2496.0,0.695,40,0,0,12.534,12.418,252,240,2,80,80,0,0,6400,0,0,0,0,0,0,0,0,0,0,240,0,0,0,4192,177,0,3862,0,0,6,4.192
1390,18.291,20.01,0.022,0.0,0.0,0.0,0.0,0.0,534.0,2496.0,0.674,40,0,0,13.098,12.9,254,240,2,80,80,0,0,6400,0,0,0,0,0,0,0,0,0,0,240,0,0,0,3966,180,0,3639,0,0,5,3.966
1391,18.406,20.01,0.022,0.0,0.0,0.0,0.0,0.0,534.0,2496.0,0.654,40,0,0,13.132,12.989,253,240,2,80,80,0,0,6400,0,0,0,0,0,0,0,0,0,0,240,0,0,0,3990,195,0,3641,0,0,6,3.99
1392,19.426,20.01,0.022,0.0,0.0,0.0,0.0,0.0,534.0,2496.0,0.703,40,0,0,14.274,12.537,254,240,2,80,80,0,0,6400,0,0,0,0,0,0,0,0,0,0,240,0,0,0,3934,192,0,3597,0,0,6,3.934
1393,17.72,20.01,0.022,0.0,0.0,0.0,0.0,0.0,534.0,2496.0,0.606,40,0,0,12.358,12.221,253,240,2,80,80,0,0,6400,0,0,0,0,0,0,0,0,0,0,240,0,0,0,3958,183,0,3597,0,0,6,3.958
1394,17.626,20.01,0.022,0.0,0.0,0.0,0.0,0.0,534.0,2496.0,0.681,40,0,0,12.527,12.333,255,240,2,80,80,0,0,6400,0,0,0,0,0,0,0,0,0,0,240,0,0,0,3918,249,0,3531,0,0,5,3.918
1395,17.717,20.01,0.022,0.0,0.0,0.0,0.0,0.0,534.0,2496.0,0.679,40,0,0,12.384,12.264,252,240,2,80,80,0,0,6400,0,0,0,0,0,0,0,0,0,0,240,0,0,0,3985,196,0,3642,0,0,5,3.985
1396,17.7,20.01,0.022,0.0,0.0,0.0,0.0,0.0,534.0,2496.0,0.623,40,0,0,12.416,12.28,253,240,2,80,80,0,0,6400,0,0,0,0,0,0,0,0,0,0,240,0,0,0,3949,208,0,3595,0,0,6,3.949
1397,17.587,20.01,0.022,0.0,0.0,0.0,0.0,0.0,534.0,2496.0,0.715,40,0,0,12.462,12.329,253,240,2,80,80,0,0,6400,0,0,0,0,0,0,0,0,0,0,240,0,0,0,3925,212,0,3542,0,0,5,3.925
1398,17.729,20.01,0.022,0.0,0.0,0.0,0.0,0.0,534.0,2496.0,0.701,40,0,0,12.488,12.349,254,240,2,80,80,0,0,6400,0,0,0,0,0,0,0,0,0,0,240,0,0,0,3973,184,0,3638,0,0,5,3.973
1399,17.852,20.01,0.022,0.0,0.0,0.0,0.0,0.0,534.0,2496.0,0.671,40,0,0,12.682,12.566,252,240,2,80,80,0,0,6400,0,0,0,0,0,0,0,0,0,0,240,0,0,0,3919,174,0,3595,0,0,5,3.919
1400,17.805,20.01,0.022,0.0,0.0,0.0,0.0,0.0,534.0,2496.0,0.646,40,0,0,12.581,12.393,253,240,2,80,80,0,0,6400,0,0,0,0,0,0,0,0,0,0,240,0,0,0,3970,172,0,3652,0,0,4,3.97
1401,17.723,20.01,0.022,0.0,0.0,0.0,0.0,0.0,534.0,2496.0,0.661,40,0,0,12.522,12.385,254,240,2,80,80,0,0,6400,0,0,0,0,0,0,0,0,0,0,240,0,0,0,3901,178,0,3585,0,0,5,3.901
1402,17.456,20.01,0.022,0.0,0.0,0.0,0.0,0.0,534.0,2496.0,0.726,40,0,0,12.222,12.095,253,240,2,80,80,0,0,6400,0,0,0,0,0,0,0,0,0,0,240,0,0,0,3936,180,0,3614,0,0,6,3.936
1403,17.635,20.01,0.022,0.0,0.0,0.0,0.0,0.0,534.0,2496.0,0.641,40,0,0,12.409,12.272,254,240,2,80,80,0,0,6400,0,0,0,0,0,0,0,0,0,0,240,0,0,0,3939,172,0,3576,0,0,7,3.939
1404,17.614,20.01,0.022,0.0,0.0,0.0,0.0,0.0,534.0,2496.0,0.655,40,0,0,12.508,12.379,253,240,2,80,80,0,0,6400,0,0,0,0,0,0,0,0,0,0,240,0,0,0,3938,174,0,3612,0,0,6,3.938
1405,17.564,20.01,0.022,0.0,0.0,0.0,0.0,0.0,534.0,2496.0,0.643,40,0,0,12.259,12.143,252,240,2,80,80,0,0,6400,0,0,0,0,0,0,0,0,0,0,240,0,0,0,3994,173,0,3672,0,0,5,3.994
1406,17.561,20.01,0.022,0.0,0.0,0.0,0.0,0.0,534.0,2496.0,0.686,40,0,0,12.385,12.257,253,240,2,80,80,0,0,6400,0,0,0,0,0,0,0,0,0,0,240,0,0,0,3950,173,0,3568,0,0,5,3.95
1407,18.024,20.01,0.022,0.0,0.0,0.0,0.0,0.0,534.0,2496.0,0.556,40,0,0,12.482,12.345,253,240,2,80,80,0,0,6400,0,0,0,0,0,0,0,0,0,0,240,0,0,0,4237,193,0,3681,0,0,5,4.237
1408,13.733,20.01,0.022,0.0,0.0,0.0,0.0,0.0,534.0,2496.0,0.508,40,0,0,9.077,8.955,254,240,2,80,80,0,0,6400,0,0,0,0,0,0,0,0,0,0,240,0,0,0,3628,215,0,3143,0,0,5,3.628
1409,13.009,20.01,0.022,0.0,0.0,0.0,0.0,0.0,534.0,2496.0,0.489,40,0,0,9.242,9.043,252,240,2,80,80,0,0,6400,0,0,0,0,0,0,0,0,0,0,240,0,0,0,2825,123,0,2608,0,0,3,2.825
1410,13.392,20.01,0.022,0.0,0.0,0.0,0.0,0.0,534.0,2496.0,0.55,40,0,0,9.73,9.629,255,240,2,80,80,0,0,6400,0,0,0,0,0,0,0,0,0,0,240,0,0,0,2789,119,0,2583,0,0,3,2.789
1411,12.433,20.01,0.022,0.0,0.0,0.0,0.0,0.0,534.0,2496.0,0.478,40,0,0,8.602,8.517,252,240,2,80,80,0,0,6400,0,0,0,0,0,0,0,0,0,0,240,0,0,0,2808,139,0,2586,0,0,3,2.808
1412,13.17,20.01,0.022,0.0,0.0,0.0,0.0,0.0,534.0,2496.0,0.471,40,0,0,9.447,9.325,254,240,2,80,80,0,0,6400,0,0,0,0,0,0,0,0,0,0,240,0,0,0,2844,116,0,2633,0,0,3,2.844
1413,12.964,20.01,0.022,0.0,0.0,0.0,0.0,0.0,534.0,2496.0,0.449,40,0,0,9.292,9.202,253,240,2,80,80,0,0,6400,0,0,0,0,0,0,0,0,0,0,240,0,0,0,2829,120,0,2624,0,0,3,2.829
1414,14.129,20.01,0.022,0.0,0.0,0.0,0.0,0.0,534.0,2496.0,0.473,40,0,0,10.275,10.168,255,240,2,80,80,0,0,6400,0,0,0,0,0,0,0,0,0,0,240,0,0,0,3010,137,0,2770,0,0,3,3.01
1415,13.214,20.01,0.022,0.0,0.0,0.0,0.0,0.0,534.0,2496.0,0.502,40,0,0,8.674,8.573,252,240,2,80,80,0,0,6400,0,0,0,0,0,0,0,0,0,0,240,0,0,0,3628,180,0,3318,0,0,4,3.628
1416,20.551,20.01,0.022,0.0,0.0,0.0,0.0,0.0,534.0,2496.0,0.39,40,0,0,17.038,16.935,254,240,2,80,80,0,0,6400,0,0,0,0,0,0,0,0,0,0,240,0,0,0,2649,106,0,2468,0,0,3,2.649
1417,11.145,20.01,0.022,0.0,0.0,0.0,0.0,0.0,534.0,2496.0,0.367,40,0,0,7.862,7.781,253,240,2,80,80,0,0,6400,0,0,0,0,0,0,0,0,0,0,240,0,0,0,2561,122,0,2358,0,0,3,2.561
1418,10.981,20.01,0.022,0.0,0.0,0.0,0.0,0.0,534.0,2496.0,0.389,40,0,0,7.64,7.561,253,240,2,80,80,0,0,6400,0,0,0,0,0,0,0,0,0,0,240,0,0,0,2637,109,0,2444,0,0,2,2.637
1419,10.972,20.01,0.022,0.0,0.0,0.0,0.0,0.0,534.0,2496.0,0.377,40,0,0,7.634,7.552,253,240,2,80,80,0,0,6400,0,0,0,0,0,0,0,0,0,0,240,0,0,0,2639,106,0,2431,0,0,3,2.639
1420,11.924,20.01,0.022,0.0,0.0,0.0,0.0,0.0,534.0,2496.0,0.384,40,0,0,8.566,8.463,254,240,2,80,80,0,0,6400,0,0,0,0,0,0,0,0,0,0,240,0,0,0,2662,110,0,2465,0,0,2,2.662
1421,11.438,20.01,0.022,0.0,0.0,0.0,0.0,0.0,534.0,2496.0,0.444,40,0,0,8.146,8.075,252,240,2,80,80,0,0,6400,0,0,0,0,0,0,0,0,0,0,240,0,0,0,2604,103,0,2415,0,0,2,2.604
1422,11.618,20.01,0.022,0.0,0.0,0.0,0.0,0.0,534.0,2496.0,0.402,40,0,0,8.012,7.923,254,240,2,80,80,0,0,6400,0,0,0,0,0,0,0,0,0,0,240,0,0,0,2835,115,0,2635,0,0,2,2.835
1423,11.063,20.01,0.022,0.0,0.0,0.0,0.0,0.0,534.0,2496.0,0.383,40,0,0,7.731,7.629,253,240,2,80,80,0,0,6400,0,0,0,0,0,0,0,0,0,0,240,0,0,0,2634,101,0,2450,0,0,2,2.634
1424,11.331,20.01,0.022,0.0,0.0,0.0,0.0,0.0,534.0,2496.0,0.405,40,0,0,7.909,7.819,255,240,2,80,80,0,0,6400,0,0,0,0,0,0,0,0,0,0,240,0,0,0,2642,119,0,2440,0,0,3,2.642
1425,11.072,20.01,0.022,0.0,0.0,0.0,0.0,0.0,534.0,2496.0,0.428,40,0,0,7.711,7.637,252,240,2,80,80,0,0,6400,0,0,0,0,0,0,0,0,0,0,240,0,0,0,2628,103,0,2445,0,0,3,2.628
1426,11.192,20.01,0.022,0.0,0.0,0.0,0.0,0.0,534.0,2496.0,0.441,40,0,0,7.763,7.684,253,240,2,80,80,0,0,6400,0,0,0,0,0,0,0,0,0,0,240,0,0,0,2686,120,0,2478,0,0,2,2.686
1427,11.224,20.01,0.022,0.0,0.0,0.0,0.0,0.0,534.0,2496.0,0.387,40,0,0,7.844,7.768,252,240,2,80,80,0,0,6400,0,0,0,0,0,0,0,0,0,0,240,0,0,0,2641,105,0,2449,0,0,2,2.641
1428,11.664,20.01,0.022,0.0,0.0,0.0,0.0,0.0,534.0,2496.0,0.409,40,0,0,8.093,8.015,253,240,2,80,80,0,0,6400,0,0,0,0,0,0,0,0,0,0,240,0,0,0,2850,142,0,2613,0,0,3,2.85
1429,11.38,20.01,0.022,0.0,0.0,0.0,0.0,0.0,534.0,2496.0,0.402,40,0,0,7.957,7.863,255,240,2,80,80,0,0,6400,0,0,0,0,0,0,0,0,0,0,240,0,0,0,2706,122,0,2498,0,0,3,2.706
1430,11.594,20.01,0.022,0.0,0.0,0.0,0.0,0.0,534.0,2496.0,0.402,40,0,0,8.239,8.126,253,240,2,80,80,0,0,6400,0,0,0,0,0,0,0,0,0,0,240,0,0,0,2631,104,0,2439,0,0,3,2.631
1431,11.604,20.01,0.022,0.0,0.0,0.0,0.0,0.0,534.0,2496.0,0.417,40,0,0,8.287,8.21,253,240,2,80,80,0,0,6400,0,0,0,0,0,0,0,0,0,0,240,0,0,0,2588,139,0,2365,0,0,3,2.588
1432,10.774,20.01,0.022,0.0,0.0,0.0,0.0,0.0,534.0,2496.0,0.383,40,0,0,7.463,7.386,253,240,2,80,80,0,0,6400,0,0,0,0,0,0,0,0,0,0,240,0,0,0,2600,102,0,2403,0,0,2,2.6
1433,10.82,20.01,0.022,0.0,0.0,0.0,0.0,0.0,534.0,2496.0,0.494,40,0,0,7.564,7.493,252,240,2,80,80,0,0,6400,0,0,0,0,0,0,0,0,0,0,240,0,0,0,2581,102,0,2406,0,0,3,2.581
1434,11.586,20.01,0.022,0.0,0.0,0.0,0.0,0.0,534.0,2496.0,0.465,40,0,0,7.833,7.746,254,240,2,80,80,0,0,6400,0,0,0,0,0,0,0,0,0,0,240,0,0,0,2951,120,0,2735,0,0,5,2.951
1435,11.958,20.01,0.022,0.0,0.0,0.0,0.0,0.0,534.0,2496.0,0.431,40,0,0,8.401,8.302,255,240,2,80,80,0,0,6400,0,0,0,0,0,0,0,0,0,0,240,0,0,0,2736,128,0,2517,0,0,4,2.736
1436,11.49,20.01,0.022,0.0,0.0,0.0,0.0,0.0,534.0,2496.0,0.438,40,0,0,7.979,7.905,252,240,2,80,80,0,0,6400,0,0,0,0,0,0,0,0,0,0,240,0,0,0,2755,107,0,2555,0,0,3,2.755
1437,11.18,20.01,0.022,0.0,0.0,0.0,0.0,0.0,534.0,2496.0,0.361,40,0,0,7.667,7.592,252,240,2,80,80,0,0,6400,0,0,0,0,0,0,0,0,0,0,240,0,0,0,2741,109,0,2530,0,0,3,2.741
1438,11.602,20.01,0.022,0.0,0.0,0.0,0.0,0.0,534.0,2496.0,0.482,40,0,0,8.25,8.153,254,240,2,80,80,0,0,6400,0,0,0,0,0,0,0,0,0,0,240,0,0,0,2648,109,0,2453,0,0,3,2.648
1439,20.5,20.01,0.022,0.0,0.0,0.0,0.0,0.0,534.0,2496.0,0.404,40,0,0,16.947,16.868,253,240,2,80,80,0,0,6400,0,0,0,0,0,0,0,0,0,0,240,0,0,0,2729,115,0,2511,0,0,2,2.729
1440,11.583,20.01,0.022,0.0,0.0,0.0,0.0,0.0,534.0,2496.0,0.403,40,0,0,8.063,7.984,252,240,2,80,80,0,0,6400,0,0,0,0,0,0,0,0,0,0,240,0,0,0,2736,110,0,2538,0,0,3,2.736
1441,12.305,20.01,0.022,0.0,0.0,0.0,0.0,0.0,534.0,2496.0,0.383,40,0,0,8.736,8.649,254,240,2,80,80,0,0,6400,0,0,0,0,0,0,0,0,0,0,240,0,0,0,2837,110,0,2635,0,0,1,2.837
1442,11.255,20.01,0.022,0.0,0.0,0.0,0.0,0.0,534.0,2496.0,0.43,40,0,0,7.767,7.686,253,240,2,80,80,0,0,6400,0,0,0,0,0,0,0,0,0,0,240,0,0,0,2795,102,0,2608,0,0,2,2.795
1443,13.924,20.01,0.022,0.0,0.0,0.0,0.0,0.0,534.0,2496.0,0.843,40,0,0,10.11,10.014,253,240,2,80,80,0,0,6400,0,0,0,0,0,0,0,0,0,0,240,0,0,0,3017,119,0,2797,0,0,4,3.017
1444,13.342,20.01,0.022,0.0,0.0,0.0,0.0,0.0,534.0,2496.0,0.548,40,0,0,8.991,8.815,255,240,2,80,80,0,0,6400,0,0,0,0,0,0,0,0,0,0,240,0,0,0,3096,118,0,2878,0,0,3,3.096
1445,12.297,20.01,0.022,0.0,0.0,0.0,0.0,0.0,534.0,2496.0,0.525,40,0,0,8.503,8.394,252,240,2,80,80,0,0,6400,0,0,0,0,0,0,0,0,0,0,240,0,0,0,2834,139,0,2608,0,0,2,2.834
1446,12.835,21.557,0.051,0.0,0.0,0.0,0.0,0.0,534.0,2496.0,0.442,40,0,0,8.834,8.754,252,240,2,80,80,0,0,6400,0,0,0,0,0,0,0,0,0,0,240,0,0,0,3131,150,0,2886,0,0,3,3.131
1447,12.671,21.557,0.051,0.0,0.0,0.0,0.0,0.0,534.0,2496.0,0.602,40,0,0,8.815,8.721,253,240,2,80,80,0,0,6400,0,0,0,0,0,0,0,0,0,0,240,0,0,0,3069,138,0,2822,0,0,3,3.069
1448,12.822,21.557,0.051,0.0,0.0,0.0,0.0,0.0,534.0,2496.0,0.593,40,0,0,8.919,8.827,253,240,2,80,80,0,0,6400,0,0,0,0,0,0,0,0,0,0,240,0,0,0,2930,120,0,2689,0,0,3,2.93
1449,12.856,21.557,0.051,0.0,0.0,0.0,0.0,0.0,534.0,2496.0,0.433,40,0,0,8.91,8.815,254,240,2,80,80,0,0,6400,0,0,0,0,0,0,0,0,0,0,240,0,0,0,2870,144,0,2603,0,0,3,2.87
1450,12.393,21.557,0.051,0.0,0.0,0.0,0.0,0.0,534.0,2496.0,0.454,40,0,0,8.794,8.675,254,240,2,80,80,0,0,6400,0,0,0,0,0,0,0,0,0,0,240,0,0,0,2758,121,0,2554,0,0,3,2.758
1451,12.388,21.557,0.051,0.0,0.0,0.0,0.0,0.0,534.0,2496.0,0.542,40,0,0,8.557,8.449,252,240,2,80,80,0,0,6400,0,0,0,0,0,0,0,0,0,0,240,0,0,0,2930,141,0,2692,0,0,3,2.93
1452,13.695,21.557,0.051,0.0,0.0,0.0,0.0,0.0,534.0,2496.0,0.461,40,0,0,9.822,8.694,253,240,2,80,80,0,0,6400,0,0,0,0,0,0,0,0,0,0,240,0,0,0,2949,136,0,2719,0,0,3,2.949
1453,12.516,21.557,0.051,0.0,0.0,0.0,0.0,0.0,534.0,2496.0,0.495,40,0,0,8.46,8.371,253,240,2,80,80,0,0,6400,0,0,0,0,0,0,0,0,0,0,240,0,0,0,3211,117,0,2987,0,0,3,3.211
1454,15.113,21.557,0.051,0.0,0.0,0.0,0.0,0.0,534.0,2496.0,0.698,40,0,0,9.825,9.736,252,240,2,80,80,0,0,6400,0,0,0,0,0,0,0,0,0,0,240,0,0,0,4034,176,0,3694,0,0,6,4.034
1455,17.943,21.557,0.051,0.0,0.0,0.0,0.0,0.0,534.0,2496.0,0.757,40,0,0,12.688,12.552,254,240,2,80,80,0,0,6400,0,0,0,0,0,0,0,0,0,0,240,0,0,0,4033,179,0,3694,0,0,5,4.033
1456,17.891,21.557,0.051,0.0,0.0,0.0,0.0,0.0,534.0,2496.0,0.69,40,0,0,12.577,12.437,254,240,2,80,80,0,0,6400,0,0,0,0,0,0,0,0,0,0,240,0,0,0,3965,167,0,3639,0,0,5,3.965
1457,17.975,21.557,0.051,0.0,0.0,0.0,0.0,0.0,534.0,2496.0,0.63,40,0,0,12.752,12.632,252,240,2,80,80,0,0,6400,0,0,0,0,0,0,0,0,0,0,240,0,0,0,3970,167,0,3645,0,0,6,3.97
1458,18.313,21.557,0.051,0.0,0.0,0.0,0.0,0.0,534.0,2496.0,0.718,40,0,0,13.012,12.864,255,240,2,80,80,0,0,6400,0,0,0,0,0,0,0,0,0,0,240,0,0,0,4034,182,0,3695,0,0,6,4.034
1459,18.038,21.557,0.051,0.0,0.0,0.0,0.0,0.0,534.0,2496.0,0.79,40,0,0,12.789,12.655,253,240,2,80,80,0,0,6400,0,0,0,0,0,0,0,0,0,0,240,0,0,0,3995,183,0,3660,0,0,6,3.995
1460,18.154,21.557,0.051,0.0,0.0,0.0,0.0,0.0,534.0,2496.0,0.724,40,0,0,12.727,12.607,252,240,2,80,80,0,0,6400,0,0,0,0,0,0,0,0,0,0,240,0,0,0,4047,181,0,3708,0,0,5,4.047
1461,12.88,21.557,0.051,0.0,0.0,0.0,0.0,0.0,534.0,2496.0,0.47,40,0,0,8.919,8.819,253,240,2,80,80,0,0,6400,0,0,0,0,0,0,0,0,0,0,240,0,0,0,2831,122,0,2588,0,0,2,2.831
1462,12.056,21.557,0.051,0.0,0.0,0.0,0.0,0.0,534.0,2496.0,0.483,40,0,0,8.349,8.253,255,240,2,80,80,0,0,6400,0,0,0,0,0,0,0,0,0,0,240,0,0,0,2876,118,0,2632,0,0,3,2.876
1463,12.57,21.557,0.051,0.0,0.0,0.0,0.0,0.0,534.0,2496.0,0.404,40,0,0,8.47,8.387,252,240,2,80,80,0,0,6400,0,0,0,0,0,0,0,0,0,0,240,0,0,0,3195,139,0,2939,0,0,4,3.195
1464,11.29,21.557,0.051,0.0,0.0,0.0,0.0,0.0,534.0,2496.0,0.412,40,0,0,7.884,7.803,252,240,2,80,80,0,0,6400,0,0,0,0,0,0,0,0,0,0,240,0,0,0,2639,164,0,2397,0,0,2,2.639
1465,10.875,21.557,0.051,0.0,0.0,0.0,0.0,0.0,534.0,2496.0,0.377,40,0,0,7.56,7.467,254,240,2,80,80,0,0,6400,0,0,0,0,0,0,0,0,0,0,240,0,0,0,2587,110,0,2396,0,0,3,2.587
1466,10.982,21.557,0.051,0.0,0.0,0.0,0.0,0.0,534.0,2496.0,0.361,40,0,0,7.788,7.695,252,240,2,80,80,0,0,6400,0,0,0,0,0,0,0,0,0,0,240,0,0,0,2495,119,0,2299,0,0,2,2.495
1467,10.503,21.557,0.051,0.0,0.0,0.0,0.0,0.0,534.0,2496.0,0.382,40,0,0,7.322,7.229,253,240,2,80,80,0,0,6400,0,0,0,0,0,0,0,0,0,0,240,0,0,0,2465,101,0,2280,0,0,2,2.465
1468,10.829,21.557,0.051,0.0,0.0,0.0,0.0,0.0,534.0,2496.0,0.426,40,0,0,7.272,7.195,253,240,2,80,80,0,0,6400,0,0,0,0,0,0,0,0,0,0,240,0,0,0,2877,100,0,2668,0,0,3,2.877
1469,11.542,21.557,0.051,0.0,0.0,0.0,0.0,0.0,534.0,2496.0,0.391,40,0,0,8.092,8.012,253,240,2,80,80,0,0,6400,0,0,0,0,0,0,0,0,0,0,240,0,0,0,2691,107,0,2483,0,0,3,2.691
1470,15.004,21.557,0.051,0.0,0.0,0.0,0.0,0.0,534.0,2496.0,0.385,40,0,0,11.662,11.572,252,240,2,80,80,0,0,6400,0,0,0,0,0,0,0,0,0,0,240,0,0,0,2634,105,0,2419,0,0,3,2.634
1471,11.038,21.557,0.051,0.0,0.0,0.0,0.0,0.0,534.0,2496.0,0.357,40,0,0,7.691,7.608,254,240,2,80,80,0,0,6400,0,0,0,0,0,0,0,0,0,0,240,0,0,0,2594,107,0,2411,0,0,2,2.594
1472,11.041,21.557,0.051,0.0,0.0,0.0,0.0,0.0,534.0,2496.0,0.367,40,0,0,7.76,7.637,253,240,2,80,80,0,0,6400,0,0,0,0,0,0,0,0,0,0,240,0,0,0,2614,107,0,2414,0,0,3,2.614
1473,11.03,21.557,0.051,0.0,0.0,0.0,0.0,0.0,534.0,2496.0,0.46,40,0,0,7.608,7.534,253,240,2,80,80,0,0,6400,0,0,0,0,0,0,0,0,0,0,240,0,0,0,2777,118,0,2561,0,0,18,2.777
1474,11.288,21.557,0.051,0.0,0.0,0.0,0.0,0.0,534.0,2496.0,0.395,40,0,0,7.843,7.759,253,240,2,80,80,0,0,6400,0,0,0,0,0,0,0,0,0,0,240,0,0,0,2628,102,0,2438,0,0,3,2.628
1475,11.014,21.557,0.051,0.0,0.0,0.0,0.0,0.0,534.0,2496.0,0.391,40,0,0,7.717,7.647,252,240,2,80,80,0,0,6400,0,0,0,0,0,0,0,0,0,0,240,0,0,0,2575,110,0,2391,0,0,3,2.575
1476,11.217,21.557,0.051,0.0,0.0,0.0,0.0,0.0,534.0,2496.0,0.4,40,0,0,7.878,7.81,252,240,2,80,80,0,0,6400,0,0,0,0,0,0,0,0,0,0,240,0,0,0,2569,103,0,2381,0,0,2,2.569
1477,10.92,21.557,0.051,0.0,0.0,0.0,0.0,0.0,534.0,2496.0,0.422,40,0,0,7.661,7.572,254,240,2,80,80,0,0,6400,0,0,0,0,0,0,0,0,0,0,240,0,0,0,2534,99,0,2352,0,0,2,2.534
1478,10.564,21.557,0.051,0.0,0.0,0.0,0.0,0.0,534.0,2496.0,0.353,40,0,0,7.368,7.293,253,240,2,80,80,0,0,6400,0,0,0,0,0,0,0,0,0,0,240,0,0,0,2465,102,0,2282,0,0,1,2.465
1479,11.221,21.557,0.051,0.0,0.0,0.0,0.0,0.0,534.0,2496.0,0.402,40,0,0,8.055,7.99,252,240,2,80,80,0,0,6400,0,0,0,0,0,0,0,0,0,0,240,0,0,0,2484,102,0,2305,0,0,3,2.484
1480,10.739,21.557,0.051,0.0,0.0,0.0,0.0,0.0,534.0,2496.0,0.357,40,0,0,7.401,7.316,254,240,2,80,80,0,0,6400,0,0,0,0,0,0,0,0,0,0,240,0,0,0,2587,114,0,2392,0,0,3,2.587
1481,10.525,21.557,0.051,0.0,0.0,0.0,0.0,0.0,534.0,2496.0,0.384,40,0,0,7.387,7.318,252,240,2,80,80,0,0,6400,0,0,0,0,0,0,0,0,0,0,240,0,0,0,2472,102,0,2285,0,0,3,2.472
1482,10.263,21.557,0.051,0.0,0.0,0.0,0.0,0.0,534.0,2496.0,0.337,40,0,0,7.109,7.038,253,240,2,80,80,0,0,6400,0,0,0,0,0,0,0,0,0,0,240,0,0,0,2461,101,0,2272,0,0,3,2.461
1483,11.843,21.557,0.051,0.0,0.0,0.0,0.0,0.0,534.0,2496.0,0.402,40,0,0,7.96,7.885,254,240,2,80,80,0,0,6400,0,0,0,0,0,0,0,0,0,0,240,0,0,0,3195,148,0,2935,0,0,3,3.195
1484,10.759,21.557,0.051,0.0,0.0,0.0,0.0,0.0,534.0,2496.0,0.4,40,0,0,7.59,7.516,252,240,2,80,80,0,0,6400,0,0,0,0,0,0,0,0,0,0,240,0,0,0,2465,98,0,2281,0,0,3,2.465
1485,10.656,21.557,0.051,0.0,0.0,0.0,0.0,0.0,534.0,2496.0,0.362,40,0,0,7.464,7.397,252,240,2,80,80,0,0,6400,0,0,0,0,0,0,0,0,0,0,240,0,0,0,2486,130,0,2275,0,0,2,2.486
1486,10.479,21.557,0.051,0.0,0.0,0.0,0.0,0.0,534.0,2496.0,0.625,40,0,0,7.301,7.184,253,240,2,80,80,0,0,6400,0,0,0,0,0,0,0,0,0,0,240,0,0,0,2476,99,0,2305,0,0,2,2.476
1487,10.718,21.557,0.051,0.0,0.0,0.0,0.0,0.0,534.0,2496.0,0.404,40,0,0,7.239,7.167,252,240,2,80,80,0,0,6400,0,0,0,0,0,0,0,0,0,0,240,0,0,0,2547,116,0,2354,0,0,2,2.547
1488,10.736,21.557,0.051,0.0,0.0,0.0,0.0,0.0,534.0,2496.0,0.369,40,0,0,7.501,7.426,252,240,2,80,80,0,0,6400,0,0,0,0,0,0,0,0,0,0,240,0,0,0,2527,101,0,2330,0,0,3,2.527
1489,10.357,21.557,0.051,0.0,0.0,0.0,0.0,0.0,534.0,2496.0,0.628,40,0,0,7.18,7.102,254,240,2,80,80,0,0,6400,0,0,0,0,0,0,0,0,0,0,240,0,0,0,2503,99,0,2328,0,0,2,2.503
1490,10.828,21.557,0.051,0.0,0.0,0.0,0.0,0.0,534.0,2496.0,0.377,40,0,0,7.319,7.241,253,240,2,80,80,0,0,6400,0,0,0,0,0,0,0,0,0,0,240,0,0,0,2549,105,0,2340,0,0,29,2.549
1491,10.522,21.557,0.051,0.0,0.0,0.0,0.0,0.0,534.0,2496.0,0.411,40,0,0,7.232,7.155,253,240,2,80,80,0,0,6400,0,0,0,0,0,0,0,0,0,0,240,0,0,0,2466,104,0,2270,0,0,3,2.466
1492,11.095,21.557,0.051,0.0,0.0,0.0,0.0,0.0,534.0,2496.0,0.382,40,0,0,7.606,7.452,253,240,2,80,80,0,0,6400,0,0,0,0,0,0,0,0,0,0,240,0,0,0,2704,104,0,2450,0,0,2,2.704
1493,10.687,21.557,0.051,0.0,0.0,0.0,0.0,0.0,534.0,2496.0,0.397,40,0,0,7.534,7.46,252,240,2,80,80,0,0,6400,0,0,0,0,0,0,0,0,0,0,240,0,0,0,2461,100,0,2280,0,0,2,2.461
1494,10.459,21.557,0.051,0.0,0.0,0.0,0.0,0.0,534.0,2496.0,0.379,40,0,0,7.265,7.191,253,240,2,80,80,0,0,6400,0,0,0,0,0,0,0,0,0,0,240,0,0,0,2508,104,0,2297,0,0,3,2.508
1495,10.488,21.557,0.051,0.0,0.0,0.0,0.0,0.0,534.0,2496.0,0.41,40,0,0,7.273,7.198,253,240,2,80,80,0,0,6400,0,0,0,0,0,0,0,0,0,0,240,0,0,0,2540,131,0,2329,0,0,1,2.54
1496,10.531,21.557,0.051,0.0,0.0,0.0,0.0,0.0,534.0,2496.0,0.358,40,0,0,7.314,7.237,253,240,2,80,80,0,0,6400,0,0,0,0,0,0,0,0,0,0,240,0,0,0,2493,99,0,2316,0,0,2,2.493
1497,10.399,21.557,0.051,0.0,0.0,0.0,0.0,0.0,534.0,2496.0,0.384,40,0,0,7.322,7.256,252,240,2,80,80,0,0,6400,0,0,0,0,0,0,0,0,0,0,240,0,0,0,2422,98,0,2262,0,0,2,2.422
1498,10.408,21.557,0.051,0.0,0.0,0.0,0.0,0.0,534.0,2496.0,0.375,40,0,0,7.188,7.112,254,240,2,80,80,0,0,6400,0,0,0,0,0,0,0,0,0,0,240,0,0,0,2541,98,0,2363,0,0,3,2.541
1499,10.781,21.557,0.051,0.0,0.0,0.0,0.0,0.0,534.0,2496.0,0.382,40,0,0,7.449,7.376,252,240,2,80,80,0,0,6400,0,0,0,0,0,0,0,0,0,0,240,0,0,0,2644,120,0,2438,0,0,3,2.644
1500,10.649,21.557,0.051,0.0,0.0,0.0,0.0,0.0,534.0,2496.0,0.357,40,0,0,7.523,7.431,252,240,2,80,80,0,0,6400,0,0,0,0,0,0,0,0,0,0,240,0,0,0,2430,104,0,2257,0,0,2,2.43
1501,10.703,21.557,0.051,0.0,0.0,0.0,0.0,0.0,534.0,2496.0,0.377,40,0,0,7.45,7.377,253,240,2,80,80,0,0,6400,0,0,0,0,0,0,0,0,0,0,240,0,0,0,2574,102,0,2388,0,0,3,2.574
1502,10.36,21.557,0.051,0.0,0.0,0.0,0.0,0.0,534.0,2496.0,0.382,40,0,0,7.207,7.136,252,240,2,80,80,0,0,6400,0,0,0,0,0,0,0,0,0,0,240,0,0,0,2477,103,0,2302,0,0,2,2.477
1503,10.415,21.557,0.051,0.0,0.0,0.0,0.0,0.0,534.0,2496.0,0.361,40,0,0,7.268,7.189,253,240,2,80,80,0,0,6400,0,0,0,0,0,0,0,0,0,0,240,0,0,0,2471,102,0,2292,0,0,2,2.471
1504,11.318,21.557,0.051,0.0,0.0,0.0,0.0,0.0,534.0,2496.0,0.421,40,0,0,7.326,7.246,255,240,2,80,80,0,0,6400,0,0,0,0,0,0,0,0,0,0,240,0,0,0,3270,152,0,3011,0,0,3,3.27
1505,10.925,21.557,0.051,0.0,0.0,0.0,0.0,0.0,534.0,2496.0,0.372,40,0,0,7.668,7.562,252,240,2,80,80,0,0,6400,0,0,0,0,0,0,0,0,0,0,240,0,0,0,2535,97,0,2350,0,0,1,2.535
1506,10.519,21.557,0.051,0.0,0.0,0.0,0.0,0.0,534.0,2496.0,0.441,40,0,0,7.297,7.229,252,240,2,80,80,0,0,6400,0,0,0,0,0,0,0,0,0,0,240,0,0,0,2541,115,0,2343,0,0,3,2.541
1507,10.54,21.557,0.051,0.0,0.0,0.0,0.0,0.0,534.0,2496.0,0.361,40,0,0,7.246,7.168,253,240,2,80,80,0,0,6400,0,0,0,0,0,0,0,0,0,0,240,0,0,0,2517,101,0,2339,0,0,3,2.517
1508,16.908,21.557,0.051,0.0,0.0,0.0,0.0,0.0,534.0,2496.0,0.427,40,0,0,12.392,12.327,252,240,2,80,80,0,0,6400,0,0,0,0,0,0,0,0,0,0,240,0,0,0,3764,202,0,3425,0,0,4,3.764
1509,13.09,21.557,0.051,0.0,0.0,0.0,0.0,0.0,534.0,2496.0,0.475,40,0,0,9.273,9.165,252,240,2,80,80,0,0,6400,0,0,0,0,0,0,0,0,0,0,240,0,0,0,3002,119,0,2762,0,0,4,3.002
1510,14.014,21.557,0.051,0.0,0.0,0.0,0.0,0.0,534.0,2496.0,0.525,40,0,0,9.813,8.509,256,240,2,80,80,0,0,6400,0,0,0,0,0,0,0,0,0,0,240,0,0,0,3181,122,0,2941,0,0,4,3.181
1511,16.267,21.557,0.051,0.0,0.0,0.0,0.0,0.0,534.0,2496.0,0.693,40,0,0,11.229,11.137,252,240,2,80,80,0,0,6400,0,0,0,0,0,0,0,0,0,0,240,0,0,0,3995,178,0,3649,0,0,4,3.995
1512,17.643,21.557,0.051,0.0,0.0,0.0,0.0,0.0,534.0,2496.0,0.721,40,0,0,12.54,12.411,252,240,2,80,80,0,0,6400,0,0,0,0,0,0,0,0,0,0,240,0,0,0,3870,171,0,3540,0,0,6,3.87
1513,17.873,21.557,0.051,0.0,0.0,0.0,0.0,0.0,534.0,2496.0,0.585,40,0,0,12.614,12.488,253,240,2,80,80,0,0,6400,0,0,0,0,0,0,0,0,0,0,240,0,0,0,3971,181,0,3654,0,0,5,3.971
1514,18.095,21.557,0.051,0.0,0.0,0.0,0.0,0.0,534.0,2496.0,0.823,40,0,0,12.994,12.833,252,240,2,80,80,0,0,6400,0,0,0,0,0,0,0,0,0,0,240,0,0,0,3876,179,0,3542,0,0,6,3.876
1515,18.88,21.557,0.051,0.0,0.0,0.0,0.0,0.0,534.0,2496.0,0.655,40,0,0,13.416,13.286,252,240,2,80,80,0,0,6400,0,0,0,0,0,0,0,0,0,0,240,0,0,0,4033,181,0,3715,0,0,5,4.033
1516,18.642,21.557,0.051,0.0,0.0,0.0,0.0,0.0,534.0,2496.0,0.741,40,0,0,13.466,13.27,255,240,2,80,80,0,0,6400,0,0,0,0,0,0,0,0,0,0,240,0,0,0,4011,173,0,3640,0,0,6,4.011
1517,19.052,21.557,0.051,0.0,0.0,0.0,0.0,0.0,534.0,2496.0,0.781,40,0,0,13.488,13.352,253,240,2,80,80,0,0,6400,0,0,0,0,0,0,0,0,0,0,240,0,0,0,4166,174,0,3842,0,0,5,4.166
1518,18.779,21.557,0.051,0.0,0.0,0.0,0.0,0.0,534.0,2496.0,0.868,40,0,0,13.303,13.168,252,240,2,80,80,0,0,6400,0,0,0,0,0,0,0,0,0,0,240,0,0,0,4107,209,0,3707,0,0,5,4.107
1519,18.915,21.557,0.051,0.0,0.0,0.0,0.0,0.0,534.0,2496.0,0.75,40,0,0,13.395,13.262,253,240,2,80,80,0,0,6400,0,0,0,0,0,0,0,0,0,0,240,0,0,0,4026,202,0,3679,0,0,5,4.026
1520,18.953,21.557,0.051,0.0,0.0,0.0,0.0,0.0,534.0,2496.0,0.746,40,0,0,13.46,13.342,252,240,2,80,80,0,0,6400,0,0,0,0,0,0,0,0,0,0,240,0,0,0,4060,187,0,3697,0,0,5,4.06
1521,19.299,21.557,0.051,0.0,0.0,0.0,0.0,0.0,534.0,2496.0,0.754,40,0,0,13.762,13.634,252,240,2,80,80,0,0,6400,0,0,0,0,0,0,0,0,0,0,240,0,0,0,4104,189,0,3751,0,0,4,4.104
1522,19.511,21.557,0.051,0.0,0.0,0.0,0.0,0.0,534.0,2496.0,0.81,40,0,0,13.877,13.713,255,240,2,80,80,0,0,6400,0,0,0,0,0,0,0,0,0,0,240,0,0,0,4130,188,0,3779,0,0,5,4.13
1523,19.224,19.385,0.069,0.0,0.0,0.0,0.0,0.0,534.0,2496.0,0.829,40,0,0,13.63,13.489,253,240,2,80,80,0,0,6400,0,0,0,0,0,0,0,0,0,0,240,0,0,0,4135,177,0,3770,0,0,5,4.135
1524,20.321,19.385,0.069,0.0,0.0,0.0,0.0,0.0,534.0,2496.0,0.852,40,0,0,14.631,14.461,253,240,2,80,80,0,0,6400,0,0,0,0,0,0,0,0,0,0,240,0,0,0,4155,190,0,3810,0,0,6,4.155
1525,19.469,19.385,0.069,0.0,0.0,0.0,0.0,0.0,534.0,2496.0,0.78,40,0,0,13.806,13.602,253,240,2,80,80,0,0,6400,0,0,0,0,0,0,0,0,0,0,240,0,0,0,4054,196,0,3665,0,0,6,4.054
1526,19.283,19.385,0.069,0.0,0.0,0.0,0.0,0.0,534.0,2496.0,0.756,40,0,0,13.886,13.7,252,240,2,80,80,0,0,6400,0,0,0,0,0,0,0,0,0,0,240,0,0,0,3910,189,0,3555,0,0,5,3.91
1527,15.075,19.385,0.069,0.0,0.0,0.0,0.0,0.0,534.0,2496.0,0.52,40,0,0,10.919,10.776,252,240,2,80,80,0,0,6400,0,0,0,0,0,0,0,0,0,0,240,0,0,0,2858,113,0,2644,0,0,2,2.858
1528,12.693,19.385,0.069,0.0,0.0,0.0,0.0,0.0,534.0,2496.0,0.459,40,0,0,8.885,8.778,254,240,2,80,80,0,0,6400,0,0,0,0,0,0,0,0,0,0,240,0,0,0,2820,126,0,2602,0,0,3,2.82
1529,12.535,19.385,0.069,0.0,0.0,0.0,0.0,0.0,534.0,2496.0,0.493,40,0,0,8.618,8.495,253,240,2,80,80,0,0,6400,0,0,0,0,0,0,0,0,0,0,240,0,0,0,3045,126,0,2724,0,0,3,3.045
1530,12.249,19.385,0.069,0.0,0.0,0.0,0.0,0.0,534.0,2496.0,0.466,40,0,0,8.537,8.418,254,240,2,80,80,0,0,6400,0,0,0,0,0,0,0,0,0,0,240,0,0,0,2778,115,0,2571,0,0,3,2.778
1531,12.243,19.385,0.069,0.0,0.0,0.0,0.0,0.0,534.0,2496.0,0.473,40,0,0,8.496,8.409,253,240,2,80,80,0,0,6400,0,0,0,0,0,0,0,0,0,0,240,0,0,0,2880,120,0,2650,0,0,3,2.88
1532,12.514,19.385,0.069,0.0,0.0,0.0,0.0,0.0,534.0,2496.0,0.523,40,0,0,8.775,8.659,252,240,2,80,80,0,0,6400,0,0,0,0,0,0,0,0,0,0,240,0,0,0,2808,121,0,2596,0,0,2,2.808
1533,15.296,19.385,0.069,0.0,0.0,0.0,0.0,0.0,534.0,2496.0,0.464,40,0,0,11.407,11.321,252,240,2,80,80,0,0,6400,0,0,0,0,0,0,0,0,0,0,240,0,0,0,2943,160,0,2685,0,0,2,2.943
1534,12.319,19.385,0.069,0.0,0.0,0.0,0.0,0.0,534.0,2496.0,0.497,40,0,0,8.695,8.598,254,240,2,80,80,0,0,6400,0,0,0,0,0,0,0,0,0,0,240,0,0,0,2786,114,0,2582,0,0,3,2.786
1535,12.342,19.385,0.069,0.0,0.0,0.0,0.0,0.0,534.0,2496.0,0.522,40,0,0,8.599,8.517,252,240,2,80,80,0,0,6400,0,0,0,0,0,0,0,0,0,0,240,0,0,0,2848,127,0,2630,0,0,3,2.848
1536,12.507,19.385,0.069,0.0,0.0,0.0,0.0,0.0,534.0,2496.0,0.45,40,0,0,8.72,8.615,254,240,2,80,80,0,0,6400,0,0,0,0,0,0,0,0,0,0,240,0,0,0,2860,147,0,2618,0,0,3,2.86
1537,12.257,19.385,0.069,0.0,0.0,0.0,0.0,0.0,534.0,2496.0,0.471,40,0,0,8.598,8.48,254,240,2,80,80,0,0,6400,0,0,0,0,0,0,0,0,0,0,240,0,0,0,2837,121,0,2627,0,0,2,2.837
1538,12.343,19.385,0.069,0.0,0.0,0.0,0.0,0.0,534.0,2496.0,0.474,40,0,0,8.555,8.474,252,240,2,80,80,0,0,6400,0,0,0,0,0,0,0,0,0,0,240,0,0,0,2903,131,0,2676,0,0,3,2.903
1539,12.369,19.385,0.069,0.0,0.0,0.0,0.0,0.0,534.0,2496.0,0.438,40,0,0,8.515,8.43,252,240,2,80,80,0,0,6400,0,0,0,0,0,0,0,0,0,0,240,0,0,0,2911,118,0,2700,0,0,2,2.911
1540,15.491,19.385,0.069,0.0,0.0,0.0,0.0,0.0,534.0,2496.0,0.509,40,0,0,8.613,8.515,254,240,2,80,80,0,0,6400,0,0,0,0,0,0,0,0,0,0,240,0,0,0,6080,113,0,5854,0,0,5,6.08
1541,12.304,19.385,0.069,0.0,0.0,0.0,0.0,0.0,534.0,2496.0,0.452,40,0,0,8.564,8.476,252,240,2,80,80,0,0,6400,0,0,0,0,0,0,0,0,0,0,240,0,0,0,2818,113,0,2611,0,0,3,2.818
1542,12.6,19.385,0.069,0.0,0.0,0.0,0.0,0.0,534.0,2496.0,0.46,40,0,0,8.916,8.804,254,240,2,80,80,0,0,6400,0,0,0,0,0,0,0,0,0,0,240,0,0,0,2838,115,0,2634,0,0,3,2.838
1543,12.343,19.385,0.069,0.0,0.0,0.0,0.0,0.0,534.0,2496.0,0.444,40,0,0,8.466,8.379,253,240,2,80,80,0,0,6400,0,0,0,0,0,0,0,0,0,0,240,0,0,0,3051,121,0,2831,0,0,3,3.051
1544,12.411,19.385,0.069,0.0,0.0,0.0,0.0,0.0,534.0,2496.0,0.442,40,0,0,8.618,8.531,252,240,2,80,80,0,0,6400,0,0,0,0,0,0,0,0,0,0,240,0,0,0,2968,121,0,2733,0,0,4,2.968
1545,12.919,19.385,0.069,0.0,0.0,0.0,0.0,0.0,534.0,2496.0,0.522,40,0,0,8.685,8.592,253,240,2,80,80,0,0,6400,0,0,0,0,0,0,0,0,0,0,240,0,0,0,3359,126,0,2794,0,0,5,3.359
1546,12.323,19.385,0.069,0.0,0.0,0.0,0.0,0.0,534.0,2496.0,0.457,40,0,0,8.561,8.453,255,240,2,80,80,0,0,6400,0,0,0,0,0,0,0,0,0,0,240,0,0,0,2790,136,0,2565,0,0,3,2.79
1547,12.622,19.385,0.069,0.0,0.0,0.0,0.0,0.0,534.0,2496.0,0.461,40,0,0,8.546,8.404,252,240,2,80,80,0,0,6400,0,0,0,0,0,0,0,0,0,0,240,0,0,0,3208,148,0,2838,0,0,35,3.208
1548,12.015,19.385,0.069,0.0,0.0,0.0,0.0,0.0,534.0,2496.0,0.441,40,0,0,8.298,8.17,254,240,2,80,80,0,0,6400,0,0,0,0,0,0,0,0,0,0,240,0,0,0,2887,111,0,2675,0,0,3,2.887
1549,12.376,19.385,0.069,0.0,0.0,0.0,0.0,0.0,534.0,2496.0,0.477,40,0,0,8.518,8.28,253,240,2,80,80,0,0,6400,0,0,0,0,0,0,0,0,0,0,240,0,0,0,3036,112,0,2826,0,0,3,3.036
1550,11.904,19.385,0.069,0.0,0.0,0.0,0.0,0.0,534.0,2496.0,0.447,40,0,0,8.266,8.183,252,240,2,80,80,0,0,6400,0,0,0,0,0,0,0,0,0,0,240,0,0,0,2810,111,0,2608,0,0,2,2.81
1551,11.849,19.385,0.069,0.0,0.0,0.0,0.0,0.0,534.0,2496.0,0.448,40,0,0,8.177,8.092,253,240,2,80,80,0,0,6400,0,0,0,0,0,0,0,0,0,0,240,0,0,0,2831,121,0,2622,0,0,3,2.831
1552,11.959,19.385,0.069,0.0,0.0,0.0,0.0,0.0,534.0,2496.0,0.463,40,0,0,8.341,8.251,253,240,2,80,80,0,0,6400,0,0,0,0,0,0,0,0,0,0,240,0,0,0,2800,121,0,2591,0,0,3,2.8
1553,11.76,19.385,0.069,0.0,0.0,0.0,0.0,0.0,534.0,2496.0,0.503,40,0,0,8.204,8.107,255,240,2,80,80,0,0,6400,0,0,0,0,0,0,0,0,0,0,240,0,0,0,2754,111,0,2555,0,0,1,2.754
1554,12.608,19.385,0.069,0.0,0.0,0.0,0.0,0.0,534.0,2496.0,0.463,40,0,0,8.91,8.798,253,240,2,80,80,0,0,6400,0,0,0,0,0,0,0,0,0,0,240,0,0,0,2781,122,0,2571,0,0,2,2.781
1555,11.876,19.385,0.069,0.0,0.0,0.0,0.0,0.0,534.0,2496.0,0.45,40,0,0,8.265,8.175,254,240,2,80,80,0,0,6400,0,0,0,0,0,0,0,0,0,0,240,0,0,0,2790,133,0,2572,0,0,3,2.79
1556,14.829,19.385,0.069,0.0,0.0,0.0,0.0,0.0,534.0,2496.0,0.526,40,0,0,10.958,10.884,252,240,2,80,80,0,0,6400,0,0,0,0,0,0,0,0,0,0,240,0,0,0,2915,146,0,2670,0,0,3,2.915
1557,14.834,19.385,0.069,0.0,0.0,0.0,0.0,0.0,534.0,2496.0,0.421,40,0,0,9.98,9.894,252,240,2,80,80,0,0,6400,0,0,0,0,0,0,0,0,0,0,240,0,0,0,3916,156,0,3613,0,0,5,3.916
1558,12.926,19.385,0.069,0.0,0.0,0.0,0.0,0.0,534.0,2496.0,0.449,40,0,0,9.318,9.188,253,240,2,80,80,0,0,6400,0,0,0,0,0,0,0,0,0,0,240,0,0,0,2781,120,0,2556,0,0,3,2.781
1559,13.778,19.385,0.069,0.0,0.0,0.0,0.0,0.0,534.0,2496.0,0.519,40,0,0,9.761,9.644,254,240,2,80,80,0,0,6400,0,0,0,0,0,0,0,0,0,0,240,0,0,0,3156,159,0,2866,0,0,3,3.156
1560,13.996,19.385,0.069,0.0,0.0,0.0,0.0,0.0,534.0,2496.0,0.469,40,0,0,10.092,9.995,252,240,2,80,80,0,0,6400,0,0,0,0,0,0,0,0,0,0,240,0,0,0,2931,141,0,2701,0,0,3,2.931
1561,16.221,19.385,0.069,0.0,0.0,0.0,0.0,0.0,534.0,2496.0,0.58,40,0,0,11.666,11.568,254,240,2,80,80,0,0,6400,0,0,0,0,0,0,0,0,0,0,240,0,0,0,3630,162,0,3332,0,0,5,3.63
1562,14.489,19.385,0.069,0.0,0.0,0.0,0.0,0.0,534.0,2496.0,0.485,40,0,0,10.464,10.368,252,240,2,80,80,0,0,6400,0,0,0,0,0,0,0,0,0,0,240,0,0,0,3038,167,0,2772,0,0,3,3.038
1563,14.001,19.385,0.069,0.0,0.0,0.0,0.0,0.0,534.0,2496.0,0.659,40,0,0,10.096,10.002,253,240,2,80,80,0,0,6400,0,0,0,0,0,0,0,0,0,0,240,0,0,0,3013,120,0,2805,0,0,4,3.013
1564,15.898,19.385,0.069,0.0,0.0,0.0,0.0,0.0,534.0,2496.0,0.765,40,0,0,10.685,10.56,254,240,2,80,80,0,0,6400,0,0,0,0,0,0,0,0,0,0,240,0,0,0,4035,173,0,3714,0,0,6,4.035
1565,15.491,19.385,0.069,0.0,0.0,0.0,0.0,0.0,534.0,2496.0,0.491,40,0,0,10.828,10.684,254,240,2,80,80,0,0,6400,0,0,0,0,0,0,0,0,0,0,240,0,0,0,3274,195,0,2966,0,0,3,3.274
1566,15.946,19.385,0.069,0.0,0.0,0.0,0.0,0.0,534.0,2496.0,0.532,40,0,0,10.815,9.637,253,240,2,80,80,0,0,6400,0,0,0,0,0,0,0,0,0,0,240,0,0,0,4128,236,0,3734,0,0,19,4.128
1567,13.814,19.385,0.069,0.0,0.0,0.0,0.0,0.0,534.0,2496.0,0.597,40,0,0,9.569,9.467,252,240,2,80,80,0,0,6400,0,0,0,0,0,0,0,0,0,0,240,0,0,0,3267,143,0,3005,0,0,4,3.267
1568,13.373,19.385,0.069,0.0,0.0,0.0,0.0,0.0,534.0,2496.0,0.459,40,0,0,9.438,9.337,252,240,2,80,80,0,0,6400,0,0,0,0,0,0,0,0,0,0,240,0,0,0,2879,118,0,2660,0,0,3,2.879
1569,15.671,19.385,0.069,0.0,0.0,0.0,0.0,0.0,534.0,2496.0,0.523,40,0,0,11.653,11.547,255,240,2,80,80,0,0,6400,0,0,0,0,0,0,0,0,0,0,240,0,0,0,3149,131,0,2914,0,0,3,3.149
1570,13.189,19.385,0.069,0.0,0.0,0.0,0.0,0.0,534.0,2496.0,0.448,40,0,0,9.293,9.202,252,240,2,80,80,0,0,6400,0,0,0,0,0,0,0,0,0,0,240,0,0,0,2900,166,0,2645,0,0,3,2.9
1571,14.154,19.385,0.069,0.0,0.0,0.0,0.0,0.0,534.0,2496.0,0.478,40,0,0,10.392,10.299,253,240,2,80,80,0,0,6400,0,0,0,0,0,0,0,0,0,0,240,0,0,0,2927,138,0,2695,0,0,3,2.927
1572,13.194,19.385,0.069,0.0,0.0,0.0,0.0,0.0,534.0,2496.0,0.518,40,0,0,9.346,9.206,252,240,2,80,80,0,0,6400,0,0,0,0,0,0,0,0,0,0,240,0,0,0,2937,122,0,2720,0,0,3,2.937
1573,12.497,19.385,0.069,0.0,0.0,0.0,0.0,0.0,534.0,2496.0,0.443,40,0,0,8.8,8.698,254,240,2,80,80,0,0,6400,0,0,0,0,0,0,0,0,0,0,240,0,0,0,2786,112,0,2591,0,0,2,2.786
1574,12.116,19.385,0.069,0.0,0.0,0.0,0.0,0.0,534.0,2496.0,0.438,40,0,0,8.371,8.284,253,240,2,80,80,0,0,6400,0,0,0,0,0,0,0,0,0,0,240,0,0,0,2885,118,0,2679,0,0,3,2.885
1575,13.371,19.385,0.069,0.0,0.0,0.0,0.0,0.0,534.0,2496.0,0.442,40,0,0,9.65,9.544,252,240,2,80,80,0,0,6400,0,0,0,0,0,0,0,0,0,0,240,0,0,0,2818,120,0,2608,0,0,3,2.818
1576,13.891,19.385,0.069,0.0,0.0,0.0,0.0,0.0,534.0,2496.0,0.444,40,0,0,10.177,10.098,252,240,2,80,80,0,0,6400,0,0,0,0,0,0,0,0,0,0,240,0,0,0,2831,126,0,2579,0,0,3,2.831
1577,12.682,19.385,0.069,0.0,0.0,0.0,0.0,0.0,534.0,2496.0,0.457,40,0,0,8.83,8.704,255,240,2,80,80,0,0,6400,0,0,0,0,0,0,0,0,0,0,240,0,0,0,2987,131,0,2758,0,0,3,2.987
1578,12.26,19.385,0.069,0.0,0.0,0.0,0.0,0.0,534.0,2496.0,0.428,40,0,0,8.579,8.487,253,240,2,80,80,0,0,6400,0,0,0,0,0,0,0,0,0,0,240,0,0,0,2749,129,0,2537,0,0,2,2.749
1579,12.529,19.385,0.069,0.0,0.0,0.0,0.0,0.0,534.0,2496.0,0.743,40,0,0,8.904,8.826,252,240,2,80,80,0,0,6400,0,0,0,0,0,0,0,0,0,0,240,0,0,0,2810,114,0,2595,0,0,3,2.81
1580,15.172,19.385,0.069,0.0,0.0,0.0,0.0,0.0,534.0,2496.0,0.549,40,0,0,10.593,10.514,252,240,2,80,80,0,0,6400,0,0,0,0,0,0,0,0,0,0,240,0,0,0,3447,121,0,3177,0,0,37,3.447
1581,14.827,19.385,0.069,0.0,0.0,0.0,0.0,0.0,534.0,2496.0,0.516,40,0,0,10.326,10.207,253,240,2,80,80,0,0,6400,0,0,0,0,0,0,0,0,0,0,240,0,0,0,3448,144,0,3183,0,0,5,3.448
1582,15.054,19.385,0.069,0.0,0.0,0.0,0.0,0.0,534.0,2496.0,0.74,40,0,0,10.214,10.107,254,240,2,80,80,0,0,6400,0,0,0,0,0,0,0,0,0,0,240,0,0,0,3783,184,0,3444,0,0,5,3.783
1583,15.13,19.385,0.069,0.0,0.0,0.0,0.0,0.0,534.0,2496.0,0.528,40,0,0,10.637,10.533,252,240,2,80,80,0,0,6400,0,0,0,0,0,0,0,0,0,0,240,0,0,0,3203,149,0,2950,0,0,3,3.203
1584,13.9,19.385,0.069,0.0,0.0,0.0,0.0,0.0,534.0,2496.0,0.668,40,0,0,9.246,9.144,254,240,2,80,80,0,0,6400,0,0,0,0,0,0,0,0,0,0,240,0,0,0,3667,141,0,3292,0,0,5,3.667
1585,15.733,19.385,0.069,0.0,0.0,0.0,0.0,0.0,534.0,2496.0,0.645,40,0,0,11.125,10.961,253,240,2,80,80,0,0,6400,0,0,0,0,0,0,0,0,0,0,240,0,0,0,3185,144,0,2926,0,0,5,3.185
1586,14.903,19.385,0.069,0.0,0.0,0.0,0.0,0.0,534.0,2496.0,0.783,40,0,0,10.27,10.157,252,240,2,80,80,0,0,6400,0,0,0,0,0,0,0,0,0,0,240,0,0,0,3463,176,0,3175,0,0,5,3.463
1587,16.246,19.385,0.069,0.0,0.0,0.0,0.0,0.0,534.0,2496.0,0.541,40,0,0,10.66,10.359,254,240,2,80,80,0,0,6400,0,0,0,0,0,0,0,0,0,0,240,0,0,0,3966,192,0,3628,0,0,5,3.966
1588,14.359,19.385,0.069,0.0,0.0,0.0,0.0,0.0,534.0,2496.0,0.453,40,0,0,9.173,9.084,252,240,2,80,80,0,0,6400,0,0,0,0,0,0,0,0,0,0,240,0,0,0,2930,156,0,2677,0,0,3,2.93
1589,14.007,19.385,0.069,0.0,0.0,0.0,0.0,0.0,534.0,2496.0,0.464,40,0,0,9.839,9.741,254,240,2,80,80,0,0,6400,0,0,0,0,0,0,0,0,0,0,240,0,0,0,3306,121,0,3075,0,0,3,3.306
1590,13.188,19.385,0.069,0.0,0.0,0.0,0.0,0.0,534.0,2496.0,0.474,40,0,0,9.341,9.254,252,240,2,80,80,0,0,6400,0,0,0,0,0,0,0,0,0,0,240,0,0,0,2954,116,0,2744,0,0,3,2.954
1591,16.898,19.385,0.069,0.0,0.0,0.0,0.0,0.0,534.0,2496.0,0.503,40,0,0,11.974,11.853,252,240,2,80,80,0,0,6400,0,0,0,0,0,0,0,0,0,0,240,0,0,0,3941,151,0,3639,0,0,3,3.941
1592,17.339,19.385,0.069,0.0,0.0,0.0,0.0,0.0,534.0,2496.0,0.615,40,0,0,11.966,11.823,253,240,2,80,80,0,0,6400,0,0,0,0,0,0,0,0,0,0,240,0,0,0,4316,188,0,3994,0,0,4,4.316
1593,16.456,19.385,0.069,0.0,0.0,0.0,0.0,0.0,534.0,2496.0,0.466,40,0,0,11.615,11.497,254,240,2,80,80,0,0,6400,0,0,0,0,0,0,0,0,0,0,240,0,0,0,3579,143,0,3318,0,0,3,3.579
1594,16.158,20.153,0.075,0.0,0.0,0.0,0.0,0.0,534.0,2496.0,0.445,40,0,0,11.434,11.331,253,240,2,80,80,0,0,6400,0,0,0,0,0,0,0,0,0,0,240,0,0,0,3761,137,0,3494,0,0,4,3.761
1595,14.701,20.153,0.075,0.0,0.0,0.0,0.0,0.0,534.0,2496.0,0.745,40,0,0,10.38,10.274,254,240,2,80,80,0,0,6400,0,0,0,0,0,0,0,0,0,0,240,0,0,0,3438,136,0,3189,0,0,3,3.438
1596,16.016,20.153,0.075,0.0,0.0,0.0,0.0,0.0,534.0,2496.0,0.523,40,0,0,11.348,11.248,253,240,2,80,80,0,0,6400,0,0,0,0,0,0,0,0,0,0,240,0,0,0,3479,185,0,3179,0,0,3,3.479
1597,16.443,20.153,0.075,0.0,0.0,0.0,0.0,0.0,534.0,2496.0,0.447,40,0,0,11.592,11.497,252,240,2,80,80,0,0,6400,0,0,0,0,0,0,0,0,0,0,240,0,0,0,3909,136,0,3646,0,0,3,3.909
1598,18.122,20.153,0.075,0.0,0.0,0.0,0.0,0.0,534.0,2496.0,0.449,40,0,0,13.688,13.56,253,240,2,80,80,0,0,6400,0,0,0,0,0,0,0,0,0,0,240,0,0,0,3572,166,0,3285,0,0,4,3.572
1599,15.446,20.153,0.075,0.0,0.0,0.0,0.0,0.0,534.0,2496.0,0.862,40,0,0,10.738,10.581,252,240,2,80,80,0,0,6400,0,0,0,0,0,0,0,0,0,0,240,0,0,0,3747,146,0,3473,0,0,3,3.747
1600,16.915,20.153,0.075,0.0,0.0,0.0,0.0,0.0,534.0,2496.0,0.512,40,0,0,11.632,11.409,253,240,2,80,80,0,0,6400,0,0,0,0,0,0,0,0,0,0,240,0,0,0,3856,143,0,3579,0,0,9,3.856
1601,16.475,20.153,0.075,0.0,0.0,0.0,0.0,0.0,534.0,2496.0,0.457,40,0,0,11.931,11.821,255,240,2,80,80,0,0,6400,0,0,0,0,0,0,0,0,0,0,240,0,0,0,3648,136,0,3389,0,0,3,3.648
1602,16.263,20.153,0.075,0.0,0.0,0.0,0.0,0.0,534.0,2496.0,0.594,40,0,0,11.377,11.255,252,240,2,80,80,0,0,6400,0,0,0,0,0,0,0,0,0,0,240,0,0,0,4011,152,0,3722,0,0,7,4.011
1603,16.064,20.153,0.075,0.0,0.0,0.0,0.0,0.0,534.0,2496.0,0.493,40,0,0,11.338,11.204,253,240,2,80,80,0,0,6400,0,0,0,0,0,0,0,0,0,0,240,0,0,0,3660,133,0,3408,0,0,4,3.66
1604,14.646,20.153,0.075,0.0,0.0,0.0,0.0,0.0,534.0,2496.0,0.444,40,0,0,10.305,10.172,253,240,2,80,80,0,0,6400,0,0,0,0,0,0,0,0,0,0,240,0,0,0,3469,135,0,3217,0,0,3,3.469
1605,16.444,20.153,0.075,0.0,0.0,0.0,0.0,0.0,534.0,2496.0,0.569,40,0,0,11.545,11.451,253,240,2,80,80,0,0,6400,0,0,0,0,0,0,0,0,0,0,240,0,0,0,4029,151,0,3748,0,0,3,4.029
1606,16.604,20.153,0.075,0.0,0.0,0.0,0.0,0.0,534.0,2496.0,0.585,40,0,0,11.564,11.442,254,240,2,80,80,0,0,6400,0,0,0,0,0,0,0,0,0,0,240,0,0,0,4022,151,0,3739,0,0,3,4.022
1607,17.03,20.153,0.075,0.0,0.0,0.0,0.0,0.0,534.0,2496.0,0.502,40,0,0,11.784,11.661,254,240,2,80,80,0,0,6400,0,0,0,0,0,0,0,0,0,0,240,0,0,0,4090,184,0,3777,0,0,4,4.09
1608,16.576,20.153,0.075,0.0,0.0,0.0,0.0,0.0,534.0,2496.0,0.589,40,0,0,11.474,11.363,252,240,2,80,80,0,0,6400,0,0,0,0,0,0,0,0,0,0,240,0,0,0,4123,271,0,3720,0,0,4,4.123
1609,17.577,20.153,0.075,0.0,0.0,0.0,0.0,0.0,534.0,2496.0,0.819,40,0,0,12.329,12.217,253,240,2,80,80,0,0,6400,0,0,0,0,0,0,0,0,0,0,240,0,0,0,4132,164,0,3805,0,0,4,4.132
1610,18.623,20.153,0.075,0.0,0.0,0.0,0.0,0.0,534.0,2496.0,0.536,40,0,0,13.12,12.99,253,240,2,80,80,0,0,6400,0,0,0,0,0,0,0,0,0,0,240,0,0,0,4146,244,0,3762,0,0,3,4.146
1611,17.97,20.153,0.075,0.0,0.0,0.0,0.0,0.0,534.0,2496.0,0.532,40,0,0,12.696,12.583,253,240,2,80,80,0,0,6400,0,0,0,0,0,0,0,0,0,0,240,0,0,0,4063,205,0,3705,0,0,9,4.063
1612,17.487,20.153,0.075,0.0,0.0,0.0,0.0,0.0,534.0,2496.0,0.587,40,0,0,12.155,12.053,252,240,2,80,80,0,0,6400,0,0,0,0,0,0,0,0,0,0,240,0,0,0,4254,159,0,3950,0,0,4,4.254
1613,18.07,20.153,0.075,0.0,0.0,0.0,0.0,0.0,534.0,2496.0,0.584,40,0,0,12.824,12.704,253,240,2,80,80,0,0,6400,0,0,0,0,0,0,0,0,0,0,240,0,0,0,4175,162,0,3876,0,0,4,4.175
1614,18.496,20.153,0.075,0.0,0.0,0.0,0.0,0.0,534.0,2496.0,0.533,40,0,0,13.378,13.248,255,240,2,80,80,0,0,6400,0,0,0,0,0,0,0,0,0,0,240,0,0,0,3963,173,0,3659,0,0,3,3.963
1615,18.244,20.153,0.075,0.0,0.0,0.0,0.0,0.0,534.0,2496.0,0.619,40,0,0,12.693,12.578,253,240,2,80,80,0,0,6400,0,0,0,0,0,0,0,0,0,0,240,0,0,0,4372,171,0,3981,0,0,5,4.372
1616,17.754,20.153,0.075,0.0,0.0,0.0,0.0,0.0,534.0,2496.0,0.531,40,0,0,12.498,12.326,253,240,2,80,80,0,0,6400,0,0,0,0,0,0,0,0,0,0,240,0,0,0,4041,160,0,3720,0,0,3,4.041
1617,17.549,20.153,0.075,0.0,0.0,0.0,0.0,0.0,534.0,2496.0,0.579,40,0,0,12.509,12.405,252,240,2,80,80,0,0,6400,0,0,0,0,0,0,0,0,0,0,240,0,0,0,3984,168,0,3662,0,0,3,3.984
1618,16.429,20.153,0.075,0.0,0.0,0.0,0.0,0.0,534.0,2496.0,0.512,40,0,0,11.427,11.311,253,240,2,80,80,0,0,6400,0,0,0,0,0,0,0,0,0,0,240,0,0,0,3882,158,0,3594,0,0,3,3.882
1619,17.258,20.153,0.075,0.0,0.0,0.0,0.0,0.0,534.0,2496.0,0.712,40,0,0,12.017,11.913,252,240,2,80,80,0,0,6400,0,0,0,0,0,0,0,0,0,0,240,0,0,0,4163,200,0,3805,0,0,4,4.163
1620,17.494,20.153,0.075,0.0,0.0,0.0,0.0,0.0,534.0,2496.0,0.631,40,0,0,12.421,12.286,254,240,2,80,80,0,0,6400,0,0,0,0,0,0,0,0,0,0,240,0,0,0,3841,178,0,3497,0,0,3,3.841
1621,18.884,20.153,0.075,0.0,0.0,0.0,0.0,0.0,534.0,2496.0,0.638,40,0,0,13.883,12.09,255,240,2,80,80,0,0,6400,0,0,0,0,0,0,0,0,0,0,240,0,0,0,3882,194,0,3541,0,0,3,3.882
1622,17.508,20.153,0.075,0.0,0.0,0.0,0.0,0.0,534.0,2496.0,0.596,40,0,0,12.359,12.228,254,240,2,80,80,0,0,6400,0,0,0,0,0,0,0,0,0,0,240,0,0,0,3972,164,0,3536,0,0,5,3.972
1623,17.347,20.153,0.075,0.0,0.0,0.0,0.0,0.0,534.0,2496.0,0.644,40,0,0,12.21,12.084,252,240,2,80,80,0,0,6400,0,0,0,0,0,0,0,0,0,0,240,0,0,0,3876,165,0,3556,0,0,4,3.876
1624,17.319,20.153,0.075,0.0,0.0,0.0,0.0,0.0,534.0,2496.0,0.702,40,0,0,12.269,12.141,253,240,2,80,80,0,0,6400,0,0,0,0,0,0,0,0,0,0,240,0,0,0,3818,169,0,3506,0,0,3,3.818
1625,17.482,20.153,0.075,0.0,0.0,0.0,0.0,0.0,534.0,2496.0,0.648,40,0,0,12.148,12.037,252,240,2,80,80,0,0,6400,0,0,0,0,0,0,0,0,0,0,240,0,0,0,4071,165,0,3748,0,0,5,4.071
1626,17.394,20.153,0.075,0.0,0.0,0.0,0.0,0.0,534.0,2496.0,0.753,40,0,0,12.246,12.108,254,240,2,80,80,0,0,6400,0,0,0,0,0,0,0,0,0,0,240,0,0,0,3984,182,0,3651,0,0,3,3.984
1627,17.788,20.153,0.075,0.0,0.0,0.0,0.0,0.0,534.0,2496.0,0.709,40,0,0,12.469,12.246,253,240,2,80,80,0,0,6400,0,0,0,0,0,0,0,0,0,0,240,0,0,0,3965,163,0,3632,0,0,3,3.965
1628,17.549,20.153,0.075,0.0,0.0,0.0,0.0,0.0,534.0,2496.0,0.597,40,0,0,12.282,12.146,254,240,2,80,80,0,0,6400,0,0,0,0,0,0,0,0,0,0,240,0,0,0,3938,163,0,3616,0,0,4,3.938
1629,16.986,20.153,0.075,0.0,0.0,0.0,0.0,0.0,534.0,2496.0,0.644,40,0,0,12.051,11.896,253,240,2,80,80,0,0,6400,0,0,0,0,0,0,0,0,0,0,240,0,0,0,3800,162,0,3492,0,0,3,3.8
1630,17.546,20.153,0.075,0.0,0.0,0.0,0.0,0.0,534.0,2496.0,0.635,40,0,0,12.263,12.128,253,240,2,80,80,0,0,6400,0,0,0,0,0,0,0,0,0,0,240,0,0,0,4066,164,0,3750,0,0,4,4.066
1631,17.41,20.153,0.075,0.0,0.0,0.0,0.0,0.0,534.0,2496.0,0.575,40,0,0,12.362,12.246,252,240,2,80,80,0,0,6400,0,0,0,0,0,0,0,0,0,0,240,0,0,0,3864,161,0,3551,0,0,4,3.864
1632,17.568,20.153,0.075,0.0,0.0,0.0,0.0,0.0,534.0,2496.0,0.643,40,0,0,12.472,12.343,254,240,2,80,80,0,0,6400,0,0,0,0,0,0,0,0,0,0,240,0,0,0,3986,161,0,3667,0,0,3,3.986
1633,17.575,20.153,0.075,0.0,0.0,0.0,0.0,0.0,534.0,2496.0,0.729,40,0,0,12.351,12.235,252,240,2,80,80,0,0,6400,0,0,0,0,0,0,0,0,0,0,240,0,0,0,3976,171,0,3654,0,0,3,3.976
1634,17.643,20.153,0.075,0.0,0.0,0.0,0.0,0.0,534.0,2496.0,0.898,40,0,0,12.481,12.344,254,240,2,80,80,0,0,6400,0,0,0,0,0,0,0,0,0,0,240,0,0,0,3849,193,0,3515,0,0,4,3.849
1635,17.823,20.153,0.075,0.0,0.0,0.0,0.0,0.0,534.0,2496.0,0.647,40,0,0,12.512,12.342,254,240,2,80,80,0,0,6400,0,0,0,0,0,0,0,0,0,0,240,0,0,0,3880,161,0,3560,0,0,3,3.88
1636,17.778,20.153,0.075,0.0,0.0,0.0,0.0,0.0,534.0,2496.0,0.627,40,0,0,12.693,12.559,254,240,2,80,80,0,0,6400,0,0,0,0,0,0,0,0,0,0,240,0,0,0,3900,163,0,3575,0,0,4,3.9
1637,17.626,20.153,0.075,0.0,0.0,0.0,0.0,0.0,534.0,2496.0,0.596,40,0,0,12.572,12.406,252,240,2,80,80,0,0,6400,0,0,0,0,0,0,0,0,0,0,240,0,0,0,3882,163,0,3542,0,0,5,3.882
1638,17.545,20.153,0.075,0.0,0.0,0.0,0.0,0.0,534.0,2496.0,0.644,40,0,0,12.576,12.406,254,240,2,80,80,0,0,6400,0,0,0,0,0,0,0,0,0,0,240,0,0,0,3891,154,0,3585,0,0,4,3.891
1639,18.055,20.153,0.075,0.0,0.0,0.0,0.0,0.0,534.0,2496.0,0.633,40,0,0,12.765,12.638,253,240,2,80,80,0,0,6400,0,0,0,0,0,0,0,0,0,0,240,0,0,0,4047,256,0,3645,0,0,3,4.047
1640,17.751,20.153,0.075,0.0,0.0,0.0,0.0,0.0,534.0,2496.0,0.653,40,0,0,12.673,12.555,252,240,2,80,80,0,0,6400,0,0,0,0,0,0,0,0,0,0,240,0,0,0,3878,162,0,3560,0,0,3,3.878
1641,17.393,20.153,0.075,0.0,0.0,0.0,0.0,0.0,534.0,2496.0,0.7,40,0,0,12.149,12.021,253,240,2,80,80,0,0,6400,0,0,0,0,0,0,0,0,0,0,240,0,0,0,4025,183,0,3674,0,0,5,4.025
1642,17.868,20.153,0.075,0.0,0.0,0.0,0.0,0.0,534.0,2496.0,0.657,40,0,0,12.618,12.481,254,240,2,80,80,0,0,6400,0,0,0,0,0,0,0,0,0,0,240,0,0,0,4009,164,0,3694,0,0,5,4.009
1643,17.805,20.153,0.075,0.0,0.0,0.0,0.0,0.0,534.0,2496.0,0.649,40,0,0,12.701,12.581,252,240,2,80,80,0,0,6400,0,0,0,0,0,0,0,0,0,0,240,0,0,0,3907,164,0,3576,0,0,3,3.907
1644,17.972,20.153,0.075,0.0,0.0,0.0,0.0,0.0,534.0,2496.0,0.678,40,0,0,12.732,12.589,255,240,2,80,80,0,0,6400,0,0,0,0,0,0,0,0,0,0,240,0,0,0,4029,161,0,3703,0,0,3,4.029
1645,17.411,20.153,0.075,0.0,0.0,0.0,0.0,0.0,534.0,2496.0,0.638,40,0,0,12.235,12.118,252,240,2,80,80,0,0,6400,0,0,0,0,0,0,0,0,0,0,240,0,0,0,3984,212,0,3614,0,0,3,3.984
1646,17.336,20.153,0.075,0.0,0.0,0.0,0.0,0.0,534.0,2496.0,0.657,40,0,0,12.179,12.061,252,240,2,80,80,0,0,6400,0,0,0,0,0,0,0,0,0,0,240,0,0,0,3831,163,0,3528,0,0,3,3.831
1647,20.67,20.153,0.075,0.0,0.0,0.0,0.0,0.0,534.0,2496.0,2.35,40,0,0,12.456,12.323,253,240,2,80,80,0,0,6400,0,0,0,0,0,0,0,0,0,0,240,0,0,0,6888,241,0,6451,0,0,5,6.888
1648,20.167,20.153,0.075,0.0,0.0,0.0,0.0,0.0,534.0,2496.0,0.615,40,0,0,12.783,12.478,254,240,2,80,80,0,0,6400,0,0,0,0,0,0,0,0,0,0,240,0,0,0,3938,169,0,3624,0,0,4,3.938
1649,17.054,20.153,0.075,0.0,0.0,0.0,0.0,0.0,534.0,2496.0,0.504,40,0,0,12.212,12.049,253,240,2,80,80,0,0,6400,0,0,0,0,0,0,0,0,0,0,240,0,0,0,3655,150,0,3386,0,0,5,3.655
1650,12.186,20.153,0.075,0.0,0.0,0.0,0.0,0.0,534.0,2496.0,0.946,40,0,0,8.629,8.54,253,240,2,80,80,0,0,6400,0,0,0,0,0,0,0,0,0,0,240,0,0,0,2616,124,0,2414,0,0,3,2.616
1651,12.282,20.153,0.075,0.0,0.0,0.0,0.0,0.0,534.0,2496.0,1.508,40,0,0,8.458,8.362,253,240,2,80,80,0,0,6400,0,0,0,0,0,0,0,0,0,0,240,0,0,0,2493,104,0,2316,0,0,3,2.493
1652,12.865,23.142,0.096,0.0,0.0,0.0,0.0,0.0,534.0,2496.0,0.421,40,0,0,8.198,8.075,252,240,2,80,80,0,0,6400,0,0,0,0,0,0,0,0,0,0,240,0,0,0,2697,136,0,2469,0,0,3,2.697
1653,11.752,23.142,0.096,0.0,0.0,0.0,0.0,0.0,534.0,2496.0,0.402,40,0,0,8.353,8.255,253,240,2,80,80,0,0,6400,0,0,0,0,0,0,0,0,0,0,240,0,0,0,2623,130,0,2410,0,0,3,2.623
1654,11.303,23.142,0.096,0.0,0.0,0.0,0.0,0.0,534.0,2496.0,0.393,40,0,0,7.896,7.817,253,240,2,80,80,0,0,6400,0,0,0,0,0,0,0,0,0,0,240,0,0,0,2635,125,0,2424,0,0,3,2.635
1655,11.872,23.142,0.096,0.0,0.0,0.0,0.0,0.0,534.0,2496.0,0.409,40,0,0,8.419,8.339,253,240,2,80,80,0,0,6400,0,0,0,0,0,0,0,0,0,0,240,0,0,0,2724,107,0,2539,0,0,3,2.724
1656,12.388,23.142,0.096,0.0,0.0,0.0,0.0,0.0,534.0,2496.0,0.434,40,0,0,8.453,8.329,254,240,2,80,80,0,0,6400,0,0,0,0,0,0,0,0,0,0,240,0,0,0,3171,209,0,2867,0,0,3,3.171
1657,12.574,23.142,0.096,0.0,0.0,0.0,0.0,0.0,534.0,2496.0,0.414,40,0,0,8.956,8.877,252,240,2,80,80,0,0,6400,0,0,0,0,0,0,0,0,0,0,240,0,0,0,2793,112,0,2590,0,0,3,2.793
1658,12.448,23.142,0.096,0.0,0.0,0.0,0.0,0.0,534.0,2496.0,0.428,40,0,0,8.964,8.863,252,240,2,80,80,0,0,6400,0,0,0,0,0,0,0,0,0,0,240,0,0,0,2604,106,0,2403,0,0,3,2.604
1659,14.408,23.142,0.096,0.0,0.0,0.0,0.0,0.0,534.0,2496.0,0.698,40,0,0,9.089,9.007,253,240,2,80,80,0,0,6400,0,0,0,0,0,0,0,0,0,0,240,0,0,0,4422,175,0,4083,0,0,6,4.422
1660,23.167,23.142,0.096,0.0,0.0,0.0,0.0,0.0,534.0,2496.0,1.003,40,0,0,18.186,18.059,253,240,2,80,80,0,0,6400,0,0,0,0,0,0,0,0,0,0,240,0,0,0,3732,163,0,3436,0,0,6,3.732
1661,24.917,23.142,0.096,0.0,0.0,0.0,0.0,0.0,534.0,2496.0,0.766,40,0,0,17.381,17.15,255,240,2,80,80,0,0,6400,0,0,0,0,0,0,0,0,0,0,240,0,0,0,5779,213,0,5357,0,0,6,5.779
1662,25.098,23.142,0.096,0.0,0.0,0.0,0.0,0.0,534.0,2496.0,1.248,40,0,0,17.479,17.33,253,240,2,80,80,0,0,6400,0,0,0,0,0,0,0,0,0,0,240,0,0,0,6117,236,0,5632,0,0,8,6.117
1663,28.759,23.142,0.096,0.0,0.0,0.0,0.0,0.0,534.0,2496.0,1.11,40,0,0,20.836,20.6,252,240,2,80,80,0,0,6400,0,0,0,0,0,0,0,0,0,0,240,0,0,0,5843,230,0,5393,0,0,7,5.843
1664,25.938,23.142,0.096,0.0,0.0,0.0,0.0,0.0,534.0,2496.0,0.704,40,0,0,18.669,18.504,252,240,2,80,80,0,0,6400,0,0,0,0,0,0,0,0,0,0,240,0,0,0,5217,373,0,4596,0,0,54,5.217
1665,24.523,23.142,0.096,0.0,0.0,0.0,0.0,0.0,534.0,2496.0,1.063,40,0,0,17.233,17.082,253,240,2,80,80,0,0,6400,0,0,0,0,0,0,0,0,0,0,240,0,0,0,5744,256,0,5266,0,0,7,5.744
1666,22.66,23.142,0.096,0.0,0.0,0.0,0.0,0.0,534.0,2496.0,0.837,40,0,0,15.755,15.552,252,240,2,80,80,0,0,6400,0,0,0,0,0,0,0,0,0,0,240,0,0,0,4842,229,0,4434,0,0,7,4.842
1667,24.25,23.142,0.096,0.0,0.0,0.0,0.0,0.0,534.0,2496.0,0.897,40,0,0,16.786,16.627,253,240,2,80,80,0,0,6400,0,0,0,0,0,0,0,0,0,0,240,0,0,0,5867,223,0,5439,0,0,8,5.867
1668,28.528,23.142,0.096,0.0,0.0,0.0,0.0,0.0,534.0,2496.0,0.828,40,0,0,21.513,21.314,254,240,2,80,80,0,0,6400,0,0,0,0,0,0,0,0,0,0,240,0,0,0,5221,271,0,4758,0,0,8,5.221
1669,25.327,23.142,0.096,0.0,0.0,0.0,0.0,0.0,534.0,2496.0,1.084,40,0,0,18.215,18.003,253,240,2,80,80,0,0,6400,0,0,0,0,0,0,0,0,0,0,240,0,0,0,5486,283,0,4999,0,0,7,5.486
1670,24.787,23.142,0.096,0.0,0.0,0.0,0.0,0.0,534.0,2496.0,1.025,40,0,0,18.661,18.408,252,240,2,80,80,0,0,6400,0,0,0,0,0,0,0,0,0,0,240,0,0,0,4314,170,0,3984,0,0,6,4.314
1671,24.277,23.142,0.096,0.0,0.0,0.0,0.0,0.0,534.0,2496.0,0.926,40,0,0,17.242,17.102,253,240,2,80,80,0,0,6400,0,0,0,0,0,0,0,0,0,0,240,0,0,0,5172,276,0,4665,0,0,7,5.172
1672,24.099,23.142,0.096,0.0,0.0,0.0,0.0,0.0,534.0,2496.0,0.939,40,0,0,16.976,16.821,252,240,2,80,80,0,0,6400,0,0,0,0,0,0,0,0,0,0,240,0,0,0,5427,223,0,5014,0,0,7,5.427
1673,27.956,23.142,0.096,0.0,0.0,0.0,0.0,0.0,534.0,2496.0,0.919,40,0,0,20.63,20.479,252,240,2,80,80,0,0,6400,0,0,0,0,0,0,0,0,0,0,240,0,0,0,5464,312,0,4941,0,0,7,5.464
1674,23.254,23.142,0.096,0.0,0.0,0.0,0.0,0.0,534.0,2496.0,0.988,40,0,0,16.748,16.517,253,240,2,80,80,0,0,6400,0,0,0,0,0,0,0,0,0,0,240,0,0,0,4892,273,0,4433,0,0,7,4.892
1675,23.938,23.142,0.096,0.0,0.0,0.0,0.0,0.0,534.0,2496.0,1.014,40,0,0,16.944,15.106,256,240,2,80,80,0,0,6400,0,0,0,0,0,0,0,0,0,0,240,0,0,0,5213,187,0,4831,0,0,8,5.213
1676,21.152,23.142,0.096,0.0,0.0,0.0,0.0,0.0,534.0,2496.0,0.666,40,0,0,15.98,15.758,253,240,2,80,80,0,0,6400,0,0,0,0,0,0,0,0,0,0,240,0,0,0,3476,165,0,3181,0,0,5,3.476
1677,22.974,23.142,0.096,0.0,0.0,0.0,0.0,0.0,534.0,2496.0,0.902,40,0,0,16.625,16.47,253,240,2,80,80,0,0,6400,0,0,0,0,0,0,0,0,0,0,240,0,0,0,5025,210,0,4638,0,0,6,5.025
1678,23.338,23.142,0.096,0.0,0.0,0.0,0.0,0.0,534.0,2496.0,1.078,40,0,0,15.907,15.709,252,240,2,80,80,0,0,6400,0,0,0,0,0,0,0,0,0,0,240,0,0,0,5766,227,0,5295,0,0,9,5.766
1679,25.866,23.142,0.096,0.0,0.0,0.0,0.0,0.0,534.0,2496.0,0.743,40,0,0,18.88,18.656,253,240,2,80,80,0,0,6400,0,0,0,0,0,0,0,0,0,0,240,0,0,0,5086,267,0,4576,0,0,7,5.086
1680,22.39,23.142,0.096,0.0,0.0,0.0,0.0,0.0,534.0,2496.0,0.77,40,0,0,16.36,16.2,253,240,2,80,80,0,0,6400,0,0,0,0,0,0,0,0,0,0,240,0,0,0,4564,245,0,4141,0,0,5,4.564
1681,21.892,23.142,0.096,0.0,0.0,0.0,0.0,0.0,534.0,2496.0,0.606,40,0,0,14.307,14.182,252,240,2,80,80,0,0,6400,0,0,0,0,0,0,0,0,0,0,240,0,0,0,5859,224,0,5330,0,0,8,5.859
1682,20.876,23.142,0.096,0.0,0.0,0.0,0.0,0.0,534.0,2496.0,0.609,40,0,0,14.359,14.249,254,240,2,80,80,0,0,6400,0,0,0,0,0,0,0,0,0,0,240,0,0,0,5084,225,0,4669,0,0,6,5.084
1683,22.823,23.142,0.096,0.0,0.0,0.0,0.0,0.0,534.0,2496.0,0.791,40,0,0,16.284,16.093,254,240,2,80,80,0,0,6400,0,0,0,0,0,0,0,0,0,0,240,0,0,0,5298,195,0,4881,0,0,7,5.298
1684,23.103,23.142,0.096,0.0,0.0,0.0,0.0,0.0,534.0,2496.0,1.228,40,0,0,16.17,16.007,252,240,2,80,80,0,0,6400,0,0,0,0,0,0,0,0,0,0,240,0,0,0,5377,233,0,4885,0,0,7,5.377
1685,28.564,23.142,0.096,0.0,0.0,0.0,0.0,0.0,534.0,2496.0,0.907,40,0,0,21.227,21.051,252,240,2,80,80,0,0,6400,0,0,0,0,0,0,0,0,0,0,240,0,0,0,5096,229,0,4679,0,0,8,5.096
1686,23.541,23.142,0.096,0.0,0.0,0.0,0.0,0.0,534.0,2496.0,0.891,40,0,0,16.9,16.682,253,240,2,80,80,0,0,6400,0,0,0,0,0,0,0,0,0,0,240,0,0,0,4867,225,0,4395,0,0,7,4.867
1687,21.394,23.142,0.096,0.0,0.0,0.0,0.0,0.0,534.0,2496.0,0.76,40,0,0,15.024,14.867,253,240,2,80,80,0,0,6400,0,0,0,0,0,0,0,0,0,0,240,0,0,0,4722,258,0,4287,0,0,5,4.722
1688,21.103,23.142,0.096,0.0,0.0,0.0,0.0,0.0,534.0,2496.0,0.708,40,0,0,15.226,15.086,253,240,2,80,80,0,0,6400,0,0,0,0,0,0,0,0,0,0,240,0,0,0,4255,190,0,3898,0,0,10,4.255
1689,21.986,23.142,0.096,0.0,0.0,0.0,0.0,0.0,534.0,2496.0,0.77,40,0,0,15.822,15.682,254,240,2,80,80,0,0,6400,0,0,0,0,0,0,0,0,0,0,240,0,0,0,4850,193,0,4441,0,0,6,4.85
1690,21.944,23.142,0.096,0.0,0.0,0.0,0.0,0.0,534.0,2496.0,1.15,40,0,0,15.707,15.561,253,240,2,80,80,0,0,6400,0,0,0,0,0,0,0,0,0,0,240,0,0,0,4802,177,0,4441,0,0,8,4.802
1691,23.537,23.142,0.096,0.0,0.0,0.0,0.0,0.0,534.0,2496.0,0.562,40,0,0,18.615,18.416,252,240,2,80,80,0,0,6400,0,0,0,0,0,0,0,0,0,0,240,0,0,0,3108,121,0,2886,0,0,3,3.108
1692,14.175,23.142,0.096,0.0,0.0,0.0,0.0,0.0,534.0,2496.0,0.413,40,0,0,9.877,9.754,253,240,2,80,80,0,0,6400,0,0,0,0,0,0,0,0,0,0,240,0,0,0,3188,137,0,2940,0,0,6,3.188
1693,12.667,23.142,0.096,0.0,0.0,0.0,0.0,0.0,534.0,2496.0,0.44,40,0,0,8.862,8.75,253,240,2,80,80,0,0,6400,0,0,0,0,0,0,0,0,0,0,240,0,0,0,2995,123,0,2775,0,0,3,2.995
1694,13.406,23.142,0.096,0.0,0.0,0.0,0.0,0.0,534.0,2496.0,0.877,40,0,0,8.682,8.598,253,240,2,80,80,0,0,6400,0,0,0,0,0,0,0,0,0,0,240,0,0,0,3923,129,0,3666,0,0,4,3.923
1695,22.057,23.142,0.096,0.0,0.0,0.0,0.0,0.0,534.0,2496.0,0.811,40,0,0,15.54,15.375,255,240,2,80,80,0,0,6400,0,0,0,0,0,0,0,0,0,0,240,0,0,0,5052,196,0,4605,0,0,7,5.052
1696,20.602,23.142,0.096,0.0,0.0,0.0,0.0,0.0,534.0,2496.0,0.664,40,0,0,14.409,14.28,252,240,2,80,80,0,0,6400,0,0,0,0,0,0,0,0,0,0,240,0,0,0,4426,226,0,4040,0,0,4,4.426
1697,21.527,23.142,0.096,0.0,0.0,0.0,0.0,0.0,534.0,2496.0,0.752,40,0,0,16.408,16.254,252,240,2,80,80,0,0,6400,0,0,0,0,0,0,0,0,0,0,240,0,0,0,3849,163,0,3532,0,0,20,3.849
1698,22.838,23.142,0.096,0.0,0.0,0.0,0.0,0.0,534.0,2496.0,0.689,40,0,0,16.077,15.933,255,240,2,80,80,0,0,6400,0,0,0,0,0,0,0,0,0,0,240,0,0,0,5401,211,0,4964,0,0,8,5.401
1699,22.614,28.953,0.106,0.0,0.0,0.0,0.0,0.0,534.0,2496.0,0.834,40,0,0,16.049,15.902,252,240,2,80,80,0,0,6400,0,0,0,0,0,0,0,0,0,0,240,0,0,0,5135,252,0,4688,0,0,7,5.135
1700,24.438,28.953,0.106,0.0,0.0,0.0,0.0,0.0,534.0,2496.0,1.129,40,0,0,16.512,16.332,253,240,2,80,80,0,0,6400,0,0,0,0,0,0,0,0,0,0,240,0,0,0,6159,258,0,5570,0,0,9,6.159
1701,27.897,28.953,0.106,0.0,0.0,0.0,0.0,0.0,534.0,2496.0,0.914,40,0,0,20.081,19.767,254,240,2,80,80,0,0,6400,0,0,0,0,0,0,0,0,0,0,240,0,0,0,5839,236,0,5372,0,0,8,5.839
1702,25.175,28.953,0.106,0.0,0.0,0.0,0.0,0.0,534.0,2496.0,0.748,40,0,0,18.2,18.02,253,240,2,80,80,0,0,6400,0,0,0,0,0,0,0,0,0,0,240,0,0,0,5286,258,0,4810,0,0,7,5.286
1703,25.555,28.953,0.106,0.0,0.0,0.0,0.0,0.0,534.0,2496.0,0.728,40,0,0,18.142,18.004,253,240,2,80,80,0,0,6400,0,0,0,0,0,0,0,0,0,0,240,0,0,0,5809,305,0,5290,0,0,7,5.809
1704,24.325,28.953,0.106,0.0,0.0,0.0,0.0,0.0,534.0,2496.0,1.069,40,0,0,17.743,17.591,253,240,2,80,80,0,0,6400,0,0,0,0,0,0,0,0,0,0,240,0,0,0,5098,183,0,4693,0,0,6,5.098
1705,26.462,28.953,0.106,0.0,0.0,0.0,0.0,0.0,534.0,2496.0,0.897,40,0,0,18.68,18.449,252,240,2,80,80,0,0,6400,0,0,0,0,0,0,0,0,0,0,240,0,0,0,5864,272,0,5336,0,0,9,5.864
1706,28.132,28.953,0.106,0.0,0.0,0.0,0.0,0.0,534.0,2496.0,1.171,40,0,0,20.137,19.967,253,240,2,80,80,0,0,6400,0,0,0,0,0,0,0,0,0,0,240,0,0,0,6194,409,0,5507,0,0,11,6.194
1707,27.34,28.953,0.106,0.0,0.0,0.0,0.0,0.0,534.0,2496.0,0.928,40,0,0,19.331,19.089,255,240,2,80,80,0,0,6400,0,0,0,0,0,0,0,0,0,0,240,0,0,0,5932,239,0,5472,0,0,9,5.932
1708,22.455,28.953,0.106,0.0,0.0,0.0,0.0,0.0,534.0,2496.0,1.277,40,0,0,15.462,15.282,253,240,2,80,80,0,0,6400,0,0,0,0,0,0,0,0,0,0,240,0,0,0,5311,191,0,4915,0,0,7,5.311
1709,27.683,28.953,0.106,0.0,0.0,0.0,0.0,0.0,534.0,2496.0,0.912,40,0,0,18.169,17.979,252,240,2,80,80,0,0,6400,0,0,0,0,0,0,0,0,0,0,240,0,0,0,7386,293,0,6759,0,0,9,7.386
1710,27.54,28.953,0.106,0.0,0.0,0.0,0.0,0.0,534.0,2496.0,1.017,40,0,0,20.235,20.089,253,240,2,80,80,0,0,6400,0,0,0,0,0,0,0,0,0,0,240,0,0,0,5527,239,0,5063,0,0,41,5.527
1711,17.872,28.953,0.106,0.0,0.0,0.0,0.0,0.0,534.0,2496.0,0.528,40,0,0,12.699,12.51,253,240,2,80,80,0,0,6400,0,0,0,0,0,0,0,0,0,0,240,0,0,0,3458,130,0,3215,0,0,2,3.458
1712,14.329,28.953,0.106,0.0,0.0,0.0,0.0,0.0,534.0,2496.0,0.51,40,0,0,9.893,9.78,255,240,2,80,80,0,0,6400,0,0,0,0,0,0,0,0,0,0,240,0,0,0,3474,135,0,3231,0,0,2,3.474
1713,15.343,28.953,0.106,0.0,0.0,0.0,0.0,0.0,534.0,2496.0,0.683,40,0,0,10.173,10.039,253,240,2,80,80,0,0,6400,0,0,0,0,0,0,0,0,0,0,240,0,0,0,4159,175,0,3830,0,0,6,4.159
1714,19.079,28.953,0.106,0.0,0.0,0.0,0.0,0.0,534.0,2496.0,0.655,40,0,0,13.41,13.282,253,240,2,80,80,0,0,6400,0,0,0,0,0,0,0,0,0,0,240,0,0,0,4369,197,0,3998,0,0,6,4.369
1715,18.689,28.953,0.106,0.0,0.0,0.0,0.0,0.0,534.0,2496.0,0.739,40,0,0,12.806,12.672,253,240,2,80,80,0,0,6400,0,0,0,0,0,0,0,0,0,0,240,0,0,0,4699,200,0,4262,0,0,7,4.699
1716,19.274,28.953,0.106,0.0,0.0,0.0,0.0,0.0,534.0,2496.0,0.875,40,0,0,13.577,13.442,253,240,2,80,80,0,0,6400,0,0,0,0,0,0,0,0,0,0,240,0,0,0,4362,186,0,4019,0,0,5,4.362
1717,19.757,28.953,0.106,0.0,0.0,0.0,0.0,0.0,534.0,2496.0,0.651,40,0,0,13.91,13.781,253,240,2,80,80,0,0,6400,0,0,0,0,0,0,0,0,0,0,240,0,0,0,4495,218,0,4087,0,0,4,4.495
1718,21.886,28.953,0.106,0.0,0.0,0.0,0.0,0.0,534.0,2496.0,1.148,40,0,0,14.832,14.647,253,240,2,80,80,0,0,6400,0,0,0,0,0,0,0,0,0,0,240,0,0,0,5738,240,0,5261,0,0,7,5.738
1719,21.487,28.953,0.106,0.0,0.0,0.0,0.0,0.0,534.0,2496.0,0.774,40,0,0,15.121,14.967,254,240,2,80,80,0,0,6400,0,0,0,0,0,0,0,0,0,0,240,0,0,0,4525,198,0,4155,0,0,6,4.525
1720,19.218,28.953,0.106,0.0,0.0,0.0,0.0,0.0,534.0,2496.0,0.719,40,0,0,13.537,13.383,254,240,2,80,80,0,0,6400,0,0,0,0,0,0,0,0,0,0,240,0,0,0,4310,197,0,3919,0,0,6,4.31
1721,20.541,28.953,0.106,0.0,0.0,0.0,0.0,0.0,534.0,2496.0,0.509,40,0,0,14.502,14.328,252,240,2,80,80,0,0,6400,0,0,0,0,0,0,0,0,0,0,240,0,0,0,4617,246,0,4181,0,0,6,4.617
1722,24.967,28.953,0.106,0.0,0.0,0.0,0.0,0.0,534.0,2496.0,0.734,40,0,0,19.487,19.301,254,240,2,80,80,0,0,6400,0,0,0,0,0,0,0,0,0,0,240,0,0,0,4319,186,0,3965,0,0,7,4.319
1723,20.012,28.953,0.106,0.0,0.0,0.0,0.0,0.0,534.0,2496.0,1.294,40,0,0,14.389,14.259,252,240,2,80,80,0,0,6400,0,0,0,0,0,0,0,0,0,0,240,0,0,0,4213,233,0,3823,0,0,6,4.213
1724,22.756,28.953,0.106,0.0,0.0,0.0,0.0,0.0,534.0,2496.0,0.434,40,0,0,17.431,17.302,252,240,2,80,80,0,0,6400,0,0,0,0,0,0,0,0,0,0,240,0,0,0,3195,204,0,2873,0,0,4,3.195
1725,11.321,28.953,0.106,0.0,0.0,0.0,0.0,0.0,534.0,2496.0,0.407,40,0,0,7.903,7.8,255,240,2,80,80,0,0,6400,0,0,0,0,0,0,0,0,0,0,240,0,0,0,2594,142,0,2368,0,0,2,2.594
1726,11.065,28.953,0.106,0.0,0.0,0.0,0.0,0.0,534.0,2496.0,0.386,40,0,0,7.7,7.605,254,240,2,80,80,0,0,6400,0,0,0,0,0,0,0,0,0,0,240,0,0,0,2590,103,0,2408,0,0,3,2.59
1727,14.895,28.953,0.106,0.0,0.0,0.0,0.0,0.0,534.0,2496.0,0.408,40,0,0,10.636,9.587,254,240,2,80,80,0,0,6400,0,0,0,0,0,0,0,0,0,0,240,0,0,0,3474,122,0,3259,0,0,3,3.474
1728,14.462,28.953,0.106,0.0,0.0,0.0,0.0,0.0,534.0,2496.0,0.457,40,0,0,10.141,10.051,253,240,2,80,80,0,0,6400,0,0,0,0,0,0,0,0,0,0,240,0,0,0,3541,106,0,3317,0,0,4,3.541
1729,12.419,28.953,0.106,0.0,0.0,0.0,0.0,0.0,534.0,2496.0,0.453,40,0,0,8.435,8.349,252,240,2,80,80,0,0,6400,0,0,0,0,0,0,0,0,0,0,240,0,0,0,3116,117,0,2891,0,0,4,3.116
1730,12.927,28.953,0.106,0.0,0.0,0.0,0.0,0.0,534.0,2496.0,0.431,40,0,0,9.087,8.987,254,240,2,80,80,0,0,6400,0,0,0,0,0,0,0,0,0,0,240,0,0,0,2820,137,0,2590,0,0,3,2.82
1731,13.064,28.953,0.106,0.0,0.0,0.0,0.0,0.0,534.0,2496.0,0.459,40,0,0,9.235,9.118,253,240,2,80,80,0,0,6400,0,0,0,0,0,0,0,0,0,0,240,0,0,0,2993,157,0,2738,0,0,4,2.993
1732,12.615,28.953,0.106,0.0,0.0,0.0,0.0,0.0,534.0,2496.0,0.44,40,0,0,8.734,8.633,253,240,2,80,80,0,0,6400,0,0,0,0,0,0,0,0,0,0,240,0,0,0,2884,120,0,2666,0,0,4,2.884
1733,12.341,28.953,0.106,0.0,0.0,0.0,0.0,0.0,534.0,2496.0,0.452,40,0,0,8.608,8.514,254,240,2,80,80,0,0,6400,0,0,0,0,0,0,0,0,0,0,240,0,0,0,2889,119,0,2668,0,0,3,2.889
1734,12.365,28.953,0.106,0.0,0.0,0.0,0.0,0.0,534.0,2496.0,0.528,40,0,0,8.488,8.38,253,240,2,80,80,0,0,6400,0,0,0,0,0,0,0,0,0,0,240,0,0,0,3057,117,0,2838,0,0,3,3.057
1735,12.376,28.953,0.106,0.0,0.0,0.0,0.0,0.0,534.0,2496.0,0.432,40,0,0,8.512,8.429,252,240,2,80,80,0,0,6400,0,0,0,0,0,0,0,0,0,0,240,0,0,0,2908,136,0,2674,0,0,2,2.908
1736,12.858,28.953,0.106,0.0,0.0,0.0,0.0,0.0,534.0,2496.0,0.49,40,0,0,8.999,8.904,254,240,2,80,80,0,0,6400,0,0,0,0,0,0,0,0,0,0,240,0,0,0,3042,142,0,2799,0,0,3,3.042
1737,13.237,28.953,0.106,0.0,0.0,0.0,0.0,0.0,534.0,2496.0,0.481,40,0,0,9.516,9.427,253,240,2,80,80,0,0,6400,0,0,0,0,0,0,0,0,0,0,240,0,0,0,2865,113,0,2667,0,0,3,2.865
1738,12.488,28.953,0.106,0.0,0.0,0.0,0.0,0.0,534.0,2496.0,0.473,40,0,0,8.664,8.573,253,240,2,80,80,0,0,6400,0,0,0,0,0,0,0,0,0,0,240,0,0,0,2948,123,0,2723,0,0,2,2.948
1739,12.444,28.953,0.106,0.0,0.0,0.0,0.0,0.0,534.0,2496.0,0.427,40,0,0,8.725,8.641,252,240,2,80,80,0,0,6400,0,0,0,0,0,0,0,0,0,0,240,0,0,0,2862,116,0,2649,0,0,1,2.862
1740,13.18,28.953,0.106,0.0,0.0,0.0,0.0,0.0,534.0,2496.0,0.452,40,0,0,9.448,9.349,255,240,2,80,80,0,0,6400,0,0,0,0,0,0,0,0,0,0,240,0,0,0,2957,116,0,2746,0,0,3,2.957
1741,12.408,28.953,0.106,0.0,0.0,0.0,0.0,0.0,534.0,2496.0,0.505,40,0,0,8.576,8.458,253,240,2,80,80,0,0,6400,0,0,0,0,0,0,0,0,0,0,240,0,0,0,3009,117,0,2782,0,0,3,3.009
1742,12.964,28.953,0.106,0.0,0.0,0.0,0.0,0.0,534.0,2496.0,0.493,40,0,0,9.163,9.069,253,240,2,80,80,0,0,6400,0,0,0,0,0,0,0,0,0,0,240,0,0,0,2936,118,0,2722,0,0,3,2.936
1743,12.533,28.953,0.106,0.0,0.0,0.0,0.0,0.0,534.0,2496.0,0.478,40,0,0,8.732,8.632,254,240,2,80,80,0,0,6400,0,0,0,0,0,0,0,0,0,0,240,0,0,0,2914,111,0,2708,0,0,3,2.914
1744,12.456,28.953,0.106,0.0,0.0,0.0,0.0,0.0,534.0,2496.0,0.475,40,0,0,8.713,8.615,253,240,2,80,80,0,0,6400,0,0,0,0,0,0,0,0,0,0,240,0,0,0,2885,117,0,2665,0,0,3,2.885
1745,13.132,28.953,0.106,0.0,0.0,0.0,0.0,0.0,534.0,2496.0,0.504,40,0,0,9.061,8.975,252,240,2,80,80,0,0,6400,0,0,0,0,0,0,0,0,0,0,240,0,0,0,3204,179,0,2912,0,0,4,3.204
1746,12.662,28.953,0.106,0.0,0.0,0.0,0.0,0.0,534.0,2496.0,0.514,40,0,0,8.736,8.642,254,240,2,80,80,0,0,6400,0,0,0,0,0,0,0,0,0,0,240,0,0,0,3016,125,0,2791,0,0,3,3.016
1747,13.339,28.953,0.106,0.0,0.0,0.0,0.0,0.0,534.0,2496.0,0.54,40,0,0,9.46,9.376,252,240,2,80,80,0,0,6400,0,0,0,0,0,0,0,0,0,0,240,0,0,0,2958,121,0,2741,0,0,3,2.958
1748,16.087,28.953,0.106,0.0,0.0,0.0,0.0,0.0,534.0,2496.0,0.739,40,0,0,11.141,11.05,253,240,2,80,80,0,0,6400,0,0,0,0,0,0,0,0,0,0,240,0,0,0,3911,206,0,3569,0,0,6,3.911
1749,18.09,28.953,0.106,0.0,0.0,0.0,0.0,0.0,534.0,2496.0,0.614,40,0,0,12.639,12.523,253,240,2,80,80,0,0,6400,0,0,0,0,0,0,0,0,0,0,240,0,0,0,4185,180,0,3848,0,0,6,4.185
1750,18.099,28.953,0.106,0.0,0.0,0.0,0.0,0.0,534.0,2496.0,0.707,40,0,0,12.785,12.661,253,240,2,80,80,0,0,6400,0,0,0,0,0,0,0,0,0,0,240,0,0,0,4172,238,0,3783,0,0,5,4.172
1751,18.039,28.953,0.106,0.0,0.0,0.0,0.0,0.0,534.0,2496.0,0.664,40,0,0,12.646,12.493,254,240,2,80,80,0,0,6400,0,0,0,0,0,0,0,0,0,0,240,0,0,0,4008,185,0,3666,0,0,5,4.008
1752,14.726,28.953,0.106,0.0,0.0,0.0,0.0,0.0,534.0,2496.0,0.572,40,0,0,10.263,10.111,253,240,2,80,80,0,0,6400,0,0,0,0,0,0,0,0,0,0,240,0,0,0,3059,153,0,2800,0,0,3,3.059
1753,12.496,28.953,0.106,0.0,0.0,0.0,0.0,0.0,534.0,2496.0,0.436,40,0,0,8.717,8.606,252,240,2,80,80,0,0,6400,0,0,0,0,0,0,0,0,0,0,240,0,0,0,2794,113,0,2585,0,0,3,2.794
1754,12.11,28.953,0.106,0.0,0.0,0.0,0.0,0.0,534.0,2496.0,0.425,40,0,0,8.443,8.321,254,240,2,80,80,0,0,6400,0,0,0,0,0,0,0,0,0,0,240,0,0,0,2835,115,0,2633,0,0,3,2.835
1755,12.915,28.953,0.106,0.0,0.0,0.0,0.0,0.0,534.0,2496.0,0.44,40,0,0,9.304,9.189,253,240,2,80,80,0,0,6400,0,0,0,0,0,0,0,0,0,0,240,0,0,0,2815,125,0,2591,0,0,3,2.815
1756,12.555,29.235,0.134,0.0,0.0,0.0,0.0,0.0,534.0,2496.0,0.472,40,0,0,8.88,8.772,253,240,2,80,80,0,0,6400,0,0,0,0,0,0,0,0,0,0,240,0,0,0,2838,115,0,2629,0,0,3,2.838
1757,12.031,29.235,0.134,0.0,0.0,0.0,0.0,0.0,534.0,2496.0,0.45,40,0,0,8.36,8.274,253,240,2,80,80,0,0,6400,0,0,0,0,0,0,0,0,0,0,240,0,0,0,2796,111,0,2601,0,0,3,2.796
1758,12.438,29.235,0.134,0.0,0.0,0.0,0.0,0.0,534.0,2496.0,0.446,40,0,0,8.738,8.654,253,240,2,80,80,0,0,6400,0,0,0,0,0,0,0,0,0,0,240,0,0,0,2847,112,0,2645,0,0,3,2.847
1759,13.187,29.235,0.134,0.0,0.0,0.0,0.0,0.0,534.0,2496.0,0.487,40,0,0,9.358,9.243,253,240,2,80,80,0,0,6400,0,0,0,0,0,0,0,0,0,0,240,0,0,0,2981,114,0,2774,0,0,3,2.981
1760,11.88,29.235,0.134,0.0,0.0,0.0,0.0,0.0,534.0,2496.0,0.422,40,0,0,8.205,8.111,253,240,2,80,80,0,0,6400,0,0,0,0,0,0,0,0,0,0,240,0,0,0,2801,119,0,2589,0,0,3,2.801
1761,12.722,29.235,0.134,0.0,0.0,0.0,0.0,0.0,534.0,2496.0,0.459,40,0,0,9.067,8.951,253,240,2,80,80,0,0,6400,0,0,0,0,0,0,0,0,0,0,240,0,0,0,2813,121,0,2608,0,0,2,2.813
1762,12.385,29.235,0.134,0.0,0.0,0.0,0.0,0.0,534.0,2496.0,0.485,40,0,0,8.725,8.639,253,240,2,80,80,0,0,6400,0,0,0,0,0,0,0,0,0,0,240,0,0,0,2822,118,0,2611,0,0,3,2.822
1763,12.54,29.235,0.134,0.0,0.0,0.0,0.0,0.0,534.0,2496.0,0.457,40,0,0,8.744,8.656,254,240,2,80,80,0,0,6400,0,0,0,0,0,0,0,0,0,0,240,0,0,0,2911,133,0,2682,0,0,3,2.911
1764,12.044,29.235,0.134,0.0,0.0,0.0,0.0,0.0,534.0,2496.0,0.432,40,0,0,8.377,8.303,252,240,2,80,80,0,0,6400,0,0,0,0,0,0,0,0,0,0,240,0,0,0,2830,115,0,2626,0,0,2,2.83
1765,12.126,29.235,0.134,0.0,0.0,0.0,0.0,0.0,534.0,2496.0,0.596,40,0,0,8.308,8.231,252,240,2,80,80,0,0,6400,0,0,0,0,0,0,0,0,0,0,240,0,0,0,2998,114,0,2786,0,0,3,2.998
1766,14.156,29.235,0.134,0.0,0.0,0.0,0.0,0.0,534.0,2496.0,0.433,40,0,0,10.295,10.163,255,240,2,80,80,0,0,6400,0,0,0,0,0,0,0,0,0,0,240,0,0,0,2811,115,0,2611,0,0,3,2.811
1767,12.332,29.235,0.134,0.0,0.0,0.0,0.0,0.0,534.0,2496.0,0.487,40,0,0,8.293,8.197,253,240,2,80,80,0,0,6400,0,0,0,0,0,0,0,0,0,0,240,0,0,0,3248,386,0,2748,0,0,5,3.248
1768,12.229,29.235,0.134,0.0,0.0,0.0,0.0,0.0,534.0,2496.0,0.441,40,0,0,8.524,8.414,253,240,2,80,80,0,0,6400,0,0,0,0,0,0,0,0,0,0,240,0,0,0,2813,112,0,2613,0,0,3,2.813
1769,12.059,29.235,0.134,0.0,0.0,0.0,0.0,0.0,534.0,2496.0,0.452,40,0,0,8.333,8.245,253,240,2,80,80,0,0,6400,0,0,0,0,0,0,0,0,0,0,240,0,0,0,2877,117,0,2666,0,0,3,2.877
1770,11.895,29.235,0.134,0.0,0.0,0.0,0.0,0.0,534.0,2496.0,0.436,40,0,0,8.239,8.144,253,240,2,80,80,0,0,6400,0,0,0,0,0,0,0,0,0,0,240,0,0,0,2807,119,0,2580,0,0,2,2.807
1771,12.862,29.235,0.134,0.0,0.0,0.0,0.0,0.0,534.0,2496.0,0.53,40,0,0,9.215,9.128,253,240,2,80,80,0,0,6400,0,0,0,0,0,0,0,0,0,0,240,0,0,0,2825,128,0,2615,0,0,3,2.825
1772,12.283,29.235,0.134,0.0,0.0,0.0,0.0,0.0,534.0,2496.0,0.43,40,0,0,8.432,8.325,253,240,2,80,80,0,0,6400,0,0,0,0,0,0,0,0,0,0,240,0,0,0,2879,121,0,2663,0,0,3,2.879
1773,12.362,29.235,0.134,0.0,0.0,0.0,0.0,0.0,534.0,2496.0,0.406,40,0,0,8.395,8.309,252,240,2,80,80,0,0,6400,0,0,0,0,0,0,0,0,0,0,240,0,0,0,3168,111,0,2759,0,0,3,3.168
1774,12.212,29.235,0.134,0.0,0.0,0.0,0.0,0.0,534.0,2496.0,0.46,40,0,0,8.551,8.437,254,240,2,80,80,0,0,6400,0,0,0,0,0,0,0,0,0,0,240,0,0,0,2815,116,0,2602,0,0,3,2.815
1775,12.058,29.235,0.134,0.0,0.0,0.0,0.0,0.0,534.0,2496.0,0.469,40,0,0,8.44,8.349,254,240,2,80,80,0,0,6400,0,0,0,0,0,0,0,0,0,0,240,0,0,0,2815,143,0,2584,0,0,2,2.815
1776,12.818,29.235,0.134,0.0,0.0,0.0,0.0,0.0,534.0,2496.0,0.492,40,0,0,8.827,8.741,253,240,2,80,80,0,0,6400,0,0,0,0,0,0,0,0,0,0,240,0,0,0,3105,114,0,2890,0,0,4,3.105
1777,12.467,29.235,0.134,0.0,0.0,0.0,0.0,0.0,534.0,2496.0,0.494,40,0,0,8.733,8.629,252,240,2,80,80,0,0,6400,0,0,0,0,0,0,0,0,0,0,240,0,0,0,2830,114,0,2633,0,0,3,2.83
1778,13.16,29.235,0.134,0.0,0.0,0.0,0.0,0.0,534.0,2496.0,0.478,40,0,0,9.494,8.319,255,240,2,80,80,0,0,6400,0,0,0,0,0,0,0,0,0,0,240,0,0,0,2812,114,0,2614,0,0,3,2.812
1779,12.449,29.235,0.134,0.0,0.0,0.0,0.0,0.0,534.0,2496.0,0.5,40,0,0,8.543,8.448,254,240,2,80,80,0,0,6400,0,0,0,0,0,0,0,0,0,0,240,0,0,0,3038,139,0,2801,0,0,3,3.038
1780,12.119,29.235,0.134,0.0,0.0,0.0,0.0,0.0,534.0,2496.0,0.469,40,0,0,8.469,8.385,252,240,2,80,80,0,0,6400,0,0,0,0,0,0,0,0,0,0,240,0,0,0,2809,137,0,2583,0,0,3,2.809
1781,11.864,29.235,0.134,0.0,0.0,0.0,0.0,0.0,534.0,2496.0,0.471,40,0,0,8.202,8.117,253,240,2,80,80,0,0,6400,0,0,0,0,0,0,0,0,0,0,240,0,0,0,2847,119,0,2637,0,0,2,2.847
1782,12.103,29.235,0.134,0.0,0.0,0.0,0.0,0.0,534.0,2496.0,0.462,40,0,0,8.416,8.327,253,240,2,80,80,0,0,6400,0,0,0,0,0,0,0,0,0,0,240,0,0,0,2866,118,0,2640,0,0,3,2.866
1783,11.836,29.235,0.134,0.0,0.0,0.0,0.0,0.0,534.0,2496.0,0.448,40,0,0,8.225,8.135,254,240,2,80,80,0,0,6400,0,0,0,0,0,0,0,0,0,0,240,0,0,0,2804,112,0,2601,0,0,3,2.804
1784,13.467,29.235,0.134,0.0,0.0,0.0,0.0,0.0,534.0,2496.0,0.491,40,0,0,9.856,9.758,255,240,2,80,80,0,0,6400,0,0,0,0,0,0,0,0,0,0,240,0,0,0,2801,125,0,2554,0,0,4,2.801
1785,12.631,29.235,0.134,0.0,0.0,0.0,0.0,0.0,534.0,2496.0,0.457,40,0,0,9.046,8.968,252,240,2,80,80,0,0,6400,0,0,0,0,0,0,0,0,0,0,240,0,0,0,2759,149,0,2524,0,0,3,2.759
1786,13.286,29.235,0.134,0.0,0.0,0.0,0.0,0.0,534.0,2496.0,0.452,40,0,0,9.524,9.385,253,240,2,80,80,0,0,6400,0,0,0,0,0,0,0,0,0,0,240,0,0,0,2886,149,0,2643,0,0,3,2.886
1787,12.338,29.235,0.134,0.0,0.0,0.0,0.0,0.0,534.0,2496.0,0.515,40,0,0,8.659,8.56,254,240,2,80,80,0,0,6400,0,0,0,0,0,0,0,0,0,0,240,0,0,0,2840,116,0,2635,0,0,3,2.84
1788,12.991,29.235,0.134,0.0,0.0,0.0,0.0,0.0,534.0,2496.0,0.456,40,0,0,8.969,8.826,253,240,2,80,80,0,0,6400,0,0,0,0,0,0,0,0,0,0,240,0,0,0,3060,120,0,2797,0,0,4,3.06
1789,12.653,29.235,0.134,0.0,0.0,0.0,0.0,0.0,534.0,2496.0,0.46,40,0,0,8.832,8.74,253,240,2,80,80,0,0,6400,0,0,0,0,0,0,0,0,0,0,240,0,0,0,2925,124,0,2703,0,0,3,2.925
1790,12.632,29.235,0.134,0.0,0.0,0.0,0.0,0.0,534.0,2496.0,0.463,40,0,0,8.951,8.852,254,240,2,80,80,0,0,6400,0,0,0,0,0,0,0,0,0,0,240,0,0,0,2846,120,0,2629,0,0,3,2.846
1791,12.212,29.235,0.134,0.0,0.0,0.0,0.0,0.0,534.0,2496.0,0.6,40,0,0,8.531,8.433,254,240,2,80,80,0,0,6400,0,0,0,0,0,0,0,0,0,0,240,0,0,0,2861,142,0,2629,0,0,3,2.861
1792,12.713,29.235,0.134,0.0,0.0,0.0,0.0,0.0,534.0,2496.0,0.5,40,0,0,8.702,8.605,253,240,2,80,80,0,0,6400,0,0,0,0,0,0,0,0,0,0,240,0,0,0,3005,131,0,2771,0,0,3,3.005
1793,13.361,29.235,0.134,0.0,0.0,0.0,0.0,0.0,534.0,2496.0,0.463,40,0,0,9.475,9.382,253,240,2,80,80,0,0,6400,0,0,0,0,0,0,0,0,0,0,240,0,0,0,2959,148,0,2714,0,0,3,2.959
1794,12.986,29.235,0.134,0.0,0.0,0.0,0.0,0.0,534.0,2496.0,0.475,40,0,0,9.218,9.127,253,240,2,80,80,0,0,6400,0,0,0,0,0,0,0,0,0,0,240,0,0,0,2917,158,0,2668,0,0,3,2.917
1795,12.544,29.235,0.134,0.0,0.0,0.0,0.0,0.0,534.0,2496.0,0.471,40,0,0,8.678,8.581,254,240,2,80,80,0,0,6400,0,0,0,0,0,0,0,0,0,0,240,0,0,0,2976,116,0,2735,0,0,3,2.976
1796,12.799,29.235,0.134,0.0,0.0,0.0,0.0,0.0,534.0,2496.0,0.516,40,0,0,9.057,8.923,254,240,2,80,80,0,0,6400,0,0,0,0,0,0,0,0,0,0,240,0,0,0,2886,110,0,2681,0,0,3,2.886
1797,14.603,29.235,0.134,0.0,0.0,0.0,0.0,0.0,534.0,2496.0,0.488,40,0,0,10.84,10.751,253,240,2,80,80,0,0,6400,0,0,0,0,0,0,0,0,0,0,240,0,0,0,2861,162,0,2606,0,0,3,2.861
1798,13.071,29.235,0.134,0.0,0.0,0.0,0.0,0.0,534.0,2496.0,0.512,40,0,0,9.414,9.312,252,240,2,80,80,0,0,6400,0,0,0,0,0,0,0,0,0,0,240,0,0,0,2762,112,0,2561,0,0,2,2.762
1799,11.893,29.235,0.134,0.0,0.0,0.0,0.0,0.0,534.0,2496.0,0.446,40,0,0,8.238,8.138,255,240,2,80,80,0,0,6400,0,0,0,0,0,0,0,0,0,0,240,0,0,0,2805,136,0,2568,0,0,3,2.805
1800,12.751,29.235,0.134,0.0,0.0,0.0,0.0,0.0,534.0,2496.0,0.767,40,0,0,8.803,8.676,255,240,2,80,80,0,0,6400,0,0,0,0,0,0,0,0,0,0,240,0,0,0,3138,136,0,2900,0,0,3,3.138
1801,13.635,29.235,0.134,0.0,0.0,0.0,0.0,0.0,534.0,2496.0,0.457,40,0,0,9.382,9.272,252,240,2,80,80,0,0,6400,0,0,0,0,0,0,0,0,0,0,240,0,0,0,3020,125,0,2789,0,0,3,3.02
1802,12.504,29.235,0.134,0.0,0.0,0.0,0.0,0.0,534.0,2496.0,0.721,40,0,0,8.856,8.765,253,240,2,80,80,0,0,6400,0,0,0,0,0,0,0,0,0,0,240,0,0,0,2812,123,0,2598,0,0,2,2.812
1803,13.81,29.235,0.134,0.0,0.0,0.0,0.0,0.0,534.0,2496.0,0.469,40,0,0,9.005,8.914,253,240,2,80,80,0,0,6400,0,0,0,0,0,0,0,0,0,0,240,0,0,0,3655,140,0,3397,0,0,3,3.655
1804,26.407,29.235,0.134,0.0,0.0,0.0,0.0,0.0,534.0,2496.0,0.891,40,0,0,19.546,19.422,255,240,2,80,80,0,0,6400,0,0,0,0,0,0,0,0,0,0,240,0,0,0,5787,221,0,5268,0,0,7,5.787
1805,25.1,29.235,0.134,0.0,0.0,0.0,0.0,0.0,534.0,2496.0,1.137,40,0,0,18.287,18.101,254,240,2,80,80,0,0,6400,0,0,0,0,0,0,0,0,0,0,240,0,0,0,5235,162,0,4793,0,0,6,5.235
1806,28.577,29.235,0.134,0.0,0.0,0.0,0.0,0.0,534.0,2496.0,1.114,40,0,0,21.323,21.153,252,240,2,80,80,0,0,6400,0,0,0,0,0,0,0,0,0,0,240,0,0,0,5292,223,0,4855,0,0,6,5.292
1807,25.032,29.235,0.134,0.0,0.0,0.0,0.0,0.0,534.0,2496.0,0.994,40,0,0,17.642,17.441,253,240,2,80,80,0,0,6400,0,0,0,0,0,0,0,0,0,0,240,0,0,0,5596,248,0,5077,0,0,12,5.596
1808,28.264,29.235,0.134,0.0,0.0,0.0,0.0,0.0,534.0,2496.0,1.19,40,0,0,21.294,21.153,255,240,2,80,80,0,0,6400,0,0,0,0,0,0,0,0,0,0,240,0,0,0,5070,252,0,4593,0,0,6,5.07
1809,25.634,29.235,0.134,0.0,0.0,0.0,0.0,0.0,534.0,2496.0,1.239,40,0,0,18.107,17.894,254,240,2,80,80,0,0,6400,0,0,0,0,0,0,0,0,0,0,240,0,0,0,5636,217,0,5164,0,0,6,5.636
1810,28.063,29.235,0.134,0.0,0.0,0.0,0.0,0.0,534.0,2496.0,1.135,40,0,0,21.099,20.85,253,240,2,80,80,0,0,6400,0,0,0,0,0,0,0,0,0,0,240,0,0,0,4824,202,0,4417,0,0,7,4.824
1811,24.307,29.235,0.134,0.0,0.0,0.0,0.0,0.0,534.0,2496.0,1.252,40,0,0,17.553,17.271,253,240,2,80,80,0,0,6400,0,0,0,0,0,0,0,0,0,0,240,0,0,0,4657,218,0,4240,0,0,10,4.657
1812,20.962,29.235,0.134,0.0,0.0,0.0,0.0,0.0,534.0,2496.0,0.47,40,0,0,16.302,16.156,253,240,2,80,80,0,0,6400,0,0,0,0,0,0,0,0,0,0,240,0,0,0,2885,137,0,2656,0,0,4,2.885
1813,10.903,29.235,0.134,0.0,0.0,0.0,0.0,0.0,534.0,2496.0,0.416,40,0,0,7.518,7.408,254,240,2,80,80,0,0,6400,0,0,0,0,0,0,0,0,0,0,240,0,0,0,2459,103,0,2280,0,0,3,2.459
1814,10.65,29.235,0.134,0.0,0.0,0.0,0.0,0.0,534.0,2496.0,0.344,40,0,0,7.388,7.269,253,240,2,80,80,0,0,6400,0,0,0,0,0,0,0,0,0,0,240,0,0,0,2498,103,0,2316,0,0,3,2.498
1815,10.519,29.235,0.134,0.0,0.0,0.0,0.0,0.0,534.0,2496.0,0.386,40,0,0,7.351,7.271,254,240,2,80,80,0,0,6400,0,0,0,0,0,0,0,0,0,0,240,0,0,0,2484,102,0,2302,0,0,1,2.484
1816,10.43,29.235,0.134,0.0,0.0,0.0,0.0,0.0,534.0,2496.0,0.352,40,0,0,7.292,7.21,254,240,2,80,80,0,0,6400,0,0,0,0,0,0,0,0,0,0,240,0,0,0,2448,102,0,2265,0,0,2,2.448
1817,10.313,29.235,0.134,0.0,0.0,0.0,0.0,0.0,534.0,2496.0,0.367,40,0,0,7.169,7.098,253,240,2,80,80,0,0,6400,0,0,0,0,0,0,0,0,0,0,240,0,0,0,2464,106,0,2269,0,0,2,2.464
1818,10.264,29.235,0.134,0.0,0.0,0.0,0.0,0.0,534.0,2496.0,0.401,40,0,0,7.141,7.067,253,240,2,80,80,0,0,6400,0,0,0,0,0,0,0,0,0,0,240,0,0,0,2465,95,0,2298,0,0,2,2.465
1819,10.47,29.235,0.134,0.0,0.0,0.0,0.0,0.0,534.0,2496.0,0.388,40,0,0,7.163,7.088,253,240,2,80,80,0,0,6400,0,0,0,0,0,0,0,0,0,0,240,0,0,0,2590,97,0,2415,0,0,3,2.59
1820,10.538,29.235,0.134,0.0,0.0,0.0,0.0,0.0,534.0,2496.0,0.392,40,0,0,7.307,7.224,254,240,2,80,80,0,0,6400,0,0,0,0,0,0,0,0,0,0,240,0,0,0,2521,102,0,2332,0,0,2,2.521
1821,10.451,29.235,0.134,0.0,0.0,0.0,0.0,0.0,534.0,2496.0,0.356,40,0,0,7.305,7.233,253,240,2,80,80,0,0,6400,0,0,0,0,0,0,0,0,0,0,240,0,0,0,2465,107,0,2269,0,0,3,2.465
1822,10.531,29.235,0.134,0.0,0.0,0.0,0.0,0.0,534.0,2496.0,0.381,40,0,0,7.394,7.312,255,240,2,80,80,0,0,6400,0,0,0,0,0,0,0,0,0,0,240,0,0,0,2462,101,0,2274,0,0,2,2.462
1823,16.379,29.235,0.134,0.0,0.0,0.0,0.0,0.0,534.0,2496.0,0.847,40,0,0,7.185,7.108,254,240,2,80,80,0,0,6400,0,0,0,0,0,0,0,0,0,0,240,0,0,0,8512,249,0,8019,0,0,8,8.512
1824,23.506,29.235,0.134,0.0,0.0,0.0,0.0,0.0,534.0,2496.0,0.898,40,0,0,17.009,16.878,253,240,2,80,80,0,0,6400,0,0,0,0,0,0,0,0,0,0,240,0,0,0,4907,200,0,4513,0,0,7,4.907
1825,27.895,29.235,0.134,0.0,0.0,0.0,0.0,0.0,534.0,2496.0,1.22,40,0,0,21.591,21.382,253,240,2,80,80,0,0,6400,0,0,0,0,0,0,0,0,0,0,240,0,0,0,4708,291,0,4188,0,0,10,4.708
1826,26.527,28.809,0.052,0.0,0.0,0.0,0.0,0.0,534.0,2496.0,1.043,40,0,0,18.816,18.663,253,240,2,80,80,0,0,6400,0,0,0,0,0,0,0,0,0,0,240,0,0,0,5587,255,0,5087,0,0,8,5.587
1827,28.781,28.809,0.052,0.0,0.0,0.0,0.0,0.0,534.0,2496.0,1.151,40,0,0,21.881,21.721,252,240,2,80,80,0,0,6400,0,0,0,0,0,0,0,0,0,0,240,0,0,0,4678,409,0,4074,0,0,8,4.678
1828,28.729,28.809,0.052,0.0,0.0,0.0,0.0,0.0,534.0,2496.0,0.943,40,0,0,20.644,18.704,255,240,2,80,80,0,0,6400,0,0,0,0,0,0,0,0,0,0,240,0,0,0,5962,233,0,5509,0,0,10,5.962
1829,18.654,28.809,0.052,0.0,0.0,0.0,0.0,0.0,534.0,2496.0,0.436,40,0,0,14.587,14.338,254,240,2,80,80,0,0,6400,0,0,0,0,0,0,0,0,0,0,240,0,0,0,2561,102,0,2378,0,0,2,2.561
1830,11.029,28.809,0.052,0.0,0.0,0.0,0.0,0.0,534.0,2496.0,0.402,40,0,0,7.682,7.595,253,240,2,80,80,0,0,6400,0,0,0,0,0,0,0,0,0,0,240,0,0,0,2518,102,0,2336,0,0,3,2.518
1831,10.711,28.809,0.052,0.0,0.0,0.0,0.0,0.0,534.0,2496.0,0.373,40,0,0,7.505,7.416,254,240,2,80,80,0,0,6400,0,0,0,0,0,0,0,0,0,0,240,0,0,0,2493,95,0,2303,0,0,3,2.493
1832,11.055,28.809,0.052,0.0,0.0,0.0,0.0,0.0,534.0,2496.0,0.362,40,0,0,7.572,7.485,255,240,2,80,80,0,0,6400,0,0,0,0,0,0,0,0,0,0,240,0,0,0,2811,102,0,2579,0,0,38,2.811
1833,11.259,28.809,0.052,0.0,0.0,0.0,0.0,0.0,534.0,2496.0,0.494,40,0,0,7.651,7.578,252,240,2,80,80,0,0,6400,0,0,0,0,0,0,0,0,0,0,240,0,0,0,2851,109,0,2652,0,0,3,2.851
1834,11.076,28.809,0.052,0.0,0.0,0.0,0.0,0.0,534.0,2496.0,0.396,40,0,0,7.659,7.568,252,240,2,80,80,0,0,6400,0,0,0,0,0,0,0,0,0,0,240,0,0,0,2481,121,0,2274,0,0,2,2.481
1835,10.596,28.809,0.052,0.0,0.0,0.0,0.0,0.0,534.0,2496.0,0.386,40,0,0,7.352,7.254,253,240,2,80,80,0,0,6400,0,0,0,0,0,0,0,0,0,0,240,0,0,0,2524,109,0,2341,0,0,3,2.524
1836,11.053,28.809,0.052,0.0,0.0,0.0,0.0,0.0,534.0,2496.0,0.415,40,0,0,7.749,7.66,255,240,2,80,80,0,0,6400,0,0,0,0,0,0,0,0,0,0,240,0,0,0,2575,107,0,2384,0,0,3,2.575
1837,10.959,28.809,0.052,0.0,0.0,0.0,0.0,0.0,534.0,2496.0,0.424,40,0,0,7.655,7.579,252,240,2,80,80,0,0,6400,0,0,0,0,0,0,0,0,0,0,240,0,0,0,2513,107,0,2332,0,0,2,2.513
1838,10.764,28.809,0.052,0.0,0.0,0.0,0.0,0.0,534.0,2496.0,0.415,40,0,0,7.436,7.349,254,240,2,80,80,0,0,6400,0,0,0,0,0,0,0,0,0,0,240,0,0,0,2498,118,0,2295,0,0,3,2.498
1839,11.246,28.809,0.052,0.0,0.0,0.0,0.0,0.0,534.0,2496.0,0.405,40,0,0,7.953,7.866,254,240,2,80,80,0,0,6400,0,0,0,0,0,0,0,0,0,0,240,0,0,0,2517,107,0,2328,0,0,2,2.517
1840,10.634,28.809,0.052,0.0,0.0,0.0,0.0,0.0,534.0,2496.0,0.4,40,0,0,7.365,7.286,253,240,2,80,80,0,0,6400,0,0,0,0,0,0,0,0,0,0,240,0,0,0,2486,107,0,2304,0,0,2,2.486
1841,10.731,28.809,0.052,0.0,0.0,0.0,0.0,0.0,534.0,2496.0,0.397,40,0,0,7.292,7.209,253,240,2,80,80,0,0,6400,0,0,0,0,0,0,0,0,0,0,240,0,0,0,2710,112,0,2506,0,0,3,2.71
1842,11.06,28.809,0.052,0.0,0.0,0.0,0.0,0.0,534.0,2496.0,0.405,40,0,0,7.673,7.577,254,240,2,80,80,0,0,6400,0,0,0,0,0,0,0,0,0,0,240,0,0,0,2597,128,0,2379,0,0,3,2.597
1843,10.645,28.809,0.052,0.0,0.0,0.0,0.0,0.0,534.0,2496.0,0.385,40,0,0,7.377,7.298,252,240,2,80,80,0,0,6400,0,0,0,0,0,0,0,0,0,0,240,0,0,0,2528,103,0,2319,0,0,2,2.528
1844,11.496,28.809,0.052,0.0,0.0,0.0,0.0,0.0,534.0,2496.0,0.431,40,0,0,8.147,8.064,254,240,2,80,80,0,0,6400,0,0,0,0,0,0,0,0,0,0,240,0,0,0,2580,104,0,2386,0,0,2,2.58
1845,12.244,28.809,0.052,0.0,0.0,0.0,0.0,0.0,534.0,2496.0,0.438,40,0,0,8.839,8.751,254,240,2,80,80,0,0,6400,0,0,0,0,0,0,0,0,0,0,240,0,0,0,2615,235,0,2295,0,0,3,2.615
1846,11.289,28.809,0.052,0.0,0.0,0.0,0.0,0.0,534.0,2496.0,0.445,40,0,0,7.772,7.683,254,240,2,80,80,0,0,6400,0,0,0,0,0,0,0,0,0,0,240,0,0,0,2734,126,0,2524,0,0,2,2.734
1847,12.759,28.809,0.052,0.0,0.0,0.0,0.0,0.0,534.0,2496.0,0.481,40,0,0,9.087,9.002,252,240,2,80,80,0,0,6400,0,0,0,0,0,0,0,0,0,0,240,0,0,0,2805,124,0,2583,0,0,3,2.805
1848,12.348,28.809,0.052,0.0,0.0,0.0,0.0,0.0,534.0,2496.0,0.542,40,0,0,8.624,8.521,253,240,2,80,80,0,0,6400,0,0,0,0,0,0,0,0,0,0,240,0,0,0,2867,119,0,2656,0,0,4,2.867
1849,12.244,28.809,0.052,0.0,0.0,0.0,0.0,0.0,534.0,2496.0,0.49,40,0,0,8.348,8.203,256,240,2,80,80,0,0,6400,0,0,0,0,0,0,0,0,0,0,240,0,0,0,2948,125,0,2738,0,0,3,2.948
1850,12.125,28.809,0.052,0.0,0.0,0.0,0.0,0.0,534.0,2496.0,0.485,40,0,0,8.284,8.193,253,240,2,80,80,0,0,6400,0,0,0,0,0,0,0,0,0,0,240,0,0,0,2970,201,0,2669,0,0,4,2.97
1851,12.561,28.809,0.052,0.0,0.0,0.0,0.0,0.0,534.0,2496.0,0.452,40,0,0,8.622,8.526,253,240,2,80,80,0,0,6400,0,0,0,0,0,0,0,0,0,0,240,0,0,0,3043,123,0,2643,0,0,3,3.043
1852,12.523,28.809,0.052,0.0,0.0,0.0,0.0,0.0,534.0,2496.0,0.467,40,0,0,8.518,8.432,252,240,2,80,80,0,0,6400,0,0,0,0,0,0,0,0,0,0,240,0,0,0,3171,125,0,2941,0,0,4,3.171
1853,12.136,28.809,0.052,0.0,0.0,0.0,0.0,0.0,534.0,2496.0,0.45,40,0,0,8.475,8.393,252,240,2,80,80,0,0,6400,0,0,0,0,0,0,0,0,0,0,240,0,0,0,2798,119,0,2589,0,0,3,2.798
1854,12.0,28.809,0.052,0.0,0.0,0.0,0.0,0.0,534.0,2496.0,0.451,40,0,0,8.397,8.301,255,240,2,80,80,0,0,6400,0,0,0,0,0,0,0,0,0,0,240,0,0,0,2786,117,0,2584,0,0,3,2.786
1855,12.165,28.809,0.052,0.0,0.0,0.0,0.0,0.0,534.0,2496.0,0.422,40,0,0,8.526,8.447,252,240,2,80,80,0,0,6400,0,0,0,0,0,0,0,0,0,0,240,0,0,0,2800,152,0,2552,0,0,2,2.8
1856,12.191,28.809,0.052,0.0,0.0,0.0,0.0,0.0,534.0,2496.0,0.441,40,0,0,8.56,8.462,254,240,2,80,80,0,0,6400,0,0,0,0,0,0,0,0,0,0,240,0,0,0,2803,120,0,2597,0,0,2,2.803
1857,12.393,28.809,0.052,0.0,0.0,0.0,0.0,0.0,534.0,2496.0,0.467,40,0,0,8.843,8.75,254,240,2,80,80,0,0,6400,0,0,0,0,0,0,0,0,0,0,240,0,0,0,2760,114,0,2561,0,0,3,2.76
1858,11.945,28.809,0.052,0.0,0.0,0.0,0.0,0.0,534.0,2496.0,0.47,40,0,0,8.28,8.151,255,240,2,80,80,0,0,6400,0,0,0,0,0,0,0,0,0,0,240,0,0,0,2846,112,0,2640,0,0,3,2.846
1859,12.526,28.809,0.052,0.0,0.0,0.0,0.0,0.0,534.0,2496.0,0.457,40,0,0,8.367,8.285,252,240,2,80,80,0,0,6400,0,0,0,0,0,0,0,0,0,0,240,0,0,0,3332,128,0,3099,0,0,3,3.332
1860,12.054,28.809,0.052,0.0,0.0,0.0,0.0,0.0,534.0,2496.0,0.458,40,0,0,8.271,8.189,253,240,2,80,80,0,0,6400,0,0,0,0,0,0,0,0,0,0,240,0,0,0,2901,138,0,2667,0,0,3,2.901
1861,11.36,28.809,0.052,0.0,0.0,0.0,0.0,0.0,534.0,2496.0,0.507,40,0,0,7.89,7.803,253,240,2,80,80,0,0,6400,0,0,0,0,0,0,0,0,0,0,240,0,0,0,2641,108,0,2453,0,0,2,2.641
1862,11.213,28.809,0.052,0.0,0.0,0.0,0.0,0.0,534.0,2496.0,0.431,40,0,0,7.585,7.503,253,240,2,80,80,0,0,6400,0,0,0,0,0,0,0,0,0,0,240,0,0,0,2788,122,0,2571,0,0,2,2.788
1863,11.42,28.809,0.052,0.0,0.0,0.0,0.0,0.0,534.0,2496.0,0.358,40,0,0,8.049,7.964,253,240,2,80,80,0,0,6400,0,0,0,0,0,0,0,0,0,0,240,0,0,0,2600,107,0,2392,0,0,3,2.6
1864,11.1,28.809,0.052,0.0,0.0,0.0,0.0,0.0,534.0,2496.0,0.39,40,0,0,7.837,7.743,255,240,2,80,80,0,0,6400,0,0,0,0,0,0,0,0,0,0,240,0,0,0,2577,106,0,2345,0,0,20,2.577
1865,10.944,28.809,0.052,0.0,0.0,0.0,0.0,0.0,534.0,2496.0,0.522,40,0,0,7.562,7.483,253,240,2,80,80,0,0,6400,0,0,0,0,0,0,0,0,0,0,240,0,0,0,2672,105,0,2469,0,0,4,2.672
1866,15.058,28.809,0.052,0.0,0.0,0.0,0.0,0.0,534.0,2496.0,0.515,40,0,0,10.664,10.509,255,240,2,80,80,0,0,6400,0,0,0,0,0,0,0,0,0,0,240,0,0,0,3391,153,0,3115,0,0,5,3.391
1867,13.233,28.809,0.052,0.0,0.0,0.0,0.0,0.0,534.0,2496.0,0.428,40,0,0,9.528,9.383,254,240,2,80,80,0,0,6400,0,0,0,0,0,0,0,0,0,0,240,0,0,0,2813,113,0,2607,0,0,1,2.813
1868,12.739,28.809,0.052,0.0,0.0,0.0,0.0,0.0,534.0,2496.0,0.474,40,0,0,8.269,8.178,252,240,2,80,80,0,0,6400,0,0,0,0,0,0,0,0,0,0,240,0,0,0,3558,151,0,3289,0,0,4,3.558
1869,14.455,28.809,0.052,0.0,0.0,0.0,0.0,0.0,534.0,2496.0,0.573,40,0,0,10.277,10.177,253,240,2,80,80,0,0,6400,0,0,0,0,0,0,0,0,0,0,240,0,0,0,3274,137,0,3027,0,0,3,3.274
1870,14.252,28.809,0.052,0.0,0.0,0.0,0.0,0.0,534.0,2496.0,0.532,40,0,0,9.762,9.647,254,240,2,80,80,0,0,6400,0,0,0,0,0,0,0,0,0,0,240,0,0,0,3448,154,0,3183,0,0,4,3.448
1871,12.575,28.809,0.052,0.0,0.0,0.0,0.0,0.0,534.0,2496.0,0.395,40,0,0,9.096,8.972,254,240,2,80,80,0,0,6400,0,0,0,0,0,0,0,0,0,0,240,0,0,0,2602,138,0,2364,0,0,3,2.602
1872,10.977,28.809,0.052,0.0,0.0,0.0,0.0,0.0,534.0,2496.0,0.374,40,0,0,7.767,7.657,254,240,2,80,80,0,0,6400,0,0,0,0,0,0,0,0,0,0,240,0,0,0,2459,99,0,2287,0,0,2,2.459
1873,10.594,28.809,0.052,0.0,0.0,0.0,0.0,0.0,534.0,2496.0,0.432,40,0,0,7.385,7.277,254,240,2,80,80,0,0,6400,0,0,0,0,0,0,0,0,0,0,240,0,0,0,2524,101,0,2349,0,0,1,2.524
1874,11.728,28.809,0.052,0.0,0.0,0.0,0.0,0.0,534.0,2496.0,0.422,40,0,0,8.454,8.362,254,240,2,80,80,0,0,6400,0,0,0,0,0,0,0,0,0,0,240,0,0,0,2514,105,0,2328,0,0,3,2.514
1875,11.516,28.809,0.052,0.0,0.0,0.0,0.0,0.0,534.0,2496.0,0.594,40,0,0,7.804,7.723,253,240,2,80,80,0,0,6400,0,0,0,0,0,0,0,0,0,0,240,0,0,0,2925,99,0,2729,0,0,3,2.925
1876,12.31,28.809,0.052,0.0,0.0,0.0,0.0,0.0,534.0,2496.0,0.594,40,0,0,8.445,8.36,253,240,2,80,80,0,0,6400,0,0,0,0,0,0,0,0,0,0,240,0,0,0,2862,118,0,2660,0,0,2,2.862
1877,13.149,28.809,0.052,0.0,0.0,0.0,0.0,0.0,534.0,2496.0,0.443,40,0,0,9.134,9.05,253,240,2,80,80,0,0,6400,0,0,0,0,0,0,0,0,0,0,240,0,0,0,3037,107,0,2832,0,0,3,3.037
1878,13.76,28.809,0.052,0.0,0.0,0.0,0.0,0.0,534.0,2496.0,0.441,40,0,0,9.724,8.666,255,240,2,80,80,0,0,6400,0,0,0,0,0,0,0,0,0,0,240,0,0,0,3144,148,0,2888,0,0,3,3.144
1879,11.813,28.809,0.052,0.0,0.0,0.0,0.0,0.0,534.0,2496.0,0.418,40,0,0,8.284,8.193,254,240,2,80,80,0,0,6400,0,0,0,0,0,0,0,0,0,0,240,0,0,0,2776,117,0,2571,0,0,3,2.776
1880,11.54,28.809,0.052,0.0,0.0,0.0,0.0,0.0,534.0,2496.0,0.407,40,0,0,8.03,7.942,254,240,2,80,80,0,0,6400,0,0,0,0,0,0,0,0,0,0,240,0,0,0,2749,114,0,2550,0,0,2,2.749
1881,16.213,28.809,0.052,0.0,0.0,0.0,0.0,0.0,534.0,2496.0,0.554,40,0,0,11.562,11.339,254,240,2,80,80,0,0,6400,0,0,0,0,0,0,0,0,0,0,240,0,0,0,3432,132,0,3180,0,0,3,3.432
1882,16.094,28.809,0.052,0.0,0.0,0.0,0.0,0.0,534.0,2496.0,0.584,40,0,0,11.434,11.322,256,240,2,80,80,0,0,6400,0,0,0,0,0,0,0,0,0,0,240,0,0,0,3662,208,0,3324,0,0,4,3.662
1883,16.078,28.809,0.052,0.0,0.0,0.0,0.0,0.0,534.0,2496.0,0.462,40,0,0,11.534,11.372,253,240,2,80,80,0,0,6400,0,0,0,0,0,0,0,0,0,0,240,0,0,0,3514,157,0,3227,0,0,5,3.514
1884,15.638,28.809,0.052,0.0,0.0,0.0,0.0,0.0,534.0,2496.0,0.444,40,0,0,11.689,11.604,253,240,2,80,80,0,0,6400,0,0,0,0,0,0,0,0,0,0,240,0,0,0,3059,150,0,2810,0,0,3,3.059
1885,13.732,28.809,0.052,0.0,0.0,0.0,0.0,0.0,534.0,2496.0,0.604,40,0,0,9.144,9.046,255,240,2,80,80,0,0,6400,0,0,0,0,0,0,0,0,0,0,240,0,0,0,3734,184,0,3418,0,0,3,3.734
1886,15.092,28.809,0.052,0.0,0.0,0.0,0.0,0.0,534.0,2496.0,0.599,40,0,0,10.06,9.945,254,240,2,80,80,0,0,6400,0,0,0,0,0,0,0,0,0,0,240,0,0,0,3919,166,0,3534,0,0,5,3.919
1887,15.146,28.809,0.052,0.0,0.0,0.0,0.0,0.0,534.0,2496.0,0.497,40,0,0,10.456,10.334,255,240,2,80,80,0,0,6400,0,0,0,0,0,0,0,0,0,0,240,0,0,0,3593,167,0,3297,0,0,4,3.593
1888,16.838,28.809,0.052,0.0,0.0,0.0,0.0,0.0,534.0,2496.0,0.616,40,0,0,11.84,11.719,253,240,2,80,80,0,0,6400,0,0,0,0,0,0,0,0,0,0,240,0,0,0,4027,167,0,3727,0,0,4,4.027
1889,17.401,28.809,0.052,0.0,0.0,0.0,0.0,0.0,534.0,2496.0,0.686,40,0,0,11.861,11.731,254,240,2,80,80,0,0,6400,0,0,0,0,0,0,0,0,0,0,240,0,0,0,4468,147,0,4123,0,0,5,4.468
1890,18.27,28.809,0.052,0.0,0.0,0.0,0.0,0.0,534.0,2496.0,0.712,40,0,0,12.721,12.553,256,240,2,80,80,0,0,6400,0,0,0,0,0,0,0,0,0,0,240,0,0,0,4255,186,0,3857,0,0,6,4.255
1891,18.418,28.809,0.052,0.0,0.0,0.0,0.0,0.0,534.0,2496.0,0.678,40,0,0,13.028,12.879,255,240,2,80,80,0,0,6400,0,0,0,0,0,0,0,0,0,0,240,0,0,0,4082,189,0,3702,0,0,6,4.082
1892,17.522,28.809,0.052,0.0,0.0,0.0,0.0,0.0,534.0,2496.0,0.468,40,0,0,12.606,12.489,252,240,2,80,80,0,0,6400,0,0,0,0,0,0,0,0,0,0,240,0,0,0,3727,170,0,3422,0,0,3,3.727
1893,16.599,28.809,0.052,0.0,0.0,0.0,0.0,0.0,534.0,2496.0,0.595,40,0,0,11.667,11.517,256,240,2,80,80,0,0,6400,0,0,0,0,0,0,0,0,0,0,240,0,0,0,3983,229,0,3610,0,0,5,3.983
1894,17.073,28.809,0.052,0.0,0.0,0.0,0.0,0.0,534.0,2496.0,0.673,40,0,0,12.06,11.939,254,240,2,80,80,0,0,6400,0,0,0,0,0,0,0,0,0,0,240,0,0,0,3873,175,0,3472,0,0,7,3.873
1895,17.676,28.809,0.052,0.0,0.0,0.0,0.0,0.0,534.0,2496.0,0.708,40,0,0,12.423,12.252,253,240,2,80,80,0,0,6400,0,0,0,0,0,0,0,0,0,0,240,0,0,0,4058,171,0,3727,0,0,5,4.058
1896,17.353,28.809,0.052,0.0,0.0,0.0,0.0,0.0,534.0,2496.0,0.473,40,0,0,12.643,12.511,253,240,2,80,80,0,0,6400,0,0,0,0,0,0,0,0,0,0,240,0,0,0,3508,167,0,3214,0,0,5,3.508
1897,16.703,28.809,0.052,0.0,0.0,0.0,0.0,0.0,534.0,2496.0,0.677,40,0,0,11.831,11.686,257,240,2,80,80,0,0,6400,0,0,0,0,0,0,0,0,0,0,240,0,0,0,3922,176,0,3604,0,0,5,3.922
1898,17.92,29.244,0.038,0.0,0.0,0.0,0.0,0.0,534.0,2496.0,0.71,40,0,0,12.53,12.391,255,240,2,80,80,0,0,6400,0,0,0,0,0,0,0,0,0,0,240,0,0,0,4139,180,0,3808,0,0,5,4.139
1899,14.525,29.244,0.038,0.0,0.0,0.0,0.0,0.0,534.0,2496.0,0.506,40,0,0,10.283,10.13,255,240,2,80,80,0,0,6400,0,0,0,0,0,0,0,0,0,0,240,0,0,0,3068,129,0,2835,0,0,4,3.068
1900,12.862,29.244,0.038,0.0,0.0,0.0,0.0,0.0,534.0,2496.0,0.442,40,0,0,9.071,8.977,253,240,2,80,80,0,0,6400,0,0,0,0,0,0,0,0,0,0,240,0,0,0,2842,117,0,2628,0,0,3,2.842
1901,13.196,29.244,0.038,0.0,0.0,0.0,0.0,0.0,534.0,2496.0,0.532,40,0,0,9.574,9.48,254,240,2,80,80,0,0,6400,0,0,0,0,0,0,0,0,0,0,240,0,0,0,2822,112,0,2613,0,0,3,2.822
1902,14.606,29.244,0.038,0.0,0.0,0.0,0.0,0.0,534.0,2496.0,0.637,40,0,0,9.693,9.548,253,240,2,80,80,0,0,6400,0,0,0,0,0,0,0,0,0,0,240,0,0,0,3952,209,0,3595,0,0,5,3.952
1903,13.746,29.244,0.038,0.0,0.0,0.0,0.0,0.0,534.0,2496.0,0.823,40,0,0,9.258,9.118,256,240,2,80,80,0,0,6400,0,0,0,0,0,0,0,0,0,0,240,0,0,0,3347,157,0,3064,0,0,4,3.347
1904,13.49,29.244,0.038,0.0,0.0,0.0,0.0,0.0,534.0,2496.0,0.833,40,0,0,9.018,8.907,255,240,2,80,80,0,0,6400,0,0,0,0,0,0,0,0,0,0,240,0,0,0,3215,252,0,2858,0,0,4,3.215
1905,13.212,29.244,0.038,0.0,0.0,0.0,0.0,0.0,534.0,2496.0,0.462,40,0,0,8.842,8.732,255,240,2,80,80,0,0,6400,0,0,0,0,0,0,0,0,0,0,240,0,0,0,3064,125,0,2840,0,0,3,3.064
1906,12.492,29.244,0.038,0.0,0.0,0.0,0.0,0.0,534.0,2496.0,0.454,40,0,0,8.759,8.645,253,240,2,80,80,0,0,6400,0,0,0,0,0,0,0,0,0,0,240,0,0,0,2854,140,0,2616,0,0,3,2.854
1907,12.782,29.244,0.038,0.0,0.0,0.0,0.0,0.0,534.0,2496.0,0.463,40,0,0,8.933,8.829,255,240,2,80,80,0,0,6400,0,0,0,0,0,0,0,0,0,0,240,0,0,0,3014,136,0,2771,0,0,3,3.014
1908,13.406,29.244,0.038,0.0,0.0,0.0,0.0,0.0,534.0,2496.0,0.499,40,0,0,9.49,9.393,254,240,2,80,80,0,0,6400,0,0,0,0,0,0,0,0,0,0,240,0,0,0,3078,121,0,2868,0,0,3,3.078
1909,12.966,29.244,0.038,0.0,0.0,0.0,0.0,0.0,534.0,2496.0,0.458,40,0,0,9.042,8.931,256,240,2,80,80,0,0,6400,0,0,0,0,0,0,0,0,0,0,240,0,0,0,2990,146,0,2736,0,0,3,2.99
1910,13.167,29.244,0.038,0.0,0.0,0.0,0.0,0.0,534.0,2496.0,0.443,40,0,0,9.371,9.273,253,240,2,80,80,0,0,6400,0,0,0,0,0,0,0,0,0,0,240,0,0,0,2933,122,0,2706,0,0,3,2.933
1911,13.678,29.244,0.038,0.0,0.0,0.0,0.0,0.0,534.0,2496.0,0.537,40,0,0,9.24,9.132,254,240,2,80,80,0,0,6400,0,0,0,0,0,0,0,0,0,0,240,0,0,0,3544,186,0,3096,0,0,4,3.544
1912,13.256,29.244,0.038,0.0,0.0,0.0,0.0,0.0,534.0,2496.0,0.481,40,0,0,9.053,8.947,255,240,2,80,80,0,0,6400,0,0,0,0,0,0,0,0,0,0,240,0,0,0,3206,126,0,2981,0,0,4,3.206
1913,12.402,29.244,0.038,0.0,0.0,0.0,0.0,0.0,534.0,2496.0,0.419,40,0,0,8.648,8.517,256,240,2,80,80,0,0,6400,0,0,0,0,0,0,0,0,0,0,240,0,0,0,2860,126,0,2640,0,0,3,2.86
1914,13.279,29.244,0.038,0.0,0.0,0.0,0.0,0.0,534.0,2496.0,0.54,40,0,0,9.678,9.547,253,240,2,80,80,0,0,6400,0,0,0,0,0,0,0,0,0,0,240,0,0,0,2826,135,0,2601,0,0,3,2.826
1915,17.77,29.244,0.038,0.0,0.0,0.0,0.0,0.0,534.0,2496.0,0.495,40,0,0,13.974,13.848,255,240,2,80,80,0,0,6400,0,0,0,0,0,0,0,0,0,0,240,0,0,0,2827,122,0,2613,0,0,3,2.827
1916,12.454,29.244,0.038,0.0,0.0,0.0,0.0,0.0,534.0,2496.0,0.476,40,0,0,8.629,8.539,253,240,2,80,80,0,0,6400,0,0,0,0,0,0,0,0,0,0,240,0,0,0,2925,128,0,2700,0,0,3,2.925
1917,12.162,29.244,0.038,0.0,0.0,0.0,0.0,0.0,534.0,2496.0,0.449,40,0,0,8.459,8.352,255,240,2,80,80,0,0,6400,0,0,0,0,0,0,0,0,0,0,240,0,0,0,2837,116,0,2613,0,0,3,2.837
1918,12.36,29.244,0.038,0.0,0.0,0.0,0.0,0.0,534.0,2496.0,0.445,40,0,0,8.668,8.575,254,240,2,80,80,0,0,6400,0,0,0,0,0,0,0,0,0,0,240,0,0,0,2870,131,0,2647,0,0,3,2.87
1919,12.044,29.244,0.038,0.0,0.0,0.0,0.0,0.0,534.0,2496.0,0.419,40,0,0,8.413,8.289,255,240,2,80,80,0,0,6400,0,0,0,0,0,0,0,0,0,0,240,0,0,0,2795,117,0,2581,0,0,3,2.795
1920,12.287,29.244,0.038,0.0,0.0,0.0,0.0,0.0,534.0,2496.0,0.468,40,0,0,8.608,8.514,254,240,2,80,80,0,0,6400,0,0,0,0,0,0,0,0,0,0,240,0,0,0,2871,187,0,2596,0,0,2,2.871
1921,12.119,29.244,0.038,0.0,0.0,0.0,0.0,0.0,534.0,2496.0,0.476,40,0,0,8.289,8.194,255,240,2,80,80,0,0,6400,0,0,0,0,0,0,0,0,0,0,240,0,0,0,2995,161,0,2734,0,0,3,2.995
1922,12.352,29.244,0.038,0.0,0.0,0.0,0.0,0.0,534.0,2496.0,0.473,40,0,0,8.272,8.146,255,240,2,80,80,0,0,6400,0,0,0,0,0,0,0,0,0,0,240,0,0,0,3202,119,0,2959,0,0,4,3.202
1923,12.237,29.244,0.038,0.0,0.0,0.0,0.0,0.0,534.0,2496.0,0.413,40,0,0,8.56,8.472,254,240,2,80,80,0,0,6400,0,0,0,0,0,0,0,0,0,0,240,0,0,0,2837,115,0,2629,0,0,1,2.837
1924,11.656,29.244,0.038,0.0,0.0,0.0,0.0,0.0,534.0,2496.0,0.398,40,0,0,8.098,8.014,253,240,2,80,80,0,0,6400,0,0,0,0,0,0,0,0,0,0,240,0,0,0,2788,111,0,2582,0,0,1,2.788
1925,11.991,29.244,0.038,0.0,0.0,0.0,0.0,0.0,534.0,2496.0,0.406,40,0,0,8.438,8.344,255,240,2,80,80,0,0,6400,0,0,0,0,0,0,0,0,0,0,240,0,0,0,2802,112,0,2603,0,0,2,2.802
1926,12.448,29.244,0.038,0.0,0.0,0.0,0.0,0.0,534.0,2496.0,0.471,40,0,0,8.519,8.426,255,240,2,80,80,0,0,6400,0,0,0,0,0,0,0,0,0,0,240,0,0,0,3134,137,0,2887,0,0,3,3.134
1927,12.796,29.244,0.038,0.0,0.0,0.0,0.0,0.0,534.0,2496.0,0.402,40,0,0,9.206,8.113,254,240,2,80,80,0,0,6400,0,0,0,0,0,0,0,0,0,0,240,0,0,0,2753,112,0,2558,0,0,2,2.753
1928,12.335,29.244,0.038,0.0,0.0,0.0,0.0,0.0,534.0,2496.0,0.46,40,0,0,8.757,8.636,256,240,2,80,80,0,0,6400,0,0,0,0,0,0,0,0,0,0,240,0,0,0,2837,133,0,2593,0,0,3,2.837
1929,11.914,29.244,0.038,0.0,0.0,0.0,0.0,0.0,534.0,2496.0,0.428,40,0,0,8.39,8.261,254,240,2,80,80,0,0,6400,0,0,0,0,0,0,0,0,0,0,240,0,0,0,2746,136,0,2528,0,0,3,2.746
1930,11.722,29.244,0.038,0.0,0.0,0.0,0.0,0.0,534.0,2496.0,0.415,40,0,0,8.232,8.143,254,240,2,80,80,0,0,6400,0,0,0,0,0,0,0,0,0,0,240,0,0,0,2759,118,0,2554,0,0,3,2.759
1931,11.739,29.244,0.038,0.0,0.0,0.0,0.0,0.0,534.0,2496.0,0.441,40,0,0,8.198,8.108,255,240,2,80,80,0,0,6400,0,0,0,0,0,0,0,0,0,0,240,0,0,0,2775,116,0,2570,0,0,2,2.775
1932,12.461,29.244,0.038,0.0,0.0,0.0,0.0,0.0,534.0,2496.0,0.456,40,0,0,8.432,8.317,255,240,2,80,80,0,0,6400,0,0,0,0,0,0,0,0,0,0,240,0,0,0,3027,167,0,2764,0,0,2,3.027
1933,12.168,29.244,0.038,0.0,0.0,0.0,0.0,0.0,534.0,2496.0,0.438,40,0,0,8.586,8.498,253,240,2,80,80,0,0,6400,0,0,0,0,0,0,0,0,0,0,240,0,0,0,2776,119,0,2550,0,0,2,2.776
1934,16.099,29.244,0.038,0.0,0.0,0.0,0.0,0.0,534.0,2496.0,0.615,40,0,0,12.238,12.108,255,240,2,80,80,0,0,6400,0,0,0,0,0,0,0,0,0,0,240,0,0,0,3059,120,0,2846,0,0,3,3.059
1935,13.009,29.244,0.038,0.0,0.0,0.0,0.0,0.0,534.0,2496.0,0.483,40,0,0,8.882,8.777,254,240,2,80,80,0,0,6400,0,0,0,0,0,0,0,0,0,0,240,0,0,0,3133,118,0,2907,0,0,2,3.133
1936,11.99,29.244,0.038,0.0,0.0,0.0,0.0,0.0,534.0,2496.0,0.475,40,0,0,8.23,8.141,254,240,2,80,80,0,0,6400,0,0,0,0,0,0,0,0,0,0,240,0,0,0,2919,140,0,2693,0,0,2,2.919
1937,12.28,29.244,0.038,0.0,0.0,0.0,0.0,0.0,534.0,2496.0,0.429,40,0,0,8.584,8.485,255,240,2,80,80,0,0,6400,0,0,0,0,0,0,0,0,0,0,240,0,0,0,2856,120,0,2643,0,0,3,2.856
1938,11.918,29.244,0.038,0.0,0.0,0.0,0.0,0.0,534.0,2496.0,0.422,40,0,0,8.197,8.113,253,240,2,80,80,0,0,6400,0,0,0,0,0,0,0,0,0,0,240,0,0,0,2918,112,0,2713,0,0,3,2.918
1939,11.856,29.244,0.038,0.0,0.0,0.0,0.0,0.0,534.0,2496.0,0.488,40,0,0,8.292,8.193,253,240,2,80,80,0,0,6400,0,0,0,0,0,0,0,0,0,0,240,0,0,0,2774,112,0,2566,0,0,3,2.774
1940,12.017,29.244,0.038,0.0,0.0,0.0,0.0,0.0,534.0,2496.0,0.457,40,0,0,8.387,8.256,256,240,2,80,80,0,0,6400,0,0,0,0,0,0,0,0,0,0,240,0,0,0,2763,113,0,2565,0,0,2,2.763
1941,12.007,29.244,0.038,0.0,0.0,0.0,0.0,0.0,534.0,2496.0,0.445,40,0,0,8.369,8.288,253,240,2,80,80,0,0,6400,0,0,0,0,0,0,0,0,0,0,240,0,0,0,2788,114,0,2576,0,0,2,2.788
1942,11.957,29.244,0.038,0.0,0.0,0.0,0.0,0.0,534.0,2496.0,0.469,40,0,0,8.311,8.218,255,240,2,80,80,0,0,6400,0,0,0,0,0,0,0,0,0,0,240,0,0,0,2846,119,0,2633,0,0,3,2.846
1943,12.216,29.244,0.038,0.0,0.0,0.0,0.0,0.0,534.0,2496.0,0.424,40,0,0,8.631,8.535,255,240,2,80,80,0,0,6400,0,0,0,0,0,0,0,0,0,0,240,0,0,0,2784,111,0,2583,0,0,2,2.784
1944,11.734,29.244,0.038,0.0,0.0,0.0,0.0,0.0,534.0,2496.0,0.456,40,0,0,8.192,8.104,254,240,2,80,80,0,0,6400,0,0,0,0,0,0,0,0,0,0,240,0,0,0,2756,108,0,2568,0,0,3,2.756
1945,11.852,29.244,0.038,0.0,0.0,0.0,0.0,0.0,534.0,2496.0,0.438,40,0,0,8.261,8.182,253,240,2,80,80,0,0,6400,0,0,0,0,0,0,0,0,0,0,240,0,0,0,2795,112,0,2584,0,0,2,2.795
1946,12.162,29.244,0.038,0.0,0.0,0.0,0.0,0.0,534.0,2496.0,0.466,40,0,0,8.503,8.403,256,240,2,80,80,0,0,6400,0,0,0,0,0,0,0,0,0,0,240,0,0,0,2881,166,0,2626,0,0,3,2.881
1947,12.33,29.244,0.038,0.0,0.0,0.0,0.0,0.0,534.0,2496.0,0.454,40,0,0,8.722,8.629,254,240,2,80,80,0,0,6400,0,0,0,0,0,0,0,0,0,0,240,0,0,0,2813,109,0,2611,0,0,2,2.813
1948,15.596,29.244,0.038,0.0,0.0,0.0,0.0,0.0,534.0,2496.0,0.555,40,0,0,11.518,11.423,254,240,2,80,80,0,0,6400,0,0,0,0,0,0,0,0,0,0,240,0,0,0,3162,126,0,2931,0,0,3,3.162
1949,14.505,29.244,0.038,0.0,0.0,0.0,0.0,0.0,534.0,2496.0,0.465,40,0,0,10.527,10.41,255,240,2,80,80,0,0,6400,0,0,0,0,0,0,0,0,0,0,240,0,0,0,2967,160,0,2683,0,0,3,2.967
1950,13.147,29.244,0.038,0.0,0.0,0.0,0.0,0.0,534.0,2496.0,0.527,40,0,0,9.013,8.913,254,240,2,80,80,0,0,6400,0,0,0,0,0,0,0,0,0,0,240,0,0,0,3194,134,0,2948,0,0,4,3.194
1951,12.787,29.244,0.038,0.0,0.0,0.0,0.0,0.0,534.0,2496.0,0.446,40,0,0,8.725,8.637,253,240,2,80,80,0,0,6400,0,0,0,0,0,0,0,0,0,0,240,0,0,0,3043,124,0,2818,0,0,3,3.043
1952,13.053,29.244,0.038,0.0,0.0,0.0,0.0,0.0,534.0,2496.0,0.552,40,0,0,9.22,9.093,255,240,2,80,80,0,0,6400,0,0,0,0,0,0,0,0,0,0,240,0,0,0,2987,117,0,2765,0,0,5,2.987
1953,13.562,29.244,0.038,0.0,0.0,0.0,0.0,0.0,534.0,2496.0,0.621,40,0,0,9.402,9.24,255,240,2,80,80,0,0,6400,0,0,0,0,0,0,0,0,0,0,240,0,0,0,3158,133,0,2922,0,0,4,3.158
1954,13.752,29.244,0.038,0.0,0.0,0.0,0.0,0.0,534.0,2496.0,0.566,40,0,0,9.769,9.674,253,240,2,80,80,0,0,6400,0,0,0,0,0,0,0,0,0,0,240,0,0,0,2928,127,0,2701,0,0,4,2.928
1955,12.853,29.244,0.038,0.0,0.0,0.0,0.0,0.0,534.0,2496.0,0.454,40,0,0,8.9,8.801,254,240,2,80,80,0,0,6400,0,0,0,0,0,0,0,0,0,0,240,0,0,0,2961,138,0,2706,0,0,3,2.961
1956,12.763,29.244,0.038,0.0,0.0,0.0,0.0,0.0,534.0,2496.0,0.485,40,0,0,8.746,8.633,255,240,2,80,80,0,0,6400,0,0,0,0,0,0,0,0,0,0,240,0,0,0,3073,120,0,2846,0,0,10,3.073
1957,13.274,29.244,0.038,0.0,0.0,0.0,0.0,0.0,534.0,2496.0,0.427,40,0,0,9.489,9.387,252,240,2,80,80,0,0,6400,0,0,0,0,0,0,0,0,0,0,240,0,0,0,2863,119,0,2651,0,0,3,2.863
1958,14.581,29.244,0.038,0.0,0.0,0.0,0.0,0.0,534.0,2496.0,0.435,40,0,0,10.473,10.355,256,240,2,80,80,0,0,6400,0,0,0,0,0,0,0,0,0,0,240,0,0,0,3210,139,0,2935,0,0,3,3.21
1959,11.435,29.244,0.038,0.0,0.0,0.0,0.0,0.0,534.0,2496.0,0.376,40,0,0,7.978,7.87,255,240,2,80,80,0,0,6400,0,0,0,0,0,0,0,0,0,0,240,0,0,0,2641,115,0,2437,0,0,3,2.641
1960,11.448,29.244,0.038,0.0,0.0,0.0,0.0,0.0,534.0,2496.0,0.411,40,0,0,8.105,8.001,254,240,2,80,80,0,0,6400,0,0,0,0,0,0,0,0,0,0,240,0,0,0,2641,118,0,2441,0,0,3,2.641
1961,11.392,29.244,0.038,0.0,0.0,0.0,0.0,0.0,534.0,2496.0,0.436,40,0,0,7.807,7.716,255,240,2,80,80,0,0,6400,0,0,0,0,0,0,0,0,0,0,240,0,0,0,2855,110,0,2651,0,0,2,2.855
1962,12.937,29.244,0.038,0.0,0.0,0.0,0.0,0.0,534.0,2496.0,0.421,40,0,0,9.061,8.968,254,240,2,80,80,0,0,6400,0,0,0,0,0,0,0,0,0,0,240,0,0,0,3077,111,0,2820,0,0,3,3.077
1963,12.174,29.244,0.038,0.0,0.0,0.0,0.0,0.0,534.0,2496.0,0.443,40,0,0,8.542,8.44,254,240,2,80,80,0,0,6400,0,0,0,0,0,0,0,0,0,0,240,0,0,0,2860,111,0,2657,0,0,3,2.86
1964,12.224,29.244,0.038,0.0,0.0,0.0,0.0,0.0,534.0,2496.0,0.456,40,0,0,8.465,8.358,256,240,2,80,80,0,0,6400,0,0,0,0,0,0,0,0,0,0,240,0,0,0,2939,115,0,2727,0,0,2,2.939
1965,12.003,29.244,0.038,0.0,0.0,0.0,0.0,0.0,534.0,2496.0,0.441,40,0,0,8.354,8.263,254,240,2,80,80,0,0,6400,0,0,0,0,0,0,0,0,0,0,240,0,0,0,2836,118,0,2628,0,0,3,2.836
1966,13.599,29.244,0.038,0.0,0.0,0.0,0.0,0.0,534.0,2496.0,0.47,40,0,0,9.397,9.313,253,240,2,80,80,0,0,6400,0,0,0,0,0,0,0,0,0,0,240,0,0,0,3388,122,0,3165,0,0,4,3.388
1967,12.777,29.244,0.038,0.0,0.0,0.0,0.0,0.0,534.0,2496.0,0.442,40,0,0,8.537,8.43,256,240,2,80,80,0,0,6400,0,0,0,0,0,0,0,0,0,0,240,0,0,0,3376,149,0,3108,0,0,4,3.376
1968,13.97,29.244,0.038,0.0,0.0,0.0,0.0,0.0,534.0,2496.0,0.457,40,0,0,10.31,10.21,254,240,2,80,80,0,0,6400,0,0,0,0,0,0,0,0,0,0,240,0,0,0,2841,118,0,2597,0,0,3,2.841
1969,12.644,29.244,0.038,0.0,0.0,0.0,0.0,0.0,534.0,2496.0,0.454,40,0,0,8.996,8.908,254,240,2,80,80,0,0,6400,0,0,0,0,0,0,0,0,0,0,240,0,0,0,2838,124,0,2603,0,0,6,2.838
1970,11.926,29.244,0.038,0.0,0.0,0.0,0.0,0.0,534.0,2496.0,0.419,40,0,0,8.269,8.171,255,240,2,80,80,0,0,6400,0,0,0,0,0,0,0,0,0,0,240,0,0,0,2854,108,0,2658,0,0,3,2.854
1971,11.342,29.244,0.038,0.0,0.0,0.0,0.0,0.0,534.0,2496.0,0.396,40,0,0,7.95,7.858,255,240,2,80,80,0,0,6400,0,0,0,0,0,0,0,0,0,0,240,0,0,0,2623,145,0,2395,0,0,2,2.623
1972,11.187,29.244,0.038,0.0,0.0,0.0,0.0,0.0,534.0,2496.0,0.369,40,0,0,7.789,7.713,253,240,2,80,80,0,0,6400,0,0,0,0,0,0,0,0,0,0,240,0,0,0,2691,106,0,2503,0,0,2,2.691
1973,11.194,29.244,0.038,0.0,0.0,0.0,0.0,0.0,534.0,2496.0,0.371,40,0,0,7.9,7.807,256,240,2,80,80,0,0,6400,0,0,0,0,0,0,0,0,0,0,240,0,0,0,2617,103,0,2427,0,0,3,2.617
1974,11.521,29.244,0.038,0.0,0.0,0.0,0.0,0.0,534.0,2496.0,0.426,40,0,0,7.962,7.882,254,240,2,80,80,0,0,6400,0,0,0,0,0,0,0,0,0,0,240,0,0,0,2890,248,0,2552,0,0,3,2.89
1975,12.336,29.244,0.038,0.0,0.0,0.0,0.0,0.0,534.0,2496.0,0.374,40,0,0,8.882,7.821,254,240,2,80,80,0,0,6400,0,0,0,0,0,0,0,0,0,0,240,0,0,0,2705,107,0,2510,0,0,3,2.705
1976,11.39,17.698,0.037,0.0,0.0,0.0,0.0,0.0,534.0,2496.0,0.369,40,0,0,7.976,7.885,255,240,2,80,80,0,0,6400,0,0,0,0,0,0,0,0,0,0,240,0,0,0,2706,108,0,2515,0,0,2,2.706
1977,12.933,17.698,0.037,0.0,0.0,0.0,0.0,0.0,534.0,2496.0,0.419,40,0,0,9.32,9.23,255,240,2,80,80,0,0,6400,0,0,0,0,0,0,0,0,0,0,240,0,0,0,2884,127,0,2664,0,0,3,2.884
1978,11.873,17.698,0.037,0.0,0.0,0.0,0.0,0.0,534.0,2496.0,0.399,40,0,0,8.243,8.146,254,240,2,80,80,0,0,6400,0,0,0,0,0,0,0,0,0,0,240,0,0,0,2824,131,0,2602,0,0,3,2.824
1979,12.218,17.698,0.037,0.0,0.0,0.0,0.0,0.0,534.0,2496.0,0.529,40,0,0,8.623,8.518,257,240,2,80,80,0,0,6400,0,0,0,0,0,0,0,0,0,0,240,0,0,0,2806,119,0,2594,0,0,3,2.806
1980,12.641,17.698,0.037,0.0,0.0,0.0,0.0,0.0,534.0,2496.0,0.499,40,0,0,8.556,8.468,254,240,2,80,80,0,0,6400,0,0,0,0,0,0,0,0,0,0,240,0,0,0,3135,139,0,2893,0,0,3,3.135
1981,13.613,17.698,0.037,0.0,0.0,0.0,0.0,0.0,534.0,2496.0,0.467,40,0,0,9.474,9.381,253,240,2,80,80,0,0,6400,0,0,0,0,0,0,0,0,0,0,240,0,0,0,3211,127,0,2985,0,0,3,3.211
1982,12.228,17.698,0.037,0.0,0.0,0.0,0.0,0.0,534.0,2496.0,0.482,40,0,0,8.497,8.406,253,240,2,80,80,0,0,6400,0,0,0,0,0,0,0,0,0,0,240,0,0,0,2759,114,0,2556,0,0,3,2.759
1983,13.508,17.698,0.037,0.0,0.0,0.0,0.0,0.0,534.0,2496.0,0.487,40,0,0,9.732,9.623,256,240,2,80,80,0,0,6400,0,0,0,0,0,0,0,0,0,0,240,0,0,0,2934,131,0,2706,0,0,3,2.934
1984,12.321,17.698,0.037,0.0,0.0,0.0,0.0,0.0,534.0,2496.0,0.489,40,0,0,8.611,8.514,254,240,2,80,80,0,0,6400,0,0,0,0,0,0,0,0,0,0,240,0,0,0,2832,119,0,2624,0,0,3,2.832
1985,12.033,17.698,0.037,0.0,0.0,0.0,0.0,0.0,534.0,2496.0,0.441,40,0,0,8.39,8.297,254,240,2,80,80,0,0,6400,0,0,0,0,0,0,0,0,0,0,240,0,0,0,2766,114,0,2562,0,0,3,2.766
1986,11.814,17.698,0.037,0.0,0.0,0.0,0.0,0.0,534.0,2496.0,0.44,40,0,0,8.237,8.147,254,240,2,80,80,0,0,6400,0,0,0,0,0,0,0,0,0,0,240,0,0,0,2791,135,0,2568,0,0,3,2.791
1987,11.894,17.698,0.037,0.0,0.0,0.0,0.0,0.0,534.0,2496.0,0.525,40,0,0,8.336,8.242,255,240,2,80,80,0,0,6400,0,0,0,0,0,0,0,0,0,0,240,0,0,0,2790,108,0,2590,0,0,2,2.79
1988,12.367,17.698,0.037,0.0,0.0,0.0,0.0,0.0,534.0,2496.0,0.429,40,0,0,8.625,8.523,254,240,2,80,80,0,0,6400,0,0,0,0,0,0,0,0,0,0,240,0,0,0,2821,122,0,2593,0,0,2,2.821
1989,11.948,17.698,0.037,0.0,0.0,0.0,0.0,0.0,534.0,2496.0,0.438,40,0,0,8.371,8.271,255,240,2,80,80,0,0,6400,0,0,0,0,0,0,0,0,0,0,240,0,0,0,2779,119,0,2562,0,0,3,2.779
1990,12.504,17.698,0.037,0.0,0.0,0.0,0.0,0.0,534.0,2496.0,0.633,40,0,0,8.439,8.352,254,240,2,80,80,0,0,6400,0,0,0,0,0,0,0,0,0,0,240,0,0,0,3198,137,0,2950,0,0,5,3.198
1991,13.162,17.698,0.037,0.0,0.0,0.0,0.0,0.0,534.0,2496.0,0.489,40,0,0,9.007,8.867,256,240,2,80,80,0,0,6400,0,0,0,0,0,0,0,0,0,0,240,0,0,0,3053,123,0,2817,0,0,3,3.053
1992,12.116,17.698,0.037,0.0,0.0,0.0,0.0,0.0,534.0,2496.0,0.458,40,0,0,8.498,8.4,254,240,2,80,80,0,0,6400,0,0,0,0,0,0,0,0,0,0,240,0,0,0,2785,151,0,2543,0,0,3,2.785
1993,12.491,17.698,0.037,0.0,0.0,0.0,0.0,0.0,534.0,2496.0,0.501,40,0,0,8.378,8.237,253,240,2,80,80,0,0,6400,0,0,0,0,0,0,0,0,0,0,240,0,0,0,3280,145,0,3039,0,0,3,3.28
1994,12.254,17.698,0.037,0.0,0.0,0.0,0.0,0.0,534.0,2496.0,0.411,40,0,0,8.583,8.492,253,240,2,80,80,0,0,6400,0,0,0,0,0,0,0,0,0,0,240,0,0,0,2800,114,0,2594,0,0,2,2.8
1995,12.678,17.698,0.037,0.0,0.0,0.0,0.0,0.0,534.0,2496.0,0.403,40,0,0,8.943,8.828,255,240,2,80,80,0,0,6400,0,0,0,0,0,0,0,0,0,0,240,0,0,0,2829,118,0,2617,0,0,2,2.829
1996,12.511,17.698,0.037,0.0,0.0,0.0,0.0,0.0,534.0,2496.0,0.769,40,0,0,8.86,8.761,255,240,2,80,80,0,0,6400,0,0,0,0,0,0,0,0,0,0,240,0,0,0,2877,119,0,2663,0,0,3,2.877
1997,12.105,17.698,0.037,0.0,0.0,0.0,0.0,0.0,534.0,2496.0,0.434,40,0,0,8.036,7.932,254,240,2,80,80,0,0,6400,0,0,0,0,0,0,0,0,0,0,240,0,0,0,2817,153,0,2569,0,0,3,2.817
1998,11.767,17.698,0.037,0.0,0.0,0.0,0.0,0.0,534.0,2496.0,0.395,40,0,0,8.262,8.165,255,240,2,80,80,0,0,6400,0,0,0,0,0,0,0,0,0,0,240,0,0,0,2725,112,0,2528,0,0,2,2.725
1999,11.544,17.698,0.037,0.0,0.0,0.0,0.0,0.0,534.0,2496.0,0.403,40,0,0,8.068,7.975,255,240,2,80,80,0,0,6400,0,0,0,0,0,0,0,0,0,0,240,0,0,0,2751,114,0,2547,0,0,3,2.751
2000,13.3,17.698,0.037,0.0,0.0,0.0,0.0,0.0,534.0,2496.0,0.819,40,0,0,9.403,9.308,255,240,2,80,80,0,0,6400,0,0,0,0,0,0,0,0,0,0,240,0,0,0,3041,123,0,2822,0,0,3,3.041
2001,12.858,17.698,0.037,0.0,0.0,0.0,0.0,0.0,534.0,2496.0,0.428,40,0,0,8.566,8.465,253,240,2,80,80,0,0,6400,0,0,0,0,0,0,0,0,0,0,240,0,0,0,3032,117,0,2816,0,0,3,3.032
2002,11.613,17.698,0.037,0.0,0.0,0.0,0.0,0.0,534.0,2496.0,0.499,40,0,0,8.014,7.926,253,240,2,80,80,0,0,6400,0,0,0,0,0,0,0,0,0,0,240,0,0,0,2748,124,0,2530,0,0,3,2.748
2003,11.766,17.698,0.037,0.0,0.0,0.0,0.0,0.0,534.0,2496.0,0.431,40,0,0,8.186,8.09,255,240,2,80,80,0,0,6400,0,0,0,0,0,0,0,0,0,0,240,0,0,0,2713,109,0,2510,0,0,3,2.713
2004,12.0,17.698,0.037,0.0,0.0,0.0,0.0,0.0,534.0,2496.0,0.436,40,0,0,8.535,8.445,254,240,2,80,80,0,0,6400,0,0,0,0,0,0,0,0,0,0,240,0,0,0,2671,153,0,2431,0,0,2,2.671
2005,10.955,17.698,0.037,0.0,0.0,0.0,0.0,0.0,534.0,2496.0,0.449,40,0,0,7.625,7.51,255,240,2,80,80,0,0,6400,0,0,0,0,0,0,0,0,0,0,240,0,0,0,2517,105,0,2320,0,0,3,2.517
2006,13.235,17.698,0.037,0.0,0.0,0.0,0.0,0.0,534.0,2496.0,0.494,40,0,0,9.09,9.009,253,240,2,80,80,0,0,6400,0,0,0,0,0,0,0,0,0,0,240,0,0,0,3335,120,0,3065,0,0,4,3.335
2007,12.1,17.698,0.037,0.0,0.0,0.0,0.0,0.0,534.0,2496.0,0.459,40,0,0,8.447,8.354,255,240,2,80,80,0,0,6400,0,0,0,0,0,0,0,0,0,0,240,0,0,0,2787,111,0,2581,0,0,3,2.787
2008,13.119,17.698,0.037,0.0,0.0,0.0,0.0,0.0,534.0,2496.0,0.453,40,0,0,7.997,7.915,253,240,2,80,80,0,0,6400,0,0,0,0,0,0,0,0,0,0,240,0,0,0,4320,164,0,3972,0,0,5,4.32
2009,11.739,17.698,0.037,0.0,0.0,0.0,0.0,0.0,534.0,2496.0,0.444,40,0,0,8.145,8.038,256,240,2,80,80,0,0,6400,0,0,0,0,0,0,0,0,0,0,240,0,0,0,2802,136,0,2573,0,0,4,2.802
2010,12.527,17.698,0.037,0.0,0.0,0.0,0.0,0.0,534.0,2496.0,0.467,40,0,0,8.633,8.527,252,240,2,80,80,0,0,6400,0,0,0,0,0,0,0,0,0,0,240,0,0,0,3068,148,0,2798,0,0,4,3.068
2011,12.101,17.698,0.037,0.0,0.0,0.0,0.0,0.0,534.0,2496.0,0.404,40,0,0,8.508,8.415,255,240,2,80,80,0,0,6400,0,0,0,0,0,0,0,0,0,0,240,0,0,0,2780,139,0,2545,0,0,3,2.78
2012,14.106,17.698,0.037,0.0,0.0,0.0,0.0,0.0,534.0,2496.0,0.394,40,0,0,10.038,9.925,255,240,2,80,80,0,0,6400,0,0,0,0,0,0,0,0,0,0,240,0,0,0,3269,116,0,3047,0,0,3,3.269
2013,12.908,17.698,0.037,0.0,0.0,0.0,0.0,0.0,534.0,2496.0,0.396,40,0,0,9.167,9.082,253,240,2,80,80,0,0,6400,0,0,0,0,0,0,0,0,0,0,240,0,0,0,2838,143,0,2598,0,0,3,2.838
2014,14.513,17.698,0.037,0.0,0.0,0.0,0.0,0.0,534.0,2496.0,0.553,40,0,0,10.343,10.263,253,240,2,80,80,0,0,6400,0,0,0,0,0,0,0,0,0,0,240,0,0,0,3396,145,0,3128,0,0,4,3.396
2015,14.805,17.698,0.037,0.0,0.0,0.0,0.0,0.0,534.0,2496.0,0.556,40,0,0,10.356,10.241,255,240,2,80,80,0,0,6400,0,0,0,0,0,0,0,0,0,0,240,0,0,0,3453,148,0,3187,0,0,4,3.453
2016,14.89,17.698,0.037,0.0,0.0,0.0,0.0,0.0,534.0,2496.0,0.631,40,0,0,10.29,10.188,253,240,2,80,80,0,0,6400,0,0,0,0,0,0,0,0,0,0,240,0,0,0,3529,132,0,3280,0,0,4,3.529
2017,14.615,17.698,0.037,0.0,0.0,0.0,0.0,0.0,534.0,2496.0,0.529,40,0,0,9.94,9.806,255,240,2,80,80,0,0,6400,0,0,0,0,0,0,0,0,0,0,240,0,0,0,3524,150,0,3252,0,0,4,3.524
2018,14.915,17.698,0.037,0.0,0.0,0.0,0.0,0.0,534.0,2496.0,0.507,40,0,0,10.343,10.176,254,240,2,80,80,0,0,6400,0,0,0,0,0,0,0,0,0,0,240,0,0,0,3579,148,0,3309,0,0,4,3.579
2019,13.748,17.698,0.037,0.0,0.0,0.0,0.0,0.0,534.0,2496.0,0.607,40,0,0,9.05,8.951,255,240,2,80,80,0,0,6400,0,0,0,0,0,0,0,0,0,0,240,0,0,0,3723,173,0,3420,0,0,4,3.723
2020,15.692,17.698,0.037,0.0,0.0,0.0,0.0,0.0,534.0,2496.0,0.445,40,0,0,11.214,11.088,254,240,2,80,80,0,0,6400,0,0,0,0,0,0,0,0,0,0,240,0,0,0,3337,168,0,3061,0,0,3,3.337
2021,12.032,17.698,0.037,0.0,0.0,0.0,0.0,0.0,534.0,2496.0,0.423,40,0,0,8.394,8.297,254,240,2,80,80,0,0,6400,0,0,0,0,0,0,0,0,0,0,240,0,0,0,2805,115,0,2594,0,0,3,2.805
2022,12.95,17.698,0.037,0.0,0.0,0.0,0.0,0.0,534.0,2496.0,0.397,40,0,0,9.391,9.29,254,240,2,80,80,0,0,6400,0,0,0,0,0,0,0,0,0,0,240,0,0,0,2773,114,0,2579,0,0,3,2.773
2023,14.058,17.698,0.037,0.0,0.0,0.0,0.0,0.0,534.0,2496.0,0.614,40,0,0,9.408,8.277,255,240,2,80,80,0,0,6400,0,0,0,0,0,0,0,0,0,0,240,0,0,0,3828,150,0,3543,0,0,5,3.828
2024,12.191,17.698,0.037,0.0,0.0,0.0,0.0,0.0,534.0,2496.0,0.429,40,0,0,8.409,8.308,254,240,2,80,80,0,0,6400,0,0,0,0,0,0,0,0,0,0,240,0,0,0,2770,111,0,2569,0,0,3,2.77
2025,12.12,17.698,0.037,0.0,0.0,0.0,0.0,0.0,534.0,2496.0,0.64,40,0,0,8.302,8.214,254,240,2,80,80,0,0,6400,0,0,0,0,0,0,0,0,0,0,240,0,0,0,3021,114,0,2807,0,0,5,3.021
2026,13.298,17.698,0.037,0.0,0.0,0.0,0.0,0.0,534.0,2496.0,0.43,40,0,0,9.339,9.214,252,240,2,80,80,0,0,6400,0,0,0,0,0,0,0,0,0,0,240,0,0,0,2872,117,0,2658,0,0,3,2.872
2027,11.827,17.698,0.037,0.0,0.0,0.0,0.0,0.0,534.0,2496.0,0.405,40,0,0,8.219,8.11,256,240,2,80,80,0,0,6400,0,0,0,0,0,0,0,0,0,0,240,0,0,0,2785,153,0,2549,0,0,3,2.785
2028,11.669,17.698,0.037,0.0,0.0,0.0,0.0,0.0,534.0,2496.0,0.443,40,0,0,8.151,8.066,253,240,2,80,80,0,0,6400,0,0,0,0,0,0,0,0,0,0,240,0,0,0,2782,132,0,2563,0,0,2,2.782
2029,11.942,17.698,0.037,0.0,0.0,0.0,0.0,0.0,534.0,2496.0,0.498,40,0,0,8.291,8.201,255,240,2,80,80,0,0,6400,0,0,0,0,0,0,0,0,0,0,240,0,0,0,2879,113,0,2649,0,0,2,2.879
2030,13.011,17.698,0.037,0.0,0.0,0.0,0.0,0.0,534.0,2496.0,0.476,40,0,0,9.292,9.215,252,240,2,80,80,0,0,6400,0,0,0,0,0,0,0,0,0,0,240,0,0,0,2879,120,0,2658,0,0,3,2.879
2031,12.678,17.698,0.037,0.0,0.0,0.0,0.0,0.0,534.0,2496.0,0.486,40,0,0,8.988,8.861,254,240,2,80,80,0,0,6400,0,0,0,0,0,0,0,0,0,0,240,0,0,0,2847,152,0,2583,0,0,3,2.847
2032,12.763,17.698,0.037,0.0,0.0,0.0,0.0,0.0,534.0,2496.0,0.463,40,0,0,9.053,8.936,255,240,2,80,80,0,0,6400,0,0,0,0,0,0,0,0,0,0,240,0,0,0,2852,138,0,2618,0,0,3,2.852
2033,13.266,17.698,0.037,0.0,0.0,0.0,0.0,0.0,534.0,2496.0,0.427,40,0,0,9.514,9.42,254,240,2,80,80,0,0,6400,0,0,0,0,0,0,0,0,0,0,240,0,0,0,2904,143,0,2651,0,0,2,2.904
2034,12.127,17.698,0.037,0.0,0.0,0.0,0.0,0.0,534.0,2496.0,0.44,40,0,0,8.289,8.165,255,240,2,80,80,0,0,6400,0,0,0,0,0,0,0,0,0,0,240,0,0,0,3060,289,0,2675,0,0,3,3.06
2035,12.32,17.698,0.037,0.0,0.0,0.0,0.0,0.0,534.0,2496.0,0.66,40,0,0,8.214,8.115,254,240,2,80,80,0,0,6400,0,0,0,0,0,0,0,0,0,0,240,0,0,0,3287,131,0,3031,0,0,21,3.287
2036,13.087,17.698,0.037,0.0,0.0,0.0,0.0,0.0,534.0,2496.0,0.487,40,0,0,9.259,9.139,253,240,2,80,80,0,0,6400,0,0,0,0,0,0,0,0,0,0,240,0,0,0,2723,114,0,2521,0,0,3,2.723
2037,13.892,17.698,0.037,0.0,0.0,0.0,0.0,0.0,534.0,2496.0,0.606,40,0,0,9.531,9.413,255,240,2,80,80,0,0,6400,0,0,0,0,0,0,0,0,0,0,240,0,0,0,3483,168,0,3189,0,0,4,3.483
2038,12.566,17.698,0.037,0.0,0.0,0.0,0.0,0.0,534.0,2496.0,0.451,40,0,0,8.509,8.422,252,240,2,80,80,0,0,6400,0,0,0,0,0,0,0,0,0,0,240,0,0,0,3026,122,0,2802,0,0,3,3.026
2039,12.477,17.698,0.037,0.0,0.0,0.0,0.0,0.0,534.0,2496.0,0.478,40,0,0,8.697,8.54,255,240,2,80,80,0,0,6400,0,0,0,0,0,0,0,0,0,0,240,0,0,0,2936,148,0,2684,0,0,3,2.936
2040,11.929,17.698,0.037,0.0,0.0,0.0,0.0,0.0,534.0,2496.0,0.45,40,0,0,8.193,8.104,253,240,2,80,80,0,0,6400,0,0,0,0,0,0,0,0,0,0,240,0,0,0,2894,113,0,2694,0,0,3,2.894
2041,17.901,17.698,0.037,0.0,0.0,0.0,0.0,0.0,534.0,2496.0,0.66,40,0,0,11.971,11.879,254,240,2,80,80,0,0,6400,0,0,0,0,0,0,0,0,0,0,240,0,0,0,5062,164,0,4758,0,0,5,5.062
2042,16.353,17.698,0.037,0.0,0.0,0.0,0.0,0.0,534.0,2496.0,0.58,40,0,0,11.354,11.229,254,240,2,80,80,0,0,6400,0,0,0,0,0,0,0,0,0,0,240,0,0,0,3816,177,0,3505,0,0,5,3.816
2043,15.906,17.698,0.037,0.0,0.0,0.0,0.0,0.0,534.0,2496.0,0.714,40,0,0,11.145,11.017,255,240,2,80,80,0,0,6400,0,0,0,0,0,0,0,0,0,0,240,0,0,0,3677,152,0,3403,0,0,4,3.677
2044,16.193,17.698,0.037,0.0,0.0,0.0,0.0,0.0,534.0,2496.0,0.548,40,0,0,10.971,10.857,253,240,2,80,80,0,0,6400,0,0,0,0,0,0,0,0,0,0,240,0,0,0,3981,173,0,3651,0,0,5,3.981
2045,12.493,17.698,0.037,0.0,0.0,0.0,0.0,0.0,534.0,2496.0,0.48,40,0,0,8.862,8.731,255,240,2,80,80,0,0,6400,0,0,0,0,0,0,0,0,0,0,240,0,0,0,2701,169,0,2445,0,0,3,2.701
2046,12.308,17.698,0.037,0.0,0.0,0.0,0.0,0.0,534.0,2496.0,0.437,40,0,0,8.691,8.611,253,240,2,80,80,0,0,6400,0,0,0,0,0,0,0,0,0,0,240,0,0,0,2739,112,0,2537,0,0,3,2.739
2047,11.813,17.698,0.037,0.0,0.0,0.0,0.0,0.0,534.0,2496.0,0.495,40,0,0,8.187,8.092,255,240,2,80,80,0,0,6400,0,0,0,0,0,0,0,0,0,0,240,0,0,0,2814,133,0,2588,0,0,3,2.814
2048,13.694,17.698,0.037,0.0,0.0,0.0,0.0,0.0,534.0,2496.0,0.688,40,0,0,9.297,9.211,253,240,2,80,80,0,0,6400,0,0,0,0,0,0,0,0,0,0,240,0,0,0,3473,152,0,3187,0,0,4,3.473
2049,12.735,17.698,0.037,0.0,0.0,0.0,0.0,0.0,534.0,2496.0,0.426,40,0,0,9.07,8.887,255,240,2,80,80,0,0,6400,0,0,0,0,0,0,0,0,0,0,240,0,0,0,2594,99,0,2411,0,0,2,2.594
2050,11.191,17.698,0.037,0.0,0.0,0.0,0.0,0.0,534.0,2496.0,0.378,40,0,0,7.827,7.748,253,240,2,80,80,0,0,6400,0,0,0,0,0,0,0,0,0,0,240,0,0,0,2609,107,0,2420,0,0,3,2.609
2051,11.214,17.698,0.037,0.0,0.0,0.0,0.0,0.0,534.0,2496.0,0.671,40,0,0,7.805,7.721,254,240,2,80,80,0,0,6400,0,0,0,0,0,0,0,0,0,0,240,0,0,0,2692,107,0,2503,0,0,3,2.692
2052,11.51,17.698,0.037,0.0,0.0,0.0,0.0,0.0,534.0,2496.0,0.387,40,0,0,7.865,7.787,253,240,2,80,80,0,0,6400,0,0,0,0,0,0,0,0,0,0,240,0,0,0,2636,105,0,2444,0,0,2,2.636
2053,11.072,17.698,0.037,0.0,0.0,0.0,0.0,0.0,534.0,2496.0,0.387,40,0,0,7.771,7.674,257,240,2,80,80,0,0,6400,0,0,0,0,0,0,0,0,0,0,240,0,0,0,2620,102,0,2433,0,0,2,2.62
2054,10.999,17.502,0.043,0.0,0.0,0.0,0.0,0.0,534.0,2496.0,0.427,40,0,0,7.694,7.611,254,240,2,80,80,0,0,6400,0,0,0,0,0,0,0,0,0,0,240,0,0,0,2596,104,0,2405,0,0,3,2.596
2055,10.951,17.502,0.043,0.0,0.0,0.0,0.0,0.0,534.0,2496.0,0.394,40,0,0,7.609,7.529,254,240,2,80,80,0,0,6400,0,0,0,0,0,0,0,0,0,0,240,0,0,0,2593,103,0,2407,0,0,3,2.593
2056,11.064,17.502,0.043,0.0,0.0,0.0,0.0,0.0,534.0,2496.0,0.405,40,0,0,7.74,7.67,252,240,2,80,80,0,0,6400,0,0,0,0,0,0,0,0,0,0,240,0,0,0,2649,104,0,2462,0,0,1,2.649
2057,12.428,17.502,0.043,0.0,0.0,0.0,0.0,0.0,534.0,2496.0,0.481,40,0,0,8.825,8.744,254,240,2,80,80,0,0,6400,0,0,0,0,0,0,0,0,0,0,240,0,0,0,2845,123,0,2628,0,0,3,2.845
2058,11.919,17.502,0.043,0.0,0.0,0.0,0.0,0.0,534.0,2496.0,0.432,40,0,0,8.27,8.178,254,240,2,80,80,0,0,6400,0,0,0,0,0,0,0,0,0,0,240,0,0,0,2809,117,0,2598,0,0,3,2.809
2059,11.983,17.502,0.043,0.0,0.0,0.0,0.0,0.0,534.0,2496.0,0.416,40,0,0,8.313,8.197,257,240,2,80,80,0,0,6400,0,0,0,0,0,0,0,0,0,0,240,0,0,0,2860,116,0,2654,0,0,2,2.86
2060,11.779,17.502,0.043,0.0,0.0,0.0,0.0,0.0,534.0,2496.0,0.43,40,0,0,8.179,8.093,252,240,2,80,80,0,0,6400,0,0,0,0,0,0,0,0,0,0,240,0,0,0,2824,116,0,2613,0,0,3,2.824
2061,12.022,17.502,0.043,0.0,0.0,0.0,0.0,0.0,534.0,2496.0,0.436,40,0,0,8.38,8.286,254,240,2,80,80,0,0,6400,0,0,0,0,0,0,0,0,0,0,240,0,0,0,2858,117,0,2644,0,0,3,2.858
2062,12.887,17.502,0.043,0.0,0.0,0.0,0.0,0.0,534.0,2496.0,0.444,40,0,0,9.016,8.921,254,240,2,80,80,0,0,6400,0,0,0,0,0,0,0,0,0,0,240,0,0,0,2963,188,0,2675,0,0,3,2.963
2063,12.086,17.502,0.043,0.0,0.0,0.0,0.0,0.0,534.0,2496.0,0.411,40,0,0,8.453,8.348,255,240,2,80,80,0,0,6400,0,0,0,0,0,0,0,0,0,0,240,0,0,0,2765,118,0,2556,0,0,3,2.765
2064,13.512,17.502,0.043,0.0,0.0,0.0,0.0,0.0,534.0,2496.0,0.496,40,0,0,9.449,9.355,254,240,2,80,80,0,0,6400,0,0,0,0,0,0,0,0,0,0,240,0,0,0,3283,141,0,3033,0,0,3,3.283
2065,12.056,17.502,0.043,0.0,0.0,0.0,0.0,0.0,534.0,2496.0,0.515,40,0,0,8.395,8.298,254,240,2,80,80,0,0,6400,0,0,0,0,0,0,0,0,0,0,240,0,0,0,2786,127,0,2569,0,0,2,2.786
2066,12.37,17.502,0.043,0.0,0.0,0.0,0.0,0.0,534.0,2496.0,0.43,40,0,0,8.686,8.609,252,240,2,80,80,0,0,6400,0,0,0,0,0,0,0,0,0,0,240,0,0,0,2842,110,0,2647,0,0,3,2.842
2067,13.223,17.502,0.043,0.0,0.0,0.0,0.0,0.0,534.0,2496.0,0.456,40,0,0,8.983,8.88,256,240,2,80,80,0,0,6400,0,0,0,0,0,0,0,0,0,0,240,0,0,0,3396,209,0,3066,0,0,4,3.396
2068,12.036,17.502,0.043,0.0,0.0,0.0,0.0,0.0,534.0,2496.0,0.413,40,0,0,8.414,8.305,254,240,2,80,80,0,0,6400,0,0,0,0,0,0,0,0,0,0,240,0,0,0,2802,111,0,2586,0,0,3,2.802
2069,11.716,17.502,0.043,0.0,0.0,0.0,0.0,0.0,534.0,2496.0,0.389,40,0,0,8.153,8.05,255,240,2,80,80,0,0,6400,0,0,0,0,0,0,0,0,0,0,240,0,0,0,2794,110,0,2596,0,0,1,2.794
2070,13.006,17.502,0.043,0.0,0.0,0.0,0.0,0.0,534.0,2496.0,0.43,40,0,0,9.415,8.313,253,240,2,80,80,0,0,6400,0,0,0,0,0,0,0,0,0,0,240,0,0,0,2796,132,0,2562,0,0,2,2.796
2071,11.8,17.502,0.043,0.0,0.0,0.0,0.0,0.0,534.0,2496.0,0.412,40,0,0,8.234,8.128,256,240,2,80,80,0,0,6400,0,0,0,0,0,0,0,0,0,0,240,0,0,0,2792,112,0,2596,0,0,3,2.792
2072,11.841,17.502,0.043,0.0,0.0,0.0,0.0,0.0,534.0,2496.0,0.452,40,0,0,8.238,8.157,253,240,2,80,80,0,0,6400,0,0,0,0,0,0,0,0,0,0,240,0,0,0,2831,120,0,2622,0,0,3,2.831
2073,12.186,17.502,0.043,0.0,0.0,0.0,0.0,0.0,534.0,2496.0,0.419,40,0,0,8.464,8.376,254,240,2,80,80,0,0,6400,0,0,0,0,0,0,0,0,0,0,240,0,0,0,2847,137,0,2618,0,0,3,2.847
2074,12.189,17.502,0.043,0.0,0.0,0.0,0.0,0.0,534.0,2496.0,0.427,40,0,0,8.573,8.482,253,240,2,80,80,0,0,6400,0,0,0,0,0,0,0,0,0,0,240,0,0,0,2771,114,0,2568,0,0,2,2.771
2075,11.987,17.502,0.043,0.0,0.0,0.0,0.0,0.0,534.0,2496.0,0.442,40,0,0,8.319,8.236,253,240,2,80,80,0,0,6400,0,0,0,0,0,0,0,0,0,0,240,0,0,0,2889,149,0,2647,0,0,3,2.889
2076,12.073,17.502,0.043,0.0,0.0,0.0,0.0,0.0,534.0,2496.0,0.429,40,0,0,8.461,8.348,257,240,2,80,80,0,0,6400,0,0,0,0,0,0,0,0,0,0,240,0,0,0,2776,118,0,2574,0,0,3,2.776
2077,11.855,17.502,0.043,0.0,0.0,0.0,0.0,0.0,534.0,2496.0,0.435,40,0,0,8.209,8.125,253,240,2,80,80,0,0,6400,0,0,0,0,0,0,0,0,0,0,240,0,0,0,2849,155,0,2611,0,0,3,2.849
2078,11.819,17.502,0.043,0.0,0.0,0.0,0.0,0.0,534.0,2496.0,0.452,40,0,0,8.192,8.112,252,240,2,80,80,0,0,6400,0,0,0,0,0,0,0,0,0,0,240,0,0,0,2795,114,0,2590,0,0,3,2.795
2079,11.747,17.502,0.043,0.0,0.0,0.0,0.0,0.0,534.0,2496.0,0.45,40,0,0,8.156,8.067,254,240,2,80,80,0,0,6400,0,0,0,0,0,0,0,0,0,0,240,0,0,0,2821,116,0,2605,0,0,2,2.821
2080,12.198,17.502,0.043,0.0,0.0,0.0,0.0,0.0,534.0,2496.0,0.489,40,0,0,8.414,8.327,254,240,2,80,80,0,0,6400,0,0,0,0,0,0,0,0,0,0,240,0,0,0,2983,143,0,2740,0,0,3,2.983
2081,11.921,17.502,0.043,0.0,0.0,0.0,0.0,0.0,534.0,2496.0,0.46,40,0,0,8.266,8.158,255,240,2,80,80,0,0,6400,0,0,0,0,0,0,0,0,0,0,240,0,0,0,2782,120,0,2579,0,0,3,2.782
2082,11.971,17.502,0.043,0.0,0.0,0.0,0.0,0.0,534.0,2496.0,0.46,40,0,0,8.317,8.228,254,240,2,80,80,0,0,6400,0,0,0,0,0,0,0,0,0,0,240,0,0,0,2848,136,0,2622,0,0,3,2.848
2083,12.358,17.502,0.043,0.0,0.0,0.0,0.0,0.0,534.0,2496.0,0.42,40,0,0,8.697,8.616,253,240,2,80,80,0,0,6400,0,0,0,0,0,0,0,0,0,0,240,0,0,0,2801,120,0,2589,0,0,3,2.801
2084,11.905,17.502,0.043,0.0,0.0,0.0,0.0,0.0,534.0,2496.0,0.436,40,0,0,8.179,8.087,254,240,2,80,80,0,0,6400,0,0,0,0,0,0,0,0,0,0,240,0,0,0,2890,129,0,2658,0,0,3,2.89
2085,11.902,17.502,0.043,0.0,0.0,0.0,0.0,0.0,534.0,2496.0,0.451,40,0,0,8.259,8.171,253,240,2,80,80,0,0,6400,0,0,0,0,0,0,0,0,0,0,240,0,0,0,2821,148,0,2583,0,0,3,2.821
2086,12.06,17.502,0.043,0.0,0.0,0.0,0.0,0.0,534.0,2496.0,0.428,40,0,0,8.403,8.307,254,240,2,80,80,0,0,6400,0,0,0,0,0,0,0,0,0,0,240,0,0,0,2821,116,0,2616,0,0,3,2.821
2087,12.545,17.502,0.043,0.0,0.0,0.0,0.0,0.0,534.0,2496.0,0.612,40,0,0,8.53,8.434,254,240,2,80,80,0,0,6400,0,0,0,0,0,0,0,0,0,0,240,0,0,0,3158,120,0,2918,0,0,4,3.158
2088,16.246,17.502,0.043,0.0,0.0,0.0,0.0,0.0,534.0,2496.0,0.708,40,0,0,11.389,11.252,255,240,2,80,80,0,0,6400,0,0,0,0,0,0,0,0,0,0,240,0,0,0,3667,180,0,3355,0,0,5,3.667
2089,17.346,17.502,0.043,0.0,0.0,0.0,0.0,0.0,534.0,2496.0,0.612,40,0,0,12.102,11.978,253,240,2,80,80,0,0,6400,0,0,0,0,0,0,0,0,0,0,240,0,0,0,3962,181,0,3590,0,0,6,3.962
2090,15.257,17.502,0.043,0.0,0.0,0.0,0.0,0.0,534.0,2496.0,0.462,40,0,0,10.516,10.342,252,240,2,80,80,0,0,6400,0,0,0,0,0,0,0,0,0,0,240,0,0,0,3622,162,0,3339,0,0,4,3.622
2091,12.834,17.502,0.043,0.0,0.0,0.0,0.0,0.0,534.0,2496.0,0.4,40,0,0,8.913,8.805,253,240,2,80,80,0,0,6400,0,0,0,0,0,0,0,0,0,0,240,0,0,0,2997,117,0,2778,0,0,3,2.997
2092,13.153,17.502,0.043,0.0,0.0,0.0,0.0,0.0,534.0,2496.0,0.439,40,0,0,9.491,9.399,254,240,2,80,80,0,0,6400,0,0,0,0,0,0,0,0,0,0,240,0,0,0,2859,130,0,2635,0,0,2,2.859
2093,12.62,17.502,0.043,0.0,0.0,0.0,0.0,0.0,534.0,2496.0,0.468,40,0,0,8.747,8.631,253,240,2,80,80,0,0,6400,0,0,0,0,0,0,0,0,0,0,240,0,0,0,3060,159,0,2793,0,0,5,3.06
2094,13.178,17.502,0.043,0.0,0.0,0.0,0.0,0.0,534.0,2496.0,0.5,40,0,0,9.262,9.157,255,240,2,80,80,0,0,6400,0,0,0,0,0,0,0,0,0,0,240,0,0,0,2967,138,0,2722,0,0,3,2.967
2095,12.431,17.502,0.043,0.0,0.0,0.0,0.0,0.0,534.0,2496.0,0.466,40,0,0,8.674,8.571,255,240,2,80,80,0,0,6400,0,0,0,0,0,0,0,0,0,0,240,0,0,0,2854,117,0,2644,0,0,3,2.854
2096,13.645,17.502,0.043,0.0,0.0,0.0,0.0,0.0,534.0,2496.0,0.453,40,0,0,9.697,9.611,253,240,2,80,80,0,0,6400,0,0,0,0,0,0,0,0,0,0,240,0,0,0,3030,133,0,2802,0,0,3,3.03
2097,11.989,17.502,0.043,0.0,0.0,0.0,0.0,0.0,534.0,2496.0,0.439,40,0,0,8.24,8.15,253,240,2,80,80,0,0,6400,0,0,0,0,0,0,0,0,0,0,240,0,0,0,2913,114,0,2706,0,0,2,2.913
2098,12.813,17.502,0.043,0.0,0.0,0.0,0.0,0.0,534.0,2496.0,0.44,40,0,0,9.071,8.982,253,240,2,80,80,0,0,6400,0,0,0,0,0,0,0,0,0,0,240,0,0,0,2869,121,0,2650,0,0,2,2.869
2099,12.057,17.502,0.043,0.0,0.0,0.0,0.0,0.0,534.0,2496.0,0.423,40,0,0,8.439,8.352,253,240,2,80,80,0,0,6400,0,0,0,0,0,0,0,0,0,0,240,0,0,0,2775,121,0,2568,0,0,1,2.775
2100,16.671,17.502,0.043,0.0,0.0,0.0,0.0,0.0,534.0,2496.0,0.607,40,0,0,12.039,11.951,254,240,2,80,80,0,0,6400,0,0,0,0,0,0,0,0,0,0,240,0,0,0,3837,194,0,3514,0,0,5,3.837
2101,12.136,17.502,0.043,0.0,0.0,0.0,0.0,0.0,534.0,2496.0,0.517,40,0,0,8.374,8.273,254,240,2,80,80,0,0,6400,0,0,0,0,0,0,0,0,0,0,240,0,0,0,2751,120,0,2550,0,0,3,2.751
2102,12.983,17.502,0.043,0.0,0.0,0.0,0.0,0.0,534.0,2496.0,0.462,40,0,0,9.254,9.177,252,240,2,80,80,0,0,6400,0,0,0,0,0,0,0,0,0,0,240,0,0,0,2797,121,0,2586,0,0,3,2.797
2103,11.838,17.502,0.043,0.0,0.0,0.0,0.0,0.0,534.0,2496.0,0.462,40,0,0,8.236,8.146,254,240,2,80,80,0,0,6400,0,0,0,0,0,0,0,0,0,0,240,0,0,0,2810,137,0,2571,0,0,3,2.81
2104,12.869,17.502,0.043,0.0,0.0,0.0,0.0,0.0,534.0,2496.0,0.492,40,0,0,9.107,9.018,254,240,2,80,80,0,0,6400,0,0,0,0,0,0,0,0,0,0,240,0,0,0,2932,123,0,2677,0,0,3,2.932
2105,12.04,17.502,0.043,0.0,0.0,0.0,0.0,0.0,534.0,2496.0,0.479,40,0,0,8.347,8.267,252,240,2,80,80,0,0,6400,0,0,0,0,0,0,0,0,0,0,240,0,0,0,2854,144,0,2613,0,0,3,2.854
2106,12.757,17.502,0.043,0.0,0.0,0.0,0.0,0.0,534.0,2496.0,0.425,40,0,0,9.14,9.053,253,240,2,80,80,0,0,6400,0,0,0,0,0,0,0,0,0,0,240,0,0,0,2800,115,0,2596,0,0,3,2.8
2107,12.346,17.502,0.043,0.0,0.0,0.0,0.0,0.0,534.0,2496.0,0.442,40,0,0,8.678,8.568,254,240,2,80,80,0,0,6400,0,0,0,0,0,0,0,0,0,0,240,0,0,0,2839,146,0,2607,0,0,3,2.839
2108,11.96,17.502,0.043,0.0,0.0,0.0,0.0,0.0,534.0,2496.0,0.449,40,0,0,8.351,8.265,253,240,2,80,80,0,0,6400,0,0,0,0,0,0,0,0,0,0,240,0,0,0,2832,113,0,2627,0,0,3,2.832
2109,11.845,17.502,0.043,0.0,0.0,0.0,0.0,0.0,534.0,2496.0,0.456,40,0,0,8.176,8.086,254,240,2,80,80,0,0,6400,0,0,0,0,0,0,0,0,0,0,240,0,0,0,2902,110,0,2686,0,0,3,2.902
2110,13.955,17.502,0.043,0.0,0.0,0.0,0.0,0.0,534.0,2496.0,0.483,40,0,0,9.578,9.488,254,240,2,80,80,0,0,6400,0,0,0,0,0,0,0,0,0,0,240,0,0,0,3454,208,0,3135,0,0,3,3.454
2111,12.251,17.502,0.043,0.0,0.0,0.0,0.0,0.0,534.0,2496.0,0.457,40,0,0,8.546,8.461,252,240,2,80,80,0,0,6400,0,0,0,0,0,0,0,0,0,0,240,0,0,0,2835,154,0,2578,0,0,3,2.835
2112,12.921,17.502,0.043,0.0,0.0,0.0,0.0,0.0,534.0,2496.0,0.449,40,0,0,9.27,9.191,252,240,2,80,80,0,0,6400,0,0,0,0,0,0,0,0,0,0,240,0,0,0,2802,117,0,2597,0,0,3,2.802
2113,11.964,17.502,0.043,0.0,0.0,0.0,0.0,0.0,534.0,2496.0,0.598,40,0,0,8.333,8.239,255,240,2,80,80,0,0,6400,0,0,0,0,0,0,0,0,0,0,240,0,0,0,2829,119,0,2612,0,0,3,2.829
2114,13.575,17.502,0.043,0.0,0.0,0.0,0.0,0.0,534.0,2496.0,0.436,40,0,0,9.779,9.668,254,240,2,80,80,0,0,6400,0,0,0,0,0,0,0,0,0,0,240,0,0,0,2772,122,0,2560,0,0,2,2.772
2115,14.327,17.502,0.043,0.0,0.0,0.0,0.0,0.0,534.0,2496.0,0.46,40,0,0,10.548,10.443,253,240,2,80,80,0,0,6400,0,0,0,0,0,0,0,0,0,0,240,0,0,0,2926,126,0,2707,0,0,3,2.926
2116,13.461,17.502,0.043,0.0,0.0,0.0,0.0,0.0,534.0,2496.0,0.44,40,0,0,9.704,9.59,254,240,2,80,80,0,0,6400,0,0,0,0,0,0,0,0,0,0,240,0,0,0,2859,127,0,2642,0,0,3,2.859
2117,13.76,17.502,0.043,0.0,0.0,0.0,0.0,0.0,534.0,2496.0,0.454,40,0,0,10.123,8.886,254,240,2,80,80,0,0,6400,0,0,0,0,0,0,0,0,0,0,240,0,0,0,2823,136,0,2596,0,0,3,2.823
2118,12.551,17.502,0.043,0.0,0.0,0.0,0.0,0.0,534.0,2496.0,0.481,40,0,0,8.821,8.746,252,240,2,80,80,0,0,6400,0,0,0,0,0,0,0,0,0,0,240,0,0,0,2894,118,0,2677,0,0,3,2.894
2119,12.24,17.502,0.043,0.0,0.0,0.0,0.0,0.0,534.0,2496.0,0.46,40,0,0,8.556,8.421,254,240,2,80,80,0,0,6400,0,0,0,0,0,0,0,0,0,0,240,0,0,0,2832,112,0,2629,0,0,3,2.832
2120,12.274,17.502,0.043,0.0,0.0,0.0,0.0,0.0,534.0,2496.0,0.439,40,0,0,8.689,8.604,253,240,2,80,80,0,0,6400,0,0,0,0,0,0,0,0,0,0,240,0,0,0,2773,124,0,2543,0,0,3,2.773
2121,11.902,17.502,0.043,0.0,0.0,0.0,0.0,0.0,534.0,2496.0,0.424,40,0,0,8.374,8.293,253,240,2,80,80,0,0,6400,0,0,0,0,0,0,0,0,0,0,240,0,0,0,2753,108,0,2550,0,0,3,2.753
2122,12.918,17.502,0.043,0.0,0.0,0.0,0.0,0.0,534.0,2496.0,0.459,40,0,0,8.861,8.776,254,240,2,80,80,0,0,6400,0,0,0,0,0,0,0,0,0,0,240,0,0,0,3305,162,0,3004,0,0,5,3.305
2123,11.455,17.502,0.043,0.0,0.0,0.0,0.0,0.0,534.0,2496.0,0.386,40,0,0,8.007,7.929,252,240,2,80,80,0,0,6400,0,0,0,0,0,0,0,0,0,0,240,0,0,0,2665,106,0,2469,0,0,2,2.665
2124,12.536,17.502,0.043,0.0,0.0,0.0,0.0,0.0,534.0,2496.0,0.414,40,0,0,9.198,9.124,253,240,2,80,80,0,0,6400,0,0,0,0,0,0,0,0,0,0,240,0,0,0,2606,108,0,2412,0,0,3,2.606
2125,12.497,17.502,0.043,0.0,0.0,0.0,0.0,0.0,534.0,2496.0,0.392,40,0,0,8.581,8.464,254,240,2,80,80,0,0,6400,0,0,0,0,0,0,0,0,0,0,240,0,0,0,3163,109,0,2920,0,0,3,3.163
2126,11.217,17.502,0.043,0.0,0.0,0.0,0.0,0.0,534.0,2496.0,0.435,40,0,0,7.861,7.779,253,240,2,80,80,0,0,6400,0,0,0,0,0,0,0,0,0,0,240,0,0,0,2644,173,0,2391,0,0,2,2.644
2127,15.341,17.502,0.043,0.0,0.0,0.0,0.0,0.0,534.0,2496.0,0.633,40,0,0,10.656,10.556,253,240,2,80,80,0,0,6400,0,0,0,0,0,0,0,0,0,0,240,0,0,0,3853,169,0,3558,0,0,3,3.853
2128,11.166,17.502,0.043,0.0,0.0,0.0,0.0,0.0,534.0,2496.0,0.4,40,0,0,7.656,7.52,255,240,2,80,80,0,0,6400,0,0,0,0,0,0,0,0,0,0,240,0,0,0,2530,100,0,2348,0,0,2,2.53
2129,11.207,17.502,0.043,0.0,0.0,0.0,0.0,0.0,534.0,2496.0,0.425,40,0,0,7.884,7.811,253,240,2,80,80,0,0,6400,0,0,0,0,0,0,0,0,0,0,240,0,0,0,2610,106,0,2415,0,0,3,2.61
2130,12.943,17.502,0.043,0.0,0.0,0.0,0.0,0.0,534.0,2496.0,0.436,40,0,0,9.342,9.271,252,240,2,80,80,0,0,6400,0,0,0,0,0,0,0,0,0,0,240,0,0,0,2812,111,0,2609,0,0,3,2.812
2131,11.499,17.502,0.043,0.0,0.0,0.0,0.0,0.0,534.0,2496.0,0.384,40,0,0,7.989,7.897,255,240,2,80,80,0,0,6400,0,0,0,0,0,0,0,0,0,0,240,0,0,0,2754,102,0,2568,0,0,2,2.754
2132,11.059,17.502,0.043,0.0,0.0,0.0,0.0,0.0,534.0,2496.0,0.408,40,0,0,7.655,7.579,252,240,2,80,80,0,0,6400,0,0,0,0,0,0,0,0,0,0,240,0,0,0,2717,100,0,2538,0,0,2,2.717
2133,11.643,17.502,0.043,0.0,0.0,0.0,0.0,0.0,534.0,2496.0,0.366,40,0,0,8.145,8.075,252,240,2,80,80,0,0,6400,0,0,0,0,0,0,0,0,0,0,240,0,0,0,2610,125,0,2400,0,0,3,2.61
2134,11.016,16.976,0.041,0.0,0.0,0.0,0.0,0.0,534.0,2496.0,0.373,40,0,0,7.637,7.549,255,240,2,80,80,0,0,6400,0,0,0,0,0,0,0,0,0,0,240,0,0,0,2706,191,0,2431,0,0,3,2.706
2135,13.896,16.976,0.041,0.0,0.0,0.0,0.0,0.0,534.0,2496.0,0.489,40,0,0,9.868,9.79,253,240,2,80,80,0,0,6400,0,0,0,0,0,0,0,0,0,0,240,0,0,0,3265,149,0,3007,0,0,4,3.265
2136,10.99,16.976,0.041,0.0,0.0,0.0,0.0,0.0,534.0,2496.0,0.362,40,0,0,7.56,7.484,252,240,2,80,80,0,0,6400,0,0,0,0,0,0,0,0,0,0,240,0,0,0,2590,106,0,2403,0,0,1,2.59
2137,11.008,16.976,0.041,0.0,0.0,0.0,0.0,0.0,534.0,2496.0,0.429,40,0,0,7.678,7.593,255,240,2,80,80,0,0,6400,0,0,0,0,0,0,0,0,0,0,240,0,0,0,2663,103,0,2475,0,0,2,2.663
2138,11.653,16.976,0.041,0.0,0.0,0.0,0.0,0.0,534.0,2496.0,0.648,40,0,0,8.031,7.955,253,240,2,80,80,0,0,6400,0,0,0,0,0,0,0,0,0,0,240,0,0,0,2879,126,0,2665,0,0,3,2.879
2139,11.417,16.976,0.041,0.0,0.0,0.0,0.0,0.0,534.0,2496.0,0.363,40,0,0,7.759,7.678,253,240,2,80,80,0,0,6400,0,0,0,0,0,0,0,0,0,0,240,0,0,0,2674,103,0,2483,0,0,3,2.674
2140,11.072,16.976,0.041,0.0,0.0,0.0,0.0,0.0,534.0,2496.0,0.414,40,0,0,7.734,7.65,254,240,2,80,80,0,0,6400,0,0,0,0,0,0,0,0,0,0,240,0,0,0,2676,102,0,2484,0,0,2,2.676
2141,11.234,16.976,0.041,0.0,0.0,0.0,0.0,0.0,534.0,2496.0,0.367,40,0,0,7.855,7.77,254,240,2,80,80,0,0,6400,0,0,0,0,0,0,0,0,0,0,240,0,0,0,2633,104,0,2442,0,0,2,2.633
2142,12.041,16.976,0.041,0.0,0.0,0.0,0.0,0.0,534.0,2496.0,0.388,40,0,0,8.496,8.421,252,240,2,80,80,0,0,6400,0,0,0,0,0,0,0,0,0,0,240,0,0,0,2812,109,0,2612,0,0,3,2.812
2143,11.166,16.976,0.041,0.0,0.0,0.0,0.0,0.0,534.0,2496.0,0.408,40,0,0,7.781,7.701,253,240,2,80,80,0,0,6400,0,0,0,0,0,0,0,0,0,0,240,0,0,0,2640,105,0,2409,0,0,2,2.64
2144,12.73,16.976,0.041,0.0,0.0,0.0,0.0,0.0,534.0,2496.0,0.391,40,0,0,9.289,9.205,254,240,2,80,80,0,0,6400,0,0,0,0,0,0,0,0,0,0,240,0,0,0,2655,117,0,2453,0,0,2,2.655
2145,22.633,16.976,0.041,0.0,0.0,0.0,0.0,0.0,534.0,2496.0,0.397,40,0,0,19.264,18.975,254,240,2,80,80,0,0,6400,0,0,0,0,0,0,0,0,0,0,240,0,0,0,2636,111,0,2438,0,0,2,2.636
2146,11.119,16.976,0.041,0.0,0.0,0.0,0.0,0.0,534.0,2496.0,0.376,40,0,0,7.762,7.677,254,240,2,80,80,0,0,6400,0,0,0,0,0,0,0,0,0,0,240,0,0,0,2642,106,0,2412,0,0,3,2.642
2147,10.899,16.976,0.041,0.0,0.0,0.0,0.0,0.0,534.0,2496.0,0.408,40,0,0,7.651,7.568,253,240,2,80,80,0,0,6400,0,0,0,0,0,0,0,0,0,0,240,0,0,0,2590,101,0,2410,0,0,3,2.59
2148,11.8,16.976,0.041,0.0,0.0,0.0,0.0,0.0,534.0,2496.0,0.536,40,0,0,7.607,7.538,252,240,2,80,80,0,0,6400,0,0,0,0,0,0,0,0,0,0,240,0,0,0,3472,101,0,3258,0,0,4,3.472
2149,11.732,16.976,0.041,0.0,0.0,0.0,0.0,0.0,534.0,2496.0,0.472,40,0,0,8.147,8.056,254,240,2,80,80,0,0,6400,0,0,0,0,0,0,0,0,0,0,240,0,0,0,2696,138,0,2403,0,0,3,2.696
2150,11.924,16.976,0.041,0.0,0.0,0.0,0.0,0.0,534.0,2496.0,0.423,40,0,0,8.2,8.124,253,240,2,80,80,0,0,6400,0,0,0,0,0,0,0,0,0,0,240,0,0,0,2956,114,0,2752,0,0,3,2.956
2151,12.234,16.976,0.041,0.0,0.0,0.0,0.0,0.0,534.0,2496.0,0.471,40,0,0,8.566,8.492,252,240,2,80,80,0,0,6400,0,0,0,0,0,0,0,0,0,0,240,0,0,0,2908,108,0,2720,0,0,3,2.908
2152,11.599,16.976,0.041,0.0,0.0,0.0,0.0,0.0,534.0,2496.0,0.388,40,0,0,8.058,7.975,253,240,2,80,80,0,0,6400,0,0,0,0,0,0,0,0,0,0,240,0,0,0,2714,108,0,2467,0,0,3,2.714
2153,12.275,16.976,0.041,0.0,0.0,0.0,0.0,0.0,534.0,2496.0,0.452,40,0,0,8.58,8.474,254,240,2,80,80,0,0,6400,0,0,0,0,0,0,0,0,0,0,240,0,0,0,2894,141,0,2645,0,0,3,2.894
2154,12.545,16.976,0.041,0.0,0.0,0.0,0.0,0.0,534.0,2496.0,0.447,40,0,0,8.866,8.738,254,240,2,80,80,0,0,6400,0,0,0,0,0,0,0,0,0,0,240,0,0,0,2894,107,0,2686,0,0,3,2.894
2155,12.848,16.976,0.041,0.0,0.0,0.0,0.0,0.0,534.0,2496.0,0.401,40,0,0,9.238,9.153,253,240,2,80,80,0,0,6400,0,0,0,0,0,0,0,0,0,0,240,0,0,0,2819,108,0,2621,0,0,2,2.819
2156,11.491,16.976,0.041,0.0,0.0,0.0,0.0,0.0,534.0,2496.0,0.38,40,0,0,8.077,7.993,253,240,2,80,80,0,0,6400,0,0,0,0,0,0,0,0,0,0,240,0,0,0,2686,105,0,2497,0,0,3,2.686
2157,12.321,16.976,0.041,0.0,0.0,0.0,0.0,0.0,534.0,2496.0,0.524,40,0,0,8.978,8.907,252,240,2,80,80,0,0,6400,0,0,0,0,0,0,0,0,0,0,240,0,0,0,2645,105,0,2459,0,0,2,2.645
2158,11.66,16.976,0.041,0.0,0.0,0.0,0.0,0.0,534.0,2496.0,0.377,40,0,0,8.121,8.03,253,240,2,80,80,0,0,6400,0,0,0,0,0,0,0,0,0,0,240,0,0,0,2688,105,0,2493,0,0,2,2.688
2159,12.824,16.976,0.041,0.0,0.0,0.0,0.0,0.0,534.0,2496.0,0.399,40,0,0,9.065,8.987,253,240,2,80,80,0,0,6400,0,0,0,0,0,0,0,0,0,0,240,0,0,0,3048,114,0,2805,0,0,17,3.048
2160,11.482,16.976,0.041,0.0,0.0,0.0,0.0,0.0,534.0,2496.0,0.421,40,0,0,8.033,7.957,252,240,2,80,80,0,0,6400,0,0,0,0,0,0,0,0,0,0,240,0,0,0,2676,109,0,2484,0,0,1,2.676
2161,11.188,16.976,0.041,0.0,0.0,0.0,0.0,0.0,534.0,2496.0,0.392,40,0,0,7.876,7.711,255,240,2,80,80,0,0,6400,0,0,0,0,0,0,0,0,0,0,240,0,0,0,2587,103,0,2401,0,0,3,2.587
2162,12.25,16.976,0.041,0.0,0.0,0.0,0.0,0.0,534.0,2496.0,0.51,40,0,0,8.033,7.959,253,240,2,80,80,0,0,6400,0,0,0,0,0,0,0,0,0,0,240,0,0,0,3505,142,0,3245,0,0,3,3.505
2163,11.256,16.976,0.041,0.0,0.0,0.0,0.0,0.0,534.0,2496.0,0.369,40,0,0,7.84,7.767,252,240,2,80,80,0,0,6400,0,0,0,0,0,0,0,0,0,0,240,0,0,0,2583,124,0,2374,0,0,2,2.583
2164,14.115,16.976,0.041,0.0,0.0,0.0,0.0,0.0,534.0,2496.0,0.423,40,0,0,10.642,9.582,255,240,2,80,80,0,0,6400,0,0,0,0,0,0,0,0,0,0,240,0,0,0,2764,107,0,2571,0,0,4,2.764
2165,12.105,16.976,0.041,0.0,0.0,0.0,0.0,0.0,534.0,2496.0,0.423,40,0,0,8.815,8.738,252,240,2,80,80,0,0,6400,0,0,0,0,0,0,0,0,0,0,240,0,0,0,2516,110,0,2324,0,0,3,2.516
2166,10.796,16.976,0.041,0.0,0.0,0.0,0.0,0.0,534.0,2496.0,0.433,40,0,0,7.446,7.359,254,240,2,80,80,0,0,6400,0,0,0,0,0,0,0,0,0,0,240,0,0,0,2600,126,0,2389,0,0,3,2.6
2167,10.983,16.976,0.041,0.0,0.0,0.0,0.0,0.0,534.0,2496.0,0.42,40,0,0,7.668,7.583,253,240,2,80,80,0,0,6400,0,0,0,0,0,0,0,0,0,0,240,0,0,0,2572,148,0,2335,0,0,3,2.572
2168,11.36,16.976,0.041,0.0,0.0,0.0,0.0,0.0,534.0,2496.0,0.569,40,0,0,7.714,7.634,253,240,2,80,80,0,0,6400,0,0,0,0,0,0,0,0,0,0,240,0,0,0,2833,124,0,2611,0,0,5,2.833
2169,11.446,16.976,0.041,0.0,0.0,0.0,0.0,0.0,534.0,2496.0,0.393,40,0,0,7.913,7.805,253,240,2,80,80,0,0,6400,0,0,0,0,0,0,0,0,0,0,240,0,0,0,2588,119,0,2379,0,0,2,2.588
2170,11.042,16.976,0.041,0.0,0.0,0.0,0.0,0.0,534.0,2496.0,0.429,40,0,0,7.662,7.583,253,240,2,80,80,0,0,6400,0,0,0,0,0,0,0,0,0,0,240,0,0,0,2649,115,0,2445,0,0,3,2.649
2171,11.33,16.976,0.041,0.0,0.0,0.0,0.0,0.0,534.0,2496.0,0.424,40,0,0,8.098,7.992,253,240,2,80,80,0,0,6400,0,0,0,0,0,0,0,0,0,0,240,0,0,0,2490,103,0,2318,0,0,1,2.49
2172,12.623,16.976,0.041,0.0,0.0,0.0,0.0,0.0,534.0,2496.0,0.415,40,0,0,9.092,9.006,254,240,2,80,80,0,0,6400,0,0,0,0,0,0,0,0,0,0,240,0,0,0,2779,107,0,2587,0,0,3,2.779
2173,11.557,16.976,0.041,0.0,0.0,0.0,0.0,0.0,534.0,2496.0,0.493,40,0,0,7.848,7.773,252,240,2,80,80,0,0,6400,0,0,0,0,0,0,0,0,0,0,240,0,0,0,2850,134,0,2619,0,0,3,2.85
2174,11.071,16.976,0.041,0.0,0.0,0.0,0.0,0.0,534.0,2496.0,1.331,40,0,0,7.689,7.597,254,240,2,80,80,0,0,6400,0,0,0,0,0,0,0,0,0,0,240,0,0,0,2523,111,0,2329,0,0,2,2.523
2175,16.484,16.976,0.041,0.0,0.0,0.0,0.0,0.0,534.0,2496.0,0.42,40,0,0,11.752,11.672,252,240,2,80,80,0,0,6400,0,0,0,0,0,0,0,0,0,0,240,0,0,0,2944,127,0,2715,0,0,3,2.944
2176,11.94,16.976,0.041,0.0,0.0,0.0,0.0,0.0,534.0,2496.0,0.419,40,0,0,8.327,8.202,255,240,2,80,80,0,0,6400,0,0,0,0,0,0,0,0,0,0,240,0,0,0,2793,122,0,2582,0,0,2,2.793
2177,12.29,16.976,0.041,0.0,0.0,0.0,0.0,0.0,534.0,2496.0,0.491,40,0,0,8.601,8.495,253,240,2,80,80,0,0,6400,0,0,0,0,0,0,0,0,0,0,240,0,0,0,2944,126,0,2724,0,0,4,2.944
2178,13.446,16.976,0.041,0.0,0.0,0.0,0.0,0.0,534.0,2496.0,0.423,40,0,0,9.485,9.388,254,240,2,80,80,0,0,6400,0,0,0,0,0,0,0,0,0,0,240,0,0,0,3063,122,0,2847,0,0,3,3.063
2179,12.796,16.976,0.041,0.0,0.0,0.0,0.0,0.0,534.0,2496.0,0.49,40,0,0,9.097,9.017,252,240,2,80,80,0,0,6400,0,0,0,0,0,0,0,0,0,0,240,0,0,0,2868,133,0,2640,0,0,2,2.868
2180,12.446,16.976,0.041,0.0,0.0,0.0,0.0,0.0,534.0,2496.0,0.407,40,0,0,8.676,8.577,254,240,2,80,80,0,0,6400,0,0,0,0,0,0,0,0,0,0,240,0,0,0,2820,138,0,2585,0,0,3,2.82
2181,12.485,16.976,0.041,0.0,0.0,0.0,0.0,0.0,534.0,2496.0,0.546,40,0,0,8.73,8.596,253,240,2,80,80,0,0,6400,0,0,0,0,0,0,0,0,0,0,240,0,0,0,2993,116,0,2784,0,0,3,2.993
2182,12.646,16.976,0.041,0.0,0.0,0.0,0.0,0.0,534.0,2496.0,0.435,40,0,0,8.773,8.682,253,240,2,80,80,0,0,6400,0,0,0,0,0,0,0,0,0,0,240,0,0,0,2921,131,0,2695,0,0,3,2.921
2183,12.652,16.976,0.041,0.0,0.0,0.0,0.0,0.0,534.0,2496.0,0.427,40,0,0,8.853,8.761,252,240,2,80,80,0,0,6400,0,0,0,0,0,0,0,0,0,0,240,0,0,0,2883,115,0,2669,0,0,3,2.883
2184,12.337,16.976,0.041,0.0,0.0,0.0,0.0,0.0,534.0,2496.0,0.43,40,0,0,8.72,8.624,254,240,2,80,80,0,0,6400,0,0,0,0,0,0,0,0,0,0,240,0,0,0,2824,121,0,2615,0,0,3,2.824
2185,12.289,16.976,0.041,0.0,0.0,0.0,0.0,0.0,534.0,2496.0,0.497,40,0,0,8.401,8.306,253,240,2,80,80,0,0,6400,0,0,0,0,0,0,0,0,0,0,240,0,0,0,3069,122,0,2844,0,0,2,3.069
2186,12.628,16.976,0.041,0.0,0.0,0.0,0.0,0.0,534.0,2496.0,0.43,40,0,0,8.863,8.772,253,240,2,80,80,0,0,6400,0,0,0,0,0,0,0,0,0,0,240,0,0,0,2927,115,0,2697,0,0,3,2.927
2187,14.594,16.976,0.041,0.0,0.0,0.0,0.0,0.0,534.0,2496.0,0.427,40,0,0,10.908,10.776,253,240,2,80,80,0,0,6400,0,0,0,0,0,0,0,0,0,0,240,0,0,0,2854,116,0,2625,0,0,3,2.854
2188,12.853,16.976,0.041,0.0,0.0,0.0,0.0,0.0,534.0,2496.0,0.537,40,0,0,9.11,9.018,254,240,2,80,80,0,0,6400,0,0,0,0,0,0,0,0,0,0,240,0,0,0,2983,145,0,2747,0,0,3,2.983
2189,13.092,16.976,0.041,0.0,0.0,0.0,0.0,0.0,534.0,2496.0,0.467,40,0,0,9.218,9.138,252,240,2,80,80,0,0,6400,0,0,0,0,0,0,0,0,0,0,240,0,0,0,2969,149,0,2726,0,0,3,2.969
2190,15.427,16.976,0.041,0.0,0.0,0.0,0.0,0.0,534.0,2496.0,0.478,40,0,0,11.567,11.482,253,240,2,80,80,0,0,6400,0,0,0,0,0,0,0,0,0,0,240,0,0,0,3035,117,0,2818,0,0,3,3.035
2191,12.447,16.976,0.041,0.0,0.0,0.0,0.0,0.0,534.0,2496.0,0.487,40,0,0,8.783,8.672,252,240,2,80,80,0,0,6400,0,0,0,0,0,0,0,0,0,0,240,0,0,0,2850,142,0,2615,0,0,3,2.85
2192,12.364,16.976,0.041,0.0,0.0,0.0,0.0,0.0,534.0,2496.0,0.416,40,0,0,8.684,8.599,254,240,2,80,80,0,0,6400,0,0,0,0,0,0,0,0,0,0,240,0,0,0,2793,113,0,2586,0,0,3,2.793
2193,12.001,16.976,0.041,0.0,0.0,0.0,0.0,0.0,534.0,2496.0,0.405,40,0,0,8.439,8.356,253,240,2,80,80,0,0,6400,0,0,0,0,0,0,0,0,0,0,240,0,0,0,2747,117,0,2548,0,0,3,2.747
2194,12.059,16.976,0.041,0.0,0.0,0.0,0.0,0.0,534.0,2496.0,0.437,40,0,0,8.468,8.382,254,240,2,80,80,0,0,6400,0,0,0,0,0,0,0,0,0,0,240,0,0,0,2817,123,0,2605,0,0,3,2.817
2195,15.068,16.976,0.041,0.0,0.0,0.0,0.0,0.0,534.0,2496.0,0.437,40,0,0,11.14,11.054,253,240,2,80,80,0,0,6400,0,0,0,0,0,0,0,0,0,0,240,0,0,0,3099,116,0,2880,0,0,4,3.099
2196,12.488,16.976,0.041,0.0,0.0,0.0,0.0,0.0,534.0,2496.0,1.053,40,0,0,8.905,8.817,253,240,2,80,80,0,0,6400,0,0,0,0,0,0,0,0,0,0,240,0,0,0,2776,120,0,2571,0,0,3,2.776
2197,13.036,16.976,0.041,0.0,0.0,0.0,0.0,0.0,534.0,2496.0,0.643,40,0,0,8.671,8.583,253,240,2,80,80,0,0,6400,0,0,0,0,0,0,0,0,0,0,240,0,0,0,2920,150,0,2682,0,0,3,2.92
2198,12.842,16.976,0.041,0.0,0.0,0.0,0.0,0.0,534.0,2496.0,0.435,40,0,0,9.019,8.915,254,240,2,80,80,0,0,6400,0,0,0,0,0,0,0,0,0,0,240,0,0,0,2795,116,0,2578,0,0,2,2.795
2199,11.793,16.976,0.041,0.0,0.0,0.0,0.0,0.0,534.0,2496.0,0.414,40,0,0,8.23,8.148,253,240,2,80,80,0,0,6400,0,0,0,0,0,0,0,0,0,0,240,0,0,0,2786,112,0,2582,0,0,3,2.786
2200,12.898,16.976,0.041,0.0,0.0,0.0,0.0,0.0,534.0,2496.0,0.401,40,0,0,9.117,9.018,253,240,2,80,80,0,0,6400,0,0,0,0,0,0,0,0,0,0,240,0,0,0,3015,116,0,2804,0,0,4,3.015
2201,13.339,16.976,0.041,0.0,0.0,0.0,0.0,0.0,534.0,2496.0,0.585,40,0,0,9.764,9.659,253,240,2,80,80,0,0,6400,0,0,0,0,0,0,0,0,0,0,240,0,0,0,2804,116,0,2601,0,0,3,2.804
2202,12.608,16.976,0.041,0.0,0.0,0.0,0.0,0.0,534.0,2496.0,0.478,40,0,0,8.8,8.704,254,240,2,80,80,0,0,6400,0,0,0,0,0,0,0,0,0,0,240,0,0,0,2818,115,0,2608,0,0,3,2.818
2203,12.266,16.976,0.041,0.0,0.0,0.0,0.0,0.0,534.0,2496.0,0.459,40,0,0,8.587,8.485,252,240,2,80,80,0,0,6400,0,0,0,0,0,0,0,0,0,0,240,0,0,0,2827,116,0,2616,0,0,2,2.827
2204,12.483,16.976,0.041,0.0,0.0,0.0,0.0,0.0,534.0,2496.0,0.667,40,0,0,8.721,8.631,254,240,2,80,80,0,0,6400,0,0,0,0,0,0,0,0,0,0,240,0,0,0,2920,117,0,2716,0,0,3,2.92
2205,20.723,16.976,0.041,0.0,0.0,0.0,0.0,0.0,534.0,2496.0,0.493,40,0,0,15.932,14.142,253,240,2,80,80,0,0,6400,0,0,0,0,0,0,0,0,0,0,240,0,0,0,3700,125,0,3461,0,0,3,3.7
2206,13.235,16.976,0.041,0.0,0.0,0.0,0.0,0.0,534.0,2496.0,0.456,40,0,0,9.404,9.248,254,240,2,80,80,0,0,6400,0,0,0,0,0,0,0,0,0,0,240,0,0,0,2927,124,0,2710,0,0,4,2.927
2207,15.199,16.976,0.041,0.0,0.0,0.0,0.0,0.0,534.0,2496.0,0.998,40,0,0,10.452,10.36,253,240,2,80,80,0,0,6400,0,0,0,0,0,0,0,0,0,0,240,0,0,0,3837,162,0,3535,0,0,4,3.837
2208,14.136,16.976,0.041,0.0,0.0,0.0,0.0,0.0,534.0,2496.0,0.4,40,0,0,10.063,9.968,253,240,2,80,80,0,0,6400,0,0,0,0,0,0,0,0,0,0,240,0,0,0,2735,136,0,2515,0,0,3,2.735
2209,11.755,16.976,0.041,0.0,0.0,0.0,0.0,0.0,534.0,2496.0,0.407,40,0,0,8.242,8.165,252,240,2,80,80,0,0,6400,0,0,0,0,0,0,0,0,0,0,240,0,0,0,2753,113,0,2546,0,0,3,2.753
2210,13.01,16.976,0.041,0.0,0.0,0.0,0.0,0.0,534.0,2496.0,0.447,40,0,0,9.528,8.344,257,240,2,80,80,0,0,6400,0,0,0,0,0,0,0,0,0,0,240,0,0,0,2734,111,0,2533,0,0,3,2.734
2211,11.386,16.976,0.041,0.0,0.0,0.0,0.0,0.0,534.0,2496.0,0.681,40,0,0,7.944,7.861,253,240,2,80,80,0,0,6400,0,0,0,0,0,0,0,0,0,0,240,0,0,0,2698,104,0,2508,0,0,3,2.698
2212,14.623,16.976,0.041,0.0,0.0,0.0,0.0,0.0,534.0,2496.0,0.476,40,0,0,8.894,8.768,254,240,2,80,80,0,0,6400,0,0,0,0,0,0,0,0,0,0,240,0,0,0,4712,111,0,4490,0,0,4,4.712
2213,14.791,16.976,0.041,0.0,0.0,0.0,0.0,0.0,534.0,2496.0,0.596,40,0,0,9.946,9.854,253,240,2,80,80,0,0,6400,0,0,0,0,0,0,0,0,0,0,240,0,0,0,3953,242,0,3562,0,0,4,3.953
2214,16.957,22.651,0.025,0.0,0.0,0.0,0.0,0.0,534.0,2496.0,0.67,40,0,0,11.912,11.793,254,240,2,80,80,0,0,6400,0,0,0,0,0,0,0,0,0,0,240,0,0,0,3973,208,0,3610,0,0,5,3.973
2215,16.876,22.651,0.025,0.0,0.0,0.0,0.0,0.0,534.0,2496.0,0.613,40,0,0,11.875,11.767,252,240,2,80,80,0,0,6400,0,0,0,0,0,0,0,0,0,0,240,0,0,0,3894,163,0,3592,0,0,6,3.894
2216,16.961,22.651,0.025,0.0,0.0,0.0,0.0,0.0,534.0,2496.0,0.566,40,0,0,11.88,11.752,254,240,2,80,80,0,0,6400,0,0,0,0,0,0,0,0,0,0,240,0,0,0,3974,176,0,3638,0,0,6,3.974
2217,18.723,22.651,0.025,0.0,0.0,0.0,0.0,0.0,534.0,2496.0,0.707,40,0,0,13.431,13.301,253,240,2,80,80,0,0,6400,0,0,0,0,0,0,0,0,0,0,240,0,0,0,4160,191,0,3829,0,0,5,4.16
2218,16.127,22.651,0.025,0.0,0.0,0.0,0.0,0.0,534.0,2496.0,0.485,40,0,0,11.938,11.787,255,240,2,80,80,0,0,6400,0,0,0,0,0,0,0,0,0,0,240,0,0,0,3047,140,0,2788,0,0,2,3.047
2219,12.175,22.651,0.025,0.0,0.0,0.0,0.0,0.0,534.0,2496.0,0.462,40,0,0,8.467,8.363,255,240,2,80,80,0,0,6400,0,0,0,0,0,0,0,0,0,0,240,0,0,0,2838,113,0,2638,0,0,3,2.838
2220,12.199,22.651,0.025,0.0,0.0,0.0,0.0,0.0,534.0,2496.0,0.451,40,0,0,8.531,8.443,253,240,2,80,80,0,0,6400,0,0,0,0,0,0,0,0,0,0,240,0,0,0,2836,123,0,2626,0,0,3,2.836
2221,14.762,22.651,0.025,0.0,0.0,0.0,0.0,0.0,534.0,2496.0,0.532,40,0,0,8.34,8.259,252,240,2,80,80,0,0,6400,0,0,0,0,0,0,0,0,0,0,240,0,0,0,5549,117,0,5309,0,0,4,5.549
2222,13.518,22.651,0.025,0.0,0.0,0.0,0.0,0.0,534.0,2496.0,0.442,40,0,0,9.379,9.279,254,240,2,80,80,0,0,6400,0,0,0,0,0,0,0,0,0,0,240,0,0,0,3186,127,0,2828,0,0,3,3.186
2223,12.45,22.651,0.025,0.0,0.0,0.0,0.0,0.0,534.0,2496.0,0.452,40,0,0,8.858,8.774,252,240,2,80,80,0,0,6400,0,0,0,0,0,0,0,0,0,0,240,0,0,0,2776,119,0,2570,0,0,2,2.776
2224,15.604,22.651,0.025,0.0,0.0,0.0,0.0,0.0,534.0,2496.0,0.636,40,0,0,10.5,10.341,255,240,2,80,80,0,0,6400,0,0,0,0,0,0,0,0,0,0,240,0,0,0,4141,167,0,3791,0,0,5,4.141
2225,17.612,22.651,0.025,0.0,0.0,0.0,0.0,0.0,534.0,2496.0,0.696,40,0,0,12.318,12.191,253,240,2,80,80,0,0,6400,0,0,0,0,0,0,0,0,0,0,240,0,0,0,4094,183,0,3726,0,0,5,4.094
2226,17.324,22.651,0.025,0.0,0.0,0.0,0.0,0.0,534.0,2496.0,0.65,40,0,0,12.168,12.023,255,240,2,80,80,0,0,6400,0,0,0,0,0,0,0,0,0,0,240,0,0,0,3923,161,0,3632,0,0,4,3.923
2227,17.099,22.651,0.025,0.0,0.0,0.0,0.0,0.0,534.0,2496.0,0.589,40,0,0,11.876,11.737,253,240,2,80,80,0,0,6400,0,0,0,0,0,0,0,0,0,0,240,0,0,0,3978,170,0,3661,0,0,5,3.978
2228,17.168,22.651,0.025,0.0,0.0,0.0,0.0,0.0,534.0,2496.0,0.653,40,0,0,12.019,11.871,255,240,2,80,80,0,0,6400,0,0,0,0,0,0,0,0,0,0,240,0,0,0,3983,182,0,3658,0,0,5,3.983
2229,17.721,22.651,0.025,0.0,0.0,0.0,0.0,0.0,534.0,2496.0,0.56,40,0,0,12.415,12.298,252,240,2,80,80,0,0,6400,0,0,0,0,0,0,0,0,0,0,240,0,0,0,4108,212,0,3744,0,0,5,4.108
2230,16.686,22.651,0.025,0.0,0.0,0.0,0.0,0.0,534.0,2496.0,0.509,40,0,0,11.695,11.519,255,240,2,80,80,0,0,6400,0,0,0,0,0,0,0,0,0,0,240,0,0,0,3904,234,0,3539,0,0,5,3.904
2231,11.33,22.651,0.025,0.0,0.0,0.0,0.0,0.0,534.0,2496.0,0.379,40,0,0,7.779,7.675,253,240,2,80,80,0,0,6400,0,0,0,0,0,0,0,0,0,0,240,0,0,0,2669,110,0,2472,0,0,2,2.669
2232,11.207,22.651,0.025,0.0,0.0,0.0,0.0,0.0,534.0,2496.0,0.383,40,0,0,7.843,7.764,253,240,2,80,80,0,0,6400,0,0,0,0,0,0,0,0,0,0,240,0,0,0,2651,106,0,2457,0,0,2,2.651
2233,11.206,22.651,0.025,0.0,0.0,0.0,0.0,0.0,534.0,2496.0,0.42,40,0,0,7.853,7.77,253,240,2,80,80,0,0,6400,0,0,0,0,0,0,0,0,0,0,240,0,0,0,2622,110,0,2427,0,0,3,2.622
2234,11.523,22.651,0.025,0.0,0.0,0.0,0.0,0.0,534.0,2496.0,0.469,40,0,0,8.074,7.982,254,240,2,80,80,0,0,6400,0,0,0,0,0,0,0,0,0,0,240,0,0,0,2696,119,0,2493,0,0,3,2.696
2235,11.281,22.651,0.025,0.0,0.0,0.0,0.0,0.0,534.0,2496.0,0.385,40,0,0,7.853,7.767,254,240,2,80,80,0,0,6400,0,0,0,0,0,0,0,0,0,0,240,0,0,0,2625,107,0,2414,0,0,3,2.625
2236,11.722,22.651,0.025,0.0,0.0,0.0,0.0,0.0,534.0,2496.0,0.469,40,0,0,7.879,7.773,254,240,2,80,80,0,0,6400,0,0,0,0,0,0,0,0,0,0,240,0,0,0,2914,161,0,2663,0,0,1,2.914
2237,13.203,22.651,0.025,0.0,0.0,0.0,0.0,0.0,534.0,2496.0,0.475,40,0,0,9.507,9.383,254,240,2,80,80,0,0,6400,0,0,0,0,0,0,0,0,0,0,240,0,0,0,2819,153,0,2541,0,0,4,2.819
2238,12.189,22.651,0.025,0.0,0.0,0.0,0.0,0.0,534.0,2496.0,0.423,40,0,0,8.545,8.417,252,240,2,80,80,0,0,6400,0,0,0,0,0,0,0,0,0,0,240,0,0,0,2796,118,0,2590,0,0,2,2.796
2239,12.184,22.651,0.025,0.0,0.0,0.0,0.0,0.0,534.0,2496.0,0.483,40,0,0,8.407,8.321,252,240,2,80,80,0,0,6400,0,0,0,0,0,0,0,0,0,0,240,0,0,0,2974,123,0,2751,0,0,3,2.974
2240,12.613,22.651,0.025,0.0,0.0,0.0,0.0,0.0,534.0,2496.0,0.45,40,0,0,8.913,8.817,254,240,2,80,80,0,0,6400,0,0,0,0,0,0,0,0,0,0,240,0,0,0,2828,118,0,2617,0,0,3,2.828
2241,12.795,22.651,0.025,0.0,0.0,0.0,0.0,0.0,534.0,2496.0,0.578,40,0,0,8.43,8.323,253,240,2,80,80,0,0,6400,0,0,0,0,0,0,0,0,0,0,240,0,0,0,3554,136,0,3284,0,0,4,3.554
2242,13.337,22.651,0.025,0.0,0.0,0.0,0.0,0.0,534.0,2496.0,0.425,40,0,0,9.536,9.367,254,240,2,80,80,0,0,6400,0,0,0,0,0,0,0,0,0,0,240,0,0,0,2821,120,0,2615,0,0,2,2.821
2243,14.109,22.651,0.025,0.0,0.0,0.0,0.0,0.0,534.0,2496.0,0.475,40,0,0,9.988,9.879,255,240,2,80,80,0,0,6400,0,0,0,0,0,0,0,0,0,0,240,0,0,0,3298,122,0,3070,0,0,3,3.298
2244,12.293,22.651,0.025,0.0,0.0,0.0,0.0,0.0,534.0,2496.0,0.469,40,0,0,8.229,8.14,252,240,2,80,80,0,0,6400,0,0,0,0,0,0,0,0,0,0,240,0,0,0,3224,113,0,2998,0,0,3,3.224
2245,12.686,22.651,0.025,0.0,0.0,0.0,0.0,0.0,534.0,2496.0,0.442,40,0,0,8.802,8.712,253,240,2,80,80,0,0,6400,0,0,0,0,0,0,0,0,0,0,240,0,0,0,2820,117,0,2618,0,0,3,2.82
2246,12.603,22.651,0.025,0.0,0.0,0.0,0.0,0.0,534.0,2496.0,0.418,40,0,0,8.982,8.86,254,240,2,80,80,0,0,6400,0,0,0,0,0,0,0,0,0,0,240,0,0,0,2778,119,0,2573,0,0,2,2.778
2247,12.791,22.651,0.025,0.0,0.0,0.0,0.0,0.0,534.0,2496.0,0.49,40,0,0,9.198,9.122,252,240,2,80,80,0,0,6400,0,0,0,0,0,0,0,0,0,0,240,0,0,0,2769,117,0,2562,0,0,3,2.769
2248,12.157,22.651,0.025,0.0,0.0,0.0,0.0,0.0,534.0,2496.0,0.485,40,0,0,8.47,8.384,253,240,2,80,80,0,0,6400,0,0,0,0,0,0,0,0,0,0,240,0,0,0,2832,121,0,2617,0,0,2,2.832
2249,11.99,22.651,0.025,0.0,0.0,0.0,0.0,0.0,534.0,2496.0,0.458,40,0,0,8.426,8.322,255,240,2,80,80,0,0,6400,0,0,0,0,0,0,0,0,0,0,240,0,0,0,2745,111,0,2553,0,0,3,2.745
2250,11.662,22.651,0.025,0.0,0.0,0.0,0.0,0.0,534.0,2496.0,0.439,40,0,0,8.108,8.031,252,240,2,80,80,0,0,6400,0,0,0,0,0,0,0,0,0,0,240,0,0,0,2736,115,0,2524,0,0,2,2.736
2251,11.92,22.651,0.025,0.0,0.0,0.0,0.0,0.0,534.0,2496.0,0.484,40,0,0,8.286,8.167,254,240,2,80,80,0,0,6400,0,0,0,0,0,0,0,0,0,0,240,0,0,0,2843,116,0,2631,0,0,3,2.843
2252,11.842,22.651,0.025,0.0,0.0,0.0,0.0,0.0,534.0,2496.0,0.414,40,0,0,8.245,8.112,254,240,2,80,80,0,0,6400,0,0,0,0,0,0,0,0,0,0,240,0,0,0,2789,112,0,2585,0,0,3,2.789
2253,11.671,22.651,0.025,0.0,0.0,0.0,0.0,0.0,534.0,2496.0,0.387,40,0,0,8.088,7.999,253,240,2,80,80,0,0,6400,0,0,0,0,0,0,0,0,0,0,240,0,0,0,2760,115,0,2558,0,0,2,2.76
2254,12.026,22.651,0.025,0.0,0.0,0.0,0.0,0.0,534.0,2496.0,0.43,40,0,0,8.387,8.313,252,240,2,80,80,0,0,6400,0,0,0,0,0,0,0,0,0,0,240,0,0,0,2864,118,0,2655,0,0,3,2.864
2255,12.108,22.651,0.025,0.0,0.0,0.0,0.0,0.0,534.0,2496.0,0.416,40,0,0,8.52,8.419,255,240,2,80,80,0,0,6400,0,0,0,0,0,0,0,0,0,0,240,0,0,0,2767,139,0,2539,0,0,2,2.767
2256,11.856,22.651,0.025,0.0,0.0,0.0,0.0,0.0,534.0,2496.0,0.455,40,0,0,8.311,8.222,254,240,2,80,80,0,0,6400,0,0,0,0,0,0,0,0,0,0,240,0,0,0,2773,110,0,2571,0,0,4,2.773
2257,13.267,22.651,0.025,0.0,0.0,0.0,0.0,0.0,534.0,2496.0,0.441,40,0,0,9.595,8.39,253,240,2,80,80,0,0,6400,0,0,0,0,0,0,0,0,0,0,240,0,0,0,2867,120,0,2640,0,0,3,2.867
2258,12.089,22.651,0.025,0.0,0.0,0.0,0.0,0.0,534.0,2496.0,0.422,40,0,0,8.438,8.345,254,240,2,80,80,0,0,6400,0,0,0,0,0,0,0,0,0,0,240,0,0,0,2852,115,0,2638,0,0,3,2.852
2259,11.925,22.651,0.025,0.0,0.0,0.0,0.0,0.0,534.0,2496.0,0.421,40,0,0,8.352,8.261,253,240,2,80,80,0,0,6400,0,0,0,0,0,0,0,0,0,0,240,0,0,0,2787,124,0,2573,0,0,3,2.787
2260,13.721,22.651,0.025,0.0,0.0,0.0,0.0,0.0,534.0,2496.0,0.457,40,0,0,8.325,8.234,252,240,2,80,80,0,0,6400,0,0,0,0,0,0,0,0,0,0,240,0,0,0,4659,113,0,4432,0,0,3,4.659
2261,15.515,22.651,0.025,0.0,0.0,0.0,0.0,0.0,534.0,2496.0,0.606,40,0,0,10.888,10.789,254,240,2,80,80,0,0,6400,0,0,0,0,0,0,0,0,0,0,240,0,0,0,3754,186,0,3426,0,0,3,3.754
2262,15.858,22.651,0.025,0.0,0.0,0.0,0.0,0.0,534.0,2496.0,0.582,40,0,0,11.053,10.946,252,240,2,80,80,0,0,6400,0,0,0,0,0,0,0,0,0,0,240,0,0,0,3730,160,0,3444,0,0,4,3.73
2263,17.699,22.651,0.025,0.0,0.0,0.0,0.0,0.0,534.0,2496.0,0.642,40,0,0,12.269,12.153,253,240,2,80,80,0,0,6400,0,0,0,0,0,0,0,0,0,0,240,0,0,0,4383,174,0,4035,0,0,4,4.383
2264,17.984,22.651,0.025,0.0,0.0,0.0,0.0,0.0,534.0,2496.0,0.628,40,0,0,12.514,12.37,254,240,2,80,80,0,0,6400,0,0,0,0,0,0,0,0,0,0,240,0,0,0,4335,202,0,3988,0,0,4,4.335
2265,18.098,22.651,0.025,0.0,0.0,0.0,0.0,0.0,534.0,2496.0,0.671,40,0,0,12.507,12.371,253,240,2,80,80,0,0,6400,0,0,0,0,0,0,0,0,0,0,240,0,0,0,4442,212,0,4062,0,0,5,4.442
2266,16.812,22.651,0.025,0.0,0.0,0.0,0.0,0.0,534.0,2496.0,0.63,40,0,0,11.605,11.476,253,240,2,80,80,0,0,6400,0,0,0,0,0,0,0,0,0,0,240,0,0,0,4007,168,0,3701,0,0,3,4.007
2267,18.597,22.651,0.025,0.0,0.0,0.0,0.0,0.0,534.0,2496.0,0.586,40,0,0,13.251,12.874,253,240,2,80,80,0,0,6400,0,0,0,0,0,0,0,0,0,0,240,0,0,0,4200,165,0,3898,0,0,3,4.2
2268,17.093,22.651,0.025,0.0,0.0,0.0,0.0,0.0,534.0,2496.0,0.668,40,0,0,11.672,11.569,252,240,2,80,80,0,0,6400,0,0,0,0,0,0,0,0,0,0,240,0,0,0,4326,186,0,3990,0,0,4,4.326
2269,17.518,22.651,0.025,0.0,0.0,0.0,0.0,0.0,534.0,2496.0,0.648,40,0,0,12.07,11.947,253,240,2,80,80,0,0,6400,0,0,0,0,0,0,0,0,0,0,240,0,0,0,4267,173,0,3958,0,0,3,4.267
2270,17.125,22.651,0.025,0.0,0.0,0.0,0.0,0.0,534.0,2496.0,0.627,40,0,0,11.759,11.627,255,240,2,80,80,0,0,6400,0,0,0,0,0,0,0,0,0,0,240,0,0,0,4246,155,0,3953,0,0,4,4.246
2271,17.678,22.651,0.025,0.0,0.0,0.0,0.0,0.0,534.0,2496.0,0.574,40,0,0,12.657,12.544,252,240,2,80,80,0,0,6400,0,0,0,0,0,0,0,0,0,0,240,0,0,0,3771,171,0,3459,0,0,4,3.771
2272,16.225,22.651,0.025,0.0,0.0,0.0,0.0,0.0,534.0,2496.0,0.517,40,0,0,11.392,11.237,253,240,2,80,80,0,0,6400,0,0,0,0,0,0,0,0,0,0,240,0,0,0,3763,153,0,3487,0,0,4,3.763
2273,15.959,22.651,0.025,0.0,0.0,0.0,0.0,0.0,534.0,2496.0,0.577,40,0,0,11.116,10.982,254,240,2,80,80,0,0,6400,0,0,0,0,0,0,0,0,0,0,240,0,0,0,3789,162,0,3462,0,0,4,3.789
2274,16.33,22.651,0.025,0.0,0.0,0.0,0.0,0.0,534.0,2496.0,0.522,40,0,0,11.725,11.611,252,240,2,80,80,0,0,6400,0,0,0,0,0,0,0,0,0,0,240,0,0,0,3542,149,0,3276,0,0,3,3.542
2275,16.45,22.651,0.025,0.0,0.0,0.0,0.0,0.0,534.0,2496.0,0.61,40,0,0,11.084,10.988,252,240,2,80,80,0,0,6400,0,0,0,0,0,0,0,0,0,0,240,0,0,0,4393,167,0,4055,0,0,5,4.393
2276,16.563,22.651,0.025,0.0,0.0,0.0,0.0,0.0,534.0,2496.0,0.547,40,0,0,11.609,11.445,253,240,2,80,80,0,0,6400,0,0,0,0,0,0,0,0,0,0,240,0,0,0,3869,164,0,3586,0,0,3,3.869
2277,15.476,22.651,0.025,0.0,0.0,0.0,0.0,0.0,534.0,2496.0,0.539,40,0,0,10.537,10.434,253,240,2,80,80,0,0,6400,0,0,0,0,0,0,0,0,0,0,240,0,0,0,3911,158,0,3624,0,0,3,3.911
2278,17.093,22.651,0.025,0.0,0.0,0.0,0.0,0.0,534.0,2496.0,0.517,40,0,0,12.026,11.911,254,240,2,80,80,0,0,6400,0,0,0,0,0,0,0,0,0,0,240,0,0,0,4010,166,0,3701,0,0,3,4.01
2279,12.148,22.651,0.025,0.0,0.0,0.0,0.0,0.0,534.0,2496.0,0.405,40,0,0,8.419,8.209,253,240,2,80,80,0,0,6400,0,0,0,0,0,0,0,0,0,0,240,0,0,0,2840,107,0,2639,0,0,2,2.84
2280,14.182,22.651,0.025,0.0,0.0,0.0,0.0,0.0,534.0,2496.0,0.463,40,0,0,10.552,10.45,252,240,2,80,80,0,0,6400,0,0,0,0,0,0,0,0,0,0,240,0,0,0,2866,111,0,2664,0,0,3,2.866
2281,12.38,22.651,0.025,0.0,0.0,0.0,0.0,0.0,534.0,2496.0,0.411,40,0,0,8.737,8.649,252,240,2,80,80,0,0,6400,0,0,0,0,0,0,0,0,0,0,240,0,0,0,2782,117,0,2574,0,0,3,2.782
2282,17.403,22.651,0.025,0.0,0.0,0.0,0.0,0.0,534.0,2496.0,0.56,40,0,0,12.815,12.732,253,240,2,80,80,0,0,6400,0,0,0,0,0,0,0,0,0,0,240,0,0,0,3739,164,0,3440,0,0,4,3.739
2283,13.041,18.448,0.056,0.0,0.0,0.0,0.0,0.0,534.0,2496.0,0.505,40,0,0,9.152,9.073,252,240,2,80,80,0,0,6400,0,0,0,0,0,0,0,0,0,0,240,0,0,0,2833,116,0,2619,0,0,3,2.833
2284,13.081,18.448,0.056,0.0,0.0,0.0,0.0,0.0,534.0,2496.0,0.595,40,0,0,9.229,9.133,254,240,2,80,80,0,0,6400,0,0,0,0,0,0,0,0,0,0,240,0,0,0,2921,129,0,2693,0,0,4,2.921
2285,14.8,18.448,0.056,0.0,0.0,0.0,0.0,0.0,534.0,2496.0,0.533,40,0,0,9.851,9.759,253,240,2,80,80,0,0,6400,0,0,0,0,0,0,0,0,0,0,240,0,0,0,3907,159,0,3585,0,0,4,3.907
2286,14.788,18.448,0.056,0.0,0.0,0.0,0.0,0.0,534.0,2496.0,0.418,40,0,0,11.004,10.846,254,240,2,80,80,0,0,6400,0,0,0,0,0,0,0,0,0,0,240,0,0,0,2838,120,0,2626,0,0,3,2.838
2287,15.116,18.448,0.056,0.0,0.0,0.0,0.0,0.0,534.0,2496.0,0.506,40,0,0,10.342,10.264,252,240,2,80,80,0,0,6400,0,0,0,0,0,0,0,0,0,0,240,0,0,0,3903,163,0,3593,0,0,4,3.903
2288,13.925,18.448,0.056,0.0,0.0,0.0,0.0,0.0,534.0,2496.0,0.51,40,0,0,9.906,9.803,252,240,2,80,80,0,0,6400,0,0,0,0,0,0,0,0,0,0,240,0,0,0,3115,128,0,2883,0,0,4,3.115
2289,13.545,18.448,0.056,0.0,0.0,0.0,0.0,0.0,534.0,2496.0,0.506,40,0,0,9.599,9.48,254,240,2,80,80,0,0,6400,0,0,0,0,0,0,0,0,0,0,240,0,0,0,3034,125,0,2806,0,0,4,3.034
2290,12.576,18.448,0.056,0.0,0.0,0.0,0.0,0.0,534.0,2496.0,0.408,40,0,0,8.785,8.674,253,240,2,80,80,0,0,6400,0,0,0,0,0,0,0,0,0,0,240,0,0,0,2909,112,0,2701,0,0,3,2.909
2291,12.473,18.448,0.056,0.0,0.0,0.0,0.0,0.0,534.0,2496.0,0.558,40,0,0,8.708,8.615,254,240,2,80,80,0,0,6400,0,0,0,0,0,0,0,0,0,0,240,0,0,0,2985,112,0,2773,0,0,3,2.985
2292,13.154,18.448,0.056,0.0,0.0,0.0,0.0,0.0,534.0,2496.0,0.417,40,0,0,9.404,9.321,252,240,2,80,80,0,0,6400,0,0,0,0,0,0,0,0,0,0,240,0,0,0,2772,113,0,2572,0,0,3,2.772
2293,13.01,18.448,0.056,0.0,0.0,0.0,0.0,0.0,534.0,2496.0,0.506,40,0,0,8.871,8.783,254,240,2,80,80,0,0,6400,0,0,0,0,0,0,0,0,0,0,240,0,0,0,3324,120,0,3094,0,0,3,3.324
2294,13.374,18.448,0.056,0.0,0.0,0.0,0.0,0.0,534.0,2496.0,0.405,40,0,0,9.437,9.349,253,240,2,80,80,0,0,6400,0,0,0,0,0,0,0,0,0,0,240,0,0,0,3024,116,0,2802,0,0,3,3.024
2295,12.941,18.448,0.056,0.0,0.0,0.0,0.0,0.0,534.0,2496.0,0.408,40,0,0,9.109,9.03,252,240,2,80,80,0,0,6400,0,0,0,0,0,0,0,0,0,0,240,0,0,0,2922,127,0,2696,0,0,4,2.922
2296,25.932,18.448,0.056,0.0,0.0,0.0,0.0,0.0,534.0,2496.0,0.541,40,0,0,20.722,20.635,253,240,2,80,80,0,0,6400,0,0,0,0,0,0,0,0,0,0,240,0,0,0,4450,127,0,4195,0,0,6,4.45
2297,12.334,18.448,0.056,0.0,0.0,0.0,0.0,0.0,534.0,2496.0,0.453,40,0,0,8.474,8.373,252,240,2,80,80,0,0,6400,0,0,0,0,0,0,0,0,0,0,240,0,0,0,2889,137,0,2654,0,0,3,2.889
2298,12.35,18.448,0.056,0.0,0.0,0.0,0.0,0.0,534.0,2496.0,0.487,40,0,0,8.545,8.452,252,240,2,80,80,0,0,6400,0,0,0,0,0,0,0,0,0,0,240,0,0,0,2940,115,0,2732,0,0,3,2.94
2299,12.643,18.448,0.056,0.0,0.0,0.0,0.0,0.0,534.0,2496.0,0.437,40,0,0,8.878,8.751,255,240,2,80,80,0,0,6400,0,0,0,0,0,0,0,0,0,0,240,0,0,0,2894,125,0,2669,0,0,3,2.894
2300,12.079,18.448,0.056,0.0,0.0,0.0,0.0,0.0,534.0,2496.0,0.429,40,0,0,8.425,8.316,253,240,2,80,80,0,0,6400,0,0,0,0,0,0,0,0,0,0,240,0,0,0,2817,123,0,2600,0,0,3,2.817
2301,11.781,18.448,0.056,0.0,0.0,0.0,0.0,0.0,534.0,2496.0,0.437,40,0,0,8.181,8.096,253,240,2,80,80,0,0,6400,0,0,0,0,0,0,0,0,0,0,240,0,0,0,2830,113,0,2621,0,0,3,2.83
2302,11.951,18.448,0.056,0.0,0.0,0.0,0.0,0.0,534.0,2496.0,0.422,40,0,0,8.347,8.261,253,240,2,80,80,0,0,6400,0,0,0,0,0,0,0,0,0,0,240,0,0,0,2812,113,0,2606,0,0,3,2.812
2303,11.942,18.448,0.056,0.0,0.0,0.0,0.0,0.0,534.0,2496.0,0.427,40,0,0,8.335,8.252,253,240,2,80,80,0,0,6400,0,0,0,0,0,0,0,0,0,0,240,0,0,0,2840,114,0,2636,0,0,3,2.84
2304,13.038,18.448,0.056,0.0,0.0,0.0,0.0,0.0,534.0,2496.0,0.411,40,0,0,9.384,8.208,253,240,2,80,80,0,0,6400,0,0,0,0,0,0,0,0,0,0,240,0,0,0,2848,116,0,2637,0,0,3,2.848
2305,11.77,18.448,0.056,0.0,0.0,0.0,0.0,0.0,534.0,2496.0,0.405,40,0,0,8.194,8.105,254,240,2,80,80,0,0,6400,0,0,0,0,0,0,0,0,0,0,240,0,0,0,2815,114,0,2608,0,0,3,2.815
2306,12.169,18.448,0.056,0.0,0.0,0.0,0.0,0.0,534.0,2496.0,0.513,40,0,0,8.572,8.496,252,240,2,80,80,0,0,6400,0,0,0,0,0,0,0,0,0,0,240,0,0,0,2847,117,0,2649,0,0,3,2.847
2307,23.732,18.448,0.056,0.0,0.0,0.0,0.0,0.0,534.0,2496.0,0.937,40,0,0,16.784,16.698,253,240,2,80,80,0,0,6400,0,0,0,0,0,0,0,0,0,0,240,0,0,0,5847,270,0,5352,0,0,8,5.847
2308,27.424,18.448,0.056,0.0,0.0,0.0,0.0,0.0,534.0,2496.0,1.605,40,0,0,19.781,19.601,253,240,2,80,80,0,0,6400,0,0,0,0,0,0,0,0,0,0,240,0,0,0,5903,201,0,5353,0,0,6,5.903
2309,25.046,18.448,0.056,0.0,0.0,0.0,0.0,0.0,534.0,2496.0,0.814,40,0,0,17.607,17.484,252,240,2,80,80,0,0,6400,0,0,0,0,0,0,0,0,0,0,240,0,0,0,5167,281,0,4649,0,0,9,5.167
2310,19.433,18.448,0.056,0.0,0.0,0.0,0.0,0.0,534.0,2496.0,0.516,40,0,0,14.947,14.789,253,240,2,80,80,0,0,6400,0,0,0,0,0,0,0,0,0,0,240,0,0,0,3173,133,0,2922,0,0,6,3.173
2311,12.604,18.448,0.056,0.0,0.0,0.0,0.0,0.0,534.0,2496.0,0.419,40,0,0,9.08,8.986,253,240,2,80,80,0,0,6400,0,0,0,0,0,0,0,0,0,0,240,0,0,0,2589,102,0,2398,0,0,3,2.589
2312,12.297,18.448,0.056,0.0,0.0,0.0,0.0,0.0,534.0,2496.0,0.464,40,0,0,8.524,8.406,255,240,2,80,80,0,0,6400,0,0,0,0,0,0,0,0,0,0,240,0,0,0,2972,116,0,2747,0,0,4,2.972
2313,17.863,18.448,0.056,0.0,0.0,0.0,0.0,0.0,534.0,2496.0,0.703,40,0,0,12.727,12.646,252,240,2,80,80,0,0,6400,0,0,0,0,0,0,0,0,0,0,240,0,0,0,4138,181,0,3797,0,0,6,4.138
2314,18.096,18.448,0.056,0.0,0.0,0.0,0.0,0.0,534.0,2496.0,0.692,40,0,0,12.732,12.599,253,240,2,80,80,0,0,6400,0,0,0,0,0,0,0,0,0,0,240,0,0,0,4093,172,0,3770,0,0,6,4.093
2315,18.355,18.448,0.056,0.0,0.0,0.0,0.0,0.0,534.0,2496.0,0.636,40,0,0,12.99,12.863,253,240,2,80,80,0,0,6400,0,0,0,0,0,0,0,0,0,0,240,0,0,0,4112,237,0,3724,0,0,6,4.112
2316,18.327,18.448,0.056,0.0,0.0,0.0,0.0,0.0,534.0,2496.0,0.698,40,0,0,12.963,12.834,253,240,2,80,80,0,0,6400,0,0,0,0,0,0,0,0,0,0,240,0,0,0,4123,180,0,3792,0,0,5,4.123
2317,18.038,18.448,0.056,0.0,0.0,0.0,0.0,0.0,534.0,2496.0,0.684,40,0,0,12.74,12.558,254,240,2,80,80,0,0,6400,0,0,0,0,0,0,0,0,0,0,240,0,0,0,4020,179,0,3673,0,0,5,4.02
2318,18.183,18.448,0.056,0.0,0.0,0.0,0.0,0.0,534.0,2496.0,0.713,40,0,0,12.947,12.833,252,240,2,80,80,0,0,6400,0,0,0,0,0,0,0,0,0,0,240,0,0,0,4006,175,0,3677,0,0,6,4.006
2319,18.182,18.448,0.056,0.0,0.0,0.0,0.0,0.0,534.0,2496.0,0.714,40,0,0,12.843,12.722,252,240,2,80,80,0,0,6400,0,0,0,0,0,0,0,0,0,0,240,0,0,0,4017,184,0,3664,0,0,5,4.017
2320,18.417,18.448,0.056,0.0,0.0,0.0,0.0,0.0,534.0,2496.0,0.705,40,0,0,12.992,12.863,252,240,2,80,80,0,0,6400,0,0,0,0,0,0,0,0,0,0,240,0,0,0,4045,177,0,3719,0,0,5,4.045
2321,18.498,18.448,0.056,0.0,0.0,0.0,0.0,0.0,534.0,2496.0,0.721,40,0,0,13.109,12.968,253,240,2,80,80,0,0,6400,0,0,0,0,0,0,0,0,0,0,240,0,0,0,4054,182,0,3717,0,0,6,4.054
2322,18.413,18.448,0.056,0.0,0.0,0.0,0.0,0.0,534.0,2496.0,0.636,40,0,0,13.036,12.885,255,240,2,80,80,0,0,6400,0,0,0,0,0,0,0,0,0,0,240,0,0,0,4000,202,0,3642,0,0,6,4.0
2323,18.256,18.448,0.056,0.0,0.0,0.0,0.0,0.0,534.0,2496.0,0.7,40,0,0,12.951,12.77,252,240,2,80,80,0,0,6400,0,0,0,0,0,0,0,0,0,0,240,0,0,0,4062,167,0,3744,0,0,4,4.062
2324,18.173,18.448,0.056,0.0,0.0,0.0,0.0,0.0,534.0,2496.0,0.72,40,0,0,12.846,12.666,253,240,2,80,80,0,0,6400,0,0,0,0,0,0,0,0,0,0,240,0,0,0,4048,177,0,3662,0,0,5,4.048
2325,18.011,18.448,0.056,0.0,0.0,0.0,0.0,0.0,534.0,2496.0,0.707,40,0,0,12.745,12.623,252,240,2,80,80,0,0,6400,0,0,0,0,0,0,0,0,0,0,240,0,0,0,3964,172,0,3610,0,0,5,3.964
2326,17.993,18.448,0.056,0.0,0.0,0.0,0.0,0.0,534.0,2496.0,0.708,40,0,0,12.689,12.573,252,240,2,80,80,0,0,6400,0,0,0,0,0,0,0,0,0,0,240,0,0,0,4017,164,0,3706,0,0,5,4.017
2327,18.061,18.448,0.056,0.0,0.0,0.0,0.0,0.0,534.0,2496.0,0.703,40,0,0,12.76,12.639,253,240,2,80,80,0,0,6400,0,0,0,0,0,0,0,0,0,0,240,0,0,0,4073,167,0,3750,0,0,5,4.073
2328,18.269,18.448,0.056,0.0,0.0,0.0,0.0,0.0,534.0,2496.0,0.708,40,0,0,12.95,12.806,254,240,2,80,80,0,0,6400,0,0,0,0,0,0,0,0,0,0,240,0,0,0,4016,180,0,3650,0,0,6,4.016
2329,18.049,18.448,0.056,0.0,0.0,0.0,0.0,0.0,534.0,2496.0,0.746,40,0,0,12.83,12.714,252,240,2,80,80,0,0,6400,0,0,0,0,0,0,0,0,0,0,240,0,0,0,3989,258,0,3579,0,0,5,3.989
2330,17.489,18.448,0.056,0.0,0.0,0.0,0.0,0.0,534.0,2496.0,0.606,40,0,0,12.361,12.238,252,240,2,80,80,0,0,6400,0,0,0,0,0,0,0,0,0,0,240,0,0,0,3840,160,0,3549,0,0,4,3.84
2331,14.552,18.448,0.056,0.0,0.0,0.0,0.0,0.0,534.0,2496.0,0.48,40,0,0,10.884,10.775,252,240,2,80,80,0,0,6400,0,0,0,0,0,0,0,0,0,0,240,0,0,0,2619,113,0,2420,0,0,1,2.619
2332,11.242,18.448,0.056,0.0,0.0,0.0,0.0,0.0,534.0,2496.0,0.418,40,0,0,7.827,7.732,255,240,2,80,80,0,0,6400,0,0,0,0,0,0,0,0,0,0,240,0,0,0,2567,100,0,2383,0,0,3,2.567
2333,11.695,18.448,0.056,0.0,0.0,0.0,0.0,0.0,534.0,2496.0,0.488,40,0,0,8.101,8.027,252,240,2,80,80,0,0,6400,0,0,0,0,0,0,0,0,0,0,240,0,0,0,2781,122,0,2567,0,0,3,2.781
2334,11.716,18.448,0.056,0.0,0.0,0.0,0.0,0.0,534.0,2496.0,0.473,40,0,0,8.114,8.02,254,240,2,80,80,0,0,6400,0,0,0,0,0,0,0,0,0,0,240,0,0,0,2724,110,0,2513,0,0,3,2.724
2335,11.205,18.448,0.056,0.0,0.0,0.0,0.0,0.0,534.0,2496.0,0.422,40,0,0,7.743,7.663,252,240,2,80,80,0,0,6400,0,0,0,0,0,0,0,0,0,0,240,0,0,0,2610,110,0,2418,0,0,3,2.61
2336,15.486,18.448,0.056,0.0,0.0,0.0,0.0,0.0,534.0,2496.0,0.437,40,0,0,11.865,11.791,252,240,2,80,80,0,0,6400,0,0,0,0,0,0,0,0,0,0,240,0,0,0,2832,118,0,2627,0,0,3,2.832
2337,11.966,18.448,0.056,0.0,0.0,0.0,0.0,0.0,534.0,2496.0,0.427,40,0,0,8.26,8.172,253,240,2,80,80,0,0,6400,0,0,0,0,0,0,0,0,0,0,240,0,0,0,2915,114,0,2705,0,0,2,2.915
2338,12.295,18.448,0.056,0.0,0.0,0.0,0.0,0.0,534.0,2496.0,0.484,40,0,0,8.612,8.52,254,240,2,80,80,0,0,6400,0,0,0,0,0,0,0,0,0,0,240,0,0,0,2908,140,0,2670,0,0,4,2.908
2339,12.307,18.448,0.056,0.0,0.0,0.0,0.0,0.0,534.0,2496.0,0.459,40,0,0,8.578,8.489,253,240,2,80,80,0,0,6400,0,0,0,0,0,0,0,0,0,0,240,0,0,0,2853,129,0,2618,0,0,2,2.853
2340,12.41,18.448,0.056,0.0,0.0,0.0,0.0,0.0,534.0,2496.0,0.435,40,0,0,8.7,8.621,252,240,2,80,80,0,0,6400,0,0,0,0,0,0,0,0,0,0,240,0,0,0,2857,123,0,2637,0,0,3,2.857
2341,12.689,18.448,0.056,0.0,0.0,0.0,0.0,0.0,534.0,2496.0,0.534,40,0,0,8.986,8.9,253,240,2,80,80,0,0,6400,0,0,0,0,0,0,0,0,0,0,240,0,0,0,2884,139,0,2634,0,0,3,2.884
2342,12.639,18.448,0.056,0.0,0.0,0.0,0.0,0.0,534.0,2496.0,0.472,40,0,0,8.919,8.83,252,240,2,80,80,0,0,6400,0,0,0,0,0,0,0,0,0,0,240,0,0,0,2836,112,0,2634,0,0,3,2.836
2343,12.48,18.448,0.056,0.0,0.0,0.0,0.0,0.0,534.0,2496.0,0.435,40,0,0,8.833,8.728,252,240,2,80,80,0,0,6400,0,0,0,0,0,0,0,0,0,0,240,0,0,0,2767,115,0,2549,0,0,3,2.767
2344,12.621,18.448,0.056,0.0,0.0,0.0,0.0,0.0,534.0,2496.0,0.488,40,0,0,8.914,8.817,254,240,2,80,80,0,0,6400,0,0,0,0,0,0,0,0,0,0,240,0,0,0,2899,120,0,2686,0,0,3,2.899
2345,14.388,18.448,0.056,0.0,0.0,0.0,0.0,0.0,534.0,2496.0,0.541,40,0,0,9.514,9.415,254,240,2,80,80,0,0,6400,0,0,0,0,0,0,0,0,0,0,240,0,0,0,3924,160,0,3613,0,0,5,3.924
2346,14.07,18.448,0.056,0.0,0.0,0.0,0.0,0.0,534.0,2496.0,0.464,40,0,0,10.154,10.04,253,240,2,80,80,0,0,6400,0,0,0,0,0,0,0,0,0,0,240,0,0,0,2944,115,0,2729,0,0,3,2.944
2347,14.205,18.448,0.056,0.0,0.0,0.0,0.0,0.0,534.0,2496.0,0.504,40,0,0,10.081,9.995,252,240,2,80,80,0,0,6400,0,0,0,0,0,0,0,0,0,0,240,0,0,0,3258,130,0,3020,0,0,3,3.258
2348,17.289,27.3,0.076,0.0,0.0,0.0,0.0,0.0,534.0,2496.0,0.657,40,0,0,12.288,12.166,253,240,2,80,80,0,0,6400,0,0,0,0,0,0,0,0,0,0,240,0,0,0,3966,169,0,3615,0,0,16,3.966
2349,18.059,27.3,0.076,0.0,0.0,0.0,0.0,0.0,534.0,2496.0,0.658,40,0,0,12.821,12.7,252,240,2,80,80,0,0,6400,0,0,0,0,0,0,0,0,0,0,240,0,0,0,4039,169,0,3734,0,0,4,4.039
2350,17.763,27.3,0.076,0.0,0.0,0.0,0.0,0.0,534.0,2496.0,0.669,40,0,0,12.512,12.381,253,240,2,80,80,0,0,6400,0,0,0,0,0,0,0,0,0,0,240,0,0,0,4025,187,0,3694,0,0,6,4.025
2351,19.143,27.3,0.076,0.0,0.0,0.0,0.0,0.0,534.0,2496.0,0.748,40,0,0,13.849,12.097,253,240,2,80,80,0,0,6400,0,0,0,0,0,0,0,0,0,0,240,0,0,0,4077,183,0,3747,0,0,6,4.077
2352,18.204,27.3,0.076,0.0,0.0,0.0,0.0,0.0,534.0,2496.0,0.698,40,0,0,12.921,12.763,254,240,2,80,80,0,0,6400,0,0,0,0,0,0,0,0,0,0,240,0,0,0,4022,175,0,3704,0,0,5,4.022
2353,17.851,27.3,0.076,0.0,0.0,0.0,0.0,0.0,534.0,2496.0,0.784,40,0,0,12.629,12.496,252,240,2,80,80,0,0,6400,0,0,0,0,0,0,0,0,0,0,240,0,0,0,3988,174,0,3657,0,0,5,3.988
2354,18.158,27.3,0.076,0.0,0.0,0.0,0.0,0.0,534.0,2496.0,0.689,40,0,0,12.842,12.707,254,240,2,80,80,0,0,6400,0,0,0,0,0,0,0,0,0,0,240,0,0,0,4005,167,0,3676,0,0,4,4.005
2355,17.715,27.3,0.076,0.0,0.0,0.0,0.0,0.0,534.0,2496.0,0.672,40,0,0,12.625,12.503,252,240,2,80,80,0,0,6400,0,0,0,0,0,0,0,0,0,0,240,0,0,0,3907,190,0,3564,0,0,4,3.907
2356,17.388,27.3,0.076,0.0,0.0,0.0,0.0,0.0,534.0,2496.0,0.615,40,0,0,12.36,12.237,253,240,2,80,80,0,0,6400,0,0,0,0,0,0,0,0,0,0,240,0,0,0,3772,162,0,3475,0,0,6,3.772
2357,16.738,27.3,0.076,0.0,0.0,0.0,0.0,0.0,534.0,2496.0,0.623,40,0,0,11.848,11.739,252,240,2,80,80,0,0,6400,0,0,0,0,0,0,0,0,0,0,240,0,0,0,3763,197,0,3425,0,0,6,3.763
2358,16.59,27.3,0.076,0.0,0.0,0.0,0.0,0.0,534.0,2496.0,0.563,40,0,0,11.776,11.654,253,240,2,80,80,0,0,6400,0,0,0,0,0,0,0,0,0,0,240,0,0,0,3668,166,0,3365,0,0,5,3.668
2359,18.222,27.3,0.076,0.0,0.0,0.0,0.0,0.0,534.0,2496.0,0.663,40,0,0,12.855,12.706,253,240,2,80,80,0,0,6400,0,0,0,0,0,0,0,0,0,0,240,0,0,0,4232,238,0,3838,0,0,7,4.232
2360,17.76,27.3,0.076,0.0,0.0,0.0,0.0,0.0,534.0,2496.0,0.594,40,0,0,12.558,12.436,253,240,2,80,80,0,0,6400,0,0,0,0,0,0,0,0,0,0,240,0,0,0,3973,162,0,3634,0,0,5,3.973
2361,17.664,27.3,0.076,0.0,0.0,0.0,0.0,0.0,534.0,2496.0,0.759,40,0,0,12.531,12.414,252,240,2,80,80,0,0,6400,0,0,0,0,0,0,0,0,0,0,240,0,0,0,3876,169,0,3535,0,0,6,3.876
2362,17.513,27.3,0.076,0.0,0.0,0.0,0.0,0.0,534.0,2496.0,0.699,40,0,0,12.275,12.143,253,240,2,80,80,0,0,6400,0,0,0,0,0,0,0,0,0,0,240,0,0,0,3934,175,0,3559,0,0,4,3.934
2363,17.855,27.3,0.076,0.0,0.0,0.0,0.0,0.0,534.0,2496.0,0.647,40,0,0,12.576,12.458,252,240,2,80,80,0,0,6400,0,0,0,0,0,0,0,0,0,0,240,0,0,0,3959,172,0,3647,0,0,5,3.959
2364,17.78,27.3,0.076,0.0,0.0,0.0,0.0,0.0,534.0,2496.0,0.644,40,0,0,12.725,12.586,254,240,2,80,80,0,0,6400,0,0,0,0,0,0,0,0,0,0,240,0,0,0,3767,167,0,3458,0,0,6,3.767
2365,15.188,27.3,0.076,0.0,0.0,0.0,0.0,0.0,534.0,2496.0,0.411,40,0,0,10.323,10.172,252,240,2,80,80,0,0,6400,0,0,0,0,0,0,0,0,0,0,240,0,0,0,3690,108,0,3463,0,0,6,3.69
2366,12.567,27.3,0.076,0.0,0.0,0.0,0.0,0.0,534.0,2496.0,0.476,40,0,0,8.996,8.917,252,240,2,80,80,0,0,6400,0,0,0,0,0,0,0,0,0,0,240,0,0,0,2678,134,0,2460,0,0,2,2.678
2367,11.865,27.3,0.076,0.0,0.0,0.0,0.0,0.0,534.0,2496.0,0.474,40,0,0,8.258,8.171,253,240,2,80,80,0,0,6400,0,0,0,0,0,0,0,0,0,0,240,0,0,0,2753,142,0,2516,0,0,2,2.753
2368,16.816,27.3,0.076,0.0,0.0,0.0,0.0,0.0,534.0,2496.0,0.598,40,0,0,12.635,12.558,252,240,2,80,80,0,0,6400,0,0,0,0,0,0,0,0,0,0,240,0,0,0,3336,107,0,3128,0,0,4,3.336
2369,16.029,27.3,0.076,0.0,0.0,0.0,0.0,0.0,534.0,2496.0,0.561,40,0,0,11.176,11.045,254,240,2,80,80,0,0,6400,0,0,0,0,0,0,0,0,0,0,240,0,0,0,3798,158,0,3505,0,0,4,3.798
2370,15.132,27.3,0.076,0.0,0.0,0.0,0.0,0.0,534.0,2496.0,0.529,40,0,0,10.488,10.365,254,240,2,80,80,0,0,6400,0,0,0,0,0,0,0,0,0,0,240,0,0,0,3682,183,0,3380,0,0,4,3.682
2371,14.656,27.3,0.076,0.0,0.0,0.0,0.0,0.0,534.0,2496.0,0.465,40,0,0,10.191,10.101,252,240,2,80,80,0,0,6400,0,0,0,0,0,0,0,0,0,0,240,0,0,0,3544,145,0,3285,0,0,4,3.544
2372,14.605,27.3,0.076,0.0,0.0,0.0,0.0,0.0,534.0,2496.0,0.533,40,0,0,10.304,10.188,252,240,2,80,80,0,0,6400,0,0,0,0,0,0,0,0,0,0,240,0,0,0,3454,138,0,3195,0,0,3,3.454
2373,14.711,27.3,0.076,0.0,0.0,0.0,0.0,0.0,534.0,2496.0,0.519,40,0,0,10.287,10.184,253,240,2,80,80,0,0,6400,0,0,0,0,0,0,0,0,0,0,240,0,0,0,3469,146,0,3206,0,0,3,3.469
2374,14.661,27.3,0.076,0.0,0.0,0.0,0.0,0.0,534.0,2496.0,0.508,40,0,0,10.211,10.119,252,240,2,80,80,0,0,6400,0,0,0,0,0,0,0,0,0,0,240,0,0,0,3521,142,0,3223,0,0,4,3.521
2375,14.627,27.3,0.076,0.0,0.0,0.0,0.0,0.0,534.0,2496.0,0.545,40,0,0,10.219,10.087,253,240,2,80,80,0,0,6400,0,0,0,0,0,0,0,0,0,0,240,0,0,0,3495,146,0,3219,0,0,3,3.495
2376,14.706,27.3,0.076,0.0,0.0,0.0,0.0,0.0,534.0,2496.0,0.522,40,0,0,10.108,10.002,253,240,2,80,80,0,0,6400,0,0,0,0,0,0,0,0,0,0,240,0,0,0,3660,173,0,3369,0,0,3,3.66
2377,15.045,27.3,0.076,0.0,0.0,0.0,0.0,0.0,534.0,2496.0,0.542,40,0,0,10.467,10.364,254,240,2,80,80,0,0,6400,0,0,0,0,0,0,0,0,0,0,240,0,0,0,3595,148,0,3321,0,0,3,3.595
2378,15.117,27.3,0.076,0.0,0.0,0.0,0.0,0.0,534.0,2496.0,0.548,40,0,0,10.443,10.339,253,240,2,80,80,0,0,6400,0,0,0,0,0,0,0,0,0,0,240,0,0,0,3681,147,0,3404,0,0,3,3.681
2379,15.025,27.3,0.076,0.0,0.0,0.0,0.0,0.0,534.0,2496.0,0.54,40,0,0,10.379,10.278,253,240,2,80,80,0,0,6400,0,0,0,0,0,0,0,0,0,0,240,0,0,0,3672,166,0,3381,0,0,4,3.672
2380,15.072,27.3,0.076,0.0,0.0,0.0,0.0,0.0,534.0,2496.0,0.567,40,0,0,10.41,10.318,252,240,2,80,80,0,0,6400,0,0,0,0,0,0,0,0,0,0,240,0,0,0,3704,158,0,3430,0,0,3,3.704
2381,15.051,27.3,0.076,0.0,0.0,0.0,0.0,0.0,534.0,2496.0,0.476,40,0,0,10.615,10.51,253,240,2,80,80,0,0,6400,0,0,0,0,0,0,0,0,0,0,240,0,0,0,3357,144,0,3103,0,0,3,3.357
2382,10.758,27.3,0.076,0.0,0.0,0.0,0.0,0.0,534.0,2496.0,0.383,40,0,0,7.417,7.335,253,240,2,80,80,0,0,6400,0,0,0,0,0,0,0,0,0,0,240,0,0,0,2527,110,0,2332,0,0,2,2.527
2383,14.614,27.3,0.076,0.0,0.0,0.0,0.0,0.0,534.0,2496.0,0.466,40,0,0,8.137,8.064,252,240,2,80,80,0,0,6400,0,0,0,0,0,0,0,0,0,0,240,0,0,0,3950,176,0,3637,0,0,4,3.95
2384,12.315,27.3,0.076,0.0,0.0,0.0,0.0,0.0,534.0,2496.0,0.405,40,0,0,8.829,8.736,253,240,2,80,80,0,0,6400,0,0,0,0,0,0,0,0,0,0,240,0,0,0,2671,141,0,2413,0,0,3,2.671
2385,11.853,27.3,0.076,0.0,0.0,0.0,0.0,0.0,534.0,2496.0,0.397,40,0,0,8.415,8.33,254,240,2,80,80,0,0,6400,0,0,0,0,0,0,0,0,0,0,240,0,0,0,2698,116,0,2483,0,0,4,2.698
2386,13.174,27.3,0.076,0.0,0.0,0.0,0.0,0.0,534.0,2496.0,0.442,40,0,0,9.515,9.414,253,240,2,80,80,0,0,6400,0,0,0,0,0,0,0,0,0,0,240,0,0,0,2871,132,0,2643,0,0,3,2.871
2387,11.839,27.3,0.076,0.0,0.0,0.0,0.0,0.0,534.0,2496.0,0.392,40,0,0,8.355,8.273,252,240,2,80,80,0,0,6400,0,0,0,0,0,0,0,0,0,0,240,0,0,0,2710,108,0,2514,0,0,2,2.71
2388,11.428,27.3,0.076,0.0,0.0,0.0,0.0,0.0,534.0,2496.0,0.432,40,0,0,7.977,7.861,254,240,2,80,80,0,0,6400,0,0,0,0,0,0,0,0,0,0,240,0,0,0,2721,113,0,2516,0,0,4,2.721
2389,11.678,27.3,0.076,0.0,0.0,0.0,0.0,0.0,534.0,2496.0,0.438,40,0,0,7.892,7.819,252,240,2,80,80,0,0,6400,0,0,0,0,0,0,0,0,0,0,240,0,0,0,2991,124,0,2756,0,0,4,2.991
2390,13.462,27.3,0.076,0.0,0.0,0.0,0.0,0.0,534.0,2496.0,0.385,40,0,0,10.034,9.946,253,240,2,80,80,0,0,6400,0,0,0,0,0,0,0,0,0,0,240,0,0,0,2609,108,0,2422,0,0,3,2.609
2391,11.069,27.3,0.076,0.0,0.0,0.0,0.0,0.0,534.0,2496.0,0.384,40,0,0,7.689,7.609,254,240,2,80,80,0,0,6400,0,0,0,0,0,0,0,0,0,0,240,0,0,0,2709,98,0,2523,0,0,2,2.709
2392,11.07,27.3,0.076,0.0,0.0,0.0,0.0,0.0,534.0,2496.0,0.392,40,0,0,7.734,7.661,252,240,2,80,80,0,0,6400,0,0,0,0,0,0,0,0,0,0,240,0,0,0,2650,101,0,2455,0,0,3,2.65
2393,11.226,27.3,0.076,0.0,0.0,0.0,0.0,0.0,534.0,2496.0,0.391,40,0,0,7.742,7.668,252,240,2,80,80,0,0,6400,0,0,0,0,0,0,0,0,0,0,240,0,0,0,2758,126,0,2543,0,0,3,2.758
2394,10.99,27.3,0.076,0.0,0.0,0.0,0.0,0.0,534.0,2496.0,0.372,40,0,0,7.688,7.608,253,240,2,80,80,0,0,6400,0,0,0,0,0,0,0,0,0,0,240,0,0,0,2596,106,0,2412,0,0,2,2.596
2395,10.974,27.3,0.076,0.0,0.0,0.0,0.0,0.0,534.0,2496.0,0.417,40,0,0,7.739,7.669,253,240,2,80,80,0,0,6400,0,0,0,0,0,0,0,0,0,0,240,0,0,0,2577,100,0,2393,0,0,3,2.577
2396,10.954,27.3,0.076,0.0,0.0,0.0,0.0,0.0,534.0,2496.0,0.373,40,0,0,7.711,7.628,254,240,2,80,80,0,0,6400,0,0,0,0,0,0,0,0,0,0,240,0,0,0,2532,98,0,2353,0,0,2,2.532
2397,11.372,27.3,0.076,0.0,0.0,0.0,0.0,0.0,534.0,2496.0,0.494,40,0,0,7.721,7.642,254,240,2,80,80,0,0,6400,0,0,0,0,0,0,0,0,0,0,240,0,0,0,2989,101,0,2787,0,0,7,2.989
2398,11.784,27.3,0.076,0.0,0.0,0.0,0.0,0.0,534.0,2496.0,0.347,40,0,0,8.395,7.35,255,240,2,80,80,0,0,6400,0,0,0,0,0,0,0,0,0,0,240,0,0,0,2583,107,0,2374,0,0,2,2.583
2399,10.902,27.3,0.076,0.0,0.0,0.0,0.0,0.0,534.0,2496.0,0.363,40,0,0,7.736,7.643,252,240,2,80,80,0,0,6400,0,0,0,0,0,0,0,0,0,0,240,0,0,0,2520,102,0,2341,0,0,3,2.52
2400,10.774,27.3,0.076,0.0,0.0,0.0,0.0,0.0,534.0,2496.0,0.422,40,0,0,7.452,7.379,253,240,2,80,80,0,0,6400,0,0,0,0,0,0,0,0,0,0,240,0,0,0,2674,104,0,2484,0,0,2,2.674
2401,10.808,27.3,0.076,0.0,0.0,0.0,0.0,0.0,534.0,2496.0,0.376,40,0,0,7.563,7.478,254,240,2,80,80,0,0,6400,0,0,0,0,0,0,0,0,0,0,240,0,0,0,2526,101,0,2340,0,0,2,2.526
2402,10.79,27.3,0.076,0.0,0.0,0.0,0.0,0.0,534.0,2496.0,0.416,40,0,0,7.592,7.521,253,240,2,80,80,0,0,6400,0,0,0,0,0,0,0,0,0,0,240,0,0,0,2514,101,0,2329,0,0,3,2.514
2403,11.046,27.3,0.076,0.0,0.0,0.0,0.0,0.0,534.0,2496.0,0.405,40,0,0,7.56,7.45,253,240,2,80,80,0,0,6400,0,0,0,0,0,0,0,0,0,0,240,0,0,0,2739,101,0,2555,0,0,2,2.739
2404,11.188,27.3,0.076,0.0,0.0,0.0,0.0,0.0,534.0,2496.0,0.386,40,0,0,7.82,7.752,252,240,2,80,80,0,0,6400,0,0,0,0,0,0,0,0,0,0,240,0,0,0,2656,105,0,2419,0,0,4,2.656
2405,10.713,27.3,0.076,0.0,0.0,0.0,0.0,0.0,534.0,2496.0,0.399,40,0,0,7.478,7.407,252,240,2,80,80,0,0,6400,0,0,0,0,0,0,0,0,0,0,240,0,0,0,2533,105,0,2351,0,0,1,2.533
2406,19.596,27.3,0.076,0.0,0.0,0.0,0.0,0.0,534.0,2496.0,0.747,40,0,0,13.757,13.664,255,240,2,80,80,0,0,6400,0,0,0,0,0,0,0,0,0,0,240,0,0,0,5032,312,0,4435,0,0,9,5.032
2407,22.195,27.3,0.076,0.0,0.0,0.0,0.0,0.0,534.0,2496.0,0.873,40,0,0,16.254,16.153,253,240,2,80,80,0,0,6400,0,0,0,0,0,0,0,0,0,0,240,0,0,0,4426,166,0,3845,0,0,6,4.426
2408,20.981,27.3,0.076,0.0,0.0,0.0,0.0,0.0,534.0,2496.0,1.107,40,0,0,15.493,15.159,252,240,2,80,80,0,0,6400,0,0,0,0,0,0,0,0,0,0,240,0,0,0,4084,165,0,3741,0,0,5,4.084
2409,21.007,27.3,0.076,0.0,0.0,0.0,0.0,0.0,534.0,2496.0,0.781,40,0,0,14.537,14.418,254,240,2,80,80,0,0,6400,0,0,0,0,0,0,0,0,0,0,240,0,0,0,4749,201,0,4372,0,0,5,4.749
2410,22.469,27.3,0.076,0.0,0.0,0.0,0.0,0.0,534.0,2496.0,0.894,40,0,0,15.973,15.872,252,240,2,80,80,0,0,6400,0,0,0,0,0,0,0,0,0,0,240,0,0,0,5061,312,0,4490,0,0,9,5.061
2411,21.796,27.3,0.076,0.0,0.0,0.0,0.0,0.0,534.0,2496.0,1.427,40,0,0,15.188,15.052,252,240,2,80,80,0,0,6400,0,0,0,0,0,0,0,0,0,0,240,0,0,0,5017,250,0,4508,0,0,6,5.017
2412,21.176,27.3,0.076,0.0,0.0,0.0,0.0,0.0,534.0,2496.0,0.854,40,0,0,14.956,14.825,255,240,2,80,80,0,0,6400,0,0,0,0,0,0,0,0,0,0,240,0,0,0,4271,191,0,3906,0,0,7,4.271
2413,20.536,27.3,0.076,0.0,0.0,0.0,0.0,0.0,534.0,2496.0,0.421,40,0,0,15.393,15.205,253,240,2,80,80,0,0,6400,0,0,0,0,0,0,0,0,0,0,240,0,0,0,3612,162,0,3310,0,0,3,3.612
2414,10.682,27.3,0.076,0.0,0.0,0.0,0.0,0.0,534.0,2496.0,0.36,40,0,0,7.409,7.328,252,240,2,80,80,0,0,6400,0,0,0,0,0,0,0,0,0,0,240,0,0,0,2468,99,0,2288,0,0,3,2.468
2415,10.396,22.597,0.085,0.0,0.0,0.0,0.0,0.0,534.0,2496.0,0.371,40,0,0,7.295,7.208,254,240,2,80,80,0,0,6400,0,0,0,0,0,0,0,0,0,0,240,0,0,0,2429,96,0,2252,0,0,1,2.429
2416,10.431,22.597,0.085,0.0,0.0,0.0,0.0,0.0,534.0,2496.0,0.39,40,0,0,7.229,7.155,252,240,2,80,80,0,0,6400,0,0,0,0,0,0,0,0,0,0,240,0,0,0,2524,100,0,2342,0,0,2,2.524
2417,10.745,22.597,0.085,0.0,0.0,0.0,0.0,0.0,534.0,2496.0,0.395,40,0,0,7.5,7.421,254,240,2,80,80,0,0,6400,0,0,0,0,0,0,0,0,0,0,240,0,0,0,2543,100,0,2363,0,0,3,2.543
2418,10.612,22.597,0.085,0.0,0.0,0.0,0.0,0.0,534.0,2496.0,0.368,40,0,0,7.403,7.321,254,240,2,80,80,0,0,6400,0,0,0,0,0,0,0,0,0,0,240,0,0,0,2543,103,0,2364,0,0,3,2.543
2419,10.738,22.597,0.085,0.0,0.0,0.0,0.0,0.0,534.0,2496.0,0.358,40,0,0,7.529,7.456,253,240,2,80,80,0,0,6400,0,0,0,0,0,0,0,0,0,0,240,0,0,0,2558,98,0,2372,0,0,3,2.558
2420,10.59,22.597,0.085,0.0,0.0,0.0,0.0,0.0,534.0,2496.0,0.39,40,0,0,7.361,7.294,252,240,2,80,80,0,0,6400,0,0,0,0,0,0,0,0,0,0,240,0,0,0,2539,102,0,2348,0,0,5,2.539
2421,10.561,22.597,0.085,0.0,0.0,0.0,0.0,0.0,534.0,2496.0,0.365,40,0,0,7.363,7.285,254,240,2,80,80,0,0,6400,0,0,0,0,0,0,0,0,0,0,240,0,0,0,2514,122,0,2323,0,0,3,2.514
2422,10.681,22.597,0.085,0.0,0.0,0.0,0.0,0.0,534.0,2496.0,0.383,40,0,0,7.497,7.423,253,240,2,80,80,0,0,6400,0,0,0,0,0,0,0,0,0,0,240,0,0,0,2533,99,0,2359,0,0,1,2.533
2423,10.65,22.597,0.085,0.0,0.0,0.0,0.0,0.0,534.0,2496.0,0.361,40,0,0,7.417,7.345,253,240,2,80,80,0,0,6400,0,0,0,0,0,0,0,0,0,0,240,0,0,0,2540,103,0,2353,0,0,3,2.54
2424,10.569,22.597,0.085,0.0,0.0,0.0,0.0,0.0,534.0,2496.0,0.357,40,0,0,7.399,7.323,253,240,2,80,80,0,0,6400,0,0,0,0,0,0,0,0,0,0,240,0,0,0,2510,105,0,2326,0,0,2,2.51
2425,10.578,22.597,0.085,0.0,0.0,0.0,0.0,0.0,534.0,2496.0,0.373,40,0,0,7.362,7.292,253,240,2,80,80,0,0,6400,0,0,0,0,0,0,0,0,0,0,240,0,0,0,2538,101,0,2357,0,0,3,2.538
2426,10.423,22.597,0.085,0.0,0.0,0.0,0.0,0.0,534.0,2496.0,0.393,40,0,0,7.328,7.251,254,240,2,80,80,0,0,6400,0,0,0,0,0,0,0,0,0,0,240,0,0,0,2435,100,0,2263,0,0,2,2.435
2427,10.242,22.597,0.085,0.0,0.0,0.0,0.0,0.0,534.0,2496.0,0.343,40,0,0,7.083,7.008,253,240,2,80,80,0,0,6400,0,0,0,0,0,0,0,0,0,0,240,0,0,0,2469,97,0,2307,0,0,2,2.469
2428,10.378,22.597,0.085,0.0,0.0,0.0,0.0,0.0,534.0,2496.0,0.375,40,0,0,7.266,7.2,252,240,2,80,80,0,0,6400,0,0,0,0,0,0,0,0,0,0,240,0,0,0,2467,101,0,2282,0,0,2,2.467
2429,10.298,22.597,0.085,0.0,0.0,0.0,0.0,0.0,534.0,2496.0,0.35,40,0,0,7.206,7.139,252,240,2,80,80,0,0,6400,0,0,0,0,0,0,0,0,0,0,240,0,0,0,2450,95,0,2284,0,0,2,2.45
2430,10.46,22.597,0.085,0.0,0.0,0.0,0.0,0.0,534.0,2496.0,0.355,40,0,0,7.339,7.261,254,240,2,80,80,0,0,6400,0,0,0,0,0,0,0,0,0,0,240,0,0,0,2468,98,0,2287,0,0,3,2.468
2431,10.324,22.597,0.085,0.0,0.0,0.0,0.0,0.0,534.0,2496.0,0.367,40,0,0,7.204,7.104,254,240,2,80,80,0,0,6400,0,0,0,0,0,0,0,0,0,0,240,0,0,0,2454,100,0,2273,0,0,2,2.454
2432,10.582,22.597,0.085,0.0,0.0,0.0,0.0,0.0,534.0,2496.0,0.359,40,0,0,7.401,7.301,252,240,2,80,80,0,0,6400,0,0,0,0,0,0,0,0,0,0,240,0,0,0,2531,100,0,2341,0,0,2,2.531
2433,10.521,22.597,0.085,0.0,0.0,0.0,0.0,0.0,534.0,2496.0,0.382,40,0,0,7.384,7.318,252,240,2,80,80,0,0,6400,0,0,0,0,0,0,0,0,0,0,240,0,0,0,2487,99,0,2310,0,0,2,2.487
2434,10.507,22.597,0.085,0.0,0.0,0.0,0.0,0.0,534.0,2496.0,0.361,40,0,0,7.321,7.242,254,240,2,80,80,0,0,6400,0,0,0,0,0,0,0,0,0,0,240,0,0,0,2518,102,0,2320,0,0,2,2.518
2435,10.741,22.597,0.085,0.0,0.0,0.0,0.0,0.0,534.0,2496.0,0.375,40,0,0,7.465,7.391,254,240,2,80,80,0,0,6400,0,0,0,0,0,0,0,0,0,0,240,0,0,0,2636,103,0,2441,0,0,2,2.636
2436,10.635,22.597,0.085,0.0,0.0,0.0,0.0,0.0,534.0,2496.0,0.392,40,0,0,7.458,7.381,252,240,2,80,80,0,0,6400,0,0,0,0,0,0,0,0,0,0,240,0,0,0,2543,96,0,2368,0,0,3,2.543
2437,10.581,22.597,0.085,0.0,0.0,0.0,0.0,0.0,534.0,2496.0,0.39,40,0,0,7.374,7.305,252,240,2,80,80,0,0,6400,0,0,0,0,0,0,0,0,0,0,240,0,0,0,2524,102,0,2341,0,0,2,2.524
2438,11.113,22.597,0.085,0.0,0.0,0.0,0.0,0.0,534.0,2496.0,0.375,40,0,0,7.872,7.795,254,240,2,80,80,0,0,6400,0,0,0,0,0,0,0,0,0,0,240,0,0,0,2563,124,0,2338,0,0,2,2.563
2439,10.636,22.597,0.085,0.0,0.0,0.0,0.0,0.0,534.0,2496.0,0.365,40,0,0,7.41,7.318,253,240,2,80,80,0,0,6400,0,0,0,0,0,0,0,0,0,0,240,0,0,0,2564,101,0,2373,0,0,2,2.564
2440,10.796,22.597,0.085,0.0,0.0,0.0,0.0,0.0,534.0,2496.0,0.493,40,0,0,7.419,7.353,252,240,2,80,80,0,0,6400,0,0,0,0,0,0,0,0,0,0,240,0,0,0,2743,100,0,2548,0,0,3,2.743
2441,10.707,22.597,0.085,0.0,0.0,0.0,0.0,0.0,534.0,2496.0,0.389,40,0,0,7.378,7.305,252,240,2,80,80,0,0,6400,0,0,0,0,0,0,0,0,0,0,240,0,0,0,2527,99,0,2345,0,0,2,2.527
2442,10.651,22.597,0.085,0.0,0.0,0.0,0.0,0.0,534.0,2496.0,0.376,40,0,0,7.419,7.333,253,240,2,80,80,0,0,6400,0,0,0,0,0,0,0,0,0,0,240,0,0,0,2560,107,0,2381,0,0,2,2.56
2443,10.919,22.597,0.085,0.0,0.0,0.0,0.0,0.0,534.0,2496.0,0.426,40,0,0,7.496,7.425,253,240,2,80,80,0,0,6400,0,0,0,0,0,0,0,0,0,0,240,0,0,0,2757,102,0,2566,0,0,3,2.757
2444,11.155,22.597,0.085,0.0,0.0,0.0,0.0,0.0,534.0,2496.0,0.356,40,0,0,7.851,7.77,253,240,2,80,80,0,0,6400,0,0,0,0,0,0,0,0,0,0,240,0,0,0,2530,100,0,2341,0,0,3,2.53
2445,10.665,22.597,0.085,0.0,0.0,0.0,0.0,0.0,534.0,2496.0,0.358,40,0,0,7.467,7.393,253,240,2,80,80,0,0,6400,0,0,0,0,0,0,0,0,0,0,240,0,0,0,2558,98,0,2384,0,0,3,2.558
2446,12.298,22.597,0.085,0.0,0.0,0.0,0.0,0.0,534.0,2496.0,0.387,40,0,0,8.61,7.577,254,240,2,80,80,0,0,6400,0,0,0,0,0,0,0,0,0,0,240,0,0,0,3024,132,0,2800,0,0,3,3.024
2447,10.754,22.597,0.085,0.0,0.0,0.0,0.0,0.0,534.0,2496.0,0.366,40,0,0,7.492,7.419,252,240,2,80,80,0,0,6400,0,0,0,0,0,0,0,0,0,0,240,0,0,0,2584,100,0,2405,0,0,3,2.584
2448,10.581,22.597,0.085,0.0,0.0,0.0,0.0,0.0,534.0,2496.0,0.405,40,0,0,7.403,7.325,254,240,2,80,80,0,0,6400,0,0,0,0,0,0,0,0,0,0,240,0,0,0,2530,100,0,2348,0,0,1,2.53
2449,10.634,22.597,0.085,0.0,0.0,0.0,0.0,0.0,534.0,2496.0,0.371,40,0,0,7.375,7.307,252,240,2,80,80,0,0,6400,0,0,0,0,0,0,0,0,0,0,240,0,0,0,2584,98,0,2397,0,0,3,2.584
2450,10.545,22.597,0.085,0.0,0.0,0.0,0.0,0.0,534.0,2496.0,0.384,40,0,0,7.369,7.299,253,240,2,80,80,0,0,6400,0,0,0,0,0,0,0,0,0,0,240,0,0,0,2523,100,0,2337,0,0,3,2.523
2451,10.538,22.597,0.085,0.0,0.0,0.0,0.0,0.0,534.0,2496.0,0.363,40,0,0,7.366,7.293,253,240,2,80,80,0,0,6400,0,0,0,0,0,0,0,0,0,0,240,0,0,0,2508,102,0,2329,0,0,2,2.508
2452,10.789,22.597,0.085,0.0,0.0,0.0,0.0,0.0,534.0,2496.0,0.378,40,0,0,7.34,7.276,252,240,2,80,80,0,0,6400,0,0,0,0,0,0,0,0,0,0,240,0,0,0,2810,102,0,2621,0,0,3,2.81
2453,10.523,22.597,0.085,0.0,0.0,0.0,0.0,0.0,534.0,2496.0,0.386,40,0,0,7.4,7.322,252,240,2,80,80,0,0,6400,0,0,0,0,0,0,0,0,0,0,240,0,0,0,2464,101,0,2284,0,0,1,2.464
2454,10.309,22.597,0.085,0.0,0.0,0.0,0.0,0.0,534.0,2496.0,0.349,40,0,0,7.205,7.123,255,240,2,80,80,0,0,6400,0,0,0,0,0,0,0,0,0,0,240,0,0,0,2446,103,0,2263,0,0,3,2.446
2455,10.563,22.597,0.085,0.0,0.0,0.0,0.0,0.0,534.0,2496.0,0.374,40,0,0,7.357,7.288,253,240,2,80,80,0,0,6400,0,0,0,0,0,0,0,0,0,0,240,0,0,0,2540,102,0,2356,0,0,2,2.54
2456,9.766,22.597,0.085,0.0,0.0,0.0,0.0,0.0,534.0,2496.0,0.345,40,0,0,6.793,6.719,253,240,2,80,80,0,0,6400,0,0,0,0,0,0,0,0,0,0,240,0,0,0,2266,95,0,2097,0,0,2,2.266
2457,10.857,22.597,0.085,0.0,0.0,0.0,0.0,0.0,534.0,2496.0,0.357,40,0,0,7.731,7.664,253,240,2,80,80,0,0,6400,0,0,0,0,0,0,0,0,0,0,240,0,0,0,2480,114,0,2284,0,0,2,2.48
2458,10.352,22.597,0.085,0.0,0.0,0.0,0.0,0.0,534.0,2496.0,0.361,40,0,0,7.217,7.145,252,240,2,80,80,0,0,6400,0,0,0,0,0,0,0,0,0,0,240,0,0,0,2465,100,0,2297,0,0,2,2.465
2459,10.723,22.597,0.085,0.0,0.0,0.0,0.0,0.0,534.0,2496.0,0.365,40,0,0,7.469,7.404,252,240,2,80,80,0,0,6400,0,0,0,0,0,0,0,0,0,0,240,0,0,0,2579,101,0,2391,0,0,3,2.579
2460,10.44,22.597,0.085,0.0,0.0,0.0,0.0,0.0,534.0,2496.0,0.397,40,0,0,7.301,7.226,253,240,2,80,80,0,0,6400,0,0,0,0,0,0,0,0,0,0,240,0,0,0,2458,97,0,2274,0,0,2,2.458
2461,10.295,22.597,0.085,0.0,0.0,0.0,0.0,0.0,534.0,2496.0,0.402,40,0,0,7.171,7.093,254,240,2,80,80,0,0,6400,0,0,0,0,0,0,0,0,0,0,240,0,0,0,2441,98,0,2261,0,0,3,2.441
2462,10.423,22.597,0.085,0.0,0.0,0.0,0.0,0.0,534.0,2496.0,0.367,40,0,0,7.237,7.173,252,240,2,80,80,0,0,6400,0,0,0,0,0,0,0,0,0,0,240,0,0,0,2491,121,0,2293,0,0,2,2.491
2463,10.277,22.597,0.085,0.0,0.0,0.0,0.0,0.0,534.0,2496.0,0.385,40,0,0,7.166,7.084,255,240,2,80,80,0,0,6400,0,0,0,0,0,0,0,0,0,0,240,0,0,0,2463,98,0,2284,0,0,2,2.463
2464,10.366,22.597,0.085,0.0,0.0,0.0,0.0,0.0,534.0,2496.0,0.363,40,0,0,7.236,7.166,253,240,2,80,80,0,0,6400,0,0,0,0,0,0,0,0,0,0,240,0,0,0,2459,104,0,2270,0,0,3,2.459
2465,10.645,22.597,0.085,0.0,0.0,0.0,0.0,0.0,534.0,2496.0,0.406,40,0,0,7.54,7.475,252,240,2,80,80,0,0,6400,0,0,0,0,0,0,0,0,0,0,240,0,0,0,2470,97,0,2290,0,0,2,2.47
2466,10.319,22.597,0.085,0.0,0.0,0.0,0.0,0.0,534.0,2496.0,0.406,40,0,0,7.185,7.115,253,240,2,80,80,0,0,6400,0,0,0,0,0,0,0,0,0,0,240,0,0,0,2451,96,0,2278,0,0,2,2.451
2467,10.31,22.597,0.085,0.0,0.0,0.0,0.0,0.0,534.0,2496.0,0.35,40,0,0,7.114,7.041,253,240,2,80,80,0,0,6400,0,0,0,0,0,0,0,0,0,0,240,0,0,0,2488,98,0,2287,0,0,3,2.488
2468,10.354,22.597,0.085,0.0,0.0,0.0,0.0,0.0,534.0,2496.0,0.38,40,0,0,7.248,7.183,252,240,2,80,80,0,0,6400,0,0,0,0,0,0,0,0,0,0,240,0,0,0,2476,98,0,2292,0,0,1,2.476
2469,10.305,22.597,0.085,0.0,0.0,0.0,0.0,0.0,534.0,2496.0,0.358,40,0,0,7.145,7.075,253,240,2,80,80,0,0,6400,0,0,0,0,0,0,0,0,0,0,240,0,0,0,2469,99,0,2287,0,0,2,2.469
2470,10.316,22.597,0.085,0.0,0.0,0.0,0.0,0.0,534.0,2496.0,0.352,40,0,0,7.198,7.125,253,240,2,80,80,0,0,6400,0,0,0,0,0,0,0,0,0,0,240,0,0,0,2489,96,0,2307,0,0,1,2.489
2471,10.463,22.597,0.085,0.0,0.0,0.0,0.0,0.0,534.0,2496.0,0.377,40,0,0,7.374,7.297,254,240,2,80,80,0,0,6400,0,0,0,0,0,0,0,0,0,0,240,0,0,0,2445,100,0,2265,0,0,3,2.445
2472,10.353,22.597,0.085,0.0,0.0,0.0,0.0,0.0,534.0,2496.0,0.349,40,0,0,7.223,7.094,255,240,2,80,80,0,0,6400,0,0,0,0,0,0,0,0,0,0,240,0,0,0,2483,102,0,2294,0,0,2,2.483
2473,10.259,22.597,0.085,0.0,0.0,0.0,0.0,0.0,534.0,2496.0,0.354,40,0,0,7.143,7.078,252,240,2,80,80,0,0,6400,0,0,0,0,0,0,0,0,0,0,240,0,0,0,2486,98,0,2307,0,0,3,2.486
2474,11.551,22.597,0.085,0.0,0.0,0.0,0.0,0.0,534.0,2496.0,0.46,40,0,0,8.257,8.186,253,240,2,80,80,0,0,6400,0,0,0,0,0,0,0,0,0,0,240,0,0,0,2607,113,0,2406,0,0,3,2.607
2475,11.116,22.597,0.085,0.0,0.0,0.0,0.0,0.0,534.0,2496.0,0.379,40,0,0,7.697,7.603,253,240,2,80,80,0,0,6400,0,0,0,0,0,0,0,0,0,0,240,0,0,0,2602,107,0,2369,0,0,3,2.602
2476,11.444,22.597,0.085,0.0,0.0,0.0,0.0,0.0,534.0,2496.0,0.575,40,0,0,7.599,7.522,253,240,2,80,80,0,0,6400,0,0,0,0,0,0,0,0,0,0,240,0,0,0,3120,110,0,2896,0,0,5,3.12
2477,13.531,22.597,0.085,0.0,0.0,0.0,0.0,0.0,534.0,2496.0,0.535,40,0,0,9.059,8.955,253,240,2,80,80,0,0,6400,0,0,0,0,0,0,0,0,0,0,240,0,0,0,3435,147,0,3162,0,0,4,3.435
2478,11.306,22.597,0.085,0.0,0.0,0.0,0.0,0.0,534.0,2496.0,0.371,40,0,0,7.911,7.81,253,240,2,80,80,0,0,6400,0,0,0,0,0,0,0,0,0,0,240,0,0,0,2502,101,0,2321,0,0,1,2.502
2479,12.018,22.597,0.085,0.0,0.0,0.0,0.0,0.0,534.0,2496.0,0.434,40,0,0,7.769,7.693,253,240,2,80,80,0,0,6400,0,0,0,0,0,0,0,0,0,0,240,0,0,0,3506,156,0,3229,0,0,4,3.506
2480,10.572,22.597,0.085,0.0,0.0,0.0,0.0,0.0,534.0,2496.0,0.553,40,0,0,7.346,7.271,252,240,2,80,80,0,0,6400,0,0,0,0,0,0,0,0,0,0,240,0,0,0,2486,101,0,2310,0,0,3,2.486
2481,12.478,22.597,0.085,0.0,0.0,0.0,0.0,0.0,534.0,2496.0,0.392,40,0,0,8.795,8.715,254,240,2,80,80,0,0,6400,0,0,0,0,0,0,0,0,0,0,240,0,0,0,2814,103,0,2625,0,0,2,2.814
2482,11.414,22.597,0.085,0.0,0.0,0.0,0.0,0.0,534.0,2496.0,0.399,40,0,0,8.203,8.098,254,240,2,80,80,0,0,6400,0,0,0,0,0,0,0,0,0,0,240,0,0,0,2496,106,0,2308,0,0,2,2.496
2483,10.022,22.597,0.085,0.0,0.0,0.0,0.0,0.0,534.0,2496.0,0.374,40,0,0,6.983,6.915,252,240,2,80,80,0,0,6400,0,0,0,0,0,0,0,0,0,0,240,0,0,0,2336,111,0,2148,0,0,3,2.336
2484,11.906,22.597,0.085,0.0,0.0,0.0,0.0,0.0,534.0,2496.0,0.51,40,0,0,7.992,7.896,253,240,2,80,80,0,0,6400,0,0,0,0,0,0,0,0,0,0,240,0,0,0,3124,154,0,2857,0,0,4,3.124
2485,11.716,22.597,0.085,0.0,0.0,0.0,0.0,0.0,534.0,2496.0,0.385,40,0,0,8.248,8.147,254,240,2,80,80,0,0,6400,0,0,0,0,0,0,0,0,0,0,240,0,0,0,2556,105,0,2355,0,0,2,2.556
2486,11.36,22.597,0.085,0.0,0.0,0.0,0.0,0.0,534.0,2496.0,0.509,40,0,0,7.573,7.453,252,240,2,80,80,0,0,6400,0,0,0,0,0,0,0,0,0,0,240,0,0,0,3082,119,0,2863,0,0,3,3.082
2487,14.645,22.597,0.085,0.0,0.0,0.0,0.0,0.0,534.0,2496.0,0.573,40,0,0,10.356,10.241,256,240,2,80,80,0,0,6400,0,0,0,0,0,0,0,0,0,0,240,0,0,0,3352,143,0,3085,0,0,4,3.352
2488,14.836,22.597,0.085,0.0,0.0,0.0,0.0,0.0,534.0,2496.0,0.479,40,0,0,10.464,10.358,253,240,2,80,80,0,0,6400,0,0,0,0,0,0,0,0,0,0,240,0,0,0,3378,185,0,3071,0,0,5,3.378
2489,13.16,22.597,0.085,0.0,0.0,0.0,0.0,0.0,534.0,2496.0,0.444,40,0,0,9.325,9.253,252,240,2,80,80,0,0,6400,0,0,0,0,0,0,0,0,0,0,240,0,0,0,2961,137,0,2721,0,0,4,2.961
2490,13.937,22.597,0.085,0.0,0.0,0.0,0.0,0.0,534.0,2496.0,0.387,40,0,0,10.496,10.413,253,240,2,80,80,0,0,6400,0,0,0,0,0,0,0,0,0,0,240,0,0,0,2583,119,0,2377,0,0,2,2.583
2491,12.221,22.597,0.085,0.0,0.0,0.0,0.0,0.0,534.0,2496.0,0.792,40,0,0,8.512,8.433,253,240,2,80,80,0,0,6400,0,0,0,0,0,0,0,0,0,0,240,0,0,0,3004,108,0,2782,0,0,7,3.004
2492,16.937,22.597,0.085,0.0,0.0,0.0,0.0,0.0,534.0,2496.0,0.403,40,0,0,13.012,12.852,253,240,2,80,80,0,0,6400,0,0,0,0,0,0,0,0,0,0,240,0,0,0,2694,123,0,2480,0,0,3,2.694
2493,11.693,22.597,0.085,0.0,0.0,0.0,0.0,0.0,534.0,2496.0,0.612,40,0,0,7.456,7.365,254,240,2,80,80,0,0,6400,0,0,0,0,0,0,0,0,0,0,240,0,0,0,3418,151,0,3141,0,0,7,3.418
2494,15.205,22.597,0.085,0.0,0.0,0.0,0.0,0.0,534.0,2496.0,0.456,40,0,0,10.838,8.992,253,240,2,80,80,0,0,6400,0,0,0,0,0,0,0,0,0,0,240,0,0,0,3281,138,0,3024,0,0,5,3.281
2495,13.718,22.597,0.085,0.0,0.0,0.0,0.0,0.0,534.0,2496.0,0.498,40,0,0,9.624,8.209,254,240,2,80,80,0,0,6400,0,0,0,0,0,0,0,0,0,0,240,0,0,0,3224,153,0,2938,0,0,5,3.224
2496,12.495,22.597,0.085,0.0,0.0,0.0,0.0,0.0,534.0,2496.0,0.414,40,0,0,9.073,8.964,253,240,2,80,80,0,0,6400,0,0,0,0,0,0,0,0,0,0,240,0,0,0,2525,103,0,2334,0,0,3,2.525
2497,12.832,22.597,0.085,0.0,0.0,0.0,0.0,0.0,534.0,2496.0,0.396,40,0,0,9.409,9.326,254,240,2,80,80,0,0,6400,0,0,0,0,0,0,0,0,0,0,240,0,0,0,2663,108,0,2471,0,0,2,2.663
2498,14.445,22.597,0.085,0.0,0.0,0.0,0.0,0.0,534.0,2496.0,0.436,40,0,0,10.237,10.137,252,240,2,80,80,0,0,6400,0,0,0,0,0,0,0,0,0,0,240,0,0,0,3401,142,0,3138,0,0,4,3.401
2499,11.249,22.597,0.085,0.0,0.0,0.0,0.0,0.0,534.0,2496.0,0.396,40,0,0,7.992,7.881,254,240,2,80,80,0,0,6400,0,0,0,0,0,0,0,0,0,0,240,0,0,0,2468,120,0,2269,0,0,3,2.468
2500,10.476,22.597,0.085,0.0,0.0,0.0,0.0,0.0,534.0,2496.0,0.39,40,0,0,7.256,7.188,252,240,2,80,80,0,0,6400,0,0,0,0,0,0,0,0,0,0,240,0,0,0,2508,103,0,2328,0,0,3,2.508
2501,11.33,22.597,0.085,0.0,0.0,0.0,0.0,0.0,534.0,2496.0,0.534,40,0,0,7.565,7.497,252,240,2,80,80,0,0,6400,0,0,0,0,0,0,0,0,0,0,240,0,0,0,3049,189,0,2742,0,0,5,3.049
2502,12.903,22.597,0.085,0.0,0.0,0.0,0.0,0.0,534.0,2496.0,0.512,40,0,0,9.188,9.069,253,240,2,80,80,0,0,6400,0,0,0,0,0,0,0,0,0,0,240,0,0,0,2804,138,0,2568,0,0,3,2.804
2503,11.925,22.597,0.085,0.0,0.0,0.0,0.0,0.0,534.0,2496.0,0.566,40,0,0,8.226,8.115,255,240,2,80,80,0,0,6400,0,0,0,0,0,0,0,0,0,0,240,0,0,0,2816,101,0,2618,0,0,4,2.816
2504,13.693,17.16,0.066,0.0,0.0,0.0,0.0,0.0,534.0,2496.0,0.431,40,0,0,9.839,9.735,253,240,2,80,80,0,0,6400,0,0,0,0,0,0,0,0,0,0,240,0,0,0,2918,391,0,2443,0,0,4,2.918
2505,11.181,17.16,0.066,0.0,0.0,0.0,0.0,0.0,534.0,2496.0,0.466,40,0,0,7.793,7.701,254,240,2,80,80,0,0,6400,0,0,0,0,0,0,0,0,0,0,240,0,0,0,2573,101,0,2393,0,0,3,2.573
2506,11.44,17.16,0.066,0.0,0.0,0.0,0.0,0.0,534.0,2496.0,0.402,40,0,0,7.973,7.825,252,240,2,80,80,0,0,6400,0,0,0,0,0,0,0,0,0,0,240,0,0,0,2601,103,0,2420,0,0,2,2.601
2507,11.204,17.16,0.066,0.0,0.0,0.0,0.0,0.0,534.0,2496.0,0.386,40,0,0,7.95,7.876,252,240,2,80,80,0,0,6400,0,0,0,0,0,0,0,0,0,0,240,0,0,0,2502,105,0,2328,0,0,3,2.502
2508,14.426,17.16,0.066,0.0,0.0,0.0,0.0,0.0,534.0,2496.0,0.579,40,0,0,10.347,10.265,254,240,2,80,80,0,0,6400,0,0,0,0,0,0,0,0,0,0,240,0,0,0,3313,131,0,3070,0,0,3,3.313
2509,13.117,17.16,0.066,0.0,0.0,0.0,0.0,0.0,534.0,2496.0,0.504,40,0,0,9.284,9.196,253,240,2,80,80,0,0,6400,0,0,0,0,0,0,0,0,0,0,240,0,0,0,2838,110,0,2647,0,0,3,2.838
2510,12.36,17.16,0.066,0.0,0.0,0.0,0.0,0.0,534.0,2496.0,0.423,40,0,0,8.654,8.54,253,240,2,80,80,0,0,6400,0,0,0,0,0,0,0,0,0,0,240,0,0,0,2823,119,0,2613,0,0,3,2.823
2511,11.477,17.16,0.066,0.0,0.0,0.0,0.0,0.0,534.0,2496.0,0.443,40,0,0,7.849,7.742,253,240,2,80,80,0,0,6400,0,0,0,0,0,0,0,0,0,0,240,0,0,0,2645,118,0,2443,0,0,3,2.645
2512,13.24,17.16,0.066,0.0,0.0,0.0,0.0,0.0,534.0,2496.0,0.479,40,0,0,9.349,9.265,253,240,2,80,80,0,0,6400,0,0,0,0,0,0,0,0,0,0,240,0,0,0,3028,151,0,2779,0,0,3,3.028
2513,13.265,17.16,0.066,0.0,0.0,0.0,0.0,0.0,534.0,2496.0,0.503,40,0,0,9.341,9.252,252,240,2,80,80,0,0,6400,0,0,0,0,0,0,0,0,0,0,240,0,0,0,3006,119,0,2781,0,0,3,3.006
2514,12.795,17.16,0.066,0.0,0.0,0.0,0.0,0.0,534.0,2496.0,0.466,40,0,0,9.028,8.94,253,240,2,80,80,0,0,6400,0,0,0,0,0,0,0,0,0,0,240,0,0,0,2840,113,0,2635,0,0,3,2.84
2515,14.401,17.16,0.066,0.0,0.0,0.0,0.0,0.0,534.0,2496.0,0.453,40,0,0,10.488,10.398,253,240,2,80,80,0,0,6400,0,0,0,0,0,0,0,0,0,0,240,0,0,0,3027,134,0,2792,0,0,3,3.027
2516,14.443,17.16,0.066,0.0,0.0,0.0,0.0,0.0,534.0,2496.0,0.472,40,0,0,10.574,10.365,255,240,2,80,80,0,0,6400,0,0,0,0,0,0,0,0,0,0,240,0,0,0,2909,159,0,2660,0,0,2,2.909
2517,13.13,17.16,0.066,0.0,0.0,0.0,0.0,0.0,534.0,2496.0,0.454,40,0,0,8.842,8.753,253,240,2,80,80,0,0,6400,0,0,0,0,0,0,0,0,0,0,240,0,0,0,3428,335,0,2958,0,0,3,3.428
2518,12.995,17.16,0.066,0.0,0.0,0.0,0.0,0.0,534.0,2496.0,0.468,40,0,0,9.304,9.22,252,240,2,80,80,0,0,6400,0,0,0,0,0,0,0,0,0,0,240,0,0,0,2758,148,0,2508,0,0,3,2.758
2519,12.656,17.16,0.066,0.0,0.0,0.0,0.0,0.0,534.0,2496.0,0.421,40,0,0,9.183,9.097,253,240,2,80,80,0,0,6400,0,0,0,0,0,0,0,0,0,0,240,0,0,0,2607,122,0,2396,0,0,3,2.607
2520,11.071,17.16,0.066,0.0,0.0,0.0,0.0,0.0,534.0,2496.0,0.403,40,0,0,7.78,7.694,253,240,2,80,80,0,0,6400,0,0,0,0,0,0,0,0,0,0,240,0,0,0,2519,112,0,2329,0,0,2,2.519
2521,11.001,17.16,0.066,0.0,0.0,0.0,0.0,0.0,534.0,2496.0,0.573,40,0,0,7.501,7.418,253,240,2,80,80,0,0,6400,0,0,0,0,0,0,0,0,0,0,240,0,0,0,2754,145,0,2513,0,0,4,2.754
2522,13.533,17.16,0.066,0.0,0.0,0.0,0.0,0.0,534.0,2496.0,0.441,40,0,0,9.496,9.396,252,240,2,80,80,0,0,6400,0,0,0,0,0,0,0,0,0,0,240,0,0,0,3059,110,0,2858,0,0,3,3.059
2523,13.112,17.16,0.066,0.0,0.0,0.0,0.0,0.0,534.0,2496.0,0.422,40,0,0,9.535,9.439,255,240,2,80,80,0,0,6400,0,0,0,0,0,0,0,0,0,0,240,0,0,0,2799,136,0,2571,0,0,3,2.799
2524,12.029,17.16,0.066,0.0,0.0,0.0,0.0,0.0,534.0,2496.0,0.436,40,0,0,8.365,8.288,252,240,2,80,80,0,0,6400,0,0,0,0,0,0,0,0,0,0,240,0,0,0,2925,119,0,2712,0,0,3,2.925
2525,11.831,17.16,0.066,0.0,0.0,0.0,0.0,0.0,534.0,2496.0,0.42,40,0,0,8.23,8.117,253,240,2,80,80,0,0,6400,0,0,0,0,0,0,0,0,0,0,240,0,0,0,2804,112,0,2600,0,0,3,2.804
2526,11.734,17.16,0.066,0.0,0.0,0.0,0.0,0.0,534.0,2496.0,0.792,40,0,0,8.173,8.099,252,240,2,80,80,0,0,6400,0,0,0,0,0,0,0,0,0,0,240,0,0,0,2792,110,0,2573,0,0,2,2.792
2527,12.286,17.16,0.066,0.0,0.0,0.0,0.0,0.0,534.0,2496.0,0.428,40,0,0,8.247,8.153,253,240,2,80,80,0,0,6400,0,0,0,0,0,0,0,0,0,0,240,0,0,0,2888,114,0,2594,0,0,2,2.888
2528,11.937,17.16,0.066,0.0,0.0,0.0,0.0,0.0,534.0,2496.0,0.422,40,0,0,8.244,8.17,252,240,2,80,80,0,0,6400,0,0,0,0,0,0,0,0,0,0,240,0,0,0,2927,113,0,2716,0,0,3,2.927
2529,12.292,17.16,0.066,0.0,0.0,0.0,0.0,0.0,534.0,2496.0,0.433,40,0,0,8.696,8.609,253,240,2,80,80,0,0,6400,0,0,0,0,0,0,0,0,0,0,240,0,0,0,2794,114,0,2590,0,0,3,2.794
2530,12.122,17.16,0.066,0.0,0.0,0.0,0.0,0.0,534.0,2496.0,0.483,40,0,0,8.371,8.286,253,240,2,80,80,0,0,6400,0,0,0,0,0,0,0,0,0,0,240,0,0,0,2950,111,0,2744,0,0,3,2.95
2531,12.105,17.16,0.066,0.0,0.0,0.0,0.0,0.0,534.0,2496.0,0.448,40,0,0,8.43,8.342,253,240,2,80,80,0,0,6400,0,0,0,0,0,0,0,0,0,0,240,0,0,0,2832,168,0,2567,0,0,3,2.832
2532,13.031,17.16,0.066,0.0,0.0,0.0,0.0,0.0,534.0,2496.0,0.464,40,0,0,9.374,9.297,252,240,2,80,80,0,0,6400,0,0,0,0,0,0,0,0,0,0,240,0,0,0,2887,106,0,2688,0,0,4,2.887
2533,13.524,17.16,0.066,0.0,0.0,0.0,0.0,0.0,534.0,2496.0,0.535,40,0,0,9.198,9.121,252,240,2,80,80,0,0,6400,0,0,0,0,0,0,0,0,0,0,240,0,0,0,3478,147,0,3215,0,0,3,3.478
2534,14.687,17.16,0.066,0.0,0.0,0.0,0.0,0.0,534.0,2496.0,0.498,40,0,0,10.352,10.22,252,240,2,80,80,0,0,6400,0,0,0,0,0,0,0,0,0,0,240,0,0,0,3422,139,0,3175,0,0,3,3.422
2535,14.782,17.16,0.066,0.0,0.0,0.0,0.0,0.0,534.0,2496.0,0.536,40,0,0,10.346,10.241,254,240,2,80,80,0,0,6400,0,0,0,0,0,0,0,0,0,0,240,0,0,0,3478,156,0,3208,0,0,3,3.478
2536,15.205,17.16,0.066,0.0,0.0,0.0,0.0,0.0,534.0,2496.0,0.9,40,0,0,10.334,10.235,253,240,2,80,80,0,0,6400,0,0,0,0,0,0,0,0,0,0,240,0,0,0,3949,169,0,3508,0,0,5,3.949
2537,14.876,17.16,0.066,0.0,0.0,0.0,0.0,0.0,534.0,2496.0,0.438,40,0,0,10.169,10.023,252,240,2,80,80,0,0,6400,0,0,0,0,0,0,0,0,0,0,240,0,0,0,3356,115,0,3149,0,0,3,3.356
2538,16.029,17.16,0.066,0.0,0.0,0.0,0.0,0.0,534.0,2496.0,0.653,40,0,0,11.832,11.753,252,240,2,80,80,0,0,6400,0,0,0,0,0,0,0,0,0,0,240,0,0,0,3214,163,0,2932,0,0,4,3.214
2539,13.015,17.16,0.066,0.0,0.0,0.0,0.0,0.0,534.0,2496.0,0.678,40,0,0,8.483,8.384,253,240,2,80,80,0,0,6400,0,0,0,0,0,0,0,0,0,0,240,0,0,0,3428,114,0,3193,0,0,3,3.428
2540,12.716,17.16,0.066,0.0,0.0,0.0,0.0,0.0,534.0,2496.0,0.557,40,0,0,8.745,8.647,253,240,2,80,80,0,0,6400,0,0,0,0,0,0,0,0,0,0,240,0,0,0,2884,121,0,2668,0,0,3,2.884
2541,15.98,17.16,0.066,0.0,0.0,0.0,0.0,0.0,534.0,2496.0,0.597,40,0,0,11.837,11.743,253,240,2,80,80,0,0,6400,0,0,0,0,0,0,0,0,0,0,240,0,0,0,3176,166,0,2903,0,0,4,3.176
2542,15.422,17.16,0.066,0.0,0.0,0.0,0.0,0.0,534.0,2496.0,0.523,40,0,0,9.323,9.214,253,240,2,80,80,0,0,6400,0,0,0,0,0,0,0,0,0,0,240,0,0,0,4875,235,0,4420,0,0,5,4.875
2543,13.796,17.16,0.066,0.0,0.0,0.0,0.0,0.0,534.0,2496.0,0.609,40,0,0,9.161,9.051,253,240,2,80,80,0,0,6400,0,0,0,0,0,0,0,0,0,0,240,0,0,0,3528,157,0,3237,0,0,5,3.528
2544,17.637,17.16,0.066,0.0,0.0,0.0,0.0,0.0,534.0,2496.0,0.503,40,0,0,12.847,11.339,253,240,2,80,80,0,0,6400,0,0,0,0,0,0,0,0,0,0,240,0,0,0,3580,164,0,3296,0,0,5,3.58
2545,15.756,17.16,0.066,0.0,0.0,0.0,0.0,0.0,534.0,2496.0,0.541,40,0,0,10.97,10.858,252,240,2,80,80,0,0,6400,0,0,0,0,0,0,0,0,0,0,240,0,0,0,3681,158,0,3393,0,0,5,3.681
2546,15.722,17.16,0.066,0.0,0.0,0.0,0.0,0.0,534.0,2496.0,0.653,40,0,0,11.076,10.974,253,240,2,80,80,0,0,6400,0,0,0,0,0,0,0,0,0,0,240,0,0,0,3585,203,0,3261,0,0,5,3.585
2547,15.841,17.16,0.066,0.0,0.0,0.0,0.0,0.0,534.0,2496.0,0.67,40,0,0,11.07,10.959,253,240,2,80,80,0,0,6400,0,0,0,0,0,0,0,0,0,0,240,0,0,0,3605,159,0,3294,0,0,4,3.605
2548,16.055,17.16,0.066,0.0,0.0,0.0,0.0,0.0,534.0,2496.0,0.661,40,0,0,11.121,11.012,253,240,2,80,80,0,0,6400,0,0,0,0,0,0,0,0,0,0,240,0,0,0,3808,189,0,3486,0,0,5,3.808
2549,14.649,17.16,0.066,0.0,0.0,0.0,0.0,0.0,534.0,2496.0,0.407,40,0,0,10.788,10.676,253,240,2,80,80,0,0,6400,0,0,0,0,0,0,0,0,0,0,240,0,0,0,2826,102,0,2629,0,0,3,2.826
2550,12.508,17.16,0.066,0.0,0.0,0.0,0.0,0.0,534.0,2496.0,0.444,40,0,0,8.693,8.583,252,240,2,80,80,0,0,6400,0,0,0,0,0,0,0,0,0,0,240,0,0,0,3020,160,0,2737,0,0,4,3.02
2551,12.741,17.16,0.066,0.0,0.0,0.0,0.0,0.0,534.0,2496.0,0.536,40,0,0,8.438,8.363,252,240,2,80,80,0,0,6400,0,0,0,0,0,0,0,0,0,0,240,0,0,0,3445,161,0,3158,0,0,5,3.445
2552,15.141,17.16,0.066,0.0,0.0,0.0,0.0,0.0,534.0,2496.0,0.648,40,0,0,10.625,10.511,254,240,2,80,80,0,0,6400,0,0,0,0,0,0,0,0,0,0,240,0,0,0,3462,150,0,3176,0,0,5,3.462
2553,12.768,17.16,0.066,0.0,0.0,0.0,0.0,0.0,534.0,2496.0,0.422,40,0,0,8.976,8.881,252,240,2,80,80,0,0,6400,0,0,0,0,0,0,0,0,0,0,240,0,0,0,2683,143,0,2463,0,0,3,2.683
2554,13.973,17.16,0.066,0.0,0.0,0.0,0.0,0.0,534.0,2496.0,0.631,40,0,0,9.355,9.271,253,240,2,80,80,0,0,6400,0,0,0,0,0,0,0,0,0,0,240,0,0,0,3752,157,0,3439,0,0,4,3.752
2555,15.327,17.16,0.066,0.0,0.0,0.0,0.0,0.0,534.0,2496.0,0.559,40,0,0,11.13,11.01,253,240,2,80,80,0,0,6400,0,0,0,0,0,0,0,0,0,0,240,0,0,0,3161,122,0,2936,0,0,2,3.161
2556,15.903,17.16,0.066,0.0,0.0,0.0,0.0,0.0,534.0,2496.0,0.607,40,0,0,11.155,11.055,253,240,2,80,80,0,0,6400,0,0,0,0,0,0,0,0,0,0,240,0,0,0,3657,170,0,3361,0,0,5,3.657
2557,15.086,17.16,0.066,0.0,0.0,0.0,0.0,0.0,534.0,2496.0,0.559,40,0,0,10.617,10.514,252,240,2,80,80,0,0,6400,0,0,0,0,0,0,0,0,0,0,240,0,0,0,3347,145,0,3085,0,0,5,3.347
2558,12.625,17.16,0.066,0.0,0.0,0.0,0.0,0.0,534.0,2496.0,0.398,40,0,0,8.994,8.897,255,240,2,80,80,0,0,6400,0,0,0,0,0,0,0,0,0,0,240,0,0,0,2692,107,0,2493,0,0,4,2.692
2559,13.24,17.16,0.066,0.0,0.0,0.0,0.0,0.0,534.0,2496.0,0.553,40,0,0,9.061,8.983,252,240,2,80,80,0,0,6400,0,0,0,0,0,0,0,0,0,0,240,0,0,0,3319,147,0,3039,0,0,3,3.319
2560,13.598,17.16,0.066,0.0,0.0,0.0,0.0,0.0,534.0,2496.0,0.429,40,0,0,9.678,9.574,253,240,2,80,80,0,0,6400,0,0,0,0,0,0,0,0,0,0,240,0,0,0,2920,107,0,2723,0,0,3,2.92
2561,13.075,17.16,0.066,0.0,0.0,0.0,0.0,0.0,534.0,2496.0,0.45,40,0,0,9.199,9.116,253,240,2,80,80,0,0,6400,0,0,0,0,0,0,0,0,0,0,240,0,0,0,2985,146,0,2740,0,0,3,2.985
2562,14.323,17.16,0.066,0.0,0.0,0.0,0.0,0.0,534.0,2496.0,0.458,40,0,0,10.014,9.921,252,240,2,80,80,0,0,6400,0,0,0,0,0,0,0,0,0,0,240,0,0,0,3326,154,0,3008,0,0,10,3.326
2563,14.306,17.16,0.066,0.0,0.0,0.0,0.0,0.0,534.0,2496.0,0.495,40,0,0,9.859,9.782,252,240,2,80,80,0,0,6400,0,0,0,0,0,0,0,0,0,0,240,0,0,0,3550,151,0,3276,0,0,4,3.55
2564,15.548,17.16,0.066,0.0,0.0,0.0,0.0,0.0,534.0,2496.0,0.534,40,0,0,10.795,10.684,254,240,2,80,80,0,0,6400,0,0,0,0,0,0,0,0,0,0,240,0,0,0,3799,158,0,3476,0,0,4,3.799
2565,15.296,17.16,0.066,0.0,0.0,0.0,0.0,0.0,534.0,2496.0,0.499,40,0,0,11.035,10.926,253,240,2,80,80,0,0,6400,0,0,0,0,0,0,0,0,0,0,240,0,0,0,3264,141,0,3015,0,0,3,3.264
2566,12.557,17.16,0.066,0.0,0.0,0.0,0.0,0.0,534.0,2496.0,0.386,40,0,0,9.058,8.98,252,240,2,80,80,0,0,6400,0,0,0,0,0,0,0,0,0,0,240,0,0,0,2644,105,0,2455,0,0,3,2.644
2567,11.596,17.16,0.066,0.0,0.0,0.0,0.0,0.0,534.0,2496.0,0.535,40,0,0,7.699,7.586,254,240,2,80,80,0,0,6400,0,0,0,0,0,0,0,0,0,0,240,0,0,0,3160,126,0,2924,0,0,5,3.16
2568,12.074,17.16,0.066,0.0,0.0,0.0,0.0,0.0,534.0,2496.0,0.471,40,0,0,8.499,8.397,252,240,2,80,80,0,0,6400,0,0,0,0,0,0,0,0,0,0,240,0,0,0,2651,104,0,2451,0,0,3,2.651
2569,14.014,17.16,0.066,0.0,0.0,0.0,0.0,0.0,534.0,2496.0,0.399,40,0,0,10.597,8.938,254,240,2,80,80,0,0,6400,0,0,0,0,0,0,0,0,0,0,240,0,0,0,2584,105,0,2392,0,0,2,2.584
2570,10.924,17.16,0.066,0.0,0.0,0.0,0.0,0.0,534.0,2496.0,0.403,40,0,0,7.727,7.64,254,240,2,80,80,0,0,6400,0,0,0,0,0,0,0,0,0,0,240,0,0,0,2497,99,0,2317,0,0,2,2.497
2571,10.801,17.16,0.066,0.0,0.0,0.0,0.0,0.0,534.0,2496.0,0.56,40,0,0,7.491,7.395,253,240,2,80,80,0,0,6400,0,0,0,0,0,0,0,0,0,0,240,0,0,0,2555,106,0,2365,0,0,2,2.555
2572,13.661,17.16,0.066,0.0,0.0,0.0,0.0,0.0,534.0,2496.0,0.434,40,0,0,9.299,9.208,252,240,2,80,80,0,0,6400,0,0,0,0,0,0,0,0,0,0,240,0,0,0,3347,261,0,2966,0,0,4,3.347
2573,15.311,17.16,0.066,0.0,0.0,0.0,0.0,0.0,534.0,2496.0,0.629,40,0,0,10.284,10.191,254,240,2,80,80,0,0,6400,0,0,0,0,0,0,0,0,0,0,240,0,0,0,4141,160,0,3835,0,0,5,4.141
2574,16.877,17.16,0.066,0.0,0.0,0.0,0.0,0.0,534.0,2496.0,0.696,40,0,0,11.953,11.831,252,240,2,80,80,0,0,6400,0,0,0,0,0,0,0,0,0,0,240,0,0,0,3818,161,0,3447,0,0,5,3.818
2575,15.935,17.16,0.066,0.0,0.0,0.0,0.0,0.0,534.0,2496.0,0.475,40,0,0,11.735,11.625,252,240,2,80,80,0,0,6400,0,0,0,0,0,0,0,0,0,0,240,0,0,0,2741,116,0,2542,0,0,3,2.741
2576,15.014,17.16,0.066,0.0,0.0,0.0,0.0,0.0,534.0,2496.0,0.512,40,0,0,9.328,9.234,253,240,2,80,80,0,0,6400,0,0,0,0,0,0,0,0,0,0,240,0,0,0,4776,141,0,4511,0,0,4,4.776
2577,11.782,17.61,0.054,0.0,0.0,0.0,0.0,0.0,534.0,2496.0,0.412,40,0,0,8.048,7.96,255,240,2,80,80,0,0,6400,0,0,0,0,0,0,0,0,0,0,240,0,0,0,2766,143,0,2528,0,0,3,2.766
2578,12.685,17.61,0.054,0.0,0.0,0.0,0.0,0.0,534.0,2496.0,0.401,40,0,0,9.176,9.064,252,240,2,80,80,0,0,6400,0,0,0,0,0,0,0,0,0,0,240,0,0,0,2750,109,0,2526,0,0,2,2.75
2579,11.884,17.61,0.054,0.0,0.0,0.0,0.0,0.0,534.0,2496.0,0.51,40,0,0,8.313,8.211,255,240,2,80,80,0,0,6400,0,0,0,0,0,0,0,0,0,0,240,0,0,0,2777,107,0,2564,0,0,3,2.777
2580,12.055,17.61,0.054,0.0,0.0,0.0,0.0,0.0,534.0,2496.0,0.403,40,0,0,8.279,8.202,252,240,2,80,80,0,0,6400,0,0,0,0,0,0,0,0,0,0,240,0,0,0,2882,114,0,2682,0,0,3,2.882
2581,11.738,17.61,0.054,0.0,0.0,0.0,0.0,0.0,534.0,2496.0,0.455,40,0,0,8.104,8.028,252,240,2,80,80,0,0,6400,0,0,0,0,0,0,0,0,0,0,240,0,0,0,2845,148,0,2592,0,0,2,2.845
2582,11.414,17.61,0.054,0.0,0.0,0.0,0.0,0.0,534.0,2496.0,0.404,40,0,0,7.966,7.881,253,240,2,80,80,0,0,6400,0,0,0,0,0,0,0,0,0,0,240,0,0,0,2626,105,0,2447,0,0,3,2.626
2583,11.99,17.61,0.054,0.0,0.0,0.0,0.0,0.0,534.0,2496.0,0.432,40,0,0,8.07,7.995,253,240,2,80,80,0,0,6400,0,0,0,0,0,0,0,0,0,0,240,0,0,0,3145,118,0,2934,0,0,3,3.145
2584,12.529,17.61,0.054,0.0,0.0,0.0,0.0,0.0,534.0,2496.0,0.608,40,0,0,8.616,8.515,252,240,2,80,80,0,0,6400,0,0,0,0,0,0,0,0,0,0,240,0,0,0,3080,125,0,2859,0,0,3,3.08
2585,14.991,17.61,0.054,0.0,0.0,0.0,0.0,0.0,534.0,2496.0,0.435,40,0,0,10.823,10.705,255,240,2,80,80,0,0,6400,0,0,0,0,0,0,0,0,0,0,240,0,0,0,3063,120,0,2839,0,0,3,3.063
2586,14.989,17.61,0.054,0.0,0.0,0.0,0.0,0.0,534.0,2496.0,0.474,40,0,0,11.134,11.019,252,240,2,80,80,0,0,6400,0,0,0,0,0,0,0,0,0,0,240,0,0,0,2990,123,0,2770,0,0,3,2.99
2587,13.24,17.61,0.054,0.0,0.0,0.0,0.0,0.0,534.0,2496.0,0.704,40,0,0,8.782,8.692,252,240,2,80,80,0,0,6400,0,0,0,0,0,0,0,0,0,0,240,0,0,0,3465,154,0,3188,0,0,4,3.465
2588,16.754,17.61,0.054,0.0,0.0,0.0,0.0,0.0,534.0,2496.0,0.486,40,0,0,10.981,10.818,253,240,2,80,80,0,0,6400,0,0,0,0,0,0,0,0,0,0,240,0,0,0,4542,124,0,4308,0,0,3,4.542
2589,17.084,17.61,0.054,0.0,0.0,0.0,0.0,0.0,534.0,2496.0,0.478,40,0,0,13.179,13.081,253,240,2,80,80,0,0,6400,0,0,0,0,0,0,0,0,0,0,240,0,0,0,3027,163,0,2756,0,0,3,3.027
2590,13.517,17.61,0.054,0.0,0.0,0.0,0.0,0.0,534.0,2496.0,0.637,40,0,0,9.153,9.048,253,240,2,80,80,0,0,6400,0,0,0,0,0,0,0,0,0,0,240,0,0,0,3410,145,0,3111,0,0,4,3.41
2591,15.654,17.61,0.054,0.0,0.0,0.0,0.0,0.0,534.0,2496.0,0.483,40,0,0,11.106,10.988,253,240,2,80,80,0,0,6400,0,0,0,0,0,0,0,0,0,0,240,0,0,0,3348,226,0,2992,0,0,3,3.348
2592,14.362,17.61,0.054,0.0,0.0,0.0,0.0,0.0,534.0,2496.0,0.459,40,0,0,10.291,10.193,252,240,2,80,80,0,0,6400,0,0,0,0,0,0,0,0,0,0,240,0,0,0,3042,144,0,2799,0,0,2,3.042
2593,14.075,17.61,0.054,0.0,0.0,0.0,0.0,0.0,534.0,2496.0,0.457,40,0,0,10.031,9.916,252,240,2,80,80,0,0,6400,0,0,0,0,0,0,0,0,0,0,240,0,0,0,3158,127,0,2898,0,0,3,3.158
2594,15.023,17.61,0.054,0.0,0.0,0.0,0.0,0.0,534.0,2496.0,0.468,40,0,0,10.71,9.328,255,240,2,80,80,0,0,6400,0,0,0,0,0,0,0,0,0,0,240,0,0,0,3263,158,0,2987,0,0,4,3.263
2595,27.299,17.61,0.054,0.0,0.0,0.0,0.0,0.0,534.0,2496.0,1.004,40,0,0,20.157,20.033,253,240,2,80,80,0,0,6400,0,0,0,0,0,0,0,0,0,0,240,0,0,0,5988,255,0,5365,0,0,7,5.988
2596,27.417,17.61,0.054,0.0,0.0,0.0,0.0,0.0,534.0,2496.0,1.015,40,0,0,19.647,19.306,255,240,2,80,80,0,0,6400,0,0,0,0,0,0,0,0,0,0,240,0,0,0,5967,226,0,5517,0,0,7,5.967
2597,24.421,17.61,0.054,0.0,0.0,0.0,0.0,0.0,534.0,2496.0,1.002,40,0,0,15.496,15.334,253,240,2,80,80,0,0,6400,0,0,0,0,0,0,0,0,0,0,240,0,0,0,7280,223,0,6772,0,0,7,7.28
2598,25.053,17.61,0.054,0.0,0.0,0.0,0.0,0.0,534.0,2496.0,0.759,40,0,0,18.917,18.686,252,240,2,80,80,0,0,6400,0,0,0,0,0,0,0,0,0,0,240,0,0,0,4283,292,0,3755,0,0,9,4.283
2599,25.296,17.61,0.054,0.0,0.0,0.0,0.0,0.0,534.0,2496.0,0.965,40,0,0,17.886,17.75,252,240,2,80,80,0,0,6400,0,0,0,0,0,0,0,0,0,0,240,0,0,0,6009,333,0,5437,0,0,7,6.009
2600,25.212,17.61,0.054,0.0,0.0,0.0,0.0,0.0,534.0,2496.0,0.579,40,0,0,18.328,18.121,254,240,2,80,80,0,0,6400,0,0,0,0,0,0,0,0,0,0,240,0,0,0,5174,281,0,4716,0,0,6,5.174
2601,29.594,17.61,0.054,0.0,0.0,0.0,0.0,0.0,534.0,2496.0,0.912,40,0,0,22.251,22.139,252,240,2,80,80,0,0,6400,0,0,0,0,0,0,0,0,0,0,240,0,0,0,5900,277,0,5359,0,0,7,5.9
2602,28.031,17.61,0.054,0.0,0.0,0.0,0.0,0.0,534.0,2496.0,0.933,40,0,0,19.772,19.537,253,240,2,80,80,0,0,6400,0,0,0,0,0,0,0,0,0,0,240,0,0,0,6428,587,0,5607,0,0,7,6.428
2603,26.015,17.61,0.054,0.0,0.0,0.0,0.0,0.0,534.0,2496.0,0.639,40,0,0,15.558,15.298,255,240,2,80,80,0,0,6400,0,0,0,0,0,0,0,0,0,0,240,0,0,0,8527,411,0,7763,0,0,7,8.527
2604,24.667,17.61,0.054,0.0,0.0,0.0,0.0,0.0,534.0,2496.0,0.791,40,0,0,19.372,19.248,252,240,2,80,80,0,0,6400,0,0,0,0,0,0,0,0,0,0,240,0,0,0,3993,172,0,3681,0,0,5,3.993
2605,25.376,17.61,0.054,0.0,0.0,0.0,0.0,0.0,534.0,2496.0,0.915,40,0,0,17.601,17.362,254,240,2,80,80,0,0,6400,0,0,0,0,0,0,0,0,0,0,240,0,0,0,6150,246,0,5638,0,0,8,6.15
2606,26.766,17.61,0.054,0.0,0.0,0.0,0.0,0.0,534.0,2496.0,1.238,40,0,0,18.811,18.372,253,240,2,80,80,0,0,6400,0,0,0,0,0,0,0,0,0,0,240,0,0,0,6253,229,0,5777,0,0,9,6.253
2607,29.993,17.61,0.054,0.0,0.0,0.0,0.0,0.0,534.0,2496.0,1.169,40,0,0,22.38,22.182,252,240,2,80,80,0,0,6400,0,0,0,0,0,0,0,0,0,0,240,0,0,0,5644,247,0,5188,0,0,9,5.644
2608,27.032,17.61,0.054,0.0,0.0,0.0,0.0,0.0,534.0,2496.0,0.915,40,0,0,19.326,19.102,252,240,2,80,80,0,0,6400,0,0,0,0,0,0,0,0,0,0,240,0,0,0,5661,319,0,5077,0,0,8,5.661
2609,16.091,17.61,0.054,0.0,0.0,0.0,0.0,0.0,534.0,2496.0,0.561,40,0,0,11.297,11.092,255,240,2,80,80,0,0,6400,0,0,0,0,0,0,0,0,0,0,240,0,0,0,3217,139,0,2972,0,0,5,3.217
2610,13.569,17.61,0.054,0.0,0.0,0.0,0.0,0.0,534.0,2496.0,0.692,40,0,0,9.498,9.386,253,240,2,80,80,0,0,6400,0,0,0,0,0,0,0,0,0,0,240,0,0,0,3019,120,0,2799,0,0,3,3.019
2611,22.271,17.61,0.054,0.0,0.0,0.0,0.0,0.0,534.0,2496.0,0.427,40,0,0,16.228,16.133,252,240,2,80,80,0,0,6400,0,0,0,0,0,0,0,0,0,0,240,0,0,0,4841,118,0,4598,0,0,8,4.841
2612,17.844,17.61,0.054,0.0,0.0,0.0,0.0,0.0,534.0,2496.0,0.567,40,0,0,13.015,12.918,253,240,2,80,80,0,0,6400,0,0,0,0,0,0,0,0,0,0,240,0,0,0,3795,180,0,3434,0,0,6,3.795
2613,16.701,17.61,0.054,0.0,0.0,0.0,0.0,0.0,534.0,2496.0,0.657,40,0,0,11.553,11.412,252,240,2,80,80,0,0,6400,0,0,0,0,0,0,0,0,0,0,240,0,0,0,3885,192,0,3518,0,0,6,3.885
2614,16.906,17.61,0.054,0.0,0.0,0.0,0.0,0.0,534.0,2496.0,0.585,40,0,0,12.057,11.881,253,240,2,80,80,0,0,6400,0,0,0,0,0,0,0,0,0,0,240,0,0,0,3578,174,0,3286,0,0,4,3.578
2615,17.027,17.61,0.054,0.0,0.0,0.0,0.0,0.0,534.0,2496.0,0.622,40,0,0,12.207,12.064,255,240,2,80,80,0,0,6400,0,0,0,0,0,0,0,0,0,0,240,0,0,0,3618,153,0,3339,0,0,6,3.618
2616,16.732,17.61,0.054,0.0,0.0,0.0,0.0,0.0,534.0,2496.0,0.733,40,0,0,11.989,11.862,252,240,2,80,80,0,0,6400,0,0,0,0,0,0,0,0,0,0,240,0,0,0,3538,144,0,3268,0,0,5,3.538
2617,16.545,17.61,0.054,0.0,0.0,0.0,0.0,0.0,534.0,2496.0,0.623,40,0,0,11.507,11.393,252,240,2,80,80,0,0,6400,0,0,0,0,0,0,0,0,0,0,240,0,0,0,3738,154,0,3422,0,0,4,3.738
2618,15.971,17.61,0.054,0.0,0.0,0.0,0.0,0.0,534.0,2496.0,0.628,40,0,0,11.291,11.164,254,240,2,80,80,0,0,6400,0,0,0,0,0,0,0,0,0,0,240,0,0,0,3435,150,0,3167,0,0,4,3.435
2619,15.711,17.61,0.054,0.0,0.0,0.0,0.0,0.0,534.0,2496.0,0.66,40,0,0,10.812,10.702,252,240,2,80,80,0,0,6400,0,0,0,0,0,0,0,0,0,0,240,0,0,0,3675,195,0,3341,0,0,5,3.675
2620,15.885,17.61,0.054,0.0,0.0,0.0,0.0,0.0,534.0,2496.0,0.627,40,0,0,11.13,11.018,252,240,2,80,80,0,0,6400,0,0,0,0,0,0,0,0,0,0,240,0,0,0,3469,153,0,3200,0,0,4,3.469
2621,15.754,17.61,0.054,0.0,0.0,0.0,0.0,0.0,534.0,2496.0,0.647,40,0,0,10.975,10.821,256,240,2,80,80,0,0,6400,0,0,0,0,0,0,0,0,0,0,240,0,0,0,3478,163,0,3190,0,0,5,3.478
2622,15.209,17.61,0.054,0.0,0.0,0.0,0.0,0.0,534.0,2496.0,0.476,40,0,0,10.918,10.795,253,240,2,80,80,0,0,6400,0,0,0,0,0,0,0,0,0,0,240,0,0,0,3031,156,0,2773,0,0,4,3.031
2623,11.626,17.61,0.054,0.0,0.0,0.0,0.0,0.0,534.0,2496.0,0.427,40,0,0,8.149,8.052,252,240,2,80,80,0,0,6400,0,0,0,0,0,0,0,0,0,0,240,0,0,0,2585,101,0,2403,0,0,2,2.585
2624,11.293,17.61,0.054,0.0,0.0,0.0,0.0,0.0,534.0,2496.0,0.454,40,0,0,7.872,7.765,253,240,2,80,80,0,0,6400,0,0,0,0,0,0,0,0,0,0,240,0,0,0,2588,104,0,2403,0,0,2,2.588
2625,11.266,17.61,0.054,0.0,0.0,0.0,0.0,0.0,534.0,2496.0,0.403,40,0,0,7.886,7.813,252,240,2,80,80,0,0,6400,0,0,0,0,0,0,0,0,0,0,240,0,0,0,2562,106,0,2359,0,0,13,2.562
2626,10.825,17.61,0.054,0.0,0.0,0.0,0.0,0.0,534.0,2496.0,0.414,40,0,0,7.534,7.456,253,240,2,80,80,0,0,6400,0,0,0,0,0,0,0,0,0,0,240,0,0,0,2545,104,0,2365,0,0,2,2.545
2627,10.994,17.61,0.054,0.0,0.0,0.0,0.0,0.0,534.0,2496.0,0.406,40,0,0,7.595,7.501,255,240,2,80,80,0,0,6400,0,0,0,0,0,0,0,0,0,0,240,0,0,0,2602,114,0,2402,0,0,3,2.602
2628,11.125,17.61,0.054,0.0,0.0,0.0,0.0,0.0,534.0,2496.0,0.524,40,0,0,7.77,7.698,252,240,2,80,80,0,0,6400,0,0,0,0,0,0,0,0,0,0,240,0,0,0,2618,107,0,2430,0,0,3,2.618
2629,11.09,17.61,0.054,0.0,0.0,0.0,0.0,0.0,534.0,2496.0,0.383,40,0,0,7.688,7.601,253,240,2,80,80,0,0,6400,0,0,0,0,0,0,0,0,0,0,240,0,0,0,2515,106,0,2337,0,0,3,2.515
2630,10.691,17.61,0.054,0.0,0.0,0.0,0.0,0.0,534.0,2496.0,0.425,40,0,0,7.536,7.452,254,240,2,80,80,0,0,6400,0,0,0,0,0,0,0,0,0,0,240,0,0,0,2453,100,0,2276,0,0,2,2.453
2631,12.302,17.61,0.054,0.0,0.0,0.0,0.0,0.0,534.0,2496.0,0.466,40,0,0,9.018,7.544,253,240,2,80,80,0,0,6400,0,0,0,0,0,0,0,0,0,0,240,0,0,0,2519,108,0,2332,0,0,2,2.519
2632,10.989,17.61,0.054,0.0,0.0,0.0,0.0,0.0,534.0,2496.0,0.385,40,0,0,7.453,7.376,252,240,2,80,80,0,0,6400,0,0,0,0,0,0,0,0,0,0,240,0,0,0,2694,143,0,2470,0,0,1,2.694
2633,11.487,17.61,0.054,0.0,0.0,0.0,0.0,0.0,534.0,2496.0,0.642,40,0,0,7.752,7.651,254,240,2,80,80,0,0,6400,0,0,0,0,0,0,0,0,0,0,240,0,0,0,3017,113,0,2811,0,0,3,3.017
2634,12.71,17.61,0.054,0.0,0.0,0.0,0.0,0.0,534.0,2496.0,0.379,40,0,0,9.148,8.994,254,240,2,80,80,0,0,6400,0,0,0,0,0,0,0,0,0,0,240,0,0,0,2548,124,0,2341,0,0,3,2.548
2635,10.72,17.61,0.054,0.0,0.0,0.0,0.0,0.0,534.0,2496.0,0.397,40,0,0,7.491,7.422,252,240,2,80,80,0,0,6400,0,0,0,0,0,0,0,0,0,0,240,0,0,0,2540,102,0,2353,0,0,3,2.54
2636,10.992,17.61,0.054,0.0,0.0,0.0,0.0,0.0,534.0,2496.0,0.408,40,0,0,7.682,7.603,253,240,2,80,80,0,0,6400,0,0,0,0,0,0,0,0,0,0,240,0,0,0,2596,107,0,2409,0,0,3,2.596
2637,11.841,30.715,0.062,0.0,0.0,0.0,0.0,0.0,534.0,2496.0,0.446,40,0,0,8.365,8.276,255,240,2,80,80,0,0,6400,0,0,0,0,0,0,0,0,0,0,240,0,0,0,2679,110,0,2485,0,0,3,2.679
2638,12.278,30.715,0.062,0.0,0.0,0.0,0.0,0.0,534.0,2496.0,0.406,40,0,0,8.426,8.351,252,240,2,80,80,0,0,6400,0,0,0,0,0,0,0,0,0,0,240,0,0,0,2680,146,0,2425,0,0,3,2.68
2639,14.201,30.715,0.062,0.0,0.0,0.0,0.0,0.0,534.0,2496.0,0.474,40,0,0,10.534,10.457,252,240,2,80,80,0,0,6400,0,0,0,0,0,0,0,0,0,0,240,0,0,0,2811,131,0,2592,0,0,3,2.811
2640,12.641,30.715,0.062,0.0,0.0,0.0,0.0,0.0,534.0,2496.0,0.546,40,0,0,8.989,8.889,254,240,2,80,80,0,0,6400,0,0,0,0,0,0,0,0,0,0,240,0,0,0,2784,118,0,2582,0,0,3,2.784
2641,13.132,30.715,0.062,0.0,0.0,0.0,0.0,0.0,534.0,2496.0,0.455,40,0,0,9.256,9.169,253,240,2,80,80,0,0,6400,0,0,0,0,0,0,0,0,0,0,240,0,0,0,2873,148,0,2633,0,0,2,2.873
2642,12.378,30.715,0.062,0.0,0.0,0.0,0.0,0.0,534.0,2496.0,0.46,40,0,0,8.619,8.516,254,240,2,80,80,0,0,6400,0,0,0,0,0,0,0,0,0,0,240,0,0,0,2918,153,0,2666,0,0,3,2.918
2643,12.629,30.715,0.062,0.0,0.0,0.0,0.0,0.0,534.0,2496.0,0.448,40,0,0,8.913,8.794,254,240,2,80,80,0,0,6400,0,0,0,0,0,0,0,0,0,0,240,0,0,0,2791,117,0,2580,0,0,2,2.791
2644,12.017,30.715,0.062,0.0,0.0,0.0,0.0,0.0,534.0,2496.0,0.521,40,0,0,8.24,8.155,252,240,2,80,80,0,0,6400,0,0,0,0,0,0,0,0,0,0,240,0,0,0,2964,118,0,2732,0,0,3,2.964
2645,13.088,30.715,0.062,0.0,0.0,0.0,0.0,0.0,534.0,2496.0,0.476,40,0,0,9.326,8.177,254,240,2,80,80,0,0,6400,0,0,0,0,0,0,0,0,0,0,240,0,0,0,2846,152,0,2604,0,0,3,2.846
2646,12.954,30.715,0.062,0.0,0.0,0.0,0.0,0.0,534.0,2496.0,0.469,40,0,0,9.285,9.169,253,240,2,80,80,0,0,6400,0,0,0,0,0,0,0,0,0,0,240,0,0,0,2771,117,0,2550,0,0,2,2.771
2647,12.165,30.715,0.062,0.0,0.0,0.0,0.0,0.0,534.0,2496.0,0.477,40,0,0,8.591,8.505,253,240,2,80,80,0,0,6400,0,0,0,0,0,0,0,0,0,0,240,0,0,0,2761,113,0,2568,0,0,3,2.761
2648,12.026,30.715,0.062,0.0,0.0,0.0,0.0,0.0,534.0,2496.0,0.495,40,0,0,8.408,8.315,254,240,2,80,80,0,0,6400,0,0,0,0,0,0,0,0,0,0,240,0,0,0,2774,117,0,2569,0,0,3,2.774
2649,14.984,30.715,0.062,0.0,0.0,0.0,0.0,0.0,534.0,2496.0,0.39,40,0,0,11.296,11.209,253,240,2,80,80,0,0,6400,0,0,0,0,0,0,0,0,0,0,240,0,0,0,2746,116,0,2537,0,0,3,2.746
2650,12.716,30.715,0.062,0.0,0.0,0.0,0.0,0.0,534.0,2496.0,0.631,40,0,0,9.222,9.12,254,240,2,80,80,0,0,6400,0,0,0,0,0,0,0,0,0,0,240,0,0,0,2743,117,0,2541,0,0,3,2.743
2651,13.628,30.715,0.062,0.0,0.0,0.0,0.0,0.0,534.0,2496.0,0.661,40,0,0,8.929,8.824,252,240,2,80,80,0,0,6400,0,0,0,0,0,0,0,0,0,0,240,0,0,0,3667,162,0,3379,0,0,4,3.667
2652,14.227,30.715,0.062,0.0,0.0,0.0,0.0,0.0,534.0,2496.0,0.434,40,0,0,10.414,10.296,253,240,2,80,80,0,0,6400,0,0,0,0,0,0,0,0,0,0,240,0,0,0,2705,112,0,2507,0,0,2,2.705
2653,12.345,30.715,0.062,0.0,0.0,0.0,0.0,0.0,534.0,2496.0,0.44,40,0,0,8.857,8.771,253,240,2,80,80,0,0,6400,0,0,0,0,0,0,0,0,0,0,240,0,0,0,2669,110,0,2470,0,0,2,2.669
2654,11.594,30.715,0.062,0.0,0.0,0.0,0.0,0.0,534.0,2496.0,0.405,40,0,0,8.158,8.074,253,240,2,80,80,0,0,6400,0,0,0,0,0,0,0,0,0,0,240,0,0,0,2647,110,0,2451,0,0,2,2.647
2655,12.071,30.715,0.062,0.0,0.0,0.0,0.0,0.0,534.0,2496.0,1.303,40,0,0,8.095,7.96,254,240,2,80,80,0,0,6400,0,0,0,0,0,0,0,0,0,0,240,0,0,0,3150,117,0,2934,0,0,3,3.15
2656,12.885,30.715,0.062,0.0,0.0,0.0,0.0,0.0,534.0,2496.0,0.418,40,0,0,8.395,8.3,254,240,2,80,80,0,0,6400,0,0,0,0,0,0,0,0,0,0,240,0,0,0,2709,113,0,2510,0,0,3,2.709
2657,12.067,30.715,0.062,0.0,0.0,0.0,0.0,0.0,534.0,2496.0,0.423,40,0,0,8.578,8.498,252,240,2,80,80,0,0,6400,0,0,0,0,0,0,0,0,0,0,240,0,0,0,2685,111,0,2485,0,0,1,2.685
2658,14.925,30.715,0.062,0.0,0.0,0.0,0.0,0.0,534.0,2496.0,0.502,40,0,0,10.506,10.4,254,240,2,80,80,0,0,6400,0,0,0,0,0,0,0,0,0,0,240,0,0,0,3542,169,0,3220,0,0,5,3.542
2659,11.721,30.715,0.062,0.0,0.0,0.0,0.0,0.0,534.0,2496.0,0.382,40,0,0,8.038,7.947,253,240,2,80,80,0,0,6400,0,0,0,0,0,0,0,0,0,0,240,0,0,0,2686,109,0,2490,0,0,3,2.686
2660,11.614,30.715,0.062,0.0,0.0,0.0,0.0,0.0,534.0,2496.0,0.395,40,0,0,8.22,8.064,252,240,2,80,80,0,0,6400,0,0,0,0,0,0,0,0,0,0,240,0,0,0,2658,103,0,2469,0,0,2,2.658
2661,12.377,30.715,0.062,0.0,0.0,0.0,0.0,0.0,534.0,2496.0,0.404,40,0,0,8.711,8.63,253,240,2,80,80,0,0,6400,0,0,0,0,0,0,0,0,0,0,240,0,0,0,2827,132,0,2596,0,0,2,2.827
2662,16.402,30.715,0.062,0.0,0.0,0.0,0.0,0.0,534.0,2496.0,0.691,40,0,0,9.719,9.604,254,240,2,80,80,0,0,6400,0,0,0,0,0,0,0,0,0,0,240,0,0,0,5881,2323,0,3414,0,0,6,5.881
2663,17.086,30.715,0.062,0.0,0.0,0.0,0.0,0.0,534.0,2496.0,0.634,40,0,0,12.106,11.987,252,240,2,80,80,0,0,6400,0,0,0,0,0,0,0,0,0,0,240,0,0,0,3788,194,0,3452,0,0,4,3.788
2664,16.772,30.715,0.062,0.0,0.0,0.0,0.0,0.0,534.0,2496.0,0.635,40,0,0,11.922,11.785,253,240,2,80,80,0,0,6400,0,0,0,0,0,0,0,0,0,0,240,0,0,0,3752,206,0,3402,0,0,6,3.752
2665,16.695,30.715,0.062,0.0,0.0,0.0,0.0,0.0,534.0,2496.0,0.645,40,0,0,11.917,11.814,252,240,2,80,80,0,0,6400,0,0,0,0,0,0,0,0,0,0,240,0,0,0,3679,172,0,3369,0,0,5,3.679
2666,16.789,30.715,0.062,0.0,0.0,0.0,0.0,0.0,534.0,2496.0,0.571,40,0,0,12.084,11.957,254,240,2,80,80,0,0,6400,0,0,0,0,0,0,0,0,0,0,240,0,0,0,3571,155,0,3292,0,0,3,3.571
2667,16.511,30.715,0.062,0.0,0.0,0.0,0.0,0.0,534.0,2496.0,0.769,40,0,0,11.321,11.191,252,240,2,80,80,0,0,6400,0,0,0,0,0,0,0,0,0,0,240,0,0,0,4106,180,0,3780,0,0,6,4.106
2668,16.476,30.715,0.062,0.0,0.0,0.0,0.0,0.0,534.0,2496.0,0.615,40,0,0,11.234,11.112,253,240,2,80,80,0,0,6400,0,0,0,0,0,0,0,0,0,0,240,0,0,0,3946,171,0,3635,0,0,6,3.946
2669,16.383,30.715,0.062,0.0,0.0,0.0,0.0,0.0,534.0,2496.0,0.614,40,0,0,11.525,11.355,255,240,2,80,80,0,0,6400,0,0,0,0,0,0,0,0,0,0,240,0,0,0,3738,172,0,3423,0,0,4,3.738
2670,16.28,30.715,0.062,0.0,0.0,0.0,0.0,0.0,534.0,2496.0,0.663,40,0,0,11.526,11.408,253,240,2,80,80,0,0,6400,0,0,0,0,0,0,0,0,0,0,240,0,0,0,3612,148,0,3325,0,0,4,3.612
2671,16.469,30.715,0.062,0.0,0.0,0.0,0.0,0.0,534.0,2496.0,0.605,40,0,0,11.629,11.501,252,240,2,80,80,0,0,6400,0,0,0,0,0,0,0,0,0,0,240,0,0,0,3662,162,0,3371,0,0,5,3.662
2672,16.333,30.715,0.062,0.0,0.0,0.0,0.0,0.0,534.0,2496.0,0.599,40,0,0,11.467,11.352,252,240,2,80,80,0,0,6400,0,0,0,0,0,0,0,0,0,0,240,0,0,0,3721,186,0,3407,0,0,5,3.721
2673,17.001,30.715,0.062,0.0,0.0,0.0,0.0,0.0,534.0,2496.0,0.653,40,0,0,11.891,11.772,253,240,2,80,80,0,0,6400,0,0,0,0,0,0,0,0,0,0,240,0,0,0,3922,178,0,3576,0,0,5,3.922
2674,17.776,30.715,0.062,0.0,0.0,0.0,0.0,0.0,534.0,2496.0,0.654,40,0,0,12.673,12.533,254,240,2,80,80,0,0,6400,0,0,0,0,0,0,0,0,0,0,240,0,0,0,3883,154,0,3549,0,0,4,3.883
2675,17.847,30.715,0.062,0.0,0.0,0.0,0.0,0.0,534.0,2496.0,0.607,40,0,0,12.738,12.62,252,240,2,80,80,0,0,6400,0,0,0,0,0,0,0,0,0,0,240,0,0,0,3889,213,0,3513,0,0,3,3.889
2676,17.304,30.715,0.062,0.0,0.0,0.0,0.0,0.0,534.0,2496.0,0.655,40,0,0,12.388,12.268,252,240,2,80,80,0,0,6400,0,0,0,0,0,0,0,0,0,0,240,0,0,0,3753,167,0,3444,0,0,5,3.753
2677,17.724,30.715,0.062,0.0,0.0,0.0,0.0,0.0,534.0,2496.0,0.632,40,0,0,12.483,12.358,253,240,2,80,80,0,0,6400,0,0,0,0,0,0,0,0,0,0,240,0,0,0,3912,168,0,3579,0,0,5,3.912
2678,17.918,30.715,0.062,0.0,0.0,0.0,0.0,0.0,534.0,2496.0,0.64,40,0,0,12.676,12.546,253,240,2,80,80,0,0,6400,0,0,0,0,0,0,0,0,0,0,240,0,0,0,3909,161,0,3552,0,0,5,3.909
2679,18.063,30.715,0.062,0.0,0.0,0.0,0.0,0.0,534.0,2496.0,0.574,40,0,0,12.792,12.669,252,240,2,80,80,0,0,6400,0,0,0,0,0,0,0,0,0,0,240,0,0,0,3985,221,0,3613,0,0,5,3.985
2680,17.86,30.715,0.062,0.0,0.0,0.0,0.0,0.0,534.0,2496.0,0.634,40,0,0,12.777,12.602,253,240,2,80,80,0,0,6400,0,0,0,0,0,0,0,0,0,0,240,0,0,0,3934,159,0,3624,0,0,4,3.934
2681,18.38,30.715,0.062,0.0,0.0,0.0,0.0,0.0,534.0,2496.0,0.725,40,0,0,13.209,13.008,255,240,2,80,80,0,0,6400,0,0,0,0,0,0,0,0,0,0,240,0,0,0,4009,168,0,3665,0,0,5,4.009
2682,18.368,30.715,0.062,0.0,0.0,0.0,0.0,0.0,534.0,2496.0,0.732,40,0,0,13.019,12.896,252,240,2,80,80,0,0,6400,0,0,0,0,0,0,0,0,0,0,240,0,0,0,4038,166,0,3714,0,0,4,4.038
2683,18.263,30.715,0.062,0.0,0.0,0.0,0.0,0.0,534.0,2496.0,0.599,40,0,0,12.94,12.805,253,240,2,80,80,0,0,6400,0,0,0,0,0,0,0,0,0,0,240,0,0,0,3949,167,0,3647,0,0,5,3.949
2684,17.18,30.715,0.062,0.0,0.0,0.0,0.0,0.0,534.0,2496.0,0.628,40,0,0,12.183,12.01,253,240,2,80,80,0,0,6400,0,0,0,0,0,0,0,0,0,0,240,0,0,0,3831,166,0,3530,0,0,5,3.831
2685,19.398,30.715,0.062,0.0,0.0,0.0,0.0,0.0,534.0,2496.0,0.677,40,0,0,14.406,12.248,253,240,2,80,80,0,0,6400,0,0,0,0,0,0,0,0,0,0,240,0,0,0,3779,206,0,3437,0,0,6,3.779
2686,16.181,30.715,0.062,0.0,0.0,0.0,0.0,0.0,534.0,2496.0,0.497,40,0,0,11.55,11.426,252,240,2,80,80,0,0,6400,0,0,0,0,0,0,0,0,0,0,240,0,0,0,3464,152,0,3189,0,0,4,3.464
2687,12.739,30.715,0.062,0.0,0.0,0.0,0.0,0.0,534.0,2496.0,0.5,40,0,0,8.562,8.456,254,240,2,80,80,0,0,6400,0,0,0,0,0,0,0,0,0,0,240,0,0,0,3199,125,0,2948,0,0,4,3.199
2688,15.35,30.715,0.062,0.0,0.0,0.0,0.0,0.0,534.0,2496.0,0.591,40,0,0,10.35,10.2,254,240,2,80,80,0,0,6400,0,0,0,0,0,0,0,0,0,0,240,0,0,0,3931,168,0,3616,0,0,5,3.931
2689,17.974,30.715,0.062,0.0,0.0,0.0,0.0,0.0,534.0,2496.0,0.639,40,0,0,12.878,12.76,252,240,2,80,80,0,0,6400,0,0,0,0,0,0,0,0,0,0,240,0,0,0,3877,203,0,3512,0,0,5,3.877
2690,18.657,30.715,0.062,0.0,0.0,0.0,0.0,0.0,534.0,2496.0,0.641,40,0,0,13.436,13.309,254,240,2,80,80,0,0,6400,0,0,0,0,0,0,0,0,0,0,240,0,0,0,4029,171,0,3715,0,0,4,4.029
2691,18.158,30.715,0.062,0.0,0.0,0.0,0.0,0.0,534.0,2496.0,0.699,40,0,0,12.856,12.733,252,240,2,80,80,0,0,6400,0,0,0,0,0,0,0,0,0,0,240,0,0,0,4023,168,0,3705,0,0,5,4.023
2692,18.267,30.715,0.062,0.0,0.0,0.0,0.0,0.0,534.0,2496.0,0.63,40,0,0,12.98,12.843,252,240,2,80,80,0,0,6400,0,0,0,0,0,0,0,0,0,0,240,0,0,0,3946,165,0,3611,0,0,6,3.946
2693,18.216,30.715,0.062,0.0,0.0,0.0,0.0,0.0,534.0,2496.0,0.641,40,0,0,12.976,12.843,253,240,2,80,80,0,0,6400,0,0,0,0,0,0,0,0,0,0,240,0,0,0,3993,168,0,3672,0,0,5,3.993
2694,18.267,30.715,0.062,0.0,0.0,0.0,0.0,0.0,534.0,2496.0,0.64,40,0,0,12.894,12.749,254,240,2,80,80,0,0,6400,0,0,0,0,0,0,0,0,0,0,240,0,0,0,4021,167,0,3700,0,0,5,4.021
2695,18.026,30.715,0.062,0.0,0.0,0.0,0.0,0.0,534.0,2496.0,0.678,40,0,0,12.853,12.725,253,240,2,80,80,0,0,6400,0,0,0,0,0,0,0,0,0,0,240,0,0,0,3908,184,0,3583,0,0,5,3.908
2696,17.905,30.715,0.062,0.0,0.0,0.0,0.0,0.0,534.0,2496.0,0.663,40,0,0,12.656,12.522,253,240,2,80,80,0,0,6400,0,0,0,0,0,0,0,0,0,0,240,0,0,0,3940,166,0,3640,0,0,5,3.94
2697,17.579,30.715,0.062,0.0,0.0,0.0,0.0,0.0,534.0,2496.0,0.636,40,0,0,12.462,12.348,252,240,2,80,80,0,0,6400,0,0,0,0,0,0,0,0,0,0,240,0,0,0,3808,159,0,3479,0,0,6,3.808
2698,19.051,30.715,0.062,0.0,0.0,0.0,0.0,0.0,534.0,2496.0,0.533,40,0,0,13.958,12.215,253,240,2,80,80,0,0,6400,0,0,0,0,0,0,0,0,0,0,240,0,0,0,3852,161,0,3564,0,0,4,3.852
2699,16.587,30.715,0.062,0.0,0.0,0.0,0.0,0.0,534.0,2496.0,0.663,40,0,0,11.84,11.722,253,240,2,80,80,0,0,6400,0,0,0,0,0,0,0,0,0,0,240,0,0,0,3686,199,0,3349,0,0,5,3.686
2700,16.771,30.715,0.062,0.0,0.0,0.0,0.0,0.0,534.0,2496.0,3.182,40,0,0,11.316,11.195,252,240,2,80,80,0,0,6400,0,0,0,0,0,0,0,0,0,0,240,0,0,0,3813,164,0,3517,0,0,6,3.813
2701,18.753,20.274,0.055,0.0,0.0,0.0,0.0,0.0,534.0,2496.0,0.444,40,0,0,12.343,12.244,253,240,2,80,80,0,0,6400,0,0,0,0,0,0,0,0,0,0,240,0,0,0,2731,117,0,2515,0,0,3,2.731
2702,12.959,20.274,0.055,0.0,0.0,0.0,0.0,0.0,534.0,2496.0,0.452,40,0,0,9.19,9.081,254,240,2,80,80,0,0,6400,0,0,0,0,0,0,0,0,0,0,240,0,0,0,2906,120,0,2688,0,0,3,2.906
2703,12.784,20.274,0.055,0.0,0.0,0.0,0.0,0.0,534.0,2496.0,0.496,40,0,0,8.224,8.116,253,240,2,80,80,0,0,6400,0,0,0,0,0,0,0,0,0,0,240,0,0,0,3582,159,0,3297,0,0,6,3.582
2704,12.931,20.274,0.055,0.0,0.0,0.0,0.0,0.0,534.0,2496.0,0.579,40,0,0,9.367,9.284,252,240,2,80,80,0,0,6400,0,0,0,0,0,0,0,0,0,0,240,0,0,0,2670,108,0,2471,0,0,3,2.67
2705,12.317,20.274,0.055,0.0,0.0,0.0,0.0,0.0,534.0,2496.0,0.453,40,0,0,8.618,8.528,253,240,2,80,80,0,0,6400,0,0,0,0,0,0,0,0,0,0,240,0,0,0,2723,114,0,2519,0,0,1,2.723
2706,12.138,20.274,0.055,0.0,0.0,0.0,0.0,0.0,534.0,2496.0,0.449,40,0,0,8.604,8.518,252,240,2,80,80,0,0,6400,0,0,0,0,0,0,0,0,0,0,240,0,0,0,2717,111,0,2495,0,0,3,2.717
2707,12.152,20.274,0.055,0.0,0.0,0.0,0.0,0.0,534.0,2496.0,0.43,40,0,0,8.514,8.358,254,240,2,80,80,0,0,6400,0,0,0,0,0,0,0,0,0,0,240,0,0,0,2745,108,0,2546,0,0,3,2.745
2708,12.24,20.274,0.055,0.0,0.0,0.0,0.0,0.0,534.0,2496.0,0.473,40,0,0,8.452,8.362,253,240,2,80,80,0,0,6400,0,0,0,0,0,0,0,0,0,0,240,0,0,0,2959,123,0,2737,0,0,4,2.959
2709,11.891,20.274,0.055,0.0,0.0,0.0,0.0,0.0,534.0,2496.0,0.541,40,0,0,8.331,8.238,253,240,2,80,80,0,0,6400,0,0,0,0,0,0,0,0,0,0,240,0,0,0,2727,107,0,2518,0,0,3,2.727
2710,12.113,20.274,0.055,0.0,0.0,0.0,0.0,0.0,534.0,2496.0,0.454,40,0,0,8.434,8.351,252,240,2,80,80,0,0,6400,0,0,0,0,0,0,0,0,0,0,240,0,0,0,2755,154,0,2512,0,0,3,2.755
2711,11.585,20.274,0.055,0.0,0.0,0.0,0.0,0.0,534.0,2496.0,0.82,40,0,0,8.071,7.982,253,240,2,80,80,0,0,6400,0,0,0,0,0,0,0,0,0,0,240,0,0,0,2689,123,0,2472,0,0,4,2.689
2712,12.94,20.274,0.055,0.0,0.0,0.0,0.0,0.0,534.0,2496.0,0.433,40,0,0,9.046,8.946,253,240,2,80,80,0,0,6400,0,0,0,0,0,0,0,0,0,0,240,0,0,0,2686,105,0,2465,0,0,3,2.686
2713,20.41,20.274,0.055,0.0,0.0,0.0,0.0,0.0,534.0,2496.0,0.5,40,0,0,16.577,16.477,254,240,2,80,80,0,0,6400,0,0,0,0,0,0,0,0,0,0,240,0,0,0,2912,244,0,2573,0,0,3,2.912
2714,12.289,20.274,0.055,0.0,0.0,0.0,0.0,0.0,534.0,2496.0,0.482,40,0,0,8.637,8.552,252,240,2,80,80,0,0,6400,0,0,0,0,0,0,0,0,0,0,240,0,0,0,2699,121,0,2490,0,0,3,2.699
2715,11.797,20.274,0.055,0.0,0.0,0.0,0.0,0.0,534.0,2496.0,0.457,40,0,0,8.043,7.953,253,240,2,80,80,0,0,6400,0,0,0,0,0,0,0,0,0,0,240,0,0,0,2887,234,0,2567,0,0,3,2.887
2716,11.748,20.274,0.055,0.0,0.0,0.0,0.0,0.0,534.0,2496.0,0.412,40,0,0,8.269,8.179,253,240,2,80,80,0,0,6400,0,0,0,0,0,0,0,0,0,0,240,0,0,0,2638,112,0,2438,0,0,2,2.638
2717,14.978,20.274,0.055,0.0,0.0,0.0,0.0,0.0,534.0,2496.0,0.991,40,0,0,8.795,8.704,254,240,2,80,80,0,0,6400,0,0,0,0,0,0,0,0,0,0,240,0,0,0,5273,209,0,4870,0,0,7,5.273
2718,24.332,20.274,0.055,0.0,0.0,0.0,0.0,0.0,534.0,2496.0,0.923,40,0,0,16.917,16.756,252,240,2,80,80,0,0,6400,0,0,0,0,0,0,0,0,0,0,240,0,0,0,5648,294,0,5149,0,0,8,5.648
2719,25.738,20.274,0.055,0.0,0.0,0.0,0.0,0.0,534.0,2496.0,1.142,40,0,0,17.784,17.563,253,240,2,80,80,0,0,6400,0,0,0,0,0,0,0,0,0,0,240,0,0,0,6265,356,0,5648,0,0,9,6.265
2720,27.292,20.274,0.055,0.0,0.0,0.0,0.0,0.0,534.0,2496.0,0.904,40,0,0,19.593,19.332,254,240,2,80,80,0,0,6400,0,0,0,0,0,0,0,0,0,0,240,0,0,0,5662,258,0,5095,0,0,9,5.662
2721,25.299,20.274,0.055,0.0,0.0,0.0,0.0,0.0,534.0,2496.0,0.535,40,0,0,18.554,18.332,253,240,2,80,80,0,0,6400,0,0,0,0,0,0,0,0,0,0,240,0,0,0,4968,315,0,4463,0,0,6,4.968
2722,23.338,20.274,0.055,0.0,0.0,0.0,0.0,0.0,534.0,2496.0,0.674,40,0,0,16.263,16.152,253,240,2,80,80,0,0,6400,0,0,0,0,0,0,0,0,0,0,240,0,0,0,5686,351,0,5129,0,0,7,5.686
2723,22.835,20.274,0.055,0.0,0.0,0.0,0.0,0.0,534.0,2496.0,0.669,40,0,0,17.533,17.376,254,240,2,80,80,0,0,6400,0,0,0,0,0,0,0,0,0,0,240,0,0,0,3681,166,0,3384,0,0,5,3.681
2724,25.03,20.274,0.055,0.0,0.0,0.0,0.0,0.0,534.0,2496.0,0.954,40,0,0,17.731,17.595,252,240,2,80,80,0,0,6400,0,0,0,0,0,0,0,0,0,0,240,0,0,0,5708,231,0,5281,0,0,6,5.708
2725,23.593,20.274,0.055,0.0,0.0,0.0,0.0,0.0,534.0,2496.0,1.178,40,0,0,16.775,16.596,253,240,2,80,80,0,0,6400,0,0,0,0,0,0,0,0,0,0,240,0,0,0,5063,204,0,4651,0,0,8,5.063
2726,26.242,20.274,0.055,0.0,0.0,0.0,0.0,0.0,534.0,2496.0,0.9,40,0,0,19.365,19.198,252,240,2,80,80,0,0,6400,0,0,0,0,0,0,0,0,0,0,240,0,0,0,4700,214,0,4305,0,0,7,4.7
2727,25.326,20.274,0.055,0.0,0.0,0.0,0.0,0.0,534.0,2496.0,0.908,40,0,0,17.852,17.67,254,240,2,80,80,0,0,6400,0,0,0,0,0,0,0,0,0,0,240,0,0,0,5743,231,0,5302,0,0,8,5.743
2728,18.911,20.274,0.055,0.0,0.0,0.0,0.0,0.0,534.0,2496.0,0.82,40,0,0,13.737,13.562,253,240,2,80,80,0,0,6400,0,0,0,0,0,0,0,0,0,0,240,0,0,0,3565,166,0,3274,0,0,6,3.565
2729,19.992,20.274,0.055,0.0,0.0,0.0,0.0,0.0,534.0,2496.0,0.781,40,0,0,14.669,14.418,255,240,2,80,80,0,0,6400,0,0,0,0,0,0,0,0,0,0,240,0,0,0,3578,164,0,3236,0,0,6,3.578
2730,23.201,20.274,0.055,0.0,0.0,0.0,0.0,0.0,534.0,2496.0,0.798,40,0,0,16.283,16.145,252,240,2,80,80,0,0,6400,0,0,0,0,0,0,0,0,0,0,240,0,0,0,5399,206,0,4993,0,0,8,5.399
2731,23.148,20.274,0.055,0.0,0.0,0.0,0.0,0.0,534.0,2496.0,0.833,40,0,0,16.636,16.503,253,240,2,80,80,0,0,6400,0,0,0,0,0,0,0,0,0,0,240,0,0,0,5018,280,0,4556,0,0,7,5.018
2732,23.823,20.274,0.055,0.0,0.0,0.0,0.0,0.0,534.0,2496.0,1.044,40,0,0,16.34,16.197,252,240,2,80,80,0,0,6400,0,0,0,0,0,0,0,0,0,0,240,0,0,0,5702,291,0,5161,0,0,9,5.702
2733,24.29,20.274,0.055,0.0,0.0,0.0,0.0,0.0,534.0,2496.0,0.845,40,0,0,17.621,17.352,254,240,2,80,80,0,0,6400,0,0,0,0,0,0,0,0,0,0,240,0,0,0,4868,265,0,4423,0,0,8,4.868
2734,26.634,20.274,0.055,0.0,0.0,0.0,0.0,0.0,534.0,2496.0,0.559,40,0,0,20.053,16.521,253,240,2,80,80,0,0,6400,0,0,0,0,0,0,0,0,0,0,240,0,0,0,4856,228,0,4437,0,0,7,4.856
2735,11.685,20.274,0.055,0.0,0.0,0.0,0.0,0.0,534.0,2496.0,0.425,40,0,0,8.042,7.928,254,240,2,80,80,0,0,6400,0,0,0,0,0,0,0,0,0,0,240,0,0,0,2622,105,0,2429,0,0,2,2.622
2736,11.478,20.274,0.055,0.0,0.0,0.0,0.0,0.0,534.0,2496.0,0.428,40,0,0,8.033,7.945,253,240,2,80,80,0,0,6400,0,0,0,0,0,0,0,0,0,0,240,0,0,0,2594,104,0,2403,0,0,3,2.594
2737,11.208,20.274,0.055,0.0,0.0,0.0,0.0,0.0,534.0,2496.0,0.435,40,0,0,7.813,7.736,253,240,2,80,80,0,0,6400,0,0,0,0,0,0,0,0,0,0,240,0,0,0,2519,113,0,2333,0,0,3,2.519
2738,10.836,20.274,0.055,0.0,0.0,0.0,0.0,0.0,534.0,2496.0,0.418,40,0,0,7.47,7.389,252,240,2,80,80,0,0,6400,0,0,0,0,0,0,0,0,0,0,240,0,0,0,2500,105,0,2322,0,0,3,2.5
2739,10.822,20.274,0.055,0.0,0.0,0.0,0.0,0.0,534.0,2496.0,0.391,40,0,0,7.539,7.45,254,240,2,80,80,0,0,6400,0,0,0,0,0,0,0,0,0,0,240,0,0,0,2488,111,0,2287,0,0,3,2.488
2740,10.63,20.274,0.055,0.0,0.0,0.0,0.0,0.0,534.0,2496.0,0.472,40,0,0,7.431,7.345,252,240,2,80,80,0,0,6400,0,0,0,0,0,0,0,0,0,0,240,0,0,0,2491,101,0,2322,0,0,3,2.491
2741,10.981,20.274,0.055,0.0,0.0,0.0,0.0,0.0,534.0,2496.0,0.419,40,0,0,7.537,7.45,254,240,2,80,80,0,0,6400,0,0,0,0,0,0,0,0,0,0,240,0,0,0,2605,104,0,2423,0,0,2,2.605
2742,11.143,20.274,0.055,0.0,0.0,0.0,0.0,0.0,534.0,2496.0,0.39,40,0,0,7.852,7.763,254,240,2,80,80,0,0,6400,0,0,0,0,0,0,0,0,0,0,240,0,0,0,2552,100,0,2361,0,0,2,2.552
2743,10.976,20.274,0.055,0.0,0.0,0.0,0.0,0.0,534.0,2496.0,0.396,40,0,0,7.677,7.598,253,240,2,80,80,0,0,6400,0,0,0,0,0,0,0,0,0,0,240,0,0,0,2565,117,0,2358,0,0,2,2.565
2744,10.933,20.274,0.055,0.0,0.0,0.0,0.0,0.0,534.0,2496.0,0.462,40,0,0,7.622,7.543,253,240,2,80,80,0,0,6400,0,0,0,0,0,0,0,0,0,0,240,0,0,0,2610,105,0,2432,0,0,2,2.61
2745,11.153,20.274,0.055,0.0,0.0,0.0,0.0,0.0,534.0,2496.0,0.39,40,0,0,7.795,7.712,253,240,2,80,80,0,0,6400,0,0,0,0,0,0,0,0,0,0,240,0,0,0,2530,107,0,2346,0,0,2,2.53
2746,10.85,20.274,0.055,0.0,0.0,0.0,0.0,0.0,534.0,2496.0,0.4,40,0,0,7.51,7.432,253,240,2,80,80,0,0,6400,0,0,0,0,0,0,0,0,0,0,240,0,0,0,2597,110,0,2381,0,0,3,2.597
2747,11.049,20.274,0.055,0.0,0.0,0.0,0.0,0.0,534.0,2496.0,0.576,40,0,0,7.731,7.649,253,240,2,80,80,0,0,6400,0,0,0,0,0,0,0,0,0,0,240,0,0,0,2561,108,0,2360,0,0,1,2.561
2748,13.511,20.274,0.055,0.0,0.0,0.0,0.0,0.0,534.0,2496.0,0.449,40,0,0,8.834,8.713,254,240,2,80,80,0,0,6400,0,0,0,0,0,0,0,0,0,0,240,0,0,0,3692,117,0,3488,0,0,3,3.692
2749,18.2,20.274,0.055,0.0,0.0,0.0,0.0,0.0,534.0,2496.0,0.505,40,0,0,14.368,14.273,254,240,2,80,80,0,0,6400,0,0,0,0,0,0,0,0,0,0,240,0,0,0,2967,145,0,2729,0,0,2,2.967
2750,17.373,20.274,0.055,0.0,0.0,0.0,0.0,0.0,534.0,2496.0,0.427,40,0,0,13.72,13.623,252,240,2,80,80,0,0,6400,0,0,0,0,0,0,0,0,0,0,240,0,0,0,2760,132,0,2534,0,0,2,2.76
2751,12.771,20.274,0.055,0.0,0.0,0.0,0.0,0.0,534.0,2496.0,0.459,40,0,0,9.062,8.975,253,240,2,80,80,0,0,6400,0,0,0,0,0,0,0,0,0,0,240,0,0,0,2873,130,0,2639,0,0,4,2.873
2752,13.955,20.274,0.055,0.0,0.0,0.0,0.0,0.0,534.0,2496.0,0.417,40,0,0,9.861,8.733,256,240,2,80,80,0,0,6400,0,0,0,0,0,0,0,0,0,0,240,0,0,0,3245,116,0,2981,0,0,4,3.245
2753,16.819,20.274,0.055,0.0,0.0,0.0,0.0,0.0,534.0,2496.0,0.613,40,0,0,11.502,11.075,254,240,2,80,80,0,0,6400,0,0,0,0,0,0,0,0,0,0,240,0,0,0,4482,151,0,4152,0,0,4,4.482
2754,16.38,20.274,0.055,0.0,0.0,0.0,0.0,0.0,534.0,2496.0,0.546,40,0,0,11.522,11.377,254,240,2,80,80,0,0,6400,0,0,0,0,0,0,0,0,0,0,240,0,0,0,3710,135,0,3427,0,0,4,3.71
2755,16.028,20.274,0.055,0.0,0.0,0.0,0.0,0.0,534.0,2496.0,0.555,40,0,0,11.32,11.158,253,240,2,80,80,0,0,6400,0,0,0,0,0,0,0,0,0,0,240,0,0,0,3677,183,0,3364,0,0,3,3.677
2756,12.718,20.274,0.055,0.0,0.0,0.0,0.0,0.0,534.0,2496.0,0.453,40,0,0,8.908,8.739,253,240,2,80,80,0,0,6400,0,0,0,0,0,0,0,0,0,0,240,0,0,0,2826,125,0,2589,0,0,2,2.826
2757,12.617,20.274,0.055,0.0,0.0,0.0,0.0,0.0,534.0,2496.0,0.621,40,0,0,8.4,8.302,253,240,2,80,80,0,0,6400,0,0,0,0,0,0,0,0,0,0,240,0,0,0,3290,162,0,3010,0,0,4,3.29
2758,16.007,20.274,0.055,0.0,0.0,0.0,0.0,0.0,534.0,2496.0,0.533,40,0,0,10.014,9.894,253,240,2,80,80,0,0,6400,0,0,0,0,0,0,0,0,0,0,240,0,0,0,3344,205,0,3026,0,0,4,3.344
2759,13.798,20.274,0.055,0.0,0.0,0.0,0.0,0.0,534.0,2496.0,0.482,40,0,0,9.563,9.422,254,240,2,80,80,0,0,6400,0,0,0,0,0,0,0,0,0,0,240,0,0,0,3246,268,0,2869,0,0,3,3.246
2760,13.25,20.274,0.055,0.0,0.0,0.0,0.0,0.0,534.0,2496.0,0.445,40,0,0,8.556,8.449,253,240,2,80,80,0,0,6400,0,0,0,0,0,0,0,0,0,0,240,0,0,0,3746,125,0,3488,0,0,3,3.746
2761,11.808,20.274,0.055,0.0,0.0,0.0,0.0,0.0,534.0,2496.0,0.424,40,0,0,8.084,7.988,254,240,2,80,80,0,0,6400,0,0,0,0,0,0,0,0,0,0,240,0,0,0,2937,117,0,2583,0,0,3,2.937
2762,11.709,20.274,0.055,0.0,0.0,0.0,0.0,0.0,534.0,2496.0,0.403,40,0,0,7.942,7.847,253,240,2,80,80,0,0,6400,0,0,0,0,0,0,0,0,0,0,240,0,0,0,2972,108,0,2775,0,0,2,2.972
2763,14.533,20.274,0.055,0.0,0.0,0.0,0.0,0.0,534.0,2496.0,0.649,40,0,0,10.39,10.293,254,240,2,80,80,0,0,6400,0,0,0,0,0,0,0,0,0,0,240,0,0,0,3375,114,0,3149,0,0,5,3.375
2764,17.327,27.749,0.042,0.0,0.0,0.0,0.0,0.0,534.0,2496.0,0.609,40,0,0,12.223,12.057,253,240,2,80,80,0,0,6400,0,0,0,0,0,0,0,0,0,0,240,0,0,0,3835,189,0,3466,0,0,5,3.835
2765,17.162,27.749,0.042,0.0,0.0,0.0,0.0,0.0,534.0,2496.0,0.545,40,0,0,12.071,11.945,253,240,2,80,80,0,0,6400,0,0,0,0,0,0,0,0,0,0,240,0,0,0,3885,173,0,3559,0,0,4,3.885
2766,17.296,27.749,0.042,0.0,0.0,0.0,0.0,0.0,534.0,2496.0,0.645,40,0,0,12.288,12.115,253,240,2,80,80,0,0,6400,0,0,0,0,0,0,0,0,0,0,240,0,0,0,3905,170,0,3559,0,0,5,3.905
2767,17.872,27.749,0.042,0.0,0.0,0.0,0.0,0.0,534.0,2496.0,0.553,40,0,0,12.635,12.494,254,240,2,80,80,0,0,6400,0,0,0,0,0,0,0,0,0,0,240,0,0,0,3973,174,0,3646,0,0,4,3.973
2768,17.619,27.749,0.042,0.0,0.0,0.0,0.0,0.0,534.0,2496.0,0.624,40,0,0,12.626,12.5,252,240,2,80,80,0,0,6400,0,0,0,0,0,0,0,0,0,0,240,0,0,0,3831,179,0,3503,0,0,4,3.831
2769,17.788,27.749,0.042,0.0,0.0,0.0,0.0,0.0,534.0,2496.0,0.651,40,0,0,12.679,12.558,253,240,2,80,80,0,0,6400,0,0,0,0,0,0,0,0,0,0,240,0,0,0,3932,170,0,3574,0,0,5,3.932
2770,17.677,27.749,0.042,0.0,0.0,0.0,0.0,0.0,534.0,2496.0,0.58,40,0,0,12.626,12.489,254,240,2,80,80,0,0,6400,0,0,0,0,0,0,0,0,0,0,240,0,0,0,3871,165,0,3556,0,0,5,3.871
2771,17.241,27.749,0.042,0.0,0.0,0.0,0.0,0.0,534.0,2496.0,0.665,40,0,0,12.11,11.967,255,240,2,80,80,0,0,6400,0,0,0,0,0,0,0,0,0,0,240,0,0,0,3993,160,0,3675,0,0,5,3.993
2772,17.379,27.749,0.042,0.0,0.0,0.0,0.0,0.0,534.0,2496.0,0.611,40,0,0,12.312,12.182,253,240,2,80,80,0,0,6400,0,0,0,0,0,0,0,0,0,0,240,0,0,0,3830,173,0,3515,0,0,4,3.83
2773,17.692,27.749,0.042,0.0,0.0,0.0,0.0,0.0,534.0,2496.0,0.745,40,0,0,12.586,12.458,253,240,2,80,80,0,0,6400,0,0,0,0,0,0,0,0,0,0,240,0,0,0,3944,167,0,3593,0,0,6,3.944
2774,17.738,27.749,0.042,0.0,0.0,0.0,0.0,0.0,534.0,2496.0,0.652,40,0,0,12.61,12.487,252,240,2,80,80,0,0,6400,0,0,0,0,0,0,0,0,0,0,240,0,0,0,3827,164,0,3516,0,0,5,3.827
2775,17.269,27.749,0.042,0.0,0.0,0.0,0.0,0.0,534.0,2496.0,0.67,40,0,0,12.301,12.175,253,240,2,80,80,0,0,6400,0,0,0,0,0,0,0,0,0,0,240,0,0,0,3796,205,0,3448,0,0,5,3.796
2776,17.375,27.749,0.042,0.0,0.0,0.0,0.0,0.0,534.0,2496.0,0.618,40,0,0,12.273,12.136,254,240,2,80,80,0,0,6400,0,0,0,0,0,0,0,0,0,0,240,0,0,0,3823,220,0,3458,0,0,5,3.823
2777,17.291,27.749,0.042,0.0,0.0,0.0,0.0,0.0,534.0,2496.0,0.65,40,0,0,12.307,12.138,252,240,2,80,80,0,0,6400,0,0,0,0,0,0,0,0,0,0,240,0,0,0,3810,163,0,3498,0,0,6,3.81
2778,17.269,27.749,0.042,0.0,0.0,0.0,0.0,0.0,534.0,2496.0,0.654,40,0,0,12.212,12.073,255,240,2,80,80,0,0,6400,0,0,0,0,0,0,0,0,0,0,240,0,0,0,3852,162,0,3551,0,0,5,3.852
2779,17.088,27.749,0.042,0.0,0.0,0.0,0.0,0.0,534.0,2496.0,0.708,40,0,0,12.074,11.957,253,240,2,80,80,0,0,6400,0,0,0,0,0,0,0,0,0,0,240,0,0,0,3828,209,0,3449,0,0,5,3.828
2780,19.786,27.749,0.042,0.0,0.0,0.0,0.0,0.0,534.0,2496.0,0.663,40,0,0,14.611,12.094,253,240,2,80,80,0,0,6400,0,0,0,0,0,0,0,0,0,0,240,0,0,0,3914,168,0,3607,0,0,5,3.914
2781,17.354,27.749,0.042,0.0,0.0,0.0,0.0,0.0,534.0,2496.0,0.656,40,0,0,12.307,12.176,253,240,2,80,80,0,0,6400,0,0,0,0,0,0,0,0,0,0,240,0,0,0,3759,180,0,3390,0,0,6,3.759
2782,17.449,27.749,0.042,0.0,0.0,0.0,0.0,0.0,534.0,2496.0,0.541,40,0,0,12.415,12.291,253,240,2,80,80,0,0,6400,0,0,0,0,0,0,0,0,0,0,240,0,0,0,3837,163,0,3530,0,0,5,3.837
2783,17.413,27.749,0.042,0.0,0.0,0.0,0.0,0.0,534.0,2496.0,0.741,40,0,0,12.444,12.31,253,240,2,80,80,0,0,6400,0,0,0,0,0,0,0,0,0,0,240,0,0,0,3834,224,0,3475,0,0,4,3.834
2784,18.07,27.749,0.042,0.0,0.0,0.0,0.0,0.0,534.0,2496.0,0.639,40,0,0,12.849,12.706,254,240,2,80,80,0,0,6400,0,0,0,0,0,0,0,0,0,0,240,0,0,0,3917,220,0,3549,0,0,4,3.917
2785,17.838,27.749,0.042,0.0,0.0,0.0,0.0,0.0,534.0,2496.0,0.608,40,0,0,12.755,12.631,254,240,2,80,80,0,0,6400,0,0,0,0,0,0,0,0,0,0,240,0,0,0,3872,189,0,3534,0,0,5,3.872
2786,13.165,27.749,0.042,0.0,0.0,0.0,0.0,0.0,534.0,2496.0,0.477,40,0,0,9.233,9.151,252,240,2,80,80,0,0,6400,0,0,0,0,0,0,0,0,0,0,240,0,0,0,2901,145,0,2660,0,0,3,2.901
2787,11.909,27.749,0.042,0.0,0.0,0.0,0.0,0.0,534.0,2496.0,0.417,40,0,0,8.331,8.237,253,240,2,80,80,0,0,6400,0,0,0,0,0,0,0,0,0,0,240,0,0,0,2695,104,0,2506,0,0,2,2.695
2788,11.977,27.749,0.042,0.0,0.0,0.0,0.0,0.0,534.0,2496.0,0.559,40,0,0,8.524,8.44,253,240,2,80,80,0,0,6400,0,0,0,0,0,0,0,0,0,0,240,0,0,0,2661,120,0,2438,0,0,3,2.661
2789,13.149,27.749,0.042,0.0,0.0,0.0,0.0,0.0,534.0,2496.0,0.521,40,0,0,9.29,9.205,253,240,2,80,80,0,0,6400,0,0,0,0,0,0,0,0,0,0,240,0,0,0,2875,136,0,2642,0,0,3,2.875
2790,14.366,27.749,0.042,0.0,0.0,0.0,0.0,0.0,534.0,2496.0,0.591,40,0,0,10.044,9.942,253,240,2,80,80,0,0,6400,0,0,0,0,0,0,0,0,0,0,240,0,0,0,3254,169,0,2931,0,0,4,3.254
2791,16.024,27.749,0.042,0.0,0.0,0.0,0.0,0.0,534.0,2496.0,0.605,40,0,0,10.701,10.557,254,240,2,80,80,0,0,6400,0,0,0,0,0,0,0,0,0,0,240,0,0,0,4029,256,0,3636,0,0,5,4.029
2792,16.556,27.749,0.042,0.0,0.0,0.0,0.0,0.0,534.0,2496.0,0.599,40,0,0,11.503,11.367,255,240,2,80,80,0,0,6400,0,0,0,0,0,0,0,0,0,0,240,0,0,0,3921,227,0,3564,0,0,3,3.921
2793,17.692,27.749,0.042,0.0,0.0,0.0,0.0,0.0,534.0,2496.0,0.585,40,0,0,12.368,12.252,253,240,2,80,80,0,0,6400,0,0,0,0,0,0,0,0,0,0,240,0,0,0,4126,188,0,3804,0,0,4,4.126
2794,16.05,27.749,0.042,0.0,0.0,0.0,0.0,0.0,534.0,2496.0,0.565,40,0,0,11.175,11.055,254,240,2,80,80,0,0,6400,0,0,0,0,0,0,0,0,0,0,240,0,0,0,3799,153,0,3523,0,0,4,3.799
2795,16.127,27.749,0.042,0.0,0.0,0.0,0.0,0.0,534.0,2496.0,0.6,40,0,0,11.327,11.211,252,240,2,80,80,0,0,6400,0,0,0,0,0,0,0,0,0,0,240,0,0,0,3781,182,0,3475,0,0,3,3.781
2796,15.99,27.749,0.042,0.0,0.0,0.0,0.0,0.0,534.0,2496.0,0.614,40,0,0,11.128,11.019,253,240,2,80,80,0,0,6400,0,0,0,0,0,0,0,0,0,0,240,0,0,0,3803,152,0,3533,0,0,3,3.803
2797,15.899,27.749,0.042,0.0,0.0,0.0,0.0,0.0,534.0,2496.0,0.566,40,0,0,11.059,10.924,254,240,2,80,80,0,0,6400,0,0,0,0,0,0,0,0,0,0,240,0,0,0,3770,150,0,3498,0,0,4,3.77
2798,15.807,27.749,0.042,0.0,0.0,0.0,0.0,0.0,534.0,2496.0,0.558,40,0,0,11.002,10.885,254,240,2,80,80,0,0,6400,0,0,0,0,0,0,0,0,0,0,240,0,0,0,3790,157,0,3468,0,0,3,3.79
2799,16.0,27.749,0.042,0.0,0.0,0.0,0.0,0.0,534.0,2496.0,0.529,40,0,0,11.178,11.062,254,240,2,80,80,0,0,6400,0,0,0,0,0,0,0,0,0,0,240,0,0,0,3772,158,0,3488,0,0,3,3.772
2800,15.83,27.749,0.042,0.0,0.0,0.0,0.0,0.0,534.0,2496.0,0.589,40,0,0,11.022,10.906,254,240,2,80,80,0,0,6400,0,0,0,0,0,0,0,0,0,0,240,0,0,0,3799,155,0,3470,0,0,5,3.799
2801,15.874,27.749,0.042,0.0,0.0,0.0,0.0,0.0,534.0,2496.0,0.542,40,0,0,11.148,11.013,252,240,2,80,80,0,0,6400,0,0,0,0,0,0,0,0,0,0,240,0,0,0,3684,147,0,3407,0,0,4,3.684
2802,16.463,27.749,0.042,0.0,0.0,0.0,0.0,0.0,534.0,2496.0,0.595,40,0,0,11.469,11.353,254,240,2,80,80,0,0,6400,0,0,0,0,0,0,0,0,0,0,240,0,0,0,3930,184,0,3593,0,0,4,3.93
2803,18.17,27.749,0.042,0.0,0.0,0.0,0.0,0.0,534.0,2496.0,0.697,40,0,0,12.775,12.639,254,240,2,80,80,0,0,6400,0,0,0,0,0,0,0,0,0,0,240,0,0,0,4182,195,0,3781,0,0,5,4.182
2804,18.747,27.749,0.042,0.0,0.0,0.0,0.0,0.0,534.0,2496.0,0.793,40,0,0,12.711,12.57,254,240,2,80,80,0,0,6400,0,0,0,0,0,0,0,0,0,0,240,0,0,0,4743,199,0,4379,0,0,7,4.743
2805,19.464,27.749,0.042,0.0,0.0,0.0,0.0,0.0,534.0,2496.0,0.567,40,0,0,13.781,13.594,254,240,2,80,80,0,0,6400,0,0,0,0,0,0,0,0,0,0,240,0,0,0,4200,240,0,3806,0,0,5,4.2
2806,17.808,27.749,0.042,0.0,0.0,0.0,0.0,0.0,534.0,2496.0,0.597,40,0,0,12.503,12.38,254,240,2,80,80,0,0,6400,0,0,0,0,0,0,0,0,0,0,240,0,0,0,4044,193,0,3681,0,0,6,4.044
2807,16.811,27.749,0.042,0.0,0.0,0.0,0.0,0.0,534.0,2496.0,0.69,40,0,0,11.772,11.635,253,240,2,80,80,0,0,6400,0,0,0,0,0,0,0,0,0,0,240,0,0,0,3874,171,0,3576,0,0,5,3.874
2808,15.641,27.749,0.042,0.0,0.0,0.0,0.0,0.0,534.0,2496.0,0.472,40,0,0,11.209,9.663,256,240,2,80,80,0,0,6400,0,0,0,0,0,0,0,0,0,0,240,0,0,0,3196,139,0,2945,0,0,3,3.196
2809,12.48,27.749,0.042,0.0,0.0,0.0,0.0,0.0,534.0,2496.0,0.469,40,0,0,8.799,8.701,253,240,2,80,80,0,0,6400,0,0,0,0,0,0,0,0,0,0,240,0,0,0,2831,145,0,2600,0,0,3,2.831
2810,12.321,27.749,0.042,0.0,0.0,0.0,0.0,0.0,534.0,2496.0,0.499,40,0,0,8.617,8.504,255,240,2,80,80,0,0,6400,0,0,0,0,0,0,0,0,0,0,240,0,0,0,2839,116,0,2630,0,0,3,2.839
2811,12.372,27.749,0.042,0.0,0.0,0.0,0.0,0.0,534.0,2496.0,0.444,40,0,0,8.638,8.549,253,240,2,80,80,0,0,6400,0,0,0,0,0,0,0,0,0,0,240,0,0,0,2845,126,0,2616,0,0,3,2.845
2812,12.308,27.749,0.042,0.0,0.0,0.0,0.0,0.0,534.0,2496.0,0.45,40,0,0,8.633,8.504,254,240,2,80,80,0,0,6400,0,0,0,0,0,0,0,0,0,0,240,0,0,0,2840,116,0,2634,0,0,2,2.84
2813,11.931,27.749,0.042,0.0,0.0,0.0,0.0,0.0,534.0,2496.0,0.452,40,0,0,8.324,8.233,254,240,2,80,80,0,0,6400,0,0,0,0,0,0,0,0,0,0,240,0,0,0,2815,110,0,2617,0,0,3,2.815
2814,12.244,27.749,0.042,0.0,0.0,0.0,0.0,0.0,534.0,2496.0,0.498,40,0,0,8.357,8.268,254,240,2,80,80,0,0,6400,0,0,0,0,0,0,0,0,0,0,240,0,0,0,3065,114,0,2850,0,0,3,3.065
2815,12.296,27.749,0.042,0.0,0.0,0.0,0.0,0.0,534.0,2496.0,0.444,40,0,0,8.501,8.411,253,240,2,80,80,0,0,6400,0,0,0,0,0,0,0,0,0,0,240,0,0,0,2891,148,0,2649,0,0,2,2.891
2816,11.89,27.749,0.042,0.0,0.0,0.0,0.0,0.0,534.0,2496.0,0.41,40,0,0,8.302,8.204,254,240,2,80,80,0,0,6400,0,0,0,0,0,0,0,0,0,0,240,0,0,0,2796,142,0,2566,0,0,2,2.796
2817,11.906,27.749,0.042,0.0,0.0,0.0,0.0,0.0,534.0,2496.0,0.433,40,0,0,8.315,8.214,254,240,2,80,80,0,0,6400,0,0,0,0,0,0,0,0,0,0,240,0,0,0,2812,111,0,2614,0,0,2,2.812
2818,12.039,27.749,0.042,0.0,0.0,0.0,0.0,0.0,534.0,2496.0,0.422,40,0,0,8.404,8.308,253,240,2,80,80,0,0,6400,0,0,0,0,0,0,0,0,0,0,240,0,0,0,2843,121,0,2615,0,0,3,2.843
2819,11.973,27.749,0.042,0.0,0.0,0.0,0.0,0.0,534.0,2496.0,0.421,40,0,0,8.365,8.252,254,240,2,80,80,0,0,6400,0,0,0,0,0,0,0,0,0,0,240,0,0,0,2804,113,0,2599,0,0,2,2.804
2820,12.163,27.749,0.042,0.0,0.0,0.0,0.0,0.0,534.0,2496.0,0.414,40,0,0,8.535,8.435,255,240,2,80,80,0,0,6400,0,0,0,0,0,0,0,0,0,0,240,0,0,0,2846,149,0,2608,0,0,3,2.846
2821,12.068,27.749,0.042,0.0,0.0,0.0,0.0,0.0,534.0,2496.0,0.419,40,0,0,8.412,8.327,253,240,2,80,80,0,0,6400,0,0,0,0,0,0,0,0,0,0,240,0,0,0,2820,121,0,2609,0,0,2,2.82
2822,12.122,27.749,0.042,0.0,0.0,0.0,0.0,0.0,534.0,2496.0,0.445,40,0,0,8.493,8.393,256,240,2,80,80,0,0,6400,0,0,0,0,0,0,0,0,0,0,240,0,0,0,2826,113,0,2613,0,0,3,2.826
2823,14.511,27.749,0.042,0.0,0.0,0.0,0.0,0.0,534.0,2496.0,0.485,40,0,0,10.72,8.763,253,240,2,80,80,0,0,6400,0,0,0,0,0,0,0,0,0,0,240,0,0,0,2984,117,0,2774,0,0,3,2.984
2824,12.299,27.749,0.042,0.0,0.0,0.0,0.0,0.0,534.0,2496.0,0.463,40,0,0,8.568,8.456,254,240,2,80,80,0,0,6400,0,0,0,0,0,0,0,0,0,0,240,0,0,0,2845,119,0,2638,0,0,2,2.845
2825,12.153,27.749,0.042,0.0,0.0,0.0,0.0,0.0,534.0,2496.0,0.438,40,0,0,8.521,8.413,256,240,2,80,80,0,0,6400,0,0,0,0,0,0,0,0,0,0,240,0,0,0,2829,110,0,2630,0,0,2,2.829
2826,11.988,27.749,0.042,0.0,0.0,0.0,0.0,0.0,534.0,2496.0,0.5,40,0,0,8.354,8.262,254,240,2,80,80,0,0,6400,0,0,0,0,0,0,0,0,0,0,240,0,0,0,2865,111,0,2659,0,0,3,2.865
2827,12.26,27.749,0.042,0.0,0.0,0.0,0.0,0.0,534.0,2496.0,0.43,40,0,0,8.603,8.52,252,240,2,80,80,0,0,6400,0,0,0,0,0,0,0,0,0,0,240,0,0,0,2814,109,0,2618,0,0,3,2.814
2828,12.072,19.945,0.056,0.0,0.0,0.0,0.0,0.0,534.0,2496.0,0.468,40,0,0,8.413,8.317,255,240,2,80,80,0,0,6400,0,0,0,0,0,0,0,0,0,0,240,0,0,0,2872,115,0,2643,0,0,2,2.872
2829,15.032,19.945,0.056,0.0,0.0,0.0,0.0,0.0,534.0,2496.0,0.609,40,0,0,10.474,10.395,252,240,2,80,80,0,0,6400,0,0,0,0,0,0,0,0,0,0,240,0,0,0,3678,196,0,3360,0,0,4,3.678
2830,13.626,19.945,0.056,0.0,0.0,0.0,0.0,0.0,534.0,2496.0,0.451,40,0,0,9.524,9.387,257,240,2,80,80,0,0,6400,0,0,0,0,0,0,0,0,0,0,240,0,0,0,3016,118,0,2768,0,0,2,3.016
2831,15.861,19.945,0.056,0.0,0.0,0.0,0.0,0.0,534.0,2496.0,0.434,40,0,0,11.955,11.857,254,240,2,80,80,0,0,6400,0,0,0,0,0,0,0,0,0,0,240,0,0,0,3023,123,0,2804,0,0,4,3.023
2832,16.735,19.945,0.056,0.0,0.0,0.0,0.0,0.0,534.0,2496.0,0.665,40,0,0,11.968,11.865,254,240,2,80,80,0,0,6400,0,0,0,0,0,0,0,0,0,0,240,0,0,0,3883,256,0,3495,0,0,5,3.883
2833,15.675,19.945,0.056,0.0,0.0,0.0,0.0,0.0,534.0,2496.0,0.471,40,0,0,11.723,11.599,252,240,2,80,80,0,0,6400,0,0,0,0,0,0,0,0,0,0,240,0,0,0,2863,125,0,2645,0,0,2,2.863
2834,12.13,19.945,0.056,0.0,0.0,0.0,0.0,0.0,534.0,2496.0,0.451,40,0,0,8.521,8.416,255,240,2,80,80,0,0,6400,0,0,0,0,0,0,0,0,0,0,240,0,0,0,2749,131,0,2517,0,0,3,2.749
2835,11.753,19.945,0.056,0.0,0.0,0.0,0.0,0.0,534.0,2496.0,0.413,40,0,0,8.183,8.093,254,240,2,80,80,0,0,6400,0,0,0,0,0,0,0,0,0,0,240,0,0,0,2759,139,0,2531,0,0,2,2.759
2836,15.634,19.945,0.056,0.0,0.0,0.0,0.0,0.0,534.0,2496.0,0.508,40,0,0,11.021,10.905,254,240,2,80,80,0,0,6400,0,0,0,0,0,0,0,0,0,0,240,0,0,0,3741,147,0,3467,0,0,3,3.741
2837,12.167,19.945,0.056,0.0,0.0,0.0,0.0,0.0,534.0,2496.0,0.389,40,0,0,8.596,8.477,253,240,2,80,80,0,0,6400,0,0,0,0,0,0,0,0,0,0,240,0,0,0,2666,105,0,2467,0,0,3,2.666
2838,11.386,19.945,0.056,0.0,0.0,0.0,0.0,0.0,534.0,2496.0,0.427,40,0,0,7.938,7.846,255,240,2,80,80,0,0,6400,0,0,0,0,0,0,0,0,0,0,240,0,0,0,2724,107,0,2519,0,0,3,2.724
2839,11.31,19.945,0.056,0.0,0.0,0.0,0.0,0.0,534.0,2496.0,0.398,40,0,0,7.876,7.788,254,240,2,80,80,0,0,6400,0,0,0,0,0,0,0,0,0,0,240,0,0,0,2681,108,0,2492,0,0,2,2.681
2840,11.361,19.945,0.056,0.0,0.0,0.0,0.0,0.0,534.0,2496.0,0.376,40,0,0,7.941,7.856,254,240,2,80,80,0,0,6400,0,0,0,0,0,0,0,0,0,0,240,0,0,0,2701,107,0,2509,0,0,2,2.701
2841,11.448,19.945,0.056,0.0,0.0,0.0,0.0,0.0,534.0,2496.0,0.414,40,0,0,8.056,7.97,254,240,2,80,80,0,0,6400,0,0,0,0,0,0,0,0,0,0,240,0,0,0,2680,109,0,2488,0,0,2,2.68
2842,11.454,19.945,0.056,0.0,0.0,0.0,0.0,0.0,534.0,2496.0,0.422,40,0,0,8.056,7.96,256,240,2,80,80,0,0,6400,0,0,0,0,0,0,0,0,0,0,240,0,0,0,2661,107,0,2472,0,0,3,2.661
2843,10.984,19.945,0.056,0.0,0.0,0.0,0.0,0.0,534.0,2496.0,0.368,40,0,0,7.688,7.598,254,240,2,80,80,0,0,6400,0,0,0,0,0,0,0,0,0,0,240,0,0,0,2587,101,0,2405,0,0,3,2.587
2844,10.976,19.945,0.056,0.0,0.0,0.0,0.0,0.0,534.0,2496.0,0.467,40,0,0,7.69,7.609,254,240,2,80,80,0,0,6400,0,0,0,0,0,0,0,0,0,0,240,0,0,0,2634,108,0,2446,0,0,3,2.634
2845,11.514,19.945,0.056,0.0,0.0,0.0,0.0,0.0,534.0,2496.0,0.46,40,0,0,8.021,7.938,253,240,2,80,80,0,0,6400,0,0,0,0,0,0,0,0,0,0,240,0,0,0,2684,128,0,2442,0,0,31,2.684
2846,11.357,19.945,0.056,0.0,0.0,0.0,0.0,0.0,534.0,2496.0,0.392,40,0,0,7.859,7.773,254,240,2,80,80,0,0,6400,0,0,0,0,0,0,0,0,0,0,240,0,0,0,2718,107,0,2519,0,0,3,2.718
2847,11.207,19.945,0.056,0.0,0.0,0.0,0.0,0.0,534.0,2496.0,0.434,40,0,0,7.842,7.757,254,240,2,80,80,0,0,6400,0,0,0,0,0,0,0,0,0,0,240,0,0,0,2682,105,0,2475,0,0,1,2.682
2848,11.299,19.945,0.056,0.0,0.0,0.0,0.0,0.0,534.0,2496.0,0.397,40,0,0,7.794,7.704,255,240,2,80,80,0,0,6400,0,0,0,0,0,0,0,0,0,0,240,0,0,0,2736,109,0,2541,0,0,2,2.736
2849,11.716,19.945,0.056,0.0,0.0,0.0,0.0,0.0,534.0,2496.0,0.398,40,0,0,8.209,8.12,255,240,2,80,80,0,0,6400,0,0,0,0,0,0,0,0,0,0,240,0,0,0,2744,111,0,2534,0,0,2,2.744
2850,11.73,19.945,0.056,0.0,0.0,0.0,0.0,0.0,534.0,2496.0,0.466,40,0,0,8.136,8.05,254,240,2,80,80,0,0,6400,0,0,0,0,0,0,0,0,0,0,240,0,0,0,2846,112,0,2641,0,0,3,2.846
2851,11.806,19.945,0.056,0.0,0.0,0.0,0.0,0.0,534.0,2496.0,0.429,40,0,0,8.204,8.111,254,240,2,80,80,0,0,6400,0,0,0,0,0,0,0,0,0,0,240,0,0,0,2798,132,0,2581,0,0,1,2.798
2852,11.695,19.945,0.056,0.0,0.0,0.0,0.0,0.0,534.0,2496.0,0.398,40,0,0,8.141,8.047,255,240,2,80,80,0,0,6400,0,0,0,0,0,0,0,0,0,0,240,0,0,0,2793,118,0,2585,0,0,3,2.793
2853,11.724,19.945,0.056,0.0,0.0,0.0,0.0,0.0,534.0,2496.0,0.415,40,0,0,8.09,7.98,254,240,2,80,80,0,0,6400,0,0,0,0,0,0,0,0,0,0,240,0,0,0,2942,107,0,2743,0,0,3,2.942
2854,11.789,19.945,0.056,0.0,0.0,0.0,0.0,0.0,534.0,2496.0,0.412,40,0,0,8.247,8.145,254,240,2,80,80,0,0,6400,0,0,0,0,0,0,0,0,0,0,240,0,0,0,2784,106,0,2593,0,0,2,2.784
2855,11.677,19.945,0.056,0.0,0.0,0.0,0.0,0.0,534.0,2496.0,0.416,40,0,0,8.119,8.026,255,240,2,80,80,0,0,6400,0,0,0,0,0,0,0,0,0,0,240,0,0,0,2777,110,0,2526,0,0,2,2.777
2856,11.679,19.945,0.056,0.0,0.0,0.0,0.0,0.0,534.0,2496.0,0.402,40,0,0,8.164,8.076,254,240,2,80,80,0,0,6400,0,0,0,0,0,0,0,0,0,0,240,0,0,0,2778,109,0,2557,0,0,2,2.778
2857,11.665,19.945,0.056,0.0,0.0,0.0,0.0,0.0,534.0,2496.0,0.399,40,0,0,8.167,8.083,253,240,2,80,80,0,0,6400,0,0,0,0,0,0,0,0,0,0,240,0,0,0,2770,108,0,2556,0,0,18,2.77
2858,11.55,19.945,0.056,0.0,0.0,0.0,0.0,0.0,534.0,2496.0,0.406,40,0,0,8.061,7.976,254,240,2,80,80,0,0,6400,0,0,0,0,0,0,0,0,0,0,240,0,0,0,2785,106,0,2589,0,0,3,2.785
2859,11.378,19.945,0.056,0.0,0.0,0.0,0.0,0.0,534.0,2496.0,0.452,40,0,0,7.985,7.898,254,240,2,80,80,0,0,6400,0,0,0,0,0,0,0,0,0,0,240,0,0,0,2677,105,0,2493,0,0,3,2.677
2860,11.838,19.945,0.056,0.0,0.0,0.0,0.0,0.0,534.0,2496.0,0.408,40,0,0,8.335,8.251,254,240,2,80,80,0,0,6400,0,0,0,0,0,0,0,0,0,0,240,0,0,0,2685,109,0,2497,0,0,3,2.685
2861,11.441,19.945,0.056,0.0,0.0,0.0,0.0,0.0,534.0,2496.0,0.39,40,0,0,8.016,7.889,254,240,2,80,80,0,0,6400,0,0,0,0,0,0,0,0,0,0,240,0,0,0,2671,106,0,2480,0,0,2,2.671
2862,11.525,19.945,0.056,0.0,0.0,0.0,0.0,0.0,534.0,2496.0,0.428,40,0,0,8.074,7.986,254,240,2,80,80,0,0,6400,0,0,0,0,0,0,0,0,0,0,240,0,0,0,2755,129,0,2538,0,0,3,2.755
2863,11.469,19.945,0.056,0.0,0.0,0.0,0.0,0.0,534.0,2496.0,0.387,40,0,0,7.987,7.884,256,240,2,80,80,0,0,6400,0,0,0,0,0,0,0,0,0,0,240,0,0,0,2746,105,0,2553,0,0,3,2.746
2864,13.072,19.945,0.056,0.0,0.0,0.0,0.0,0.0,534.0,2496.0,0.384,40,0,0,9.552,7.953,255,240,2,80,80,0,0,6400,0,0,0,0,0,0,0,0,0,0,240,0,0,0,2777,110,0,2583,0,0,2,2.777
2865,12.511,19.945,0.056,0.0,0.0,0.0,0.0,0.0,534.0,2496.0,0.411,40,0,0,9.126,8.026,254,240,2,80,80,0,0,6400,0,0,0,0,0,0,0,0,0,0,240,0,0,0,2665,107,0,2478,0,0,1,2.665
2866,11.386,19.945,0.056,0.0,0.0,0.0,0.0,0.0,534.0,2496.0,0.371,40,0,0,7.979,7.864,254,240,2,80,80,0,0,6400,0,0,0,0,0,0,0,0,0,0,240,0,0,0,2663,107,0,2466,0,0,3,2.663
2867,11.221,19.945,0.056,0.0,0.0,0.0,0.0,0.0,534.0,2496.0,0.391,40,0,0,7.872,7.771,256,240,2,80,80,0,0,6400,0,0,0,0,0,0,0,0,0,0,240,0,0,0,2698,110,0,2500,0,0,3,2.698
2868,15.216,19.945,0.056,0.0,0.0,0.0,0.0,0.0,534.0,2496.0,0.621,40,0,0,10.643,10.559,254,240,2,80,80,0,0,6400,0,0,0,0,0,0,0,0,0,0,240,0,0,0,3763,161,0,3465,0,0,5,3.763
2869,16.683,19.945,0.056,0.0,0.0,0.0,0.0,0.0,534.0,2496.0,0.6,40,0,0,11.824,11.706,253,240,2,80,80,0,0,6400,0,0,0,0,0,0,0,0,0,0,240,0,0,0,3785,157,0,3436,0,0,6,3.785
2870,16.661,19.945,0.056,0.0,0.0,0.0,0.0,0.0,534.0,2496.0,0.561,40,0,0,11.718,11.595,254,240,2,80,80,0,0,6400,0,0,0,0,0,0,0,0,0,0,240,0,0,0,3764,166,0,3420,0,0,5,3.764
2871,16.999,19.945,0.056,0.0,0.0,0.0,0.0,0.0,534.0,2496.0,0.733,40,0,0,12.007,11.856,255,240,2,80,80,0,0,6400,0,0,0,0,0,0,0,0,0,0,240,0,0,0,3848,186,0,3508,0,0,6,3.848
2872,17.503,19.945,0.056,0.0,0.0,0.0,0.0,0.0,534.0,2496.0,0.684,40,0,0,12.429,12.257,253,240,2,80,80,0,0,6400,0,0,0,0,0,0,0,0,0,0,240,0,0,0,3824,182,0,3487,0,0,6,3.824
2873,14.778,19.945,0.056,0.0,0.0,0.0,0.0,0.0,534.0,2496.0,0.446,40,0,0,11.068,10.931,255,240,2,80,80,0,0,6400,0,0,0,0,0,0,0,0,0,0,240,0,0,0,2601,118,0,2404,0,0,3,2.601
2874,11.18,19.945,0.056,0.0,0.0,0.0,0.0,0.0,534.0,2496.0,0.394,40,0,0,7.803,7.714,254,240,2,80,80,0,0,6400,0,0,0,0,0,0,0,0,0,0,240,0,0,0,2579,104,0,2392,0,0,2,2.579
2875,11.107,19.945,0.056,0.0,0.0,0.0,0.0,0.0,534.0,2496.0,0.393,40,0,0,7.753,7.638,255,240,2,80,80,0,0,6400,0,0,0,0,0,0,0,0,0,0,240,0,0,0,2620,99,0,2442,0,0,2,2.62
2876,11.008,19.945,0.056,0.0,0.0,0.0,0.0,0.0,534.0,2496.0,0.385,40,0,0,7.66,7.573,254,240,2,80,80,0,0,6400,0,0,0,0,0,0,0,0,0,0,240,0,0,0,2614,104,0,2427,0,0,2,2.614
2877,11.006,19.945,0.056,0.0,0.0,0.0,0.0,0.0,534.0,2496.0,0.389,40,0,0,7.674,7.587,254,240,2,80,80,0,0,6400,0,0,0,0,0,0,0,0,0,0,240,0,0,0,2640,101,0,2449,0,0,1,2.64
2878,11.044,19.945,0.056,0.0,0.0,0.0,0.0,0.0,534.0,2496.0,0.372,40,0,0,7.729,7.651,253,240,2,80,80,0,0,6400,0,0,0,0,0,0,0,0,0,0,240,0,0,0,2561,106,0,2374,0,0,3,2.561
2879,11.119,19.945,0.056,0.0,0.0,0.0,0.0,0.0,534.0,2496.0,0.407,40,0,0,7.757,7.662,255,240,2,80,80,0,0,6400,0,0,0,0,0,0,0,0,0,0,240,0,0,0,2625,104,0,2441,0,0,3,2.625
2880,10.95,19.945,0.056,0.0,0.0,0.0,0.0,0.0,534.0,2496.0,0.412,40,0,0,7.627,7.539,255,240,2,80,80,0,0,6400,0,0,0,0,0,0,0,0,0,0,240,0,0,0,2603,103,0,2414,0,0,3,2.603
2881,11.041,19.945,0.056,0.0,0.0,0.0,0.0,0.0,534.0,2496.0,0.407,40,0,0,7.705,7.615,255,240,2,80,80,0,0,6400,0,0,0,0,0,0,0,0,0,0,240,0,0,0,2615,125,0,2408,0,0,1,2.615
2882,10.988,19.945,0.056,0.0,0.0,0.0,0.0,0.0,534.0,2496.0,0.414,40,0,0,7.677,7.596,254,240,2,80,80,0,0,6400,0,0,0,0,0,0,0,0,0,0,240,0,0,0,2586,102,0,2408,0,0,3,2.586
2883,11.433,19.945,0.056,0.0,0.0,0.0,0.0,0.0,534.0,2496.0,0.381,40,0,0,7.973,7.879,256,240,2,80,80,0,0,6400,0,0,0,0,0,0,0,0,0,0,240,0,0,0,2689,117,0,2491,0,0,2,2.689
2884,11.194,19.945,0.056,0.0,0.0,0.0,0.0,0.0,534.0,2496.0,0.375,40,0,0,7.82,7.741,253,240,2,80,80,0,0,6400,0,0,0,0,0,0,0,0,0,0,240,0,0,0,2662,118,0,2442,0,0,3,2.662
2885,11.407,19.945,0.056,0.0,0.0,0.0,0.0,0.0,534.0,2496.0,0.413,40,0,0,7.983,7.898,254,240,2,80,80,0,0,6400,0,0,0,0,0,0,0,0,0,0,240,0,0,0,2739,129,0,2533,0,0,2,2.739
2886,11.392,19.945,0.056,0.0,0.0,0.0,0.0,0.0,534.0,2496.0,0.375,40,0,0,7.964,7.88,254,240,2,80,80,0,0,6400,0,0,0,0,0,0,0,0,0,0,240,0,0,0,2698,109,0,2496,0,0,1,2.698
2887,11.355,19.945,0.056,0.0,0.0,0.0,0.0,0.0,534.0,2496.0,0.377,40,0,0,7.949,7.863,254,240,2,80,80,0,0,6400,0,0,0,0,0,0,0,0,0,0,240,0,0,0,2712,107,0,2516,0,0,2,2.712
2888,11.066,19.945,0.056,0.0,0.0,0.0,0.0,0.0,534.0,2496.0,0.395,40,0,0,7.719,7.608,255,240,2,80,80,0,0,6400,0,0,0,0,0,0,0,0,0,0,240,0,0,0,2676,103,0,2489,0,0,3,2.676
2889,11.033,19.945,0.056,0.0,0.0,0.0,0.0,0.0,534.0,2496.0,0.375,40,0,0,7.665,7.575,255,240,2,80,80,0,0,6400,0,0,0,0,0,0,0,0,0,0,240,0,0,0,2635,104,0,2449,0,0,1,2.635
2890,11.3,19.945,0.056,0.0,0.0,0.0,0.0,0.0,534.0,2496.0,0.411,40,0,0,7.865,7.782,254,240,2,80,80,0,0,6400,0,0,0,0,0,0,0,0,0,0,240,0,0,0,2735,106,0,2544,0,0,3,2.735
2891,11.28,19.945,0.056,0.0,0.0,0.0,0.0,0.0,534.0,2496.0,0.391,40,0,0,7.881,7.806,253,240,2,80,80,0,0,6400,0,0,0,0,0,0,0,0,0,0,240,0,0,0,2702,108,0,2513,0,0,2,2.702
2892,11.325,19.945,0.056,0.0,0.0,0.0,0.0,0.0,534.0,2496.0,0.419,40,0,0,7.952,7.859,256,240,2,80,80,0,0,6400,0,0,0,0,0,0,0,0,0,0,240,0,0,0,2689,102,0,2506,0,0,2,2.689
2893,11.337,19.945,0.056,0.0,0.0,0.0,0.0,0.0,534.0,2496.0,0.422,40,0,0,7.892,7.778,255,240,2,80,80,0,0,6400,0,0,0,0,0,0,0,0,0,0,240,0,0,0,2705,106,0,2519,0,0,2,2.705
2894,11.364,19.945,0.056,0.0,0.0,0.0,0.0,0.0,534.0,2496.0,0.381,40,0,0,7.959,7.846,254,240,2,80,80,0,0,6400,0,0,0,0,0,0,0,0,0,0,240,0,0,0,2664,103,0,2474,0,0,2,2.664
2895,11.308,19.945,0.056,0.0,0.0,0.0,0.0,0.0,534.0,2496.0,0.393,40,0,0,7.9,7.819,254,240,2,80,80,0,0,6400,0,0,0,0,0,0,0,0,0,0,240,0,0,0,2718,104,0,2529,0,0,2,2.718
2896,11.414,19.945,0.056,0.0,0.0,0.0,0.0,0.0,534.0,2496.0,0.419,40,0,0,7.942,7.841,253,240,2,80,80,0,0,6400,0,0,0,0,0,0,0,0,0,0,240,0,0,0,2754,108,0,2556,0,0,3,2.754
2897,11.502,19.945,0.056,0.0,0.0,0.0,0.0,0.0,534.0,2496.0,0.401,40,0,0,8.027,7.937,255,240,2,80,80,0,0,6400,0,0,0,0,0,0,0,0,0,0,240,0,0,0,2750,109,0,2551,0,0,3,2.75
2898,11.273,19.945,0.056,0.0,0.0,0.0,0.0,0.0,534.0,2496.0,0.426,40,0,0,7.852,7.764,255,240,2,80,80,0,0,6400,0,0,0,0,0,0,0,0,0,0,240,0,0,0,2713,128,0,2500,0,0,2,2.713
2899,11.242,19.945,0.056,0.0,0.0,0.0,0.0,0.0,534.0,2496.0,0.44,40,0,0,7.869,7.794,253,240,2,80,80,0,0,6400,0,0,0,0,0,0,0,0,0,0,240,0,0,0,2659,106,0,2469,0,0,3,2.659
2900,11.252,19.945,0.056,0.0,0.0,0.0,0.0,0.0,534.0,2496.0,0.386,40,0,0,7.805,7.721,254,240,2,80,80,0,0,6400,0,0,0,0,0,0,0,0,0,0,240,0,0,0,2662,107,0,2471,0,0,3,2.662
2901,20.213,19.945,0.056,0.0,0.0,0.0,0.0,0.0,534.0,2496.0,0.892,40,0,0,14.085,13.983,256,240,2,80,80,0,0,6400,0,0,0,0,0,0,0,0,0,0,240,0,0,0,5076,229,0,4597,0,0,7,5.076
2902,24.012,19.945,0.056,0.0,0.0,0.0,0.0,0.0,534.0,2496.0,1.238,40,0,0,16.939,16.774,254,240,2,80,80,0,0,6400,0,0,0,0,0,0,0,0,0,0,240,0,0,0,5461,404,0,4705,0,0,61,5.461
2903,27.363,19.945,0.056,0.0,0.0,0.0,0.0,0.0,534.0,2496.0,0.98,40,0,0,19.765,19.52,252,240,2,80,80,0,0,6400,0,0,0,0,0,0,0,0,0,0,240,0,0,0,5359,298,0,4766,0,0,9,5.359
2904,26.894,19.945,0.056,0.0,0.0,0.0,0.0,0.0,534.0,2496.0,1.18,40,0,0,19.828,16.948,257,240,2,80,80,0,0,6400,0,0,0,0,0,0,0,0,0,0,240,0,0,0,5381,259,0,4787,0,0,10,5.381
2905,30.544,19.945,0.056,0.0,0.0,0.0,0.0,0.0,534.0,2496.0,1.266,40,0,0,23.587,23.293,254,240,2,80,80,0,0,6400,0,0,0,0,0,0,0,0,0,0,240,0,0,0,4898,267,0,4417,0,0,9,4.898
2906,26.053,30.863,0.053,0.0,0.0,0.0,0.0,0.0,534.0,2496.0,1.284,40,0,0,18.772,18.559,254,240,2,80,80,0,0,6400,0,0,0,0,0,0,0,0,0,0,240,0,0,0,5060,232,0,4605,0,0,12,5.06
2907,30.426,30.863,0.053,0.0,0.0,0.0,0.0,0.0,534.0,2496.0,1.06,40,0,0,22.597,22.411,254,240,2,80,80,0,0,6400,0,0,0,0,0,0,0,0,0,0,240,0,0,0,5572,361,0,4942,0,0,11,5.572
2908,27.004,30.863,0.053,0.0,0.0,0.0,0.0,0.0,534.0,2496.0,1.163,40,0,0,19.648,19.427,255,240,2,80,80,0,0,6400,0,0,0,0,0,0,0,0,0,0,240,0,0,0,5388,246,0,4938,0,0,9,5.388
2909,30.723,30.863,0.053,0.0,0.0,0.0,0.0,0.0,534.0,2496.0,0.996,40,0,0,23.31,22.988,253,240,2,80,80,0,0,6400,0,0,0,0,0,0,0,0,0,0,240,0,0,0,5298,235,0,4782,0,0,13,5.298
2910,25.217,30.863,0.053,0.0,0.0,0.0,0.0,0.0,534.0,2496.0,1.103,40,0,0,18.55,18.311,258,240,2,80,80,0,0,6400,0,0,0,0,0,0,0,0,0,0,240,0,0,0,4876,251,0,4421,0,0,8,4.876
2911,29.039,30.863,0.053,0.0,0.0,0.0,0.0,0.0,534.0,2496.0,0.998,40,0,0,21.673,21.445,253,240,2,80,80,0,0,6400,0,0,0,0,0,0,0,0,0,0,240,0,0,0,5304,195,0,4859,0,0,8,5.304
2912,26.756,30.863,0.053,0.0,0.0,0.0,0.0,0.0,534.0,2496.0,1.031,40,0,0,19.825,19.547,254,240,2,80,80,0,0,6400,0,0,0,0,0,0,0,0,0,0,240,0,0,0,4950,279,0,4456,0,0,8,4.95
2913,28.525,30.863,0.053,0.0,0.0,0.0,0.0,0.0,534.0,2496.0,1.1,40,0,0,21.056,20.84,255,240,2,80,80,0,0,6400,0,0,0,0,0,0,0,0,0,0,240,0,0,0,5596,194,0,5033,0,0,10,5.596
2914,26.393,30.863,0.053,0.0,0.0,0.0,0.0,0.0,534.0,2496.0,0.962,40,0,0,19.429,19.265,254,240,2,80,80,0,0,6400,0,0,0,0,0,0,0,0,0,0,240,0,0,0,4994,226,0,4569,0,0,8,4.994
2915,26.498,30.863,0.053,0.0,0.0,0.0,0.0,0.0,534.0,2496.0,0.995,40,0,0,18.331,18.167,253,240,2,80,80,0,0,6400,0,0,0,0,0,0,0,0,0,0,240,0,0,0,5873,334,0,5158,0,0,8,5.873
2916,26.846,30.863,0.053,0.0,0.0,0.0,0.0,0.0,534.0,2496.0,0.595,40,0,0,20.285,20.069,255,240,2,80,80,0,0,6400,0,0,0,0,0,0,0,0,0,0,240,0,0,0,4697,272,0,4108,0,0,6,4.697
2917,11.383,30.863,0.053,0.0,0.0,0.0,0.0,0.0,534.0,2496.0,0.428,40,0,0,7.726,7.611,255,240,2,80,80,0,0,6400,0,0,0,0,0,0,0,0,0,0,240,0,0,0,2509,109,0,2325,0,0,3,2.509
2918,11.013,30.863,0.053,0.0,0.0,0.0,0.0,0.0,534.0,2496.0,0.407,40,0,0,7.655,7.566,253,240,2,80,80,0,0,6400,0,0,0,0,0,0,0,0,0,0,240,0,0,0,2532,100,0,2327,0,0,3,2.532
2919,10.807,30.863,0.053,0.0,0.0,0.0,0.0,0.0,534.0,2496.0,0.416,40,0,0,7.545,7.451,256,240,2,80,80,0,0,6400,0,0,0,0,0,0,0,0,0,0,240,0,0,0,2482,102,0,2300,0,0,2,2.482
2920,10.643,30.863,0.053,0.0,0.0,0.0,0.0,0.0,534.0,2496.0,0.394,40,0,0,7.415,7.325,255,240,2,80,80,0,0,6400,0,0,0,0,0,0,0,0,0,0,240,0,0,0,2440,101,0,2262,0,0,3,2.44
2921,10.635,30.863,0.053,0.0,0.0,0.0,0.0,0.0,534.0,2496.0,0.38,40,0,0,7.4,7.322,253,240,2,80,80,0,0,6400,0,0,0,0,0,0,0,0,0,0,240,0,0,0,2493,103,0,2313,0,0,3,2.493
2922,10.487,30.863,0.053,0.0,0.0,0.0,0.0,0.0,534.0,2496.0,0.417,40,0,0,7.331,7.247,255,240,2,80,80,0,0,6400,0,0,0,0,0,0,0,0,0,0,240,0,0,0,2461,101,0,2286,0,0,2,2.461
2923,10.536,30.863,0.053,0.0,0.0,0.0,0.0,0.0,534.0,2496.0,0.389,40,0,0,7.361,7.269,253,240,2,80,80,0,0,6400,0,0,0,0,0,0,0,0,0,0,240,0,0,0,2459,110,0,2272,0,0,2,2.459
2924,11.409,30.863,0.053,0.0,0.0,0.0,0.0,0.0,534.0,2496.0,0.39,40,0,0,8.216,7.204,256,240,2,80,80,0,0,6400,0,0,0,0,0,0,0,0,0,0,240,0,0,0,2466,101,0,2295,0,0,3,2.466
2925,10.558,30.863,0.053,0.0,0.0,0.0,0.0,0.0,534.0,2496.0,0.371,40,0,0,7.381,7.294,255,240,2,80,80,0,0,6400,0,0,0,0,0,0,0,0,0,0,240,0,0,0,2488,100,0,2322,0,0,3,2.488
2926,10.499,30.863,0.053,0.0,0.0,0.0,0.0,0.0,534.0,2496.0,0.414,40,0,0,7.377,7.287,255,240,2,80,80,0,0,6400,0,0,0,0,0,0,0,0,0,0,240,0,0,0,2451,105,0,2263,0,0,3,2.451
2927,10.524,30.863,0.053,0.0,0.0,0.0,0.0,0.0,534.0,2496.0,0.378,40,0,0,7.296,7.221,253,240,2,80,80,0,0,6400,0,0,0,0,0,0,0,0,0,0,240,0,0,0,2525,106,0,2341,0,0,2,2.525
2928,10.461,30.863,0.053,0.0,0.0,0.0,0.0,0.0,534.0,2496.0,0.402,40,0,0,7.257,7.159,257,240,2,80,80,0,0,6400,0,0,0,0,0,0,0,0,0,0,240,0,0,0,2501,101,0,2315,0,0,2,2.501
2929,10.561,30.863,0.053,0.0,0.0,0.0,0.0,0.0,534.0,2496.0,0.378,40,0,0,7.41,7.328,254,240,2,80,80,0,0,6400,0,0,0,0,0,0,0,0,0,0,240,0,0,0,2462,114,0,2266,0,0,2,2.462
2930,10.408,30.863,0.053,0.0,0.0,0.0,0.0,0.0,534.0,2496.0,0.36,40,0,0,7.243,7.168,253,240,2,80,80,0,0,6400,0,0,0,0,0,0,0,0,0,0,240,0,0,0,2461,101,0,2290,0,0,3,2.461
2931,10.522,30.863,0.053,0.0,0.0,0.0,0.0,0.0,534.0,2496.0,0.425,40,0,0,7.371,7.261,255,240,2,80,80,0,0,6400,0,0,0,0,0,0,0,0,0,0,240,0,0,0,2491,100,0,2296,0,0,3,2.491
2932,10.465,30.863,0.053,0.0,0.0,0.0,0.0,0.0,534.0,2496.0,0.373,40,0,0,7.214,7.127,255,240,2,80,80,0,0,6400,0,0,0,0,0,0,0,0,0,0,240,0,0,0,2480,105,0,2309,0,0,2,2.48
2933,10.383,30.863,0.053,0.0,0.0,0.0,0.0,0.0,534.0,2496.0,0.397,40,0,0,7.218,7.141,253,240,2,80,80,0,0,6400,0,0,0,0,0,0,0,0,0,0,240,0,0,0,2485,100,0,2302,0,0,2,2.485
2934,10.467,30.863,0.053,0.0,0.0,0.0,0.0,0.0,534.0,2496.0,0.364,40,0,0,7.273,7.189,255,240,2,80,80,0,0,6400,0,0,0,0,0,0,0,0,0,0,240,0,0,0,2479,124,0,2283,0,0,3,2.479
2935,10.402,30.863,0.053,0.0,0.0,0.0,0.0,0.0,534.0,2496.0,0.401,40,0,0,7.257,7.181,253,240,2,80,80,0,0,6400,0,0,0,0,0,0,0,0,0,0,240,0,0,0,2490,98,0,2315,0,0,2,2.49
2936,10.45,30.863,0.053,0.0,0.0,0.0,0.0,0.0,534.0,2496.0,0.419,40,0,0,7.266,7.185,254,240,2,80,80,0,0,6400,0,0,0,0,0,0,0,0,0,0,240,0,0,0,2487,103,0,2304,0,0,2,2.487
2937,20.315,30.863,0.053,0.0,0.0,0.0,0.0,0.0,534.0,2496.0,13.864,40,0,0,14.872,14.79,254,240,2,80,80,0,0,6400,0,0,0,0,0,0,0,0,0,0,240,0,0,0,4418,121,0,4163,0,0,3,4.418
2938,31.189,30.863,0.053,0.0,0.0,0.0,0.0,0.0,534.0,2496.0,4.242,40,0,0,12.066,11.907,258,240,2,80,80,0,0,6400,0,0,0,0,0,0,0,0,0,0,240,0,0,0,4613,146,0,4363,0,0,4,4.613
2939,15.84,30.863,0.053,0.0,0.0,0.0,0.0,0.0,534.0,2496.0,0.502,40,0,0,8.468,8.367,253,240,2,80,80,0,0,6400,0,0,0,0,0,0,0,0,0,0,240,0,0,0,2681,135,0,2453,0,0,4,2.681
2940,12.191,30.863,0.053,0.0,0.0,0.0,0.0,0.0,534.0,2496.0,0.564,40,0,0,8.449,8.311,254,240,2,80,80,0,0,6400,0,0,0,0,0,0,0,0,0,0,240,0,0,0,2856,135,0,2630,0,0,5,2.856
2941,13.239,30.863,0.053,0.0,0.0,0.0,0.0,0.0,534.0,2496.0,0.458,40,0,0,9.064,8.974,253,240,2,80,80,0,0,6400,0,0,0,0,0,0,0,0,0,0,240,0,0,0,3213,118,0,2988,0,0,4,3.213
2942,19.039,30.863,0.053,0.0,0.0,0.0,0.0,0.0,534.0,2496.0,0.646,40,0,0,13.973,12.254,256,240,2,80,80,0,0,6400,0,0,0,0,0,0,0,0,0,0,240,0,0,0,4034,195,0,3689,0,0,6,4.034
2943,18.373,30.863,0.053,0.0,0.0,0.0,0.0,0.0,534.0,2496.0,0.713,40,0,0,13.158,12.932,255,240,2,80,80,0,0,6400,0,0,0,0,0,0,0,0,0,0,240,0,0,0,4036,181,0,3696,0,0,5,4.036
2944,18.737,30.863,0.053,0.0,0.0,0.0,0.0,0.0,534.0,2496.0,0.621,40,0,0,13.298,13.169,253,240,2,80,80,0,0,6400,0,0,0,0,0,0,0,0,0,0,240,0,0,0,4134,204,0,3781,0,0,6,4.134
2945,18.328,30.863,0.053,0.0,0.0,0.0,0.0,0.0,534.0,2496.0,0.704,40,0,0,13.096,12.889,254,240,2,80,80,0,0,6400,0,0,0,0,0,0,0,0,0,0,240,0,0,0,4060,172,0,3706,0,0,4,4.06
2946,18.241,30.863,0.053,0.0,0.0,0.0,0.0,0.0,534.0,2496.0,0.734,40,0,0,12.908,12.76,255,240,2,80,80,0,0,6400,0,0,0,0,0,0,0,0,0,0,240,0,0,0,4054,169,0,3729,0,0,6,4.054
2947,18.5,30.863,0.053,0.0,0.0,0.0,0.0,0.0,534.0,2496.0,0.622,40,0,0,13.098,12.974,252,240,2,80,80,0,0,6400,0,0,0,0,0,0,0,0,0,0,240,0,0,0,4088,167,0,3772,0,0,5,4.088
2948,14.532,30.863,0.053,0.0,0.0,0.0,0.0,0.0,534.0,2496.0,0.49,40,0,0,10.426,10.274,254,240,2,80,80,0,0,6400,0,0,0,0,0,0,0,0,0,0,240,0,0,0,2952,116,0,2735,0,0,3,2.952
2949,13.217,30.863,0.053,0.0,0.0,0.0,0.0,0.0,534.0,2496.0,0.488,40,0,0,9.266,9.146,257,240,2,80,80,0,0,6400,0,0,0,0,0,0,0,0,0,0,240,0,0,0,3068,136,0,2830,0,0,2,3.068
2950,12.42,30.863,0.053,0.0,0.0,0.0,0.0,0.0,534.0,2496.0,0.411,40,0,0,8.74,8.648,253,240,2,80,80,0,0,6400,0,0,0,0,0,0,0,0,0,0,240,0,0,0,2820,114,0,2614,0,0,3,2.82
2951,11.819,30.863,0.053,0.0,0.0,0.0,0.0,0.0,534.0,2496.0,0.453,40,0,0,8.311,8.186,254,240,2,80,80,0,0,6400,0,0,0,0,0,0,0,0,0,0,240,0,0,0,2758,108,0,2568,0,0,2,2.758
2952,12.342,30.863,0.053,0.0,0.0,0.0,0.0,0.0,534.0,2496.0,0.509,40,0,0,8.566,8.482,253,240,2,80,80,0,0,6400,0,0,0,0,0,0,0,0,0,0,240,0,0,0,2969,116,0,2758,0,0,4,2.969
2953,12.642,30.863,0.053,0.0,0.0,0.0,0.0,0.0,534.0,2496.0,0.417,40,0,0,8.875,8.784,253,240,2,80,80,0,0,6400,0,0,0,0,0,0,0,0,0,0,240,0,0,0,2843,116,0,2632,0,0,3,2.843
2954,11.895,30.863,0.053,0.0,0.0,0.0,0.0,0.0,534.0,2496.0,0.431,40,0,0,8.256,8.157,255,240,2,80,80,0,0,6400,0,0,0,0,0,0,0,0,0,0,240,0,0,0,2853,115,0,2646,0,0,2,2.853
2955,13.208,30.863,0.053,0.0,0.0,0.0,0.0,0.0,534.0,2496.0,0.456,40,0,0,9.632,9.532,255,240,2,80,80,0,0,6400,0,0,0,0,0,0,0,0,0,0,240,0,0,0,2792,127,0,2580,0,0,3,2.792
2956,12.132,30.863,0.053,0.0,0.0,0.0,0.0,0.0,534.0,2496.0,0.471,40,0,0,8.408,8.327,252,240,2,80,80,0,0,6400,0,0,0,0,0,0,0,0,0,0,240,0,0,0,2874,119,0,2666,0,0,3,2.874
2957,14.208,30.863,0.053,0.0,0.0,0.0,0.0,0.0,534.0,2496.0,0.522,40,0,0,10.341,10.195,256,240,2,80,80,0,0,6400,0,0,0,0,0,0,0,0,0,0,240,0,0,0,2953,122,0,2738,0,0,3,2.953
2958,12.423,30.863,0.053,0.0,0.0,0.0,0.0,0.0,534.0,2496.0,0.46,40,0,0,8.646,8.549,254,240,2,80,80,0,0,6400,0,0,0,0,0,0,0,0,0,0,240,0,0,0,2856,118,0,2647,0,0,3,2.856
2959,12.121,30.863,0.053,0.0,0.0,0.0,0.0,0.0,534.0,2496.0,0.438,40,0,0,8.467,8.386,252,240,2,80,80,0,0,6400,0,0,0,0,0,0,0,0,0,0,240,0,0,0,2813,122,0,2594,0,0,2,2.813
2960,18.813,30.863,0.053,0.0,0.0,0.0,0.0,0.0,534.0,2496.0,0.72,40,0,0,13.671,13.584,254,240,2,80,80,0,0,6400,0,0,0,0,0,0,0,0,0,0,240,0,0,0,4206,241,0,3780,0,0,5,4.206
2961,15.854,30.863,0.053,0.0,0.0,0.0,0.0,0.0,534.0,2496.0,0.575,40,0,0,11.443,11.262,254,240,2,80,80,0,0,6400,0,0,0,0,0,0,0,0,0,0,240,0,0,0,3208,129,0,2978,0,0,3,3.208
2962,23.615,30.863,0.053,0.0,0.0,0.0,0.0,0.0,534.0,2496.0,0.557,40,0,0,18.096,17.971,254,240,2,80,80,0,0,6400,0,0,0,0,0,0,0,0,0,0,240,0,0,0,4383,195,0,4052,0,0,5,4.383
2963,15.406,30.863,0.053,0.0,0.0,0.0,0.0,0.0,534.0,2496.0,0.509,40,0,0,11.018,10.897,255,240,2,80,80,0,0,6400,0,0,0,0,0,0,0,0,0,0,240,0,0,0,3112,125,0,2895,0,0,4,3.112
2964,13.237,30.863,0.053,0.0,0.0,0.0,0.0,0.0,534.0,2496.0,0.555,40,0,0,8.834,8.735,253,240,2,80,80,0,0,6400,0,0,0,0,0,0,0,0,0,0,240,0,0,0,3452,125,0,3229,0,0,4,3.452
2965,18.231,30.863,0.053,0.0,0.0,0.0,0.0,0.0,534.0,2496.0,0.56,40,0,0,13.658,13.555,253,240,2,80,80,0,0,6400,0,0,0,0,0,0,0,0,0,0,240,0,0,0,3581,148,0,3310,0,0,5,3.581
2966,15.065,30.863,0.053,0.0,0.0,0.0,0.0,0.0,534.0,2496.0,0.521,40,0,0,11.051,10.922,254,240,2,80,80,0,0,6400,0,0,0,0,0,0,0,0,0,0,240,0,0,0,2971,157,0,2711,0,0,3,2.971
2967,13.751,31.014,0.057,0.0,0.0,0.0,0.0,0.0,534.0,2496.0,0.552,40,0,0,9.239,9.109,254,240,2,80,80,0,0,6400,0,0,0,0,0,0,0,0,0,0,240,0,0,0,3466,148,0,3196,0,0,3,3.466
2968,15.047,31.014,0.057,0.0,0.0,0.0,0.0,0.0,534.0,2496.0,0.445,40,0,0,11.046,10.897,253,240,2,80,80,0,0,6400,0,0,0,0,0,0,0,0,0,0,240,0,0,0,2989,117,0,2772,0,0,3,2.989
2969,12.8,31.014,0.057,0.0,0.0,0.0,0.0,0.0,534.0,2496.0,0.402,40,0,0,8.914,8.805,254,240,2,80,80,0,0,6400,0,0,0,0,0,0,0,0,0,0,240,0,0,0,3015,112,0,2804,0,0,3,3.015
2970,13.664,31.014,0.057,0.0,0.0,0.0,0.0,0.0,534.0,2496.0,0.504,40,0,0,9.976,9.872,255,240,2,80,80,0,0,6400,0,0,0,0,0,0,0,0,0,0,240,0,0,0,2869,114,0,2662,0,0,3,2.869
2971,12.399,31.014,0.057,0.0,0.0,0.0,0.0,0.0,534.0,2496.0,0.415,40,0,0,8.666,8.57,254,240,2,80,80,0,0,6400,0,0,0,0,0,0,0,0,0,0,240,0,0,0,2805,114,0,2592,0,0,4,2.805
2972,17.348,31.014,0.057,0.0,0.0,0.0,0.0,0.0,534.0,2496.0,0.667,40,0,0,12.61,12.505,253,240,2,80,80,0,0,6400,0,0,0,0,0,0,0,0,0,0,240,0,0,0,3821,172,0,3509,0,0,5,3.821
2973,16.988,31.014,0.057,0.0,0.0,0.0,0.0,0.0,534.0,2496.0,0.693,40,0,0,11.959,11.825,254,240,2,80,80,0,0,6400,0,0,0,0,0,0,0,0,0,0,240,0,0,0,3753,167,0,3452,0,0,6,3.753
2974,17.218,31.014,0.057,0.0,0.0,0.0,0.0,0.0,534.0,2496.0,0.66,40,0,0,12.086,11.915,252,240,2,80,80,0,0,6400,0,0,0,0,0,0,0,0,0,0,240,0,0,0,3820,173,0,3458,0,0,6,3.82
2975,16.973,31.014,0.057,0.0,0.0,0.0,0.0,0.0,534.0,2496.0,0.779,40,0,0,11.963,11.829,254,240,2,80,80,0,0,6400,0,0,0,0,0,0,0,0,0,0,240,0,0,0,3752,183,0,3397,0,0,6,3.752
2976,17.305,31.014,0.057,0.0,0.0,0.0,0.0,0.0,534.0,2496.0,0.666,40,0,0,12.088,11.954,254,240,2,80,80,0,0,6400,0,0,0,0,0,0,0,0,0,0,240,0,0,0,3793,169,0,3490,0,0,6,3.793
2977,17.131,31.014,0.057,0.0,0.0,0.0,0.0,0.0,534.0,2496.0,0.697,40,0,0,12.081,11.95,253,240,2,80,80,0,0,6400,0,0,0,0,0,0,0,0,0,0,240,0,0,0,3762,218,0,3387,0,0,6,3.762
2978,15.792,31.014,0.057,0.0,0.0,0.0,0.0,0.0,534.0,2496.0,0.447,40,0,0,12.095,11.915,253,240,2,80,80,0,0,6400,0,0,0,0,0,0,0,0,0,0,240,0,0,0,2479,110,0,2296,0,0,3,2.479
2979,12.848,31.014,0.057,0.0,0.0,0.0,0.0,0.0,534.0,2496.0,0.47,40,0,0,9.386,7.929,254,240,2,80,80,0,0,6400,0,0,0,0,0,0,0,0,0,0,240,0,0,0,2564,107,0,2376,0,0,3,2.564
2980,11.008,31.014,0.057,0.0,0.0,0.0,0.0,0.0,534.0,2496.0,0.426,40,0,0,7.662,7.58,252,240,2,80,80,0,0,6400,0,0,0,0,0,0,0,0,0,0,240,0,0,0,2486,101,0,2286,0,0,3,2.486
2981,10.818,31.014,0.057,0.0,0.0,0.0,0.0,0.0,534.0,2496.0,0.4,40,0,0,7.514,7.419,255,240,2,80,80,0,0,6400,0,0,0,0,0,0,0,0,0,0,240,0,0,0,2505,106,0,2315,0,0,2,2.505
2982,10.853,31.014,0.057,0.0,0.0,0.0,0.0,0.0,534.0,2496.0,0.38,40,0,0,7.576,7.491,254,240,2,80,80,0,0,6400,0,0,0,0,0,0,0,0,0,0,240,0,0,0,2501,101,0,2319,0,0,2,2.501
2983,11.01,31.014,0.057,0.0,0.0,0.0,0.0,0.0,534.0,2496.0,0.409,40,0,0,7.456,7.384,252,240,2,80,80,0,0,6400,0,0,0,0,0,0,0,0,0,0,240,0,0,0,2830,103,0,2643,0,0,2,2.83
2984,10.724,31.014,0.057,0.0,0.0,0.0,0.0,0.0,534.0,2496.0,0.389,40,0,0,7.518,7.431,253,240,2,80,80,0,0,6400,0,0,0,0,0,0,0,0,0,0,240,0,0,0,2475,97,0,2291,0,0,3,2.475
2985,13.047,31.014,0.057,0.0,0.0,0.0,0.0,0.0,534.0,2496.0,0.722,40,0,0,9.216,8.18,256,240,2,80,80,0,0,6400,0,0,0,0,0,0,0,0,0,0,240,0,0,0,2975,135,0,2739,0,0,3,2.975
2986,11.387,31.014,0.057,0.0,0.0,0.0,0.0,0.0,534.0,2496.0,0.394,40,0,0,7.811,7.724,252,240,2,80,80,0,0,6400,0,0,0,0,0,0,0,0,0,0,240,0,0,0,2450,103,0,2266,0,0,1,2.45
2987,10.86,31.014,0.057,0.0,0.0,0.0,0.0,0.0,534.0,2496.0,0.387,40,0,0,7.616,7.53,254,240,2,80,80,0,0,6400,0,0,0,0,0,0,0,0,0,0,240,0,0,0,2506,106,0,2299,0,0,3,2.506
2988,12.219,31.014,0.057,0.0,0.0,0.0,0.0,0.0,534.0,2496.0,0.449,40,0,0,8.347,8.261,254,240,2,80,80,0,0,6400,0,0,0,0,0,0,0,0,0,0,240,0,0,0,3076,141,0,2825,0,0,4,3.076
2989,12.617,31.014,0.057,0.0,0.0,0.0,0.0,0.0,534.0,2496.0,0.429,40,0,0,8.767,8.687,252,240,2,80,80,0,0,6400,0,0,0,0,0,0,0,0,0,0,240,0,0,0,2943,162,0,2684,0,0,3,2.943
2990,12.376,31.014,0.057,0.0,0.0,0.0,0.0,0.0,534.0,2496.0,0.498,40,0,0,8.776,8.685,253,240,2,80,80,0,0,6400,0,0,0,0,0,0,0,0,0,0,240,0,0,0,2798,119,0,2590,0,0,2,2.798
2991,12.551,31.014,0.057,0.0,0.0,0.0,0.0,0.0,534.0,2496.0,0.665,40,0,0,8.612,8.523,253,240,2,80,80,0,0,6400,0,0,0,0,0,0,0,0,0,0,240,0,0,0,3038,119,0,2817,0,0,4,3.038
2992,14.347,31.014,0.057,0.0,0.0,0.0,0.0,0.0,534.0,2496.0,0.501,40,0,0,10.297,10.125,254,240,2,80,80,0,0,6400,0,0,0,0,0,0,0,0,0,0,240,0,0,0,2946,122,0,2724,0,0,3,2.946
2993,13.008,31.014,0.057,0.0,0.0,0.0,0.0,0.0,534.0,2496.0,0.433,40,0,0,9.279,9.194,252,240,2,80,80,0,0,6400,0,0,0,0,0,0,0,0,0,0,240,0,0,0,2868,115,0,2668,0,0,2,2.868
2994,12.22,31.014,0.057,0.0,0.0,0.0,0.0,0.0,534.0,2496.0,0.502,40,0,0,8.418,8.314,255,240,2,80,80,0,0,6400,0,0,0,0,0,0,0,0,0,0,240,0,0,0,2969,111,0,2761,0,0,3,2.969
2995,12.129,31.014,0.057,0.0,0.0,0.0,0.0,0.0,534.0,2496.0,0.497,40,0,0,8.417,8.331,252,240,2,80,80,0,0,6400,0,0,0,0,0,0,0,0,0,0,240,0,0,0,2761,115,0,2564,0,0,3,2.761
2996,12.027,31.014,0.057,0.0,0.0,0.0,0.0,0.0,534.0,2496.0,0.534,40,0,0,8.329,8.236,254,240,2,80,80,0,0,6400,0,0,0,0,0,0,0,0,0,0,240,0,0,0,2806,115,0,2604,0,0,3,2.806
2997,11.961,31.014,0.057,0.0,0.0,0.0,0.0,0.0,534.0,2496.0,0.424,40,0,0,8.262,8.16,254,240,2,80,80,0,0,6400,0,0,0,0,0,0,0,0,0,0,240,0,0,0,2752,117,0,2547,0,0,2,2.752
2998,12.052,31.014,0.057,0.0,0.0,0.0,0.0,0.0,534.0,2496.0,0.472,40,0,0,8.481,8.383,255,240,2,80,80,0,0,6400,0,0,0,0,0,0,0,0,0,0,240,0,0,0,2734,112,0,2535,0,0,1,2.734
2999,12.147,31.014,0.057,0.0,0.0,0.0,0.0,0.0,534.0,2496.0,0.46,40,0,0,8.583,8.506,252,240,2,80,80,0,0,6400,0,0,0,0,0,0,0,0,0,0,240,0,0,0,2761,120,0,2554,0,0,3,2.761
3000,11.8,31.014,0.057,0.0,0.0,0.0,0.0,0.0,534.0,2496.0,0.437,40,0,0,8.272,8.175,254,240,2,80,80,0,0,6400,0,0,0,0,0,0,0,0,0,0,240,0,0,0,2725,109,0,2528,0,0,3,2.725
3001,12.216,31.014,0.057,0.0,0.0,0.0,0.0,0.0,534.0,2496.0,0.638,40,0,0,8.613,8.537,252,240,2,80,80,0,0,6400,0,0,0,0,0,0,0,0,0,0,240,0,0,0,2785,113,0,2582,0,0,2,2.785
3002,14.309,31.014,0.057,0.0,0.0,0.0,0.0,0.0,534.0,2496.0,0.637,40,0,0,9.379,9.281,255,240,2,80,80,0,0,6400,0,0,0,0,0,0,0,0,0,0,240,0,0,0,3853,167,0,3549,0,0,6,3.853
3003,16.741,31.014,0.057,0.0,0.0,0.0,0.0,0.0,534.0,2496.0,0.579,40,0,0,11.748,11.629,253,240,2,80,80,0,0,6400,0,0,0,0,0,0,0,0,0,0,240,0,0,0,3828,166,0,3532,0,0,5,3.828
3004,15.838,31.014,0.057,0.0,0.0,0.0,0.0,0.0,534.0,2496.0,0.473,40,0,0,11.347,11.221,254,240,2,80,80,0,0,6400,0,0,0,0,0,0,0,0,0,0,240,0,0,0,3422,185,0,3115,0,0,3,3.422
3005,12.235,31.014,0.057,0.0,0.0,0.0,0.0,0.0,534.0,2496.0,0.416,40,0,0,8.541,8.449,252,240,2,80,80,0,0,6400,0,0,0,0,0,0,0,0,0,0,240,0,0,0,2781,119,0,2572,0,0,3,2.781
3006,12.046,31.014,0.057,0.0,0.0,0.0,0.0,0.0,534.0,2496.0,0.419,40,0,0,8.494,8.374,255,240,2,80,80,0,0,6400,0,0,0,0,0,0,0,0,0,0,240,0,0,0,2746,110,0,2554,0,0,3,2.746
3007,12.378,31.014,0.057,0.0,0.0,0.0,0.0,0.0,534.0,2496.0,0.546,40,0,0,8.405,8.313,252,240,2,80,80,0,0,6400,0,0,0,0,0,0,0,0,0,0,240,0,0,0,3158,139,0,2913,0,0,4,3.158
3008,13.485,31.014,0.057,0.0,0.0,0.0,0.0,0.0,534.0,2496.0,0.428,40,0,0,9.673,9.514,254,240,2,80,80,0,0,6400,0,0,0,0,0,0,0,0,0,0,240,0,0,0,2853,119,0,2641,0,0,3,2.853
3009,13.814,31.014,0.057,0.0,0.0,0.0,0.0,0.0,534.0,2496.0,0.468,40,0,0,10.055,9.955,255,240,2,80,80,0,0,6400,0,0,0,0,0,0,0,0,0,0,240,0,0,0,2858,145,0,2618,0,0,2,2.858
3010,12.817,31.014,0.057,0.0,0.0,0.0,0.0,0.0,534.0,2496.0,0.526,40,0,0,8.422,8.325,254,240,2,80,80,0,0,6400,0,0,0,0,0,0,0,0,0,0,240,0,0,0,3485,201,0,3161,0,0,5,3.485
3011,15.125,31.014,0.057,0.0,0.0,0.0,0.0,0.0,534.0,2496.0,0.521,40,0,0,11.297,11.207,252,240,2,80,80,0,0,6400,0,0,0,0,0,0,0,0,0,0,240,0,0,0,2804,121,0,2598,0,0,2,2.804
3012,13.953,31.014,0.057,0.0,0.0,0.0,0.0,0.0,534.0,2496.0,0.617,40,0,0,9.633,9.534,254,240,2,80,80,0,0,6400,0,0,0,0,0,0,0,0,0,0,240,0,0,0,3386,118,0,3154,0,0,3,3.386
3013,17.32,31.014,0.057,0.0,0.0,0.0,0.0,0.0,534.0,2496.0,0.664,40,0,0,9.535,9.407,252,240,2,80,80,0,0,6400,0,0,0,0,0,0,0,0,0,0,240,0,0,0,6719,145,0,6436,0,0,5,6.719
3014,16.745,31.014,0.057,0.0,0.0,0.0,0.0,0.0,534.0,2496.0,0.508,40,0,0,12.583,12.379,255,240,2,80,80,0,0,6400,0,0,0,0,0,0,0,0,0,0,240,0,0,0,2954,160,0,2698,0,0,3,2.954
3015,14.0,31.014,0.057,0.0,0.0,0.0,0.0,0.0,534.0,2496.0,0.458,40,0,0,10.264,8.61,253,240,2,80,80,0,0,6400,0,0,0,0,0,0,0,0,0,0,240,0,0,0,2833,139,0,2604,0,0,3,2.833
3016,12.543,31.014,0.057,0.0,0.0,0.0,0.0,0.0,534.0,2496.0,0.45,40,0,0,8.814,8.689,256,240,2,80,80,0,0,6400,0,0,0,0,0,0,0,0,0,0,240,0,0,0,2890,126,0,2662,0,0,2,2.89
3017,12.27,31.014,0.057,0.0,0.0,0.0,0.0,0.0,534.0,2496.0,0.461,40,0,0,8.499,8.394,252,240,2,80,80,0,0,6400,0,0,0,0,0,0,0,0,0,0,240,0,0,0,2910,153,0,2662,0,0,3,2.91
3018,12.04,31.014,0.057,0.0,0.0,0.0,0.0,0.0,534.0,2496.0,0.457,40,0,0,8.355,8.258,254,240,2,80,80,0,0,6400,0,0,0,0,0,0,0,0,0,0,240,0,0,0,2832,117,0,2620,0,0,3,2.832
3019,12.253,31.014,0.057,0.0,0.0,0.0,0.0,0.0,534.0,2496.0,0.414,40,0,0,8.545,8.465,252,240,2,80,80,0,0,6400,0,0,0,0,0,0,0,0,0,0,240,0,0,0,2796,124,0,2580,0,0,3,2.796
3020,12.381,31.014,0.057,0.0,0.0,0.0,0.0,0.0,534.0,2496.0,0.418,40,0,0,8.772,8.635,255,240,2,80,80,0,0,6400,0,0,0,0,0,0,0,0,0,0,240,0,0,0,2821,127,0,2605,0,0,3,2.821
3021,12.247,31.014,0.057,0.0,0.0,0.0,0.0,0.0,534.0,2496.0,0.511,40,0,0,8.518,8.43,253,240,2,80,80,0,0,6400,0,0,0,0,0,0,0,0,0,0,240,0,0,0,2879,131,0,2654,0,0,3,2.879
3022,12.109,31.014,0.057,0.0,0.0,0.0,0.0,0.0,534.0,2496.0,0.506,40,0,0,8.316,8.209,255,240,2,80,80,0,0,6400,0,0,0,0,0,0,0,0,0,0,240,0,0,0,2910,134,0,2684,0,0,4,2.91
3023,12.701,31.014,0.057,0.0,0.0,0.0,0.0,0.0,534.0,2496.0,0.46,40,0,0,8.788,8.702,252,240,2,80,80,0,0,6400,0,0,0,0,0,0,0,0,0,0,240,0,0,0,2994,157,0,2735,0,0,3,2.994
3024,12.314,31.014,0.057,0.0,0.0,0.0,0.0,0.0,534.0,2496.0,0.475,40,0,0,8.658,8.553,256,240,2,80,80,0,0,6400,0,0,0,0,0,0,0,0,0,0,240,0,0,0,2820,143,0,2592,0,0,3,2.82
3025,12.039,31.014,0.057,0.0,0.0,0.0,0.0,0.0,534.0,2496.0,0.434,40,0,0,8.398,8.282,252,240,2,80,80,0,0,6400,0,0,0,0,0,0,0,0,0,0,240,0,0,0,2768,116,0,2569,0,0,3,2.768
3026,13.224,31.014,0.057,0.0,0.0,0.0,0.0,0.0,534.0,2496.0,0.418,40,0,0,8.502,8.389,254,240,2,80,80,0,0,6400,0,0,0,0,0,0,0,0,0,0,240,0,0,0,2812,116,0,2603,0,0,3,2.812
3027,11.966,31.014,0.057,0.0,0.0,0.0,0.0,0.0,534.0,2496.0,0.503,40,0,0,8.313,8.219,253,240,2,80,80,0,0,6400,0,0,0,0,0,0,0,0,0,0,240,0,0,0,2862,126,0,2644,0,0,3,2.862
3028,12.59,31.014,0.057,0.0,0.0,0.0,0.0,0.0,534.0,2496.0,0.462,40,0,0,8.887,8.791,254,240,2,80,80,0,0,6400,0,0,0,0,0,0,0,0,0,0,240,0,0,0,2810,113,0,2604,0,0,3,2.81
3029,12.21,31.014,0.057,0.0,0.0,0.0,0.0,0.0,534.0,2496.0,0.455,40,0,0,8.578,8.499,252,240,2,80,80,0,0,6400,0,0,0,0,0,0,0,0,0,0,240,0,0,0,2801,144,0,2571,0,0,3,2.801
3030,12.195,31.014,0.057,0.0,0.0,0.0,0.0,0.0,534.0,2496.0,0.456,40,0,0,8.478,8.387,254,240,2,80,80,0,0,6400,0,0,0,0,0,0,0,0,0,0,240,0,0,0,2867,118,0,2638,0,0,3,2.867
3031,12.202,31.014,0.057,0.0,0.0,0.0,0.0,0.0,534.0,2496.0,0.485,40,0,0,8.439,8.35,252,240,2,80,80,0,0,6400,0,0,0,0,0,0,0,0,0,0,240,0,0,0,2884,113,0,2664,0,0,3,2.884
3032,12.263,31.014,0.057,0.0,0.0,0.0,0.0,0.0,534.0,2496.0,0.44,40,0,0,8.608,8.508,255,240,2,80,80,0,0,6400,0,0,0,0,0,0,0,0,0,0,240,0,0,0,2803,112,0,2606,0,0,3,2.803
3033,12.739,31.014,0.057,0.0,0.0,0.0,0.0,0.0,534.0,2496.0,0.437,40,0,0,9.095,8.989,253,240,2,80,80,0,0,6400,0,0,0,0,0,0,0,0,0,0,240,0,0,0,2785,117,0,2577,0,0,3,2.785
3034,13.901,31.014,0.057,0.0,0.0,0.0,0.0,0.0,534.0,2496.0,0.594,40,0,0,8.997,8.903,255,240,2,80,80,0,0,6400,0,0,0,0,0,0,0,0,0,0,240,0,0,0,3934,191,0,3593,0,0,6,3.934
3035,17.432,31.014,0.057,0.0,0.0,0.0,0.0,0.0,534.0,2496.0,0.702,40,0,0,12.36,12.253,252,240,2,80,80,0,0,6400,0,0,0,0,0,0,0,0,0,0,240,0,0,0,3941,204,0,3579,0,0,6,3.941
3036,17.788,31.014,0.057,0.0,0.0,0.0,0.0,0.0,534.0,2496.0,0.785,40,0,0,12.442,12.305,255,240,2,80,80,0,0,6400,0,0,0,0,0,0,0,0,0,0,240,0,0,0,4022,227,0,3639,0,0,9,4.022
3037,17.633,31.014,0.057,0.0,0.0,0.0,0.0,0.0,534.0,2496.0,0.691,40,0,0,12.378,12.263,252,240,2,80,80,0,0,6400,0,0,0,0,0,0,0,0,0,0,240,0,0,0,3870,225,0,3494,0,0,7,3.87
3038,16.771,31.014,0.057,0.0,0.0,0.0,0.0,0.0,534.0,2496.0,0.52,40,0,0,12.674,12.544,254,240,2,80,80,0,0,6400,0,0,0,0,0,0,0,0,0,0,240,0,0,0,2882,127,0,2658,0,0,3,2.882
3039,12.779,31.014,0.057,0.0,0.0,0.0,0.0,0.0,534.0,2496.0,0.447,40,0,0,8.976,8.851,255,240,2,80,80,0,0,6400,0,0,0,0,0,0,0,0,0,0,240,0,0,0,2845,149,0,2609,0,0,3,2.845
3040,13.421,31.014,0.057,0.0,0.0,0.0,0.0,0.0,534.0,2496.0,0.464,40,0,0,9.624,9.521,254,240,2,80,80,0,0,6400,0,0,0,0,0,0,0,0,0,0,240,0,0,0,2796,124,0,2587,0,0,3,2.796
3041,12.246,20.392,0.047,0.0,0.0,0.0,0.0,0.0,534.0,2496.0,0.45,40,0,0,8.479,8.395,252,240,2,80,80,0,0,6400,0,0,0,0,0,0,0,0,0,0,240,0,0,0,2887,116,0,2658,0,0,2,2.887
3042,12.676,20.392,0.047,0.0,0.0,0.0,0.0,0.0,534.0,2496.0,0.498,40,0,0,8.951,8.854,254,240,2,80,80,0,0,6400,0,0,0,0,0,0,0,0,0,0,240,0,0,0,2870,138,0,2636,0,0,3,2.87
3043,12.268,20.392,0.047,0.0,0.0,0.0,0.0,0.0,534.0,2496.0,0.435,40,0,0,8.457,8.369,252,240,2,80,80,0,0,6400,0,0,0,0,0,0,0,0,0,0,240,0,0,0,2887,117,0,2675,0,0,2,2.887
3044,12.183,20.392,0.047,0.0,0.0,0.0,0.0,0.0,534.0,2496.0,0.438,40,0,0,8.328,8.231,254,240,2,80,80,0,0,6400,0,0,0,0,0,0,0,0,0,0,240,0,0,0,3027,112,0,2820,0,0,2,3.027
3045,12.688,20.392,0.047,0.0,0.0,0.0,0.0,0.0,534.0,2496.0,0.54,40,0,0,9.03,8.926,254,240,2,80,80,0,0,6400,0,0,0,0,0,0,0,0,0,0,240,0,0,0,2786,124,0,2571,0,0,2,2.786
3046,12.569,20.392,0.047,0.0,0.0,0.0,0.0,0.0,534.0,2496.0,0.555,40,0,0,8.607,8.503,254,240,2,80,80,0,0,6400,0,0,0,0,0,0,0,0,0,0,240,0,0,0,2901,153,0,2648,0,0,4,2.901
3047,12.673,20.392,0.047,0.0,0.0,0.0,0.0,0.0,534.0,2496.0,0.505,40,0,0,8.682,8.594,252,240,2,80,80,0,0,6400,0,0,0,0,0,0,0,0,0,0,240,0,0,0,2997,123,0,2761,0,0,3,2.997
3048,13.245,20.392,0.047,0.0,0.0,0.0,0.0,0.0,534.0,2496.0,0.456,40,0,0,9.349,8.244,255,240,2,80,80,0,0,6400,0,0,0,0,0,0,0,0,0,0,240,0,0,0,2994,144,0,2751,0,0,3,2.994
3049,11.995,20.392,0.047,0.0,0.0,0.0,0.0,0.0,534.0,2496.0,0.434,40,0,0,8.355,8.266,252,240,2,80,80,0,0,6400,0,0,0,0,0,0,0,0,0,0,240,0,0,0,2797,114,0,2601,0,0,2,2.797
3050,13.999,20.392,0.047,0.0,0.0,0.0,0.0,0.0,534.0,2496.0,0.451,40,0,0,10.266,8.585,256,240,2,80,80,0,0,6400,0,0,0,0,0,0,0,0,0,0,240,0,0,0,2884,144,0,2643,0,0,3,2.884
3051,12.172,20.392,0.047,0.0,0.0,0.0,0.0,0.0,534.0,2496.0,0.454,40,0,0,8.552,8.456,253,240,2,80,80,0,0,6400,0,0,0,0,0,0,0,0,0,0,240,0,0,0,2769,119,0,2541,0,0,3,2.769
3052,13.436,20.392,0.047,0.0,0.0,0.0,0.0,0.0,534.0,2496.0,0.419,40,0,0,9.734,9.634,255,240,2,80,80,0,0,6400,0,0,0,0,0,0,0,0,0,0,240,0,0,0,2844,118,0,2631,0,0,2,2.844
3053,13.284,20.392,0.047,0.0,0.0,0.0,0.0,0.0,534.0,2496.0,0.478,40,0,0,9.659,9.57,252,240,2,80,80,0,0,6400,0,0,0,0,0,0,0,0,0,0,240,0,0,0,2828,132,0,2604,0,0,3,2.828
3054,13.476,20.392,0.047,0.0,0.0,0.0,0.0,0.0,534.0,2496.0,0.448,40,0,0,9.847,9.715,254,240,2,80,80,0,0,6400,0,0,0,0,0,0,0,0,0,0,240,0,0,0,2748,119,0,2540,0,0,3,2.748
3055,12.146,20.392,0.047,0.0,0.0,0.0,0.0,0.0,534.0,2496.0,0.506,40,0,0,8.484,8.401,252,240,2,80,80,0,0,6400,0,0,0,0,0,0,0,0,0,0,240,0,0,0,2770,117,0,2568,0,0,3,2.77
3056,12.054,20.392,0.047,0.0,0.0,0.0,0.0,0.0,534.0,2496.0,0.466,40,0,0,8.447,8.34,254,240,2,80,80,0,0,6400,0,0,0,0,0,0,0,0,0,0,240,0,0,0,2754,114,0,2552,0,0,3,2.754
3057,11.893,20.392,0.047,0.0,0.0,0.0,0.0,0.0,534.0,2496.0,0.67,40,0,0,8.277,8.182,253,240,2,80,80,0,0,6400,0,0,0,0,0,0,0,0,0,0,240,0,0,0,2791,117,0,2585,0,0,3,2.791
3058,13.802,20.392,0.047,0.0,0.0,0.0,0.0,0.0,534.0,2496.0,0.472,40,0,0,9.566,9.156,255,240,2,80,80,0,0,6400,0,0,0,0,0,0,0,0,0,0,240,0,0,0,2810,150,0,2576,0,0,3,2.81
3059,12.052,20.392,0.047,0.0,0.0,0.0,0.0,0.0,534.0,2496.0,0.458,40,0,0,8.353,8.271,252,240,2,80,80,0,0,6400,0,0,0,0,0,0,0,0,0,0,240,0,0,0,2864,114,0,2620,0,0,3,2.864
3060,12.685,20.392,0.047,0.0,0.0,0.0,0.0,0.0,534.0,2496.0,0.45,40,0,0,9.011,8.913,254,240,2,80,80,0,0,6400,0,0,0,0,0,0,0,0,0,0,240,0,0,0,2864,133,0,2638,0,0,3,2.864
3061,11.994,20.392,0.047,0.0,0.0,0.0,0.0,0.0,534.0,2496.0,0.424,40,0,0,8.324,8.235,252,240,2,80,80,0,0,6400,0,0,0,0,0,0,0,0,0,0,240,0,0,0,2823,125,0,2608,0,0,2,2.823
3062,12.666,20.392,0.047,0.0,0.0,0.0,0.0,0.0,534.0,2496.0,0.454,40,0,0,8.353,8.228,256,240,2,80,80,0,0,6400,0,0,0,0,0,0,0,0,0,0,240,0,0,0,3526,124,0,3280,0,0,4,3.526
3063,12.13,20.392,0.047,0.0,0.0,0.0,0.0,0.0,534.0,2496.0,0.432,40,0,0,8.444,8.325,254,240,2,80,80,0,0,6400,0,0,0,0,0,0,0,0,0,0,240,0,0,0,2820,112,0,2620,0,0,3,2.82
3064,12.201,20.392,0.047,0.0,0.0,0.0,0.0,0.0,534.0,2496.0,0.416,40,0,0,8.585,8.468,254,240,2,80,80,0,0,6400,0,0,0,0,0,0,0,0,0,0,240,0,0,0,2809,120,0,2595,0,0,3,2.809
3065,11.796,20.392,0.047,0.0,0.0,0.0,0.0,0.0,534.0,2496.0,0.418,40,0,0,8.23,8.122,253,240,2,80,80,0,0,6400,0,0,0,0,0,0,0,0,0,0,240,0,0,0,2768,111,0,2563,0,0,2,2.768
3066,11.954,20.392,0.047,0.0,0.0,0.0,0.0,0.0,534.0,2496.0,0.422,40,0,0,8.361,8.265,255,240,2,80,80,0,0,6400,0,0,0,0,0,0,0,0,0,0,240,0,0,0,2805,113,0,2598,0,0,1,2.805
3067,11.883,20.392,0.047,0.0,0.0,0.0,0.0,0.0,534.0,2496.0,0.404,40,0,0,8.189,8.111,252,240,2,80,80,0,0,6400,0,0,0,0,0,0,0,0,0,0,240,0,0,0,2864,116,0,2663,0,0,3,2.864
3068,12.37,20.392,0.047,0.0,0.0,0.0,0.0,0.0,534.0,2496.0,0.415,40,0,0,8.822,8.725,254,240,2,80,80,0,0,6400,0,0,0,0,0,0,0,0,0,0,240,0,0,0,2775,117,0,2568,0,0,3,2.775
3069,11.775,20.392,0.047,0.0,0.0,0.0,0.0,0.0,534.0,2496.0,0.387,40,0,0,8.21,8.11,252,240,2,80,80,0,0,6400,0,0,0,0,0,0,0,0,0,0,240,0,0,0,2757,116,0,2552,0,0,3,2.757
3070,12.088,20.392,0.047,0.0,0.0,0.0,0.0,0.0,534.0,2496.0,0.448,40,0,0,8.397,8.304,255,240,2,80,80,0,0,6400,0,0,0,0,0,0,0,0,0,0,240,0,0,0,2928,138,0,2697,0,0,3,2.928
3071,12.077,20.392,0.047,0.0,0.0,0.0,0.0,0.0,534.0,2496.0,0.429,40,0,0,8.412,8.316,254,240,2,80,80,0,0,6400,0,0,0,0,0,0,0,0,0,0,240,0,0,0,2800,125,0,2563,0,0,3,2.8
3072,11.871,20.392,0.047,0.0,0.0,0.0,0.0,0.0,534.0,2496.0,0.44,40,0,0,8.199,8.07,254,240,2,80,80,0,0,6400,0,0,0,0,0,0,0,0,0,0,240,0,0,0,2835,115,0,2627,0,0,3,2.835
3073,11.782,20.392,0.047,0.0,0.0,0.0,0.0,0.0,534.0,2496.0,0.429,40,0,0,8.171,8.081,253,240,2,80,80,0,0,6400,0,0,0,0,0,0,0,0,0,0,240,0,0,0,2792,112,0,2593,0,0,2,2.792
3074,15.59,20.392,0.047,0.0,0.0,0.0,0.0,0.0,534.0,2496.0,0.454,40,0,0,11.033,10.912,254,240,2,80,80,0,0,6400,0,0,0,0,0,0,0,0,0,0,240,0,0,0,3643,179,0,3324,0,0,3,3.643
3075,11.995,20.392,0.047,0.0,0.0,0.0,0.0,0.0,534.0,2496.0,0.463,40,0,0,8.365,8.288,252,240,2,80,80,0,0,6400,0,0,0,0,0,0,0,0,0,0,240,0,0,0,2818,116,0,2614,0,0,3,2.818
3076,11.956,20.392,0.047,0.0,0.0,0.0,0.0,0.0,534.0,2496.0,0.478,40,0,0,8.28,8.194,253,240,2,80,80,0,0,6400,0,0,0,0,0,0,0,0,0,0,240,0,0,0,2868,111,0,2664,0,0,3,2.868
3077,12.432,20.392,0.047,0.0,0.0,0.0,0.0,0.0,534.0,2496.0,0.424,40,0,0,8.786,8.69,254,240,2,80,80,0,0,6400,0,0,0,0,0,0,0,0,0,0,240,0,0,0,2803,115,0,2588,0,0,3,2.803
3078,11.885,20.392,0.047,0.0,0.0,0.0,0.0,0.0,534.0,2496.0,0.445,40,0,0,8.331,8.235,255,240,2,80,80,0,0,6400,0,0,0,0,0,0,0,0,0,0,240,0,0,0,2773,113,0,2571,0,0,3,2.773
3079,12.847,20.392,0.047,0.0,0.0,0.0,0.0,0.0,534.0,2496.0,0.461,40,0,0,8.805,8.721,253,240,2,80,80,0,0,6400,0,0,0,0,0,0,0,0,0,0,240,0,0,0,3182,120,0,2940,0,0,3,3.182
3080,12.634,20.392,0.047,0.0,0.0,0.0,0.0,0.0,534.0,2496.0,0.434,40,0,0,8.889,8.761,254,240,2,80,80,0,0,6400,0,0,0,0,0,0,0,0,0,0,240,0,0,0,2916,133,0,2696,0,0,3,2.916
3081,15.244,20.392,0.047,0.0,0.0,0.0,0.0,0.0,534.0,2496.0,0.689,40,0,0,8.226,8.145,252,240,2,80,80,0,0,6400,0,0,0,0,0,0,0,0,0,0,240,0,0,0,6242,110,0,6022,0,0,5,6.242
3082,18.618,20.392,0.047,0.0,0.0,0.0,0.0,0.0,534.0,2496.0,0.698,40,0,0,13.007,12.889,253,240,2,80,80,0,0,6400,0,0,0,0,0,0,0,0,0,0,240,0,0,0,4379,189,0,4011,0,0,6,4.379
3083,20.952,20.392,0.047,0.0,0.0,0.0,0.0,0.0,534.0,2496.0,0.953,40,0,0,13.695,13.51,254,240,2,80,80,0,0,6400,0,0,0,0,0,0,0,0,0,0,240,0,0,0,5698,319,0,5147,0,0,7,5.698
3084,20.659,20.392,0.047,0.0,0.0,0.0,0.0,0.0,534.0,2496.0,1.998,40,0,0,15.193,14.999,255,240,2,80,80,0,0,6400,0,0,0,0,0,0,0,0,0,0,240,0,0,0,3866,176,0,3550,0,0,6,3.866
3085,24.336,20.392,0.047,0.0,0.0,0.0,0.0,0.0,534.0,2496.0,0.647,40,0,0,16.626,14.102,254,240,2,80,80,0,0,6400,0,0,0,0,0,0,0,0,0,0,240,0,0,0,4662,339,0,4135,0,0,8,4.662
3086,18.169,20.392,0.047,0.0,0.0,0.0,0.0,0.0,534.0,2496.0,0.599,40,0,0,13.13,12.968,254,240,2,80,80,0,0,6400,0,0,0,0,0,0,0,0,0,0,240,0,0,0,3904,170,0,3593,0,0,7,3.904
3087,24.245,20.392,0.047,0.0,0.0,0.0,0.0,0.0,534.0,2496.0,0.562,40,0,0,17.74,17.617,252,240,2,80,80,0,0,6400,0,0,0,0,0,0,0,0,0,0,240,0,0,0,5143,327,0,4560,0,0,6,5.143
3088,12.408,20.392,0.047,0.0,0.0,0.0,0.0,0.0,534.0,2496.0,0.455,40,0,0,8.559,8.452,253,240,2,80,80,0,0,6400,0,0,0,0,0,0,0,0,0,0,240,0,0,0,2803,120,0,2576,0,0,3,2.803
3089,15.479,20.392,0.047,0.0,0.0,0.0,0.0,0.0,534.0,2496.0,0.644,40,0,0,10.512,10.408,255,240,2,80,80,0,0,6400,0,0,0,0,0,0,0,0,0,0,240,0,0,0,3989,174,0,3622,0,0,4,3.989
3090,16.608,20.392,0.047,0.0,0.0,0.0,0.0,0.0,534.0,2496.0,0.475,40,0,0,11.889,11.762,254,240,2,80,80,0,0,6400,0,0,0,0,0,0,0,0,0,0,240,0,0,0,3516,159,0,3238,0,0,5,3.516
3091,13.459,20.392,0.047,0.0,0.0,0.0,0.0,0.0,534.0,2496.0,0.499,40,0,0,8.604,8.513,252,240,2,80,80,0,0,6400,0,0,0,0,0,0,0,0,0,0,240,0,0,0,3960,136,0,3439,0,0,4,3.96
3092,12.274,20.392,0.047,0.0,0.0,0.0,0.0,0.0,534.0,2496.0,0.466,40,0,0,8.52,8.423,253,240,2,80,80,0,0,6400,0,0,0,0,0,0,0,0,0,0,240,0,0,0,2873,143,0,2643,0,0,3,2.873
3093,12.252,20.392,0.047,0.0,0.0,0.0,0.0,0.0,534.0,2496.0,0.429,40,0,0,8.627,8.537,253,240,2,80,80,0,0,6400,0,0,0,0,0,0,0,0,0,0,240,0,0,0,2797,112,0,2598,0,0,2,2.797
3094,13.006,20.392,0.047,0.0,0.0,0.0,0.0,0.0,534.0,2496.0,0.419,40,0,0,9.358,9.263,254,240,2,80,80,0,0,6400,0,0,0,0,0,0,0,0,0,0,240,0,0,0,2816,133,0,2586,0,0,2,2.816
3095,11.538,20.392,0.047,0.0,0.0,0.0,0.0,0.0,534.0,2496.0,0.439,40,0,0,8.075,7.984,254,240,2,80,80,0,0,6400,0,0,0,0,0,0,0,0,0,0,240,0,0,0,2699,131,0,2484,0,0,2,2.699
3096,12.129,20.392,0.047,0.0,0.0,0.0,0.0,0.0,534.0,2496.0,0.428,40,0,0,8.636,8.543,255,240,2,80,80,0,0,6400,0,0,0,0,0,0,0,0,0,0,240,0,0,0,2695,110,0,2497,0,0,3,2.695
3097,12.052,20.392,0.047,0.0,0.0,0.0,0.0,0.0,534.0,2496.0,0.513,40,0,0,8.534,8.452,253,240,2,80,80,0,0,6400,0,0,0,0,0,0,0,0,0,0,240,0,0,0,2704,110,0,2515,0,0,3,2.704
3098,11.759,20.392,0.047,0.0,0.0,0.0,0.0,0.0,534.0,2496.0,0.416,40,0,0,8.129,8.035,254,240,2,80,80,0,0,6400,0,0,0,0,0,0,0,0,0,0,240,0,0,0,2755,112,0,2558,0,0,1,2.755
3099,11.862,20.392,0.047,0.0,0.0,0.0,0.0,0.0,534.0,2496.0,0.401,40,0,0,8.343,8.252,252,240,2,80,80,0,0,6400,0,0,0,0,0,0,0,0,0,0,240,0,0,0,2703,110,0,2502,0,0,2,2.703
3100,11.542,20.392,0.047,0.0,0.0,0.0,0.0,0.0,534.0,2496.0,0.43,40,0,0,8.024,7.927,253,240,2,80,80,0,0,6400,0,0,0,0,0,0,0,0,0,0,240,0,0,0,2733,111,0,2534,0,0,3,2.733
3101,11.417,20.392,0.047,0.0,0.0,0.0,0.0,0.0,534.0,2496.0,0.397,40,0,0,7.939,7.862,252,240,2,80,80,0,0,6400,0,0,0,0,0,0,0,0,0,0,240,0,0,0,2699,117,0,2498,0,0,2,2.699
3102,11.375,20.392,0.047,0.0,0.0,0.0,0.0,0.0,534.0,2496.0,0.419,40,0,0,7.946,7.851,256,240,2,80,80,0,0,6400,0,0,0,0,0,0,0,0,0,0,240,0,0,0,2689,104,0,2503,0,0,2,2.689
3103,11.353,20.392,0.047,0.0,0.0,0.0,0.0,0.0,534.0,2496.0,0.394,40,0,0,7.927,7.805,254,240,2,80,80,0,0,6400,0,0,0,0,0,0,0,0,0,0,240,0,0,0,2640,107,0,2414,0,0,3,2.64
3104,11.261,20.392,0.047,0.0,0.0,0.0,0.0,0.0,534.0,2496.0,0.395,40,0,0,7.868,7.783,254,240,2,80,80,0,0,6400,0,0,0,0,0,0,0,0,0,0,240,0,0,0,2665,106,0,2461,0,0,2,2.665
3105,11.256,20.392,0.047,0.0,0.0,0.0,0.0,0.0,534.0,2496.0,0.491,40,0,0,7.881,7.809,252,240,2,80,80,0,0,6400,0,0,0,0,0,0,0,0,0,0,240,0,0,0,2662,172,0,2404,0,0,2,2.662
3106,11.361,20.392,0.047,0.0,0.0,0.0,0.0,0.0,534.0,2496.0,0.396,40,0,0,7.829,7.744,254,240,2,80,80,0,0,6400,0,0,0,0,0,0,0,0,0,0,240,0,0,0,2708,103,0,2519,0,0,3,2.708
3107,11.157,20.392,0.047,0.0,0.0,0.0,0.0,0.0,534.0,2496.0,0.417,40,0,0,7.837,7.763,252,240,2,80,80,0,0,6400,0,0,0,0,0,0,0,0,0,0,240,0,0,0,2587,102,0,2404,0,0,3,2.587
3108,10.976,20.392,0.047,0.0,0.0,0.0,0.0,0.0,534.0,2496.0,0.368,40,0,0,7.668,7.576,254,240,2,80,80,0,0,6400,0,0,0,0,0,0,0,0,0,0,240,0,0,0,2539,105,0,2347,0,0,3,2.539
3109,11.073,20.392,0.047,0.0,0.0,0.0,0.0,0.0,534.0,2496.0,0.38,40,0,0,7.734,7.659,253,240,2,80,80,0,0,6400,0,0,0,0,0,0,0,0,0,0,240,0,0,0,2655,103,0,2466,0,0,2,2.655
3110,11.411,20.392,0.047,0.0,0.0,0.0,0.0,0.0,534.0,2496.0,0.471,40,0,0,8.102,8.013,254,240,2,80,80,0,0,6400,0,0,0,0,0,0,0,0,0,0,240,0,0,0,2624,133,0,2363,0,0,3,2.624
3111,12.645,20.392,0.047,0.0,0.0,0.0,0.0,0.0,534.0,2496.0,0.442,40,0,0,8.972,8.89,253,240,2,80,80,0,0,6400,0,0,0,0,0,0,0,0,0,0,240,0,0,0,2848,109,0,2646,0,0,3,2.848
3112,13.219,20.392,0.047,0.0,0.0,0.0,0.0,0.0,534.0,2496.0,0.402,40,0,0,9.512,9.42,253,240,2,80,80,0,0,6400,0,0,0,0,0,0,0,0,0,0,240,0,0,0,2653,108,0,2452,0,0,3,2.653
3113,11.261,20.392,0.047,0.0,0.0,0.0,0.0,0.0,534.0,2496.0,0.547,40,0,0,7.782,7.673,252,240,2,80,80,0,0,6400,0,0,0,0,0,0,0,0,0,0,240,0,0,0,2652,108,0,2460,0,0,3,2.652
3114,12.735,20.392,0.047,0.0,0.0,0.0,0.0,0.0,534.0,2496.0,0.412,40,0,0,9.088,8.034,257,240,2,80,80,0,0,6400,0,0,0,0,0,0,0,0,0,0,240,0,0,0,2751,121,0,2541,0,0,3,2.751
3115,11.052,20.392,0.047,0.0,0.0,0.0,0.0,0.0,534.0,2496.0,0.398,40,0,0,7.676,7.575,252,240,2,80,80,0,0,6400,0,0,0,0,0,0,0,0,0,0,240,0,0,0,2646,107,0,2447,0,0,3,2.646
3116,11.905,20.392,0.047,0.0,0.0,0.0,0.0,0.0,534.0,2496.0,0.441,40,0,0,8.127,8.042,253,240,2,80,80,0,0,6400,0,0,0,0,0,0,0,0,0,0,240,0,0,0,3001,225,0,2664,0,0,4,3.001
3117,11.28,20.392,0.047,0.0,0.0,0.0,0.0,0.0,534.0,2496.0,0.423,40,0,0,7.866,7.78,253,240,2,80,80,0,0,6400,0,0,0,0,0,0,0,0,0,0,240,0,0,0,2547,98,0,2364,0,0,2,2.547
3118,10.785,23.235,0.077,0.0,0.0,0.0,0.0,0.0,534.0,2496.0,0.378,40,0,0,7.486,7.401,254,240,2,80,80,0,0,6400,0,0,0,0,0,0,0,0,0,0,240,0,0,0,2561,102,0,2376,0,0,3,2.561
3119,13.133,23.235,0.077,0.0,0.0,0.0,0.0,0.0,534.0,2496.0,0.437,40,0,0,9.468,8.003,253,240,2,80,80,0,0,6400,0,0,0,0,0,0,0,0,0,0,240,0,0,0,2738,152,0,2503,0,0,3,2.738
3120,12.184,23.235,0.077,0.0,0.0,0.0,0.0,0.0,534.0,2496.0,0.443,40,0,0,7.834,7.744,254,240,2,80,80,0,0,6400,0,0,0,0,0,0,0,0,0,0,240,0,0,0,3571,106,0,3373,0,0,4,3.571
3121,21.298,23.235,0.077,0.0,0.0,0.0,0.0,0.0,534.0,2496.0,0.87,40,0,0,14.364,14.285,252,240,2,80,80,0,0,6400,0,0,0,0,0,0,0,0,0,0,240,0,0,0,5863,249,0,5391,0,0,9,5.863
3122,23.513,23.235,0.077,0.0,0.0,0.0,0.0,0.0,534.0,2496.0,1.153,40,0,0,15.053,14.756,255,240,2,80,80,0,0,6400,0,0,0,0,0,0,0,0,0,0,240,0,0,0,6924,183,0,6281,0,0,7,6.924
3123,19.864,23.235,0.077,0.0,0.0,0.0,0.0,0.0,534.0,2496.0,0.906,40,0,0,13.966,13.817,252,240,2,80,80,0,0,6400,0,0,0,0,0,0,0,0,0,0,240,0,0,0,4089,169,0,3727,0,0,5,4.089
3124,23.389,23.235,0.077,0.0,0.0,0.0,0.0,0.0,534.0,2496.0,0.986,40,0,0,15.869,15.649,253,240,2,80,80,0,0,6400,0,0,0,0,0,0,0,0,0,0,240,0,0,0,5771,254,0,5257,0,0,8,5.771
3125,23.732,23.235,0.077,0.0,0.0,0.0,0.0,0.0,534.0,2496.0,0.893,40,0,0,14.414,14.249,252,240,2,80,80,0,0,6400,0,0,0,0,0,0,0,0,0,0,240,0,0,0,7513,290,0,6792,0,0,7,7.513
3126,19.708,23.235,0.077,0.0,0.0,0.0,0.0,0.0,534.0,2496.0,0.519,40,0,0,14.084,13.748,256,240,2,80,80,0,0,6400,0,0,0,0,0,0,0,0,0,0,240,0,0,0,3984,173,0,3662,0,0,7,3.984
3127,22.635,23.235,0.077,0.0,0.0,0.0,0.0,0.0,534.0,2496.0,1.238,40,0,0,15.426,15.289,252,240,2,80,80,0,0,6400,0,0,0,0,0,0,0,0,0,0,240,0,0,0,5995,300,0,5445,0,0,7,5.995
3128,22.825,23.235,0.077,0.0,0.0,0.0,0.0,0.0,534.0,2496.0,1.9,40,0,0,15.272,15.106,252,240,2,80,80,0,0,6400,0,0,0,0,0,0,0,0,0,0,240,0,0,0,5652,280,0,4985,0,0,9,5.652
3129,21.766,23.235,0.077,0.0,0.0,0.0,0.0,0.0,534.0,2496.0,0.792,40,0,0,14.488,14.084,255,240,2,80,80,0,0,6400,0,0,0,0,0,0,0,0,0,0,240,0,0,0,4041,241,0,3657,0,0,5,4.041
3130,21.325,23.235,0.077,0.0,0.0,0.0,0.0,0.0,534.0,2496.0,0.99,40,0,0,14.101,13.96,253,240,2,80,80,0,0,6400,0,0,0,0,0,0,0,0,0,0,240,0,0,0,5566,455,0,4891,0,0,8,5.566
3131,22.681,23.235,0.077,0.0,0.0,0.0,0.0,0.0,534.0,2496.0,1.927,40,0,0,16.552,16.389,252,240,2,80,80,0,0,6400,0,0,0,0,0,0,0,0,0,0,240,0,0,0,4373,174,0,3961,0,0,12,4.373
3132,23.954,23.235,0.077,0.0,0.0,0.0,0.0,0.0,534.0,2496.0,0.753,40,0,0,16.653,16.485,253,240,2,80,80,0,0,6400,0,0,0,0,0,0,0,0,0,0,240,0,0,0,4589,250,0,4170,0,0,4,4.589
3133,21.104,23.235,0.077,0.0,0.0,0.0,0.0,0.0,534.0,2496.0,0.989,40,0,0,14.028,13.874,253,240,2,80,80,0,0,6400,0,0,0,0,0,0,0,0,0,0,240,0,0,0,5447,303,0,4885,0,0,8,5.447
3134,22.783,23.235,0.077,0.0,0.0,0.0,0.0,0.0,534.0,2496.0,0.793,40,0,0,17.081,16.834,253,240,2,80,80,0,0,6400,0,0,0,0,0,0,0,0,0,0,240,0,0,0,3993,251,0,3609,0,0,3,3.993
3135,23.907,23.235,0.077,0.0,0.0,0.0,0.0,0.0,534.0,2496.0,0.842,40,0,0,17.501,17.366,254,240,2,80,80,0,0,6400,0,0,0,0,0,0,0,0,0,0,240,0,0,0,4969,245,0,4505,0,0,7,4.969
3136,19.417,23.235,0.077,0.0,0.0,0.0,0.0,0.0,534.0,2496.0,1.194,40,0,0,13.897,13.782,252,240,2,80,80,0,0,6400,0,0,0,0,0,0,0,0,0,0,240,0,0,0,4031,168,0,3724,0,0,6,4.031
3137,25.198,23.235,0.077,0.0,0.0,0.0,0.0,0.0,534.0,2496.0,0.684,40,0,0,18.636,18.471,252,240,2,80,80,0,0,6400,0,0,0,0,0,0,0,0,0,0,240,0,0,0,4326,239,0,3890,0,0,5,4.326
3138,22.717,23.235,0.077,0.0,0.0,0.0,0.0,0.0,534.0,2496.0,0.642,40,0,0,17.379,17.217,254,240,2,80,80,0,0,6400,0,0,0,0,0,0,0,0,0,0,240,0,0,0,3990,171,0,3663,0,0,5,3.99
3139,19.768,23.235,0.077,0.0,0.0,0.0,0.0,0.0,534.0,2496.0,0.647,40,0,0,13.537,13.423,252,240,2,80,80,0,0,6400,0,0,0,0,0,0,0,0,0,0,240,0,0,0,4820,252,0,4378,0,0,7,4.82
3140,23.324,23.235,0.077,0.0,0.0,0.0,0.0,0.0,534.0,2496.0,1.027,40,0,0,16.242,16.116,253,240,2,80,80,0,0,6400,0,0,0,0,0,0,0,0,0,0,240,0,0,0,5713,316,0,5163,0,0,8,5.713
3141,22.652,23.235,0.077,0.0,0.0,0.0,0.0,0.0,534.0,2496.0,0.769,40,0,0,14.772,14.505,255,240,2,80,80,0,0,6400,0,0,0,0,0,0,0,0,0,0,240,0,0,0,5936,285,0,5313,0,0,14,5.936
3142,18.726,23.235,0.077,0.0,0.0,0.0,0.0,0.0,534.0,2496.0,0.659,40,0,0,13.356,13.227,253,240,2,80,80,0,0,6400,0,0,0,0,0,0,0,0,0,0,240,0,0,0,3930,173,0,3619,0,0,7,3.93
3143,21.58,23.235,0.077,0.0,0.0,0.0,0.0,0.0,534.0,2496.0,1.128,40,0,0,14.323,14.175,253,240,2,80,80,0,0,6400,0,0,0,0,0,0,0,0,0,0,240,0,0,0,5960,220,0,5477,0,0,9,5.96
3144,21.916,23.235,0.077,0.0,0.0,0.0,0.0,0.0,534.0,2496.0,2.28,40,0,0,16.131,15.946,253,240,2,80,80,0,0,6400,0,0,0,0,0,0,0,0,0,0,240,0,0,0,3900,163,0,3598,0,0,5,3.9
3145,23.39,23.235,0.077,0.0,0.0,0.0,0.0,0.0,534.0,2496.0,0.634,40,0,0,15.142,14.994,252,240,2,80,80,0,0,6400,0,0,0,0,0,0,0,0,0,0,240,0,0,0,5033,258,0,4548,0,0,7,5.033
3146,19.575,23.235,0.077,0.0,0.0,0.0,0.0,0.0,534.0,2496.0,0.97,40,0,0,13.976,13.736,253,240,2,80,80,0,0,6400,0,0,0,0,0,0,0,0,0,0,240,0,0,0,4234,167,0,3881,0,0,6,4.234
3147,24.934,23.235,0.077,0.0,0.0,0.0,0.0,0.0,534.0,2496.0,0.633,40,0,0,19.431,19.266,255,240,2,80,80,0,0,6400,0,0,0,0,0,0,0,0,0,0,240,0,0,0,3799,168,0,3499,0,0,5,3.799
3148,22.544,23.235,0.077,0.0,0.0,0.0,0.0,0.0,534.0,2496.0,0.517,40,0,0,17.436,17.27,253,240,2,80,80,0,0,6400,0,0,0,0,0,0,0,0,0,0,240,0,0,0,3918,174,0,3614,0,0,4,3.918
3149,17.761,23.235,0.077,0.0,0.0,0.0,0.0,0.0,534.0,2496.0,0.737,40,0,0,13.752,13.604,252,240,2,80,80,0,0,6400,0,0,0,0,0,0,0,0,0,0,240,0,0,0,2943,123,0,2715,0,0,3,2.943
3150,14.784,23.235,0.077,0.0,0.0,0.0,0.0,0.0,534.0,2496.0,0.622,40,0,0,10.319,10.215,253,240,2,80,80,0,0,6400,0,0,0,0,0,0,0,0,0,0,240,0,0,0,3268,121,0,3044,0,0,5,3.268
3151,13.374,23.235,0.077,0.0,0.0,0.0,0.0,0.0,534.0,2496.0,0.5,40,0,0,9.343,9.235,254,240,2,80,80,0,0,6400,0,0,0,0,0,0,0,0,0,0,240,0,0,0,2889,117,0,2668,0,0,4,2.889
3152,11.927,23.235,0.077,0.0,0.0,0.0,0.0,0.0,534.0,2496.0,0.425,40,0,0,8.305,8.211,253,240,2,80,80,0,0,6400,0,0,0,0,0,0,0,0,0,0,240,0,0,0,2667,104,0,2478,0,0,2,2.667
3153,13.932,23.235,0.077,0.0,0.0,0.0,0.0,0.0,534.0,2496.0,0.54,40,0,0,10.177,8.623,254,240,2,80,80,0,0,6400,0,0,0,0,0,0,0,0,0,0,240,0,0,0,2921,103,0,2716,0,0,3,2.921
3154,14.672,23.235,0.077,0.0,0.0,0.0,0.0,0.0,534.0,2496.0,0.415,40,0,0,10.84,10.724,254,240,2,80,80,0,0,6400,0,0,0,0,0,0,0,0,0,0,240,0,0,0,2858,128,0,2632,0,0,3,2.858
3155,13.378,23.235,0.077,0.0,0.0,0.0,0.0,0.0,534.0,2496.0,0.474,40,0,0,9.324,9.211,254,240,2,80,80,0,0,6400,0,0,0,0,0,0,0,0,0,0,240,0,0,0,3239,192,0,2916,0,0,5,3.239
3156,12.609,23.235,0.077,0.0,0.0,0.0,0.0,0.0,534.0,2496.0,0.419,40,0,0,8.874,8.793,252,240,2,80,80,0,0,6400,0,0,0,0,0,0,0,0,0,0,240,0,0,0,2858,132,0,2630,0,0,3,2.858
3157,13.704,23.235,0.077,0.0,0.0,0.0,0.0,0.0,534.0,2496.0,0.506,40,0,0,9.231,9.123,253,240,2,80,80,0,0,6400,0,0,0,0,0,0,0,0,0,0,240,0,0,0,3589,167,0,3294,0,0,4,3.589
3158,14.138,23.235,0.077,0.0,0.0,0.0,0.0,0.0,534.0,2496.0,0.443,40,0,0,10.343,10.231,253,240,2,80,80,0,0,6400,0,0,0,0,0,0,0,0,0,0,240,0,0,0,2861,119,0,2647,0,0,3,2.861
3159,12.462,23.235,0.077,0.0,0.0,0.0,0.0,0.0,534.0,2496.0,0.486,40,0,0,8.66,8.576,252,240,2,80,80,0,0,6400,0,0,0,0,0,0,0,0,0,0,240,0,0,0,2993,130,0,2771,0,0,3,2.993
3160,14.403,23.235,0.077,0.0,0.0,0.0,0.0,0.0,534.0,2496.0,0.569,40,0,0,10.518,10.419,254,240,2,80,80,0,0,6400,0,0,0,0,0,0,0,0,0,0,240,0,0,0,2924,121,0,2696,0,0,4,2.924
3161,14.807,23.235,0.077,0.0,0.0,0.0,0.0,0.0,534.0,2496.0,0.513,40,0,0,10.436,10.321,253,240,2,80,80,0,0,6400,0,0,0,0,0,0,0,0,0,0,240,0,0,0,3238,146,0,2975,0,0,4,3.238
3162,12.701,23.235,0.077,0.0,0.0,0.0,0.0,0.0,534.0,2496.0,0.612,40,0,0,8.908,8.806,253,240,2,80,80,0,0,6400,0,0,0,0,0,0,0,0,0,0,240,0,0,0,2868,111,0,2662,0,0,3,2.868
3163,13.888,23.235,0.077,0.0,0.0,0.0,0.0,0.0,534.0,2496.0,0.486,40,0,0,9.786,9.694,253,240,2,80,80,0,0,6400,0,0,0,0,0,0,0,0,0,0,240,0,0,0,3062,122,0,2829,0,0,3,3.062
3164,14.991,23.235,0.077,0.0,0.0,0.0,0.0,0.0,534.0,2496.0,0.576,40,0,0,9.039,8.953,252,240,2,80,80,0,0,6400,0,0,0,0,0,0,0,0,0,0,240,0,0,0,5035,149,0,4447,0,0,4,5.035
3165,15.579,23.235,0.077,0.0,0.0,0.0,0.0,0.0,534.0,2496.0,0.607,40,0,0,11.028,10.906,254,240,2,80,80,0,0,6400,0,0,0,0,0,0,0,0,0,0,240,0,0,0,3479,160,0,3188,0,0,6,3.479
3166,16.636,23.235,0.077,0.0,0.0,0.0,0.0,0.0,534.0,2496.0,0.593,40,0,0,11.789,11.612,254,240,2,80,80,0,0,6400,0,0,0,0,0,0,0,0,0,0,240,0,0,0,3662,199,0,3325,0,0,5,3.662
3167,16.643,23.235,0.077,0.0,0.0,0.0,0.0,0.0,534.0,2496.0,0.633,40,0,0,11.716,11.612,252,240,2,80,80,0,0,6400,0,0,0,0,0,0,0,0,0,0,240,0,0,0,3817,168,0,3500,0,0,5,3.817
3168,14.905,23.235,0.077,0.0,0.0,0.0,0.0,0.0,534.0,2496.0,0.417,40,0,0,11.087,10.941,254,240,2,80,80,0,0,6400,0,0,0,0,0,0,0,0,0,0,240,0,0,0,2720,119,0,2507,0,0,4,2.72
3169,11.208,23.235,0.077,0.0,0.0,0.0,0.0,0.0,534.0,2496.0,0.391,40,0,0,7.797,7.716,252,240,2,80,80,0,0,6400,0,0,0,0,0,0,0,0,0,0,240,0,0,0,2625,110,0,2411,0,0,3,2.625
3170,12.207,23.235,0.077,0.0,0.0,0.0,0.0,0.0,534.0,2496.0,0.44,40,0,0,8.064,7.979,253,240,2,80,80,0,0,6400,0,0,0,0,0,0,0,0,0,0,240,0,0,0,3291,155,0,2996,0,0,4,3.291
3171,11.724,23.235,0.077,0.0,0.0,0.0,0.0,0.0,534.0,2496.0,0.39,40,0,0,8.235,8.152,252,240,2,80,80,0,0,6400,0,0,0,0,0,0,0,0,0,0,240,0,0,0,2670,108,0,2468,0,0,2,2.67
3172,11.128,23.235,0.077,0.0,0.0,0.0,0.0,0.0,534.0,2496.0,0.471,40,0,0,7.794,7.682,254,240,2,80,80,0,0,6400,0,0,0,0,0,0,0,0,0,0,240,0,0,0,2573,107,0,2386,0,0,2,2.573
3173,11.336,25.377,0.05,0.0,0.0,0.0,0.0,0.0,534.0,2496.0,0.592,40,0,0,7.725,7.632,253,240,2,80,80,0,0,6400,0,0,0,0,0,0,0,0,0,0,240,0,0,0,2781,104,0,2566,0,0,2,2.781
3174,13.53,25.377,0.05,0.0,0.0,0.0,0.0,0.0,534.0,2496.0,0.491,40,0,0,8.82,8.703,253,240,2,80,80,0,0,6400,0,0,0,0,0,0,0,0,0,0,240,0,0,0,3661,156,0,3367,0,0,4,3.661
3175,12.281,25.377,0.05,0.0,0.0,0.0,0.0,0.0,534.0,2496.0,0.398,40,0,0,8.779,8.662,252,240,2,80,80,0,0,6400,0,0,0,0,0,0,0,0,0,0,240,0,0,0,2546,110,0,2353,0,0,3,2.546
3176,11.426,25.377,0.05,0.0,0.0,0.0,0.0,0.0,534.0,2496.0,0.438,40,0,0,8.079,8.002,252,240,2,80,80,0,0,6400,0,0,0,0,0,0,0,0,0,0,240,0,0,0,2592,106,0,2401,0,0,2,2.592
3177,11.737,25.377,0.05,0.0,0.0,0.0,0.0,0.0,534.0,2496.0,0.49,40,0,0,8.374,8.295,252,240,2,80,80,0,0,6400,0,0,0,0,0,0,0,0,0,0,240,0,0,0,2536,112,0,2338,0,0,1,2.536
3178,11.706,25.377,0.05,0.0,0.0,0.0,0.0,0.0,534.0,2496.0,0.463,40,0,0,7.966,7.868,255,240,2,80,80,0,0,6400,0,0,0,0,0,0,0,0,0,0,240,0,0,0,2838,139,0,2604,0,0,3,2.838
3179,12.244,25.377,0.05,0.0,0.0,0.0,0.0,0.0,534.0,2496.0,0.462,40,0,0,8.791,8.681,252,240,2,80,80,0,0,6400,0,0,0,0,0,0,0,0,0,0,240,0,0,0,2571,113,0,2366,0,0,3,2.571
3180,12.659,25.377,0.05,0.0,0.0,0.0,0.0,0.0,534.0,2496.0,0.396,40,0,0,9.136,9.045,254,240,2,80,80,0,0,6400,0,0,0,0,0,0,0,0,0,0,240,0,0,0,2644,104,0,2447,0,0,4,2.644
3181,14.322,25.377,0.05,0.0,0.0,0.0,0.0,0.0,534.0,2496.0,0.638,40,0,0,10.149,10.059,252,240,2,80,80,0,0,6400,0,0,0,0,0,0,0,0,0,0,240,0,0,0,3275,157,0,2981,0,0,4,3.275
3182,15.645,25.377,0.05,0.0,0.0,0.0,0.0,0.0,534.0,2496.0,0.549,40,0,0,10.984,10.883,252,240,2,80,80,0,0,6400,0,0,0,0,0,0,0,0,0,0,240,0,0,0,3536,182,0,3228,0,0,3,3.536
3183,14.498,25.377,0.05,0.0,0.0,0.0,0.0,0.0,534.0,2496.0,0.451,40,0,0,10.181,8.836,255,240,2,80,80,0,0,6400,0,0,0,0,0,0,0,0,0,0,240,0,0,0,3333,144,0,3079,0,0,3,3.333
3184,11.754,25.377,0.05,0.0,0.0,0.0,0.0,0.0,534.0,2496.0,0.513,40,0,0,7.904,7.824,252,240,2,80,80,0,0,6400,0,0,0,0,0,0,0,0,0,0,240,0,0,0,2973,112,0,2754,0,0,2,2.973
3185,12.172,25.377,0.05,0.0,0.0,0.0,0.0,0.0,534.0,2496.0,0.429,40,0,0,8.471,8.38,253,240,2,80,80,0,0,6400,0,0,0,0,0,0,0,0,0,0,240,0,0,0,2737,109,0,2533,0,0,2,2.737
3186,13.213,25.377,0.05,0.0,0.0,0.0,0.0,0.0,534.0,2496.0,0.416,40,0,0,9.457,7.983,255,240,2,80,80,0,0,6400,0,0,0,0,0,0,0,0,0,0,240,0,0,0,2948,129,0,2722,0,0,4,2.948
3187,10.921,25.377,0.05,0.0,0.0,0.0,0.0,0.0,534.0,2496.0,0.398,40,0,0,7.638,7.56,252,240,2,80,80,0,0,6400,0,0,0,0,0,0,0,0,0,0,240,0,0,0,2516,104,0,2332,0,0,2,2.516
3188,12.024,25.377,0.05,0.0,0.0,0.0,0.0,0.0,534.0,2496.0,0.466,40,0,0,8.391,8.308,254,240,2,80,80,0,0,6400,0,0,0,0,0,0,0,0,0,0,240,0,0,0,2892,110,0,2656,0,0,2,2.892
3189,11.968,25.377,0.05,0.0,0.0,0.0,0.0,0.0,534.0,2496.0,0.393,40,0,0,8.568,8.477,252,240,2,80,80,0,0,6400,0,0,0,0,0,0,0,0,0,0,240,0,0,0,2586,113,0,2394,0,0,2,2.586
3190,10.901,25.377,0.05,0.0,0.0,0.0,0.0,0.0,534.0,2496.0,0.454,40,0,0,7.591,7.521,252,240,2,80,80,0,0,6400,0,0,0,0,0,0,0,0,0,0,240,0,0,0,2525,110,0,2344,0,0,3,2.525
3191,10.559,25.377,0.05,0.0,0.0,0.0,0.0,0.0,534.0,2496.0,0.381,40,0,0,7.284,7.216,252,240,2,80,80,0,0,6400,0,0,0,0,0,0,0,0,0,0,240,0,0,0,2507,125,0,2299,0,0,7,2.507
3192,10.937,25.377,0.05,0.0,0.0,0.0,0.0,0.0,534.0,2496.0,0.42,40,0,0,7.628,7.529,253,240,2,80,80,0,0,6400,0,0,0,0,0,0,0,0,0,0,240,0,0,0,2607,113,0,2404,0,0,3,2.607
3193,11.204,25.377,0.05,0.0,0.0,0.0,0.0,0.0,534.0,2496.0,0.463,40,0,0,7.788,7.674,255,240,2,80,80,0,0,6400,0,0,0,0,0,0,0,0,0,0,240,0,0,0,2649,137,0,2425,0,0,3,2.649
3194,10.868,25.377,0.05,0.0,0.0,0.0,0.0,0.0,534.0,2496.0,0.383,40,0,0,7.529,7.449,252,240,2,80,80,0,0,6400,0,0,0,0,0,0,0,0,0,0,240,0,0,0,2545,153,0,2310,0,0,3,2.545
3195,10.932,25.377,0.05,0.0,0.0,0.0,0.0,0.0,534.0,2496.0,0.416,40,0,0,7.582,7.477,253,240,2,80,80,0,0,6400,0,0,0,0,0,0,0,0,0,0,240,0,0,0,2675,99,0,2491,0,0,3,2.675
3196,10.955,25.377,0.05,0.0,0.0,0.0,0.0,0.0,534.0,2496.0,0.384,40,0,0,7.637,7.507,254,240,2,80,80,0,0,6400,0,0,0,0,0,0,0,0,0,0,240,0,0,0,2577,103,0,2387,0,0,3,2.577
3197,10.878,25.377,0.05,0.0,0.0,0.0,0.0,0.0,534.0,2496.0,0.436,40,0,0,7.655,7.587,252,240,2,80,80,0,0,6400,0,0,0,0,0,0,0,0,0,0,240,0,0,0,2534,98,0,2348,0,0,3,2.534
3198,10.897,25.377,0.05,0.0,0.0,0.0,0.0,0.0,534.0,2496.0,0.385,40,0,0,7.553,7.478,253,240,2,80,80,0,0,6400,0,0,0,0,0,0,0,0,0,0,240,0,0,0,2553,111,0,2355,0,0,2,2.553
3199,11.072,25.377,0.05,0.0,0.0,0.0,0.0,0.0,534.0,2496.0,0.389,40,0,0,7.683,7.606,253,240,2,80,80,0,0,6400,0,0,0,0,0,0,0,0,0,0,240,0,0,0,2668,130,0,2435,0,0,2,2.668
3200,11.312,25.377,0.05,0.0,0.0,0.0,0.0,0.0,534.0,2496.0,0.39,40,0,0,7.922,7.845,252,240,2,80,80,0,0,6400,0,0,0,0,0,0,0,0,0,0,240,0,0,0,2675,105,0,2483,0,0,3,2.675
3201,11.206,25.377,0.05,0.0,0.0,0.0,0.0,0.0,534.0,2496.0,0.421,40,0,0,7.73,7.653,252,240,2,80,80,0,0,6400,0,0,0,0,0,0,0,0,0,0,240,0,0,0,2689,113,0,2479,0,0,2,2.689
3202,11.179,25.377,0.05,0.0,0.0,0.0,0.0,0.0,534.0,2496.0,0.451,40,0,0,7.792,7.709,252,240,2,80,80,0,0,6400,0,0,0,0,0,0,0,0,0,0,240,0,0,0,2632,122,0,2421,0,0,2,2.632
3203,11.152,25.377,0.05,0.0,0.0,0.0,0.0,0.0,534.0,2496.0,0.394,40,0,0,7.722,7.619,257,240,2,80,80,0,0,6400,0,0,0,0,0,0,0,0,0,0,240,0,0,0,2619,112,0,2407,0,0,1,2.619
3204,11.616,25.377,0.05,0.0,0.0,0.0,0.0,0.0,534.0,2496.0,0.451,40,0,0,7.915,7.838,252,240,2,80,80,0,0,6400,0,0,0,0,0,0,0,0,0,0,240,0,0,0,2964,109,0,2765,0,0,2,2.964
3205,13.541,25.377,0.05,0.0,0.0,0.0,0.0,0.0,534.0,2496.0,0.535,40,0,0,9.274,9.181,253,240,2,80,80,0,0,6400,0,0,0,0,0,0,0,0,0,0,240,0,0,0,3301,229,0,2955,0,0,3,3.301
3206,12.228,25.377,0.05,0.0,0.0,0.0,0.0,0.0,534.0,2496.0,0.418,40,0,0,8.38,8.294,252,240,2,80,80,0,0,6400,0,0,0,0,0,0,0,0,0,0,240,0,0,0,2964,128,0,2732,0,0,3,2.964
3207,14.395,25.377,0.05,0.0,0.0,0.0,0.0,0.0,534.0,2496.0,0.665,40,0,0,9.729,9.626,252,240,2,80,80,0,0,6400,0,0,0,0,0,0,0,0,0,0,240,0,0,0,3742,173,0,3436,0,0,6,3.742
3208,17.004,25.377,0.05,0.0,0.0,0.0,0.0,0.0,534.0,2496.0,0.703,40,0,0,11.938,11.821,253,240,2,80,80,0,0,6400,0,0,0,0,0,0,0,0,0,0,240,0,0,0,3882,231,0,3517,0,0,5,3.882
3209,17.049,25.377,0.05,0.0,0.0,0.0,0.0,0.0,534.0,2496.0,0.643,40,0,0,11.997,11.872,253,240,2,80,80,0,0,6400,0,0,0,0,0,0,0,0,0,0,240,0,0,0,3765,199,0,3406,0,0,4,3.765
3210,13.717,25.377,0.05,0.0,0.0,0.0,0.0,0.0,534.0,2496.0,0.439,40,0,0,10.012,9.89,253,240,2,80,80,0,0,6400,0,0,0,0,0,0,0,0,0,0,240,0,0,0,2598,113,0,2403,0,0,2,2.598
3211,11.389,25.377,0.05,0.0,0.0,0.0,0.0,0.0,534.0,2496.0,0.422,40,0,0,7.87,7.78,254,240,2,80,80,0,0,6400,0,0,0,0,0,0,0,0,0,0,240,0,0,0,2680,109,0,2474,0,0,3,2.68
3212,12.857,25.377,0.05,0.0,0.0,0.0,0.0,0.0,534.0,2496.0,0.558,40,0,0,8.473,8.394,252,240,2,80,80,0,0,6400,0,0,0,0,0,0,0,0,0,0,240,0,0,0,3562,182,0,3256,0,0,5,3.562
3213,11.987,25.377,0.05,0.0,0.0,0.0,0.0,0.0,534.0,2496.0,0.494,40,0,0,8.354,8.246,254,240,2,80,80,0,0,6400,0,0,0,0,0,0,0,0,0,0,240,0,0,0,2638,110,0,2447,0,0,2,2.638
3214,12.313,25.377,0.05,0.0,0.0,0.0,0.0,0.0,534.0,2496.0,0.408,40,0,0,8.769,8.684,252,240,2,80,80,0,0,6400,0,0,0,0,0,0,0,0,0,0,240,0,0,0,2653,111,0,2442,0,0,2,2.653
3215,11.282,25.377,0.05,0.0,0.0,0.0,0.0,0.0,534.0,2496.0,0.394,40,0,0,7.866,7.783,253,240,2,80,80,0,0,6400,0,0,0,0,0,0,0,0,0,0,240,0,0,0,2653,105,0,2460,0,0,3,2.653
3216,11.125,25.377,0.05,0.0,0.0,0.0,0.0,0.0,534.0,2496.0,0.462,40,0,0,7.727,7.619,253,240,2,80,80,0,0,6400,0,0,0,0,0,0,0,0,0,0,240,0,0,0,2677,109,0,2476,0,0,5,2.677
3217,12.481,25.377,0.05,0.0,0.0,0.0,0.0,0.0,534.0,2496.0,0.469,40,0,0,8.776,8.698,252,240,2,80,80,0,0,6400,0,0,0,0,0,0,0,0,0,0,240,0,0,0,2857,123,0,2641,0,0,3,2.857
3218,11.369,25.377,0.05,0.0,0.0,0.0,0.0,0.0,534.0,2496.0,0.424,40,0,0,7.808,7.717,254,240,2,80,80,0,0,6400,0,0,0,0,0,0,0,0,0,0,240,0,0,0,2745,109,0,2540,0,0,3,2.745
3219,12.701,25.377,0.05,0.0,0.0,0.0,0.0,0.0,534.0,2496.0,0.405,40,0,0,9.247,7.702,253,240,2,80,80,0,0,6400,0,0,0,0,0,0,0,0,0,0,240,0,0,0,2650,108,0,2458,0,0,2,2.65
3220,11.325,25.377,0.05,0.0,0.0,0.0,0.0,0.0,534.0,2496.0,0.415,40,0,0,7.959,7.885,252,240,2,80,80,0,0,6400,0,0,0,0,0,0,0,0,0,0,240,0,0,0,2653,104,0,2473,0,0,3,2.653
3221,11.424,25.377,0.05,0.0,0.0,0.0,0.0,0.0,534.0,2496.0,0.429,40,0,0,8.031,7.928,253,240,2,80,80,0,0,6400,0,0,0,0,0,0,0,0,0,0,240,0,0,0,2636,111,0,2430,0,0,2,2.636
3222,11.08,25.377,0.05,0.0,0.0,0.0,0.0,0.0,534.0,2496.0,0.454,40,0,0,7.737,7.657,253,240,2,80,80,0,0,6400,0,0,0,0,0,0,0,0,0,0,240,0,0,0,2602,108,0,2408,0,0,2,2.602
3223,11.305,25.377,0.05,0.0,0.0,0.0,0.0,0.0,534.0,2496.0,0.395,40,0,0,7.898,7.815,254,240,2,80,80,0,0,6400,0,0,0,0,0,0,0,0,0,0,240,0,0,0,2628,126,0,2422,0,0,3,2.628
3224,11.491,25.377,0.05,0.0,0.0,0.0,0.0,0.0,534.0,2496.0,0.43,40,0,0,8.056,7.983,252,240,2,80,80,0,0,6400,0,0,0,0,0,0,0,0,0,0,240,0,0,0,2709,105,0,2518,0,0,2,2.709
3225,11.355,25.377,0.05,0.0,0.0,0.0,0.0,0.0,534.0,2496.0,0.411,40,0,0,7.903,7.816,252,240,2,80,80,0,0,6400,0,0,0,0,0,0,0,0,0,0,240,0,0,0,2707,104,0,2516,0,0,2,2.707
3226,11.928,25.377,0.05,0.0,0.0,0.0,0.0,0.0,534.0,2496.0,0.403,40,0,0,8.476,8.394,253,240,2,80,80,0,0,6400,0,0,0,0,0,0,0,0,0,0,240,0,0,0,2688,105,0,2498,0,0,2,2.688
3227,11.511,25.377,0.05,0.0,0.0,0.0,0.0,0.0,534.0,2496.0,0.411,40,0,0,8.096,8.021,252,240,2,80,80,0,0,6400,0,0,0,0,0,0,0,0,0,0,240,0,0,0,2675,110,0,2452,0,0,1,2.675
3228,11.365,25.377,0.05,0.0,0.0,0.0,0.0,0.0,534.0,2496.0,0.44,40,0,0,7.997,7.905,255,240,2,80,80,0,0,6400,0,0,0,0,0,0,0,0,0,0,240,0,0,0,2646,111,0,2450,0,0,2,2.646
3229,11.166,25.377,0.05,0.0,0.0,0.0,0.0,0.0,534.0,2496.0,0.448,40,0,0,7.829,7.748,253,240,2,80,80,0,0,6400,0,0,0,0,0,0,0,0,0,0,240,0,0,0,2600,102,0,2412,0,0,3,2.6
3230,11.333,25.377,0.05,0.0,0.0,0.0,0.0,0.0,534.0,2496.0,0.383,40,0,0,7.951,7.877,252,240,2,80,80,0,0,6400,0,0,0,0,0,0,0,0,0,0,240,0,0,0,2621,104,0,2423,0,0,3,2.621
3231,11.298,25.377,0.05,0.0,0.0,0.0,0.0,0.0,534.0,2496.0,0.441,40,0,0,7.911,7.835,253,240,2,80,80,0,0,6400,0,0,0,0,0,0,0,0,0,0,240,0,0,0,2668,104,0,2479,0,0,3,2.668
3232,11.524,25.377,0.05,0.0,0.0,0.0,0.0,0.0,534.0,2496.0,0.429,40,0,0,8.013,7.932,252,240,2,80,80,0,0,6400,0,0,0,0,0,0,0,0,0,0,240,0,0,0,2749,106,0,2539,0,0,2,2.749
3233,11.476,25.377,0.05,0.0,0.0,0.0,0.0,0.0,534.0,2496.0,0.454,40,0,0,7.912,7.826,253,240,2,80,80,0,0,6400,0,0,0,0,0,0,0,0,0,0,240,0,0,0,2777,143,0,2539,0,0,3,2.777
3234,11.471,25.377,0.05,0.0,0.0,0.0,0.0,0.0,534.0,2496.0,0.419,40,0,0,7.955,7.857,254,240,2,80,80,0,0,6400,0,0,0,0,0,0,0,0,0,0,240,0,0,0,2704,117,0,2490,0,0,2,2.704
3235,11.253,25.377,0.05,0.0,0.0,0.0,0.0,0.0,534.0,2496.0,0.409,40,0,0,7.798,7.717,253,240,2,80,80,0,0,6400,0,0,0,0,0,0,0,0,0,0,240,0,0,0,2715,119,0,2511,0,0,2,2.715
3236,14.134,25.377,0.05,0.0,0.0,0.0,0.0,0.0,534.0,2496.0,0.545,40,0,0,10.278,10.15,255,240,2,80,80,0,0,6400,0,0,0,0,0,0,0,0,0,0,240,0,0,0,3087,171,0,2814,0,0,4,3.087
3237,12.48,25.377,0.05,0.0,0.0,0.0,0.0,0.0,534.0,2496.0,0.424,40,0,0,8.795,8.585,252,240,2,80,80,0,0,6400,0,0,0,0,0,0,0,0,0,0,240,0,0,0,2754,159,0,2508,0,0,4,2.754
3238,11.349,25.377,0.05,0.0,0.0,0.0,0.0,0.0,534.0,2496.0,0.415,40,0,0,7.878,7.802,252,240,2,80,80,0,0,6400,0,0,0,0,0,0,0,0,0,0,240,0,0,0,2689,109,0,2498,0,0,3,2.689
3239,11.803,25.377,0.05,0.0,0.0,0.0,0.0,0.0,534.0,2496.0,0.429,40,0,0,7.947,7.84,253,240,2,80,80,0,0,6400,0,0,0,0,0,0,0,0,0,0,240,0,0,0,3040,113,0,2837,0,0,4,3.04
3240,11.854,25.377,0.05,0.0,0.0,0.0,0.0,0.0,534.0,2496.0,0.503,40,0,0,8.231,8.144,252,240,2,80,80,0,0,6400,0,0,0,0,0,0,0,0,0,0,240,0,0,0,2820,108,0,2597,0,0,3,2.82
3241,13.308,25.377,0.05,0.0,0.0,0.0,0.0,0.0,534.0,2496.0,0.459,40,0,0,9.424,9.332,254,240,2,80,80,0,0,6400,0,0,0,0,0,0,0,0,0,0,240,0,0,0,2942,117,0,2733,0,0,3,2.942
3242,16.702,25.377,0.05,0.0,0.0,0.0,0.0,0.0,534.0,2496.0,0.681,40,0,0,11.967,11.841,253,240,2,80,80,0,0,6400,0,0,0,0,0,0,0,0,0,0,240,0,0,0,3760,208,0,3418,0,0,4,3.76
3243,16.854,25.377,0.05,0.0,0.0,0.0,0.0,0.0,534.0,2496.0,0.627,40,0,0,11.847,11.68,254,240,2,80,80,0,0,6400,0,0,0,0,0,0,0,0,0,0,240,0,0,0,3809,160,0,3490,0,0,5,3.809
3244,16.51,25.377,0.05,0.0,0.0,0.0,0.0,0.0,534.0,2496.0,0.613,40,0,0,11.581,11.472,252,240,2,80,80,0,0,6400,0,0,0,0,0,0,0,0,0,0,240,0,0,0,3842,164,0,3541,0,0,5,3.842
3245,16.481,25.377,0.05,0.0,0.0,0.0,0.0,0.0,534.0,2496.0,0.593,40,0,0,11.57,11.467,252,240,2,80,80,0,0,6400,0,0,0,0,0,0,0,0,0,0,240,0,0,0,3759,170,0,3427,0,0,4,3.759
3246,16.674,25.377,0.05,0.0,0.0,0.0,0.0,0.0,534.0,2496.0,0.625,40,0,0,11.697,11.585,252,240,2,80,80,0,0,6400,0,0,0,0,0,0,0,0,0,0,240,0,0,0,3834,168,0,3527,0,0,6,3.834
3247,16.555,25.377,0.05,0.0,0.0,0.0,0.0,0.0,534.0,2496.0,0.595,40,0,0,11.512,11.41,252,240,2,80,80,0,0,6400,0,0,0,0,0,0,0,0,0,0,240,0,0,0,3841,167,0,3543,0,0,4,3.841
3248,16.478,25.377,0.05,0.0,0.0,0.0,0.0,0.0,534.0,2496.0,0.659,40,0,0,11.625,11.45,254,240,2,80,80,0,0,6400,0,0,0,0,0,0,0,0,0,0,240,0,0,0,3756,164,0,3463,0,0,4,3.756
3249,16.523,25.377,0.05,0.0,0.0,0.0,0.0,0.0,534.0,2496.0,0.607,40,0,0,11.486,11.354,254,240,2,80,80,0,0,6400,0,0,0,0,0,0,0,0,0,0,240,0,0,0,3724,170,0,3426,0,0,5,3.724
3250,16.316,25.377,0.05,0.0,0.0,0.0,0.0,0.0,534.0,2496.0,0.662,40,0,0,11.394,11.243,253,240,2,80,80,0,0,6400,0,0,0,0,0,0,0,0,0,0,240,0,0,0,3778,156,0,3492,0,0,5,3.778
3251,19.938,25.377,0.05,0.0,0.0,0.0,0.0,0.0,534.0,2496.0,0.663,40,0,0,14.342,11.397,253,240,2,80,80,0,0,6400,0,0,0,0,0,0,0,0,0,0,240,0,0,0,4418,224,0,4019,0,0,5,4.418
3252,16.632,19.244,0.059,0.0,0.0,0.0,0.0,0.0,534.0,2496.0,0.579,40,0,0,11.618,11.511,252,240,2,80,80,0,0,6400,0,0,0,0,0,0,0,0,0,0,240,0,0,0,3758,171,0,3433,0,0,4,3.758
3253,15.711,19.244,0.059,0.0,0.0,0.0,0.0,0.0,534.0,2496.0,0.491,40,0,0,11.828,11.708,253,240,2,80,80,0,0,6400,0,0,0,0,0,0,0,0,0,0,240,0,0,0,2851,116,0,2640,0,0,3,2.851
3254,11.897,19.244,0.059,0.0,0.0,0.0,0.0,0.0,534.0,2496.0,0.417,40,0,0,8.248,8.158,253,240,2,80,80,0,0,6400,0,0,0,0,0,0,0,0,0,0,240,0,0,0,2791,116,0,2591,0,0,3,2.791
3255,12.786,19.244,0.059,0.0,0.0,0.0,0.0,0.0,534.0,2496.0,0.405,40,0,0,9.22,8.133,254,240,2,80,80,0,0,6400,0,0,0,0,0,0,0,0,0,0,240,0,0,0,2787,112,0,2593,0,0,3,2.787
3256,11.721,19.244,0.059,0.0,0.0,0.0,0.0,0.0,534.0,2496.0,0.401,40,0,0,8.189,8.113,252,240,2,80,80,0,0,6400,0,0,0,0,0,0,0,0,0,0,240,0,0,0,2784,110,0,2578,0,0,3,2.784
3257,11.661,19.244,0.059,0.0,0.0,0.0,0.0,0.0,534.0,2496.0,0.459,40,0,0,8.122,8.048,252,240,2,80,80,0,0,6400,0,0,0,0,0,0,0,0,0,0,240,0,0,0,2839,132,0,2619,0,0,2,2.839
3258,13.93,19.244,0.059,0.0,0.0,0.0,0.0,0.0,534.0,2496.0,0.759,40,0,0,9.189,9.111,252,240,2,80,80,0,0,6400,0,0,0,0,0,0,0,0,0,0,240,0,0,0,3911,158,0,3616,0,0,5,3.911
3259,17.202,19.244,0.059,0.0,0.0,0.0,0.0,0.0,534.0,2496.0,0.792,40,0,0,11.753,11.648,252,240,2,80,80,0,0,6400,0,0,0,0,0,0,0,0,0,0,240,0,0,0,4192,173,0,3856,0,0,5,4.192
3260,17.444,19.244,0.059,0.0,0.0,0.0,0.0,0.0,534.0,2496.0,0.652,40,0,0,12.088,11.94,253,240,2,80,80,0,0,6400,0,0,0,0,0,0,0,0,0,0,240,0,0,0,4045,167,0,3735,0,0,4,4.045
3261,16.771,19.244,0.059,0.0,0.0,0.0,0.0,0.0,534.0,2496.0,0.878,40,0,0,12.154,12.031,253,240,2,80,80,0,0,6400,0,0,0,0,0,0,0,0,0,0,240,0,0,0,3414,154,0,3142,0,0,3,3.414
3262,12.82,19.244,0.059,0.0,0.0,0.0,0.0,0.0,534.0,2496.0,0.466,40,0,0,8.669,8.566,253,240,2,80,80,0,0,6400,0,0,0,0,0,0,0,0,0,0,240,0,0,0,2811,115,0,2594,0,0,3,2.811
3263,11.591,19.244,0.059,0.0,0.0,0.0,0.0,0.0,534.0,2496.0,0.455,40,0,0,8.037,7.953,252,240,2,80,80,0,0,6400,0,0,0,0,0,0,0,0,0,0,240,0,0,0,2725,107,0,2494,0,0,3,2.725
3264,11.86,19.244,0.059,0.0,0.0,0.0,0.0,0.0,534.0,2496.0,0.407,40,0,0,8.353,8.263,254,240,2,80,80,0,0,6400,0,0,0,0,0,0,0,0,0,0,240,0,0,0,2676,109,0,2478,0,0,3,2.676
3265,12.073,19.244,0.059,0.0,0.0,0.0,0.0,0.0,534.0,2496.0,0.42,40,0,0,8.54,8.445,252,240,2,80,80,0,0,6400,0,0,0,0,0,0,0,0,0,0,240,0,0,0,2765,115,0,2539,0,0,3,2.765
3266,12.245,19.244,0.059,0.0,0.0,0.0,0.0,0.0,534.0,2496.0,0.501,40,0,0,8.531,8.45,252,240,2,80,80,0,0,6400,0,0,0,0,0,0,0,0,0,0,240,0,0,0,2888,109,0,2690,0,0,3,2.888
3267,13.118,19.244,0.059,0.0,0.0,0.0,0.0,0.0,534.0,2496.0,0.534,40,0,0,9.186,9.091,254,240,2,80,80,0,0,6400,0,0,0,0,0,0,0,0,0,0,240,0,0,0,3052,110,0,2849,0,0,3,3.052
3268,12.167,19.244,0.059,0.0,0.0,0.0,0.0,0.0,534.0,2496.0,0.463,40,0,0,8.431,8.349,252,240,2,80,80,0,0,6400,0,0,0,0,0,0,0,0,0,0,240,0,0,0,2820,120,0,2606,0,0,3,2.82
3269,11.98,19.244,0.059,0.0,0.0,0.0,0.0,0.0,534.0,2496.0,0.443,40,0,0,8.501,8.416,252,240,2,80,80,0,0,6400,0,0,0,0,0,0,0,0,0,0,240,0,0,0,2646,112,0,2449,0,0,3,2.646
3270,11.515,19.244,0.059,0.0,0.0,0.0,0.0,0.0,534.0,2496.0,0.385,40,0,0,8.099,8.023,252,240,2,80,80,0,0,6400,0,0,0,0,0,0,0,0,0,0,240,0,0,0,2628,109,0,2436,0,0,3,2.628
3271,11.485,19.244,0.059,0.0,0.0,0.0,0.0,0.0,534.0,2496.0,0.454,40,0,0,7.796,7.712,253,240,2,80,80,0,0,6400,0,0,0,0,0,0,0,0,0,0,240,0,0,0,2942,100,0,2720,0,0,4,2.942
3272,12.51,19.244,0.059,0.0,0.0,0.0,0.0,0.0,534.0,2496.0,0.413,40,0,0,8.465,8.365,254,240,2,80,80,0,0,6400,0,0,0,0,0,0,0,0,0,0,240,0,0,0,3241,156,0,2981,0,0,3,3.241
3273,11.946,19.244,0.059,0.0,0.0,0.0,0.0,0.0,534.0,2496.0,0.416,40,0,0,8.414,8.327,252,240,2,80,80,0,0,6400,0,0,0,0,0,0,0,0,0,0,240,0,0,0,2735,105,0,2545,0,0,3,2.735
3274,12.297,19.244,0.059,0.0,0.0,0.0,0.0,0.0,534.0,2496.0,0.503,40,0,0,8.197,8.072,254,240,2,80,80,0,0,6400,0,0,0,0,0,0,0,0,0,0,240,0,0,0,3298,131,0,3061,0,0,4,3.298
3275,14.387,19.244,0.059,0.0,0.0,0.0,0.0,0.0,534.0,2496.0,1.363,40,0,0,10.024,9.912,253,240,2,80,80,0,0,6400,0,0,0,0,0,0,0,0,0,0,240,0,0,0,3413,136,0,3156,0,0,4,3.413
3276,21.746,19.244,0.059,0.0,0.0,0.0,0.0,0.0,534.0,2496.0,0.689,40,0,0,16.3,16.195,252,240,2,80,80,0,0,6400,0,0,0,0,0,0,0,0,0,0,240,0,0,0,3442,151,0,3173,0,0,4,3.442
3277,15.347,19.244,0.059,0.0,0.0,0.0,0.0,0.0,534.0,2496.0,0.498,40,0,0,10.721,10.621,252,240,2,80,80,0,0,6400,0,0,0,0,0,0,0,0,0,0,240,0,0,0,3484,148,0,3185,0,0,3,3.484
3278,15.069,19.244,0.059,0.0,0.0,0.0,0.0,0.0,534.0,2496.0,0.551,40,0,0,10.618,10.517,252,240,2,80,80,0,0,6400,0,0,0,0,0,0,0,0,0,0,240,0,0,0,3496,157,0,3192,0,0,4,3.496
3279,14.866,19.244,0.059,0.0,0.0,0.0,0.0,0.0,534.0,2496.0,0.551,40,0,0,10.515,10.365,254,240,2,80,80,0,0,6400,0,0,0,0,0,0,0,0,0,0,240,0,0,0,3388,141,0,3127,0,0,4,3.388
3280,14.717,19.244,0.059,0.0,0.0,0.0,0.0,0.0,534.0,2496.0,0.642,40,0,0,10.377,10.263,253,240,2,80,80,0,0,6400,0,0,0,0,0,0,0,0,0,0,240,0,0,0,3311,140,0,3051,0,0,4,3.311
3281,14.711,19.244,0.059,0.0,0.0,0.0,0.0,0.0,534.0,2496.0,0.585,40,0,0,10.218,10.118,252,240,2,80,80,0,0,6400,0,0,0,0,0,0,0,0,0,0,240,0,0,0,3364,175,0,3075,0,0,3,3.364
3282,14.732,19.244,0.059,0.0,0.0,0.0,0.0,0.0,534.0,2496.0,0.497,40,0,0,10.312,10.202,254,240,2,80,80,0,0,6400,0,0,0,0,0,0,0,0,0,0,240,0,0,0,3384,183,0,3086,0,0,3,3.384
3283,17.373,19.244,0.059,0.0,0.0,0.0,0.0,0.0,534.0,2496.0,0.591,40,0,0,13.002,10.275,253,240,2,80,80,0,0,6400,0,0,0,0,0,0,0,0,0,0,240,0,0,0,3370,161,0,3095,0,0,3,3.37
3284,15.009,19.244,0.059,0.0,0.0,0.0,0.0,0.0,534.0,2496.0,0.587,40,0,0,10.523,10.41,253,240,2,80,80,0,0,6400,0,0,0,0,0,0,0,0,0,0,240,0,0,0,3363,149,0,3078,0,0,4,3.363
3285,14.694,19.244,0.059,0.0,0.0,0.0,0.0,0.0,534.0,2496.0,0.526,40,0,0,10.192,10.088,253,240,2,80,80,0,0,6400,0,0,0,0,0,0,0,0,0,0,240,0,0,0,3434,185,0,3139,0,0,5,3.434
3286,14.888,19.244,0.059,0.0,0.0,0.0,0.0,0.0,534.0,2496.0,0.503,40,0,0,10.429,10.311,253,240,2,80,80,0,0,6400,0,0,0,0,0,0,0,0,0,0,240,0,0,0,3408,151,0,3138,0,0,4,3.408
3287,14.873,19.244,0.059,0.0,0.0,0.0,0.0,0.0,534.0,2496.0,0.522,40,0,0,10.516,10.372,252,240,2,80,80,0,0,6400,0,0,0,0,0,0,0,0,0,0,240,0,0,0,3399,151,0,3127,0,0,4,3.399
3288,15.088,19.244,0.059,0.0,0.0,0.0,0.0,0.0,534.0,2496.0,0.55,40,0,0,10.632,10.53,253,240,2,80,80,0,0,6400,0,0,0,0,0,0,0,0,0,0,240,0,0,0,3494,156,0,3194,0,0,4,3.494
3289,14.636,19.244,0.059,0.0,0.0,0.0,0.0,0.0,534.0,2496.0,0.659,40,0,0,10.315,10.154,254,240,2,80,80,0,0,6400,0,0,0,0,0,0,0,0,0,0,240,0,0,0,3308,150,0,3041,0,0,9,3.308
3290,14.8,19.244,0.059,0.0,0.0,0.0,0.0,0.0,534.0,2496.0,0.522,40,0,0,10.273,10.162,252,240,2,80,80,0,0,6400,0,0,0,0,0,0,0,0,0,0,240,0,0,0,3378,151,0,3110,0,0,4,3.378
3291,15.215,19.244,0.059,0.0,0.0,0.0,0.0,0.0,534.0,2496.0,0.57,40,0,0,10.837,10.74,252,240,2,80,80,0,0,6400,0,0,0,0,0,0,0,0,0,0,240,0,0,0,3368,190,0,3058,0,0,5,3.368
3292,15.024,19.244,0.059,0.0,0.0,0.0,0.0,0.0,534.0,2496.0,0.58,40,0,0,10.64,10.524,254,240,2,80,80,0,0,6400,0,0,0,0,0,0,0,0,0,0,240,0,0,0,3367,146,0,3105,0,0,3,3.367
3293,14.172,19.244,0.059,0.0,0.0,0.0,0.0,0.0,534.0,2496.0,0.422,40,0,0,10.257,10.131,255,240,2,80,80,0,0,6400,0,0,0,0,0,0,0,0,0,0,240,0,0,0,2862,129,0,2641,0,0,3,2.862
3294,15.444,19.244,0.059,0.0,0.0,0.0,0.0,0.0,534.0,2496.0,0.844,40,0,0,11.657,11.574,252,240,2,80,80,0,0,6400,0,0,0,0,0,0,0,0,0,0,240,0,0,0,2983,119,0,2759,0,0,3,2.983
3295,18.618,19.244,0.059,0.0,0.0,0.0,0.0,0.0,534.0,2496.0,0.652,40,0,0,13.105,12.926,253,240,2,80,80,0,0,6400,0,0,0,0,0,0,0,0,0,0,240,0,0,0,4064,190,0,3732,0,0,7,4.064
3296,18.65,19.244,0.059,0.0,0.0,0.0,0.0,0.0,534.0,2496.0,0.779,40,0,0,13.206,13.005,254,240,2,80,80,0,0,6400,0,0,0,0,0,0,0,0,0,0,240,0,0,0,4241,205,0,3886,0,0,6,4.241
3297,19.025,19.244,0.059,0.0,0.0,0.0,0.0,0.0,534.0,2496.0,0.716,40,0,0,13.613,13.476,253,240,2,80,80,0,0,6400,0,0,0,0,0,0,0,0,0,0,240,0,0,0,4052,190,0,3714,0,0,7,4.052
3298,19.388,19.244,0.059,0.0,0.0,0.0,0.0,0.0,534.0,2496.0,0.821,40,0,0,13.542,13.42,252,240,2,80,80,0,0,6400,0,0,0,0,0,0,0,0,0,0,240,0,0,0,4554,196,0,4193,0,0,6,4.554
3299,19.643,19.244,0.059,0.0,0.0,0.0,0.0,0.0,534.0,2496.0,0.749,40,0,0,14.055,13.927,252,240,2,80,80,0,0,6400,0,0,0,0,0,0,0,0,0,0,240,0,0,0,4203,205,0,3844,0,0,7,4.203
3300,13.626,19.244,0.059,0.0,0.0,0.0,0.0,0.0,534.0,2496.0,0.428,40,0,0,9.694,9.553,253,240,2,80,80,0,0,6400,0,0,0,0,0,0,0,0,0,0,240,0,0,0,2700,114,0,2498,0,0,2,2.7
3301,11.997,19.244,0.059,0.0,0.0,0.0,0.0,0.0,534.0,2496.0,0.439,40,0,0,8.317,8.202,254,240,2,80,80,0,0,6400,0,0,0,0,0,0,0,0,0,0,240,0,0,0,2847,127,0,2625,0,0,4,2.847
3302,12.359,19.244,0.059,0.0,0.0,0.0,0.0,0.0,534.0,2496.0,0.523,40,0,0,8.564,8.434,253,240,2,80,80,0,0,6400,0,0,0,0,0,0,0,0,0,0,240,0,0,0,2760,105,0,2564,0,0,2,2.76
3303,12.408,19.244,0.059,0.0,0.0,0.0,0.0,0.0,534.0,2496.0,0.463,40,0,0,8.644,8.558,253,240,2,80,80,0,0,6400,0,0,0,0,0,0,0,0,0,0,240,0,0,0,2869,110,0,2663,0,0,3,2.869
3304,12.635,19.244,0.059,0.0,0.0,0.0,0.0,0.0,534.0,2496.0,0.468,40,0,0,8.924,8.846,252,240,2,80,80,0,0,6400,0,0,0,0,0,0,0,0,0,0,240,0,0,0,2842,114,0,2632,0,0,3,2.842
3305,12.241,19.244,0.059,0.0,0.0,0.0,0.0,0.0,534.0,2496.0,0.425,40,0,0,8.465,8.381,253,240,2,80,80,0,0,6400,0,0,0,0,0,0,0,0,0,0,240,0,0,0,2904,120,0,2686,0,0,3,2.904
3306,12.95,19.244,0.059,0.0,0.0,0.0,0.0,0.0,534.0,2496.0,0.449,40,0,0,9.247,9.152,253,240,2,80,80,0,0,6400,0,0,0,0,0,0,0,0,0,0,240,0,0,0,2874,115,0,2665,0,0,3,2.874
3307,12.656,19.244,0.059,0.0,0.0,0.0,0.0,0.0,534.0,2496.0,0.449,40,0,0,8.862,8.766,253,240,2,80,80,0,0,6400,0,0,0,0,0,0,0,0,0,0,240,0,0,0,2940,128,0,2716,0,0,3,2.94
3308,12.192,19.244,0.059,0.0,0.0,0.0,0.0,0.0,534.0,2496.0,0.443,40,0,0,8.612,8.526,253,240,2,80,80,0,0,6400,0,0,0,0,0,0,0,0,0,0,240,0,0,0,2719,112,0,2524,0,0,3,2.719
3309,12.397,19.244,0.059,0.0,0.0,0.0,0.0,0.0,534.0,2496.0,0.435,40,0,0,8.23,8.153,252,240,2,80,80,0,0,6400,0,0,0,0,0,0,0,0,0,0,240,0,0,0,3367,156,0,3098,0,0,3,3.367
3310,12.122,19.244,0.059,0.0,0.0,0.0,0.0,0.0,534.0,2496.0,0.401,40,0,0,8.635,8.548,253,240,2,80,80,0,0,6400,0,0,0,0,0,0,0,0,0,0,240,0,0,0,2686,110,0,2487,0,0,2,2.686
3311,12.075,19.244,0.059,0.0,0.0,0.0,0.0,0.0,534.0,2496.0,0.408,40,0,0,8.573,8.463,254,240,2,80,80,0,0,6400,0,0,0,0,0,0,0,0,0,0,240,0,0,0,2747,113,0,2548,0,0,2,2.747
3312,12.403,19.244,0.059,0.0,0.0,0.0,0.0,0.0,534.0,2496.0,0.495,40,0,0,8.683,8.572,253,240,2,80,80,0,0,6400,0,0,0,0,0,0,0,0,0,0,240,0,0,0,2866,139,0,2636,0,0,3,2.866
3313,12.237,19.244,0.059,0.0,0.0,0.0,0.0,0.0,534.0,2496.0,0.476,40,0,0,8.546,8.453,252,240,2,80,80,0,0,6400,0,0,0,0,0,0,0,0,0,0,240,0,0,0,2854,113,0,2653,0,0,2,2.854
3314,11.881,19.244,0.059,0.0,0.0,0.0,0.0,0.0,534.0,2496.0,0.462,40,0,0,8.273,8.177,254,240,2,80,80,0,0,6400,0,0,0,0,0,0,0,0,0,0,240,0,0,0,2791,118,0,2584,0,0,2,2.791
3315,13.356,19.244,0.059,0.0,0.0,0.0,0.0,0.0,534.0,2496.0,0.413,40,0,0,9.767,8.17,253,240,2,80,80,0,0,6400,0,0,0,0,0,0,0,0,0,0,240,0,0,0,2810,122,0,2565,0,0,2,2.81
3316,11.769,19.244,0.059,0.0,0.0,0.0,0.0,0.0,534.0,2496.0,0.4,40,0,0,8.232,8.148,253,240,2,80,80,0,0,6400,0,0,0,0,0,0,0,0,0,0,240,0,0,0,2796,110,0,2591,0,0,2,2.796
3317,11.968,19.244,0.059,0.0,0.0,0.0,0.0,0.0,534.0,2496.0,0.401,40,0,0,8.426,8.345,253,240,2,80,80,0,0,6400,0,0,0,0,0,0,0,0,0,0,240,0,0,0,2807,111,0,2579,0,0,2,2.807
3318,11.736,19.244,0.059,0.0,0.0,0.0,0.0,0.0,534.0,2496.0,0.436,40,0,0,8.233,8.152,253,240,2,80,80,0,0,6400,0,0,0,0,0,0,0,0,0,0,240,0,0,0,2767,110,0,2567,0,0,2,2.767
3319,11.709,19.244,0.059,0.0,0.0,0.0,0.0,0.0,534.0,2496.0,0.441,40,0,0,8.136,8.047,254,240,2,80,80,0,0,6400,0,0,0,0,0,0,0,0,0,0,240,0,0,0,2813,111,0,2612,0,0,3,2.813
3320,11.714,19.244,0.059,0.0,0.0,0.0,0.0,0.0,534.0,2496.0,0.448,40,0,0,8.227,8.144,253,240,2,80,80,0,0,6400,0,0,0,0,0,0,0,0,0,0,240,0,0,0,2748,130,0,2534,0,0,3,2.748
3321,11.65,19.244,0.059,0.0,0.0,0.0,0.0,0.0,534.0,2496.0,0.47,40,0,0,8.156,8.08,252,240,2,80,80,0,0,6400,0,0,0,0,0,0,0,0,0,0,240,0,0,0,2729,115,0,2530,0,0,2,2.729
3322,11.916,19.244,0.059,0.0,0.0,0.0,0.0,0.0,534.0,2496.0,0.609,40,0,0,8.397,8.309,254,240,2,80,80,0,0,6400,0,0,0,0,0,0,0,0,0,0,240,0,0,0,2670,111,0,2472,0,0,3,2.67
3323,11.581,19.244,0.059,0.0,0.0,0.0,0.0,0.0,534.0,2496.0,0.504,40,0,0,7.66,7.576,253,240,2,80,80,0,0,6400,0,0,0,0,0,0,0,0,0,0,240,0,0,0,2943,110,0,2745,0,0,3,2.943
3324,11.173,21.583,0.074,0.0,0.0,0.0,0.0,0.0,534.0,2496.0,0.421,40,0,0,7.69,7.593,253,240,2,80,80,0,0,6400,0,0,0,0,0,0,0,0,0,0,240,0,0,0,2642,127,0,2428,0,0,2,2.642
3325,10.989,21.583,0.074,0.0,0.0,0.0,0.0,0.0,534.0,2496.0,0.462,40,0,0,7.561,7.49,252,240,2,80,80,0,0,6400,0,0,0,0,0,0,0,0,0,0,240,0,0,0,2726,130,0,2507,0,0,3,2.726
3326,12.344,21.583,0.074,0.0,0.0,0.0,0.0,0.0,534.0,2496.0,0.46,40,0,0,8.587,8.468,254,240,2,80,80,0,0,6400,0,0,0,0,0,0,0,0,0,0,240,0,0,0,2793,125,0,2578,0,0,2,2.793
3327,12.243,21.583,0.074,0.0,0.0,0.0,0.0,0.0,534.0,2496.0,0.424,40,0,0,8.618,8.535,253,240,2,80,80,0,0,6400,0,0,0,0,0,0,0,0,0,0,240,0,0,0,2799,115,0,2589,0,0,3,2.799
3328,11.97,21.583,0.074,0.0,0.0,0.0,0.0,0.0,534.0,2496.0,0.429,40,0,0,8.306,8.223,253,240,2,80,80,0,0,6400,0,0,0,0,0,0,0,0,0,0,240,0,0,0,2873,116,0,2656,0,0,4,2.873
3329,11.752,21.583,0.074,0.0,0.0,0.0,0.0,0.0,534.0,2496.0,0.473,40,0,0,8.172,8.086,253,240,2,80,80,0,0,6400,0,0,0,0,0,0,0,0,0,0,240,0,0,0,2774,113,0,2568,0,0,1,2.774
3330,11.841,21.583,0.074,0.0,0.0,0.0,0.0,0.0,534.0,2496.0,0.45,40,0,0,8.255,8.178,252,240,2,80,80,0,0,6400,0,0,0,0,0,0,0,0,0,0,240,0,0,0,2795,137,0,2569,0,0,2,2.795
3331,11.905,21.583,0.074,0.0,0.0,0.0,0.0,0.0,534.0,2496.0,0.454,40,0,0,8.297,8.215,253,240,2,80,80,0,0,6400,0,0,0,0,0,0,0,0,0,0,240,0,0,0,2800,149,0,2561,0,0,3,2.8
3332,13.341,21.583,0.074,0.0,0.0,0.0,0.0,0.0,534.0,2496.0,0.421,40,0,0,9.667,8.558,255,240,2,80,80,0,0,6400,0,0,0,0,0,0,0,0,0,0,240,0,0,0,2816,127,0,2587,0,0,3,2.816
3333,12.158,21.583,0.074,0.0,0.0,0.0,0.0,0.0,534.0,2496.0,0.425,40,0,0,8.277,8.198,252,240,2,80,80,0,0,6400,0,0,0,0,0,0,0,0,0,0,240,0,0,0,2761,117,0,2564,0,0,2,2.761
3334,12.024,21.583,0.074,0.0,0.0,0.0,0.0,0.0,534.0,2496.0,0.421,40,0,0,8.451,8.357,254,240,2,80,80,0,0,6400,0,0,0,0,0,0,0,0,0,0,240,0,0,0,2774,114,0,2570,0,0,3,2.774
3335,11.934,21.583,0.074,0.0,0.0,0.0,0.0,0.0,534.0,2496.0,0.425,40,0,0,8.272,8.182,254,240,2,80,80,0,0,6400,0,0,0,0,0,0,0,0,0,0,240,0,0,0,2868,159,0,2620,0,0,2,2.868
3336,11.956,21.583,0.074,0.0,0.0,0.0,0.0,0.0,534.0,2496.0,0.448,40,0,0,8.326,8.242,252,240,2,80,80,0,0,6400,0,0,0,0,0,0,0,0,0,0,240,0,0,0,2845,118,0,2637,0,0,3,2.845
3337,14.149,21.583,0.074,0.0,0.0,0.0,0.0,0.0,534.0,2496.0,0.42,40,0,0,10.559,10.471,252,240,2,80,80,0,0,6400,0,0,0,0,0,0,0,0,0,0,240,0,0,0,2792,112,0,2591,0,0,2,2.792
3338,12.938,21.583,0.074,0.0,0.0,0.0,0.0,0.0,534.0,2496.0,0.437,40,0,0,9.037,8.944,255,240,2,80,80,0,0,6400,0,0,0,0,0,0,0,0,0,0,240,0,0,0,3101,174,0,2832,0,0,3,3.101
3339,12.368,21.583,0.074,0.0,0.0,0.0,0.0,0.0,534.0,2496.0,0.449,40,0,0,8.519,8.437,252,240,2,80,80,0,0,6400,0,0,0,0,0,0,0,0,0,0,240,0,0,0,3044,114,0,2830,0,0,3,3.044
3340,12.451,21.583,0.074,0.0,0.0,0.0,0.0,0.0,534.0,2496.0,0.49,40,0,0,8.685,8.586,254,240,2,80,80,0,0,6400,0,0,0,0,0,0,0,0,0,0,240,0,0,0,2858,126,0,2641,0,0,3,2.858
3341,12.29,21.583,0.074,0.0,0.0,0.0,0.0,0.0,534.0,2496.0,0.431,40,0,0,8.545,8.438,254,240,2,80,80,0,0,6400,0,0,0,0,0,0,0,0,0,0,240,0,0,0,2830,113,0,2630,0,0,3,2.83
3342,11.848,21.583,0.074,0.0,0.0,0.0,0.0,0.0,534.0,2496.0,0.404,40,0,0,8.225,8.146,252,240,2,80,80,0,0,6400,0,0,0,0,0,0,0,0,0,0,240,0,0,0,2808,148,0,2573,0,0,3,2.808
3343,12.089,21.583,0.074,0.0,0.0,0.0,0.0,0.0,534.0,2496.0,0.442,40,0,0,8.443,8.358,252,240,2,80,80,0,0,6400,0,0,0,0,0,0,0,0,0,0,240,0,0,0,2896,154,0,2651,0,0,3,2.896
3344,12.234,21.583,0.074,0.0,0.0,0.0,0.0,0.0,534.0,2496.0,0.43,40,0,0,8.446,8.344,255,240,2,80,80,0,0,6400,0,0,0,0,0,0,0,0,0,0,240,0,0,0,2922,129,0,2700,0,0,3,2.922
3345,14.872,21.583,0.074,0.0,0.0,0.0,0.0,0.0,534.0,2496.0,0.488,40,0,0,10.747,10.63,252,240,2,80,80,0,0,6400,0,0,0,0,0,0,0,0,0,0,240,0,0,0,3267,138,0,3017,0,0,4,3.267
3346,15.512,21.583,0.074,0.0,0.0,0.0,0.0,0.0,534.0,2496.0,0.547,40,0,0,11.707,11.57,254,240,2,80,80,0,0,6400,0,0,0,0,0,0,0,0,0,0,240,0,0,0,2934,132,0,2705,0,0,3,2.934
3347,14.31,21.583,0.074,0.0,0.0,0.0,0.0,0.0,534.0,2496.0,0.638,40,0,0,10.097,8.412,254,240,2,80,80,0,0,6400,0,0,0,0,0,0,0,0,0,0,240,0,0,0,3234,120,0,3002,0,0,4,3.234
3348,17.303,21.583,0.074,0.0,0.0,0.0,0.0,0.0,534.0,2496.0,0.71,40,0,0,12.213,12.055,252,240,2,80,80,0,0,6400,0,0,0,0,0,0,0,0,0,0,240,0,0,0,3990,156,0,3688,0,0,4,3.99
3349,18.097,21.583,0.074,0.0,0.0,0.0,0.0,0.0,534.0,2496.0,0.689,40,0,0,13.008,12.871,253,240,2,80,80,0,0,6400,0,0,0,0,0,0,0,0,0,0,240,0,0,0,3888,158,0,3572,0,0,5,3.888
3350,18.051,21.583,0.074,0.0,0.0,0.0,0.0,0.0,534.0,2496.0,0.649,40,0,0,12.722,12.59,254,240,2,80,80,0,0,6400,0,0,0,0,0,0,0,0,0,0,240,0,0,0,4111,169,0,3788,0,0,4,4.111
3351,17.953,21.583,0.074,0.0,0.0,0.0,0.0,0.0,534.0,2496.0,0.615,40,0,0,12.834,12.728,252,240,2,80,80,0,0,6400,0,0,0,0,0,0,0,0,0,0,240,0,0,0,4021,165,0,3706,0,0,5,4.021
3352,14.419,21.583,0.074,0.0,0.0,0.0,0.0,0.0,534.0,2496.0,0.427,40,0,0,10.517,10.34,254,240,2,80,80,0,0,6400,0,0,0,0,0,0,0,0,0,0,240,0,0,0,2843,131,0,2618,0,0,3,2.843
3353,12.715,21.583,0.074,0.0,0.0,0.0,0.0,0.0,534.0,2496.0,0.481,40,0,0,9.0,8.908,254,240,2,80,80,0,0,6400,0,0,0,0,0,0,0,0,0,0,240,0,0,0,2927,111,0,2716,0,0,7,2.927
3354,12.146,21.583,0.074,0.0,0.0,0.0,0.0,0.0,534.0,2496.0,0.46,40,0,0,8.443,8.36,252,240,2,80,80,0,0,6400,0,0,0,0,0,0,0,0,0,0,240,0,0,0,2868,143,0,2616,0,0,2,2.868
3355,11.529,21.583,0.074,0.0,0.0,0.0,0.0,0.0,534.0,2496.0,0.388,40,0,0,8.085,7.999,253,240,2,80,80,0,0,6400,0,0,0,0,0,0,0,0,0,0,240,0,0,0,2669,100,0,2481,0,0,1,2.669
3356,15.212,21.583,0.074,0.0,0.0,0.0,0.0,0.0,534.0,2496.0,0.694,40,0,0,10.105,10.033,252,240,2,80,80,0,0,6400,0,0,0,0,0,0,0,0,0,0,240,0,0,0,4281,175,0,3960,0,0,5,4.281
3357,16.698,21.583,0.074,0.0,0.0,0.0,0.0,0.0,534.0,2496.0,0.573,40,0,0,11.704,11.571,255,240,2,80,80,0,0,6400,0,0,0,0,0,0,0,0,0,0,240,0,0,0,3807,158,0,3510,0,0,5,3.807
3358,16.823,21.583,0.074,0.0,0.0,0.0,0.0,0.0,534.0,2496.0,0.592,40,0,0,11.775,11.656,253,240,2,80,80,0,0,6400,0,0,0,0,0,0,0,0,0,0,240,0,0,0,3918,172,0,3513,0,0,6,3.918
3359,19.375,21.583,0.074,0.0,0.0,0.0,0.0,0.0,534.0,2496.0,0.625,40,0,0,14.595,14.482,254,240,2,80,80,0,0,6400,0,0,0,0,0,0,0,0,0,0,240,0,0,0,3669,150,0,3379,0,0,6,3.669
3360,17.398,21.583,0.074,0.0,0.0,0.0,0.0,0.0,534.0,2496.0,0.658,40,0,0,12.48,12.358,253,240,2,80,80,0,0,6400,0,0,0,0,0,0,0,0,0,0,240,0,0,0,3723,160,0,3430,0,0,5,3.723
3361,16.426,21.583,0.074,0.0,0.0,0.0,0.0,0.0,534.0,2496.0,0.65,40,0,0,11.268,11.132,254,240,2,80,80,0,0,6400,0,0,0,0,0,0,0,0,0,0,240,0,0,0,3906,164,0,3591,0,0,5,3.906
3362,17.068,21.583,0.074,0.0,0.0,0.0,0.0,0.0,534.0,2496.0,0.541,40,0,0,11.924,11.82,252,240,2,80,80,0,0,6400,0,0,0,0,0,0,0,0,0,0,240,0,0,0,3928,166,0,3589,0,0,4,3.928
3363,13.97,21.583,0.074,0.0,0.0,0.0,0.0,0.0,534.0,2496.0,0.437,40,0,0,9.944,9.843,253,240,2,80,80,0,0,6400,0,0,0,0,0,0,0,0,0,0,240,0,0,0,2940,133,0,2712,0,0,3,2.94
3364,16.122,21.583,0.074,0.0,0.0,0.0,0.0,0.0,534.0,2496.0,0.51,40,0,0,11.263,11.178,252,240,2,80,80,0,0,6400,0,0,0,0,0,0,0,0,0,0,240,0,0,0,3984,152,0,3699,0,0,3,3.984
3365,16.263,21.583,0.074,0.0,0.0,0.0,0.0,0.0,534.0,2496.0,0.562,40,0,0,11.33,11.204,255,240,2,80,80,0,0,6400,0,0,0,0,0,0,0,0,0,0,240,0,0,0,3939,150,0,3664,0,0,3,3.939
3366,16.461,21.583,0.074,0.0,0.0,0.0,0.0,0.0,534.0,2496.0,0.57,40,0,0,11.356,11.247,253,240,2,80,80,0,0,6400,0,0,0,0,0,0,0,0,0,0,240,0,0,0,3976,160,0,3684,0,0,4,3.976
3367,16.418,21.583,0.074,0.0,0.0,0.0,0.0,0.0,534.0,2496.0,0.605,40,0,0,11.367,11.205,255,240,2,80,80,0,0,6400,0,0,0,0,0,0,0,0,0,0,240,0,0,0,3968,171,0,3664,0,0,3,3.968
3368,14.988,21.583,0.074,0.0,0.0,0.0,0.0,0.0,534.0,2496.0,0.458,40,0,0,11.034,10.906,254,240,2,80,80,0,0,6400,0,0,0,0,0,0,0,0,0,0,240,0,0,0,2837,121,0,2625,0,0,4,2.837
3369,12.013,21.583,0.074,0.0,0.0,0.0,0.0,0.0,534.0,2496.0,0.485,40,0,0,8.346,8.254,253,240,2,80,80,0,0,6400,0,0,0,0,0,0,0,0,0,0,240,0,0,0,2843,105,0,2641,0,0,3,2.843
3370,11.887,21.583,0.074,0.0,0.0,0.0,0.0,0.0,534.0,2496.0,0.393,40,0,0,8.331,8.247,252,240,2,80,80,0,0,6400,0,0,0,0,0,0,0,0,0,0,240,0,0,0,2694,108,0,2503,0,0,3,2.694
3371,11.368,21.583,0.074,0.0,0.0,0.0,0.0,0.0,534.0,2496.0,0.414,40,0,0,7.927,7.803,254,240,2,80,80,0,0,6400,0,0,0,0,0,0,0,0,0,0,240,0,0,0,2693,106,0,2501,0,0,1,2.693
3372,11.38,21.583,0.074,0.0,0.0,0.0,0.0,0.0,534.0,2496.0,0.381,40,0,0,7.921,7.841,253,240,2,80,80,0,0,6400,0,0,0,0,0,0,0,0,0,0,240,0,0,0,2714,101,0,2531,0,0,2,2.714
3373,11.373,21.583,0.074,0.0,0.0,0.0,0.0,0.0,534.0,2496.0,0.401,40,0,0,7.98,7.903,253,240,2,80,80,0,0,6400,0,0,0,0,0,0,0,0,0,0,240,0,0,0,2687,105,0,2495,0,0,2,2.687
3374,11.403,21.583,0.074,0.0,0.0,0.0,0.0,0.0,534.0,2496.0,0.409,40,0,0,7.99,7.907,254,240,2,80,80,0,0,6400,0,0,0,0,0,0,0,0,0,0,240,0,0,0,2678,111,0,2477,0,0,1,2.678
3375,11.49,21.583,0.074,0.0,0.0,0.0,0.0,0.0,534.0,2496.0,0.393,40,0,0,8.095,8.011,254,240,2,80,80,0,0,6400,0,0,0,0,0,0,0,0,0,0,240,0,0,0,2681,99,0,2494,0,0,3,2.681
3376,13.205,21.583,0.074,0.0,0.0,0.0,0.0,0.0,534.0,2496.0,0.468,40,0,0,9.727,9.603,252,240,2,80,80,0,0,6400,0,0,0,0,0,0,0,0,0,0,240,0,0,0,2752,132,0,2530,0,0,3,2.752
3377,12.55,21.583,0.074,0.0,0.0,0.0,0.0,0.0,534.0,2496.0,0.393,40,0,0,8.992,8.902,254,240,2,80,80,0,0,6400,0,0,0,0,0,0,0,0,0,0,240,0,0,0,2729,113,0,2529,0,0,2,2.729
3378,15.45,21.583,0.074,0.0,0.0,0.0,0.0,0.0,534.0,2496.0,0.606,40,0,0,10.874,9.251,253,240,2,80,80,0,0,6400,0,0,0,0,0,0,0,0,0,0,240,0,0,0,3729,186,0,3416,0,0,3,3.729
3379,13.609,21.583,0.074,0.0,0.0,0.0,0.0,0.0,534.0,2496.0,0.419,40,0,0,9.652,9.521,253,240,2,80,80,0,0,6400,0,0,0,0,0,0,0,0,0,0,240,0,0,0,2909,114,0,2697,0,0,3,2.909
3380,13.642,21.583,0.074,0.0,0.0,0.0,0.0,0.0,534.0,2496.0,0.74,40,0,0,8.317,8.217,255,240,2,80,80,0,0,6400,0,0,0,0,0,0,0,0,0,0,240,0,0,0,4395,211,0,4022,0,0,5,4.395
3381,18.265,21.583,0.074,0.0,0.0,0.0,0.0,0.0,534.0,2496.0,0.648,40,0,0,12.967,12.826,255,240,2,80,80,0,0,6400,0,0,0,0,0,0,0,0,0,0,240,0,0,0,3999,169,0,3687,0,0,5,3.999
3382,17.335,21.583,0.074,0.0,0.0,0.0,0.0,0.0,534.0,2496.0,0.747,40,0,0,12.409,12.291,252,240,2,80,80,0,0,6400,0,0,0,0,0,0,0,0,0,0,240,0,0,0,3724,148,0,3455,0,0,5,3.724
3383,14.031,21.583,0.074,0.0,0.0,0.0,0.0,0.0,534.0,2496.0,0.554,40,0,0,9.62,9.498,254,240,2,80,80,0,0,6400,0,0,0,0,0,0,0,0,0,0,240,0,0,0,3228,112,0,3008,0,0,4,3.228
3384,15.295,21.583,0.074,0.0,0.0,0.0,0.0,0.0,534.0,2496.0,0.556,40,0,0,11.192,11.083,252,240,2,80,80,0,0,6400,0,0,0,0,0,0,0,0,0,0,240,0,0,0,3085,156,0,2825,0,0,6,3.085
3385,18.056,21.583,0.074,0.0,0.0,0.0,0.0,0.0,534.0,2496.0,0.64,40,0,0,13.582,13.419,254,240,2,80,80,0,0,6400,0,0,0,0,0,0,0,0,0,0,240,0,0,0,3468,131,0,3215,0,0,4,3.468
3386,16.909,21.583,0.074,0.0,0.0,0.0,0.0,0.0,534.0,2496.0,0.48,40,0,0,12.667,12.537,253,240,2,80,80,0,0,6400,0,0,0,0,0,0,0,0,0,0,240,0,0,0,3128,136,0,2880,0,0,5,3.128
3387,16.671,21.583,0.074,0.0,0.0,0.0,0.0,0.0,534.0,2496.0,0.439,40,0,0,12.093,11.965,255,240,2,80,80,0,0,6400,0,0,0,0,0,0,0,0,0,0,240,0,0,0,3643,159,0,3352,0,0,5,3.643
3388,14.69,21.583,0.074,0.0,0.0,0.0,0.0,0.0,534.0,2496.0,0.627,40,0,0,9.842,9.756,252,240,2,80,80,0,0,6400,0,0,0,0,0,0,0,0,0,0,240,0,0,0,3927,212,0,3566,0,0,5,3.927
3389,16.91,21.583,0.074,0.0,0.0,0.0,0.0,0.0,534.0,2496.0,0.551,40,0,0,11.931,11.768,254,240,2,80,80,0,0,6400,0,0,0,0,0,0,0,0,0,0,240,0,0,0,3817,160,0,3481,0,0,4,3.817
3390,15.965,21.583,0.074,0.0,0.0,0.0,0.0,0.0,534.0,2496.0,0.493,40,0,0,11.108,10.987,253,240,2,80,80,0,0,6400,0,0,0,0,0,0,0,0,0,0,240,0,0,0,3814,148,0,3534,0,0,4,3.814
3391,14.483,21.583,0.074,0.0,0.0,0.0,0.0,0.0,534.0,2496.0,0.607,40,0,0,9.851,9.723,253,240,2,80,80,0,0,6400,0,0,0,0,0,0,0,0,0,0,240,0,0,0,3696,147,0,3404,0,0,5,3.696
3392,16.211,21.583,0.074,0.0,0.0,0.0,0.0,0.0,534.0,2496.0,0.609,40,0,0,11.456,11.281,253,240,2,80,80,0,0,6400,0,0,0,0,0,0,0,0,0,0,240,0,0,0,3623,203,0,3282,0,0,5,3.623
3393,15.62,21.583,0.074,0.0,0.0,0.0,0.0,0.0,534.0,2496.0,0.524,40,0,0,10.794,10.699,255,240,2,80,80,0,0,6400,0,0,0,0,0,0,0,0,0,0,240,0,0,0,3752,170,0,3438,0,0,5,3.752
3394,16.539,21.583,0.074,0.0,0.0,0.0,0.0,0.0,534.0,2496.0,0.68,40,0,0,11.683,11.581,252,240,2,80,80,0,0,6400,0,0,0,0,0,0,0,0,0,0,240,0,0,0,3760,159,0,3461,0,0,5,3.76
3395,15.169,19.572,0.033,0.0,0.0,0.0,0.0,0.0,534.0,2496.0,0.546,40,0,0,11.171,11.054,253,240,2,80,80,0,0,6400,0,0,0,0,0,0,0,0,0,0,240,0,0,0,2809,146,0,2567,0,0,3,2.809
3396,14.217,19.572,0.033,0.0,0.0,0.0,0.0,0.0,534.0,2496.0,0.418,40,0,0,10.444,10.327,253,240,2,80,80,0,0,6400,0,0,0,0,0,0,0,0,0,0,240,0,0,0,2792,146,0,2536,0,0,3,2.792
3397,16.953,19.572,0.033,0.0,0.0,0.0,0.0,0.0,534.0,2496.0,0.602,40,0,0,11.989,11.902,253,240,2,80,80,0,0,6400,0,0,0,0,0,0,0,0,0,0,240,0,0,0,4011,177,0,3676,0,0,5,4.011
3398,16.084,19.572,0.033,0.0,0.0,0.0,0.0,0.0,534.0,2496.0,0.588,40,0,0,11.689,11.57,252,240,2,80,80,0,0,6400,0,0,0,0,0,0,0,0,0,0,240,0,0,0,3200,130,0,2907,0,0,4,3.2
3399,16.778,19.572,0.033,0.0,0.0,0.0,0.0,0.0,534.0,2496.0,0.482,40,0,0,11.406,11.27,255,240,2,80,80,0,0,6400,0,0,0,0,0,0,0,0,0,0,240,0,0,0,4185,210,0,3821,0,0,5,4.185
3400,15.634,19.572,0.033,0.0,0.0,0.0,0.0,0.0,534.0,2496.0,0.685,40,0,0,10.763,10.652,255,240,2,80,80,0,0,6400,0,0,0,0,0,0,0,0,0,0,240,0,0,0,3873,170,0,3520,0,0,5,3.873
3401,17.914,19.572,0.033,0.0,0.0,0.0,0.0,0.0,534.0,2496.0,0.656,40,0,0,12.638,12.512,253,240,2,80,80,0,0,6400,0,0,0,0,0,0,0,0,0,0,240,0,0,0,3984,175,0,3653,0,0,4,3.984
3402,17.909,19.572,0.033,0.0,0.0,0.0,0.0,0.0,534.0,2496.0,0.666,40,0,0,12.807,12.661,253,240,2,80,80,0,0,6400,0,0,0,0,0,0,0,0,0,0,240,0,0,0,3872,160,0,3567,0,0,4,3.872
3403,18.925,19.572,0.033,0.0,0.0,0.0,0.0,0.0,534.0,2496.0,0.847,40,0,0,13.204,13.074,253,240,2,80,80,0,0,6400,0,0,0,0,0,0,0,0,0,0,240,0,0,0,4371,192,0,3913,0,0,6,4.371
3404,17.759,19.572,0.033,0.0,0.0,0.0,0.0,0.0,534.0,2496.0,0.632,40,0,0,12.323,12.171,253,240,2,80,80,0,0,6400,0,0,0,0,0,0,0,0,0,0,240,0,0,0,4031,158,0,3682,0,0,5,4.031
3405,19.314,19.572,0.033,0.0,0.0,0.0,0.0,0.0,534.0,2496.0,0.759,40,0,0,13.814,13.672,255,240,2,80,80,0,0,6400,0,0,0,0,0,0,0,0,0,0,240,0,0,0,4190,190,0,3834,0,0,4,4.19
3406,19.097,19.572,0.033,0.0,0.0,0.0,0.0,0.0,534.0,2496.0,0.706,40,0,0,13.7,13.564,252,240,2,80,80,0,0,6400,0,0,0,0,0,0,0,0,0,0,240,0,0,0,4029,177,0,3654,0,0,5,4.029
3407,18.841,19.572,0.033,0.0,0.0,0.0,0.0,0.0,534.0,2496.0,0.696,40,0,0,13.286,13.125,254,240,2,80,80,0,0,6400,0,0,0,0,0,0,0,0,0,0,240,0,0,0,4196,237,0,3757,0,0,6,4.196
3408,18.622,19.572,0.033,0.0,0.0,0.0,0.0,0.0,534.0,2496.0,0.611,40,0,0,13.272,13.136,254,240,2,80,80,0,0,6400,0,0,0,0,0,0,0,0,0,0,240,0,0,0,4044,175,0,3731,0,0,6,4.044
3409,20.542,19.572,0.033,0.0,0.0,0.0,0.0,0.0,534.0,2496.0,0.703,40,0,0,15.309,12.682,254,240,2,80,80,0,0,6400,0,0,0,0,0,0,0,0,0,0,240,0,0,0,3977,176,0,3654,0,0,4,3.977
3410,13.825,19.572,0.033,0.0,0.0,0.0,0.0,0.0,534.0,2496.0,0.55,40,0,0,9.496,9.365,252,240,2,80,80,0,0,6400,0,0,0,0,0,0,0,0,0,0,240,0,0,0,3109,115,0,2881,0,0,4,3.109
3411,14.203,19.572,0.033,0.0,0.0,0.0,0.0,0.0,534.0,2496.0,0.664,40,0,0,9.291,9.183,254,240,2,80,80,0,0,6400,0,0,0,0,0,0,0,0,0,0,240,0,0,0,3787,189,0,3451,0,0,5,3.787
3412,18.477,19.572,0.033,0.0,0.0,0.0,0.0,0.0,534.0,2496.0,0.765,40,0,0,13.357,13.111,254,240,2,80,80,0,0,6400,0,0,0,0,0,0,0,0,0,0,240,0,0,0,3845,181,0,3514,0,0,6,3.845
3413,17.642,19.572,0.033,0.0,0.0,0.0,0.0,0.0,534.0,2496.0,0.727,40,0,0,12.318,12.186,255,240,2,80,80,0,0,6400,0,0,0,0,0,0,0,0,0,0,240,0,0,0,3897,262,0,3485,0,0,5,3.897
3414,17.857,19.572,0.033,0.0,0.0,0.0,0.0,0.0,534.0,2496.0,0.638,40,0,0,12.714,12.585,252,240,2,80,80,0,0,6400,0,0,0,0,0,0,0,0,0,0,240,0,0,0,3817,161,0,3517,0,0,4,3.817
3415,15.944,19.572,0.033,0.0,0.0,0.0,0.0,0.0,534.0,2496.0,0.49,40,0,0,11.85,10.343,254,240,2,80,80,0,0,6400,0,0,0,0,0,0,0,0,0,0,240,0,0,0,3005,128,0,2772,0,0,3,3.005
3416,12.342,19.572,0.033,0.0,0.0,0.0,0.0,0.0,534.0,2496.0,0.51,40,0,0,8.676,8.58,253,240,2,80,80,0,0,6400,0,0,0,0,0,0,0,0,0,0,240,0,0,0,2781,118,0,2573,0,0,3,2.781
3417,12.811,19.572,0.033,0.0,0.0,0.0,0.0,0.0,534.0,2496.0,0.668,40,0,0,8.717,8.615,253,240,2,80,80,0,0,6400,0,0,0,0,0,0,0,0,0,0,240,0,0,0,3228,115,0,3015,0,0,3,3.228
3418,14.033,19.572,0.033,0.0,0.0,0.0,0.0,0.0,534.0,2496.0,0.636,40,0,0,9.632,9.491,253,240,2,80,80,0,0,6400,0,0,0,0,0,0,0,0,0,0,240,0,0,0,3315,137,0,3061,0,0,5,3.315
3419,13.166,19.572,0.033,0.0,0.0,0.0,0.0,0.0,534.0,2496.0,0.408,40,0,0,8.753,8.611,254,240,2,80,80,0,0,6400,0,0,0,0,0,0,0,0,0,0,240,0,0,0,3048,149,0,2778,0,0,3,3.048
3420,11.449,19.572,0.033,0.0,0.0,0.0,0.0,0.0,534.0,2496.0,0.43,40,0,0,8.068,7.977,254,240,2,80,80,0,0,6400,0,0,0,0,0,0,0,0,0,0,240,0,0,0,2628,107,0,2438,0,0,3,2.628
3421,11.319,19.572,0.033,0.0,0.0,0.0,0.0,0.0,534.0,2496.0,0.413,40,0,0,7.778,7.655,254,240,2,80,80,0,0,6400,0,0,0,0,0,0,0,0,0,0,240,0,0,0,2615,106,0,2426,0,0,2,2.615
3422,12.456,19.572,0.033,0.0,0.0,0.0,0.0,0.0,534.0,2496.0,0.391,40,0,0,8.919,8.837,254,240,2,80,80,0,0,6400,0,0,0,0,0,0,0,0,0,0,240,0,0,0,2790,105,0,2591,0,0,3,2.79
3423,13.718,19.572,0.033,0.0,0.0,0.0,0.0,0.0,534.0,2496.0,0.492,40,0,0,9.388,9.308,253,240,2,80,80,0,0,6400,0,0,0,0,0,0,0,0,0,0,240,0,0,0,3597,106,0,3382,0,0,8,3.597
3424,12.823,19.572,0.033,0.0,0.0,0.0,0.0,0.0,534.0,2496.0,0.5,40,0,0,9.001,8.907,252,240,2,80,80,0,0,6400,0,0,0,0,0,0,0,0,0,0,240,0,0,0,2964,122,0,2734,0,0,3,2.964
3425,12.416,19.572,0.033,0.0,0.0,0.0,0.0,0.0,534.0,2496.0,1.938,40,0,0,8.578,8.484,254,240,2,80,80,0,0,6400,0,0,0,0,0,0,0,0,0,0,240,0,0,0,2877,115,0,2666,0,0,3,2.877
3426,17.095,19.572,0.033,0.0,0.0,0.0,0.0,0.0,534.0,2496.0,0.495,40,0,0,10.961,10.836,254,240,2,80,80,0,0,6400,0,0,0,0,0,0,0,0,0,0,240,0,0,0,3744,151,0,3476,0,0,3,3.744
3427,15.336,19.572,0.033,0.0,0.0,0.0,0.0,0.0,534.0,2496.0,0.518,40,0,0,10.611,10.507,253,240,2,80,80,0,0,6400,0,0,0,0,0,0,0,0,0,0,240,0,0,0,3835,147,0,3542,0,0,3,3.835
3428,15.508,19.572,0.033,0.0,0.0,0.0,0.0,0.0,534.0,2496.0,0.539,40,0,0,10.698,10.603,252,240,2,80,80,0,0,6400,0,0,0,0,0,0,0,0,0,0,240,0,0,0,3848,199,0,3512,0,0,4,3.848
3429,13.641,19.572,0.033,0.0,0.0,0.0,0.0,0.0,534.0,2496.0,0.464,40,0,0,10.005,9.901,253,240,2,80,80,0,0,6400,0,0,0,0,0,0,0,0,0,0,240,0,0,0,2677,127,0,2435,0,0,3,2.677
3430,11.714,19.572,0.033,0.0,0.0,0.0,0.0,0.0,534.0,2496.0,0.367,40,0,0,7.878,7.802,252,240,2,80,80,0,0,6400,0,0,0,0,0,0,0,0,0,0,240,0,0,0,3007,126,0,2782,0,0,3,3.007
3431,11.591,19.572,0.033,0.0,0.0,0.0,0.0,0.0,534.0,2496.0,0.395,40,0,0,8.15,8.01,255,240,2,80,80,0,0,6400,0,0,0,0,0,0,0,0,0,0,240,0,0,0,2680,112,0,2484,0,0,3,2.68
3432,11.166,19.572,0.033,0.0,0.0,0.0,0.0,0.0,534.0,2496.0,0.482,40,0,0,7.822,7.736,254,240,2,80,80,0,0,6400,0,0,0,0,0,0,0,0,0,0,240,0,0,0,2612,106,0,2420,0,0,2,2.612
3433,11.297,19.572,0.033,0.0,0.0,0.0,0.0,0.0,534.0,2496.0,0.378,40,0,0,7.883,7.802,253,240,2,80,80,0,0,6400,0,0,0,0,0,0,0,0,0,0,240,0,0,0,2596,105,0,2412,0,0,3,2.596
3434,11.117,19.572,0.033,0.0,0.0,0.0,0.0,0.0,534.0,2496.0,0.402,40,0,0,7.809,7.715,253,240,2,80,80,0,0,6400,0,0,0,0,0,0,0,0,0,0,240,0,0,0,2614,102,0,2425,0,0,3,2.614
3435,11.115,19.572,0.033,0.0,0.0,0.0,0.0,0.0,534.0,2496.0,0.427,40,0,0,7.8,7.718,253,240,2,80,80,0,0,6400,0,0,0,0,0,0,0,0,0,0,240,0,0,0,2599,112,0,2404,0,0,2,2.599
3436,11.044,19.572,0.033,0.0,0.0,0.0,0.0,0.0,534.0,2496.0,0.396,40,0,0,7.67,7.594,253,240,2,80,80,0,0,6400,0,0,0,0,0,0,0,0,0,0,240,0,0,0,2612,103,0,2428,0,0,3,2.612
3437,10.89,19.572,0.033,0.0,0.0,0.0,0.0,0.0,534.0,2496.0,0.404,40,0,0,7.572,7.49,254,240,2,80,80,0,0,6400,0,0,0,0,0,0,0,0,0,0,240,0,0,0,2602,105,0,2416,0,0,3,2.602
3438,11.272,19.572,0.033,0.0,0.0,0.0,0.0,0.0,534.0,2496.0,0.457,40,0,0,7.749,7.667,254,240,2,80,80,0,0,6400,0,0,0,0,0,0,0,0,0,0,240,0,0,0,2759,122,0,2539,0,0,2,2.759
3439,11.257,19.572,0.033,0.0,0.0,0.0,0.0,0.0,534.0,2496.0,0.404,40,0,0,7.655,7.578,252,240,2,80,80,0,0,6400,0,0,0,0,0,0,0,0,0,0,240,0,0,0,2830,105,0,2640,0,0,3,2.83
3440,12.684,19.572,0.033,0.0,0.0,0.0,0.0,0.0,534.0,2496.0,0.414,40,0,0,9.244,7.727,254,240,2,80,80,0,0,6400,0,0,0,0,0,0,0,0,0,0,240,0,0,0,2657,107,0,2465,0,0,3,2.657
3441,10.943,19.572,0.033,0.0,0.0,0.0,0.0,0.0,534.0,2496.0,0.404,40,0,0,7.627,7.549,252,240,2,80,80,0,0,6400,0,0,0,0,0,0,0,0,0,0,240,0,0,0,2590,105,0,2402,0,0,2,2.59
3442,11.006,19.572,0.033,0.0,0.0,0.0,0.0,0.0,534.0,2496.0,0.408,40,0,0,7.688,7.613,253,240,2,80,80,0,0,6400,0,0,0,0,0,0,0,0,0,0,240,0,0,0,2603,103,0,2415,0,0,2,2.603
3443,11.09,19.572,0.033,0.0,0.0,0.0,0.0,0.0,534.0,2496.0,0.546,40,0,0,7.773,7.693,254,240,2,80,80,0,0,6400,0,0,0,0,0,0,0,0,0,0,240,0,0,0,2626,102,0,2439,0,0,3,2.626
3444,11.655,19.572,0.033,0.0,0.0,0.0,0.0,0.0,534.0,2496.0,0.456,40,0,0,8.079,8.004,252,240,2,80,80,0,0,6400,0,0,0,0,0,0,0,0,0,0,240,0,0,0,2713,110,0,2515,0,0,2,2.713
3445,11.803,19.572,0.033,0.0,0.0,0.0,0.0,0.0,534.0,2496.0,0.373,40,0,0,8.336,8.233,254,240,2,80,80,0,0,6400,0,0,0,0,0,0,0,0,0,0,240,0,0,0,2667,108,0,2471,0,0,3,2.667
3446,11.327,19.572,0.033,0.0,0.0,0.0,0.0,0.0,534.0,2496.0,0.417,40,0,0,7.958,7.876,254,240,2,80,80,0,0,6400,0,0,0,0,0,0,0,0,0,0,240,0,0,0,2688,104,0,2496,0,0,3,2.688
3447,11.873,19.572,0.033,0.0,0.0,0.0,0.0,0.0,534.0,2496.0,0.386,40,0,0,8.414,8.34,252,240,2,80,80,0,0,6400,0,0,0,0,0,0,0,0,0,0,240,0,0,0,2739,110,0,2546,0,0,3,2.739
3448,11.749,19.572,0.033,0.0,0.0,0.0,0.0,0.0,534.0,2496.0,0.406,40,0,0,8.126,8.032,252,240,2,80,80,0,0,6400,0,0,0,0,0,0,0,0,0,0,240,0,0,0,2883,113,0,2531,0,0,3,2.883
3449,12.36,19.572,0.033,0.0,0.0,0.0,0.0,0.0,534.0,2496.0,0.435,40,0,0,8.781,8.693,254,240,2,80,80,0,0,6400,0,0,0,0,0,0,0,0,0,0,240,0,0,0,2842,113,0,2639,0,0,3,2.842
3450,16.676,19.572,0.033,0.0,0.0,0.0,0.0,0.0,534.0,2496.0,0.519,40,0,0,11.947,11.863,253,240,2,80,80,0,0,6400,0,0,0,0,0,0,0,0,0,0,240,0,0,0,3900,157,0,3605,0,0,4,3.9
3451,17.891,19.572,0.033,0.0,0.0,0.0,0.0,0.0,534.0,2496.0,0.53,40,0,0,12.755,12.637,253,240,2,80,80,0,0,6400,0,0,0,0,0,0,0,0,0,0,240,0,0,0,4022,179,0,3673,0,0,4,4.022
3452,13.602,19.572,0.033,0.0,0.0,0.0,0.0,0.0,534.0,2496.0,0.565,40,0,0,8.878,8.735,253,240,2,80,80,0,0,6400,0,0,0,0,0,0,0,0,0,0,240,0,0,0,3690,171,0,3398,0,0,6,3.69
3453,15.894,19.572,0.033,0.0,0.0,0.0,0.0,0.0,534.0,2496.0,0.601,40,0,0,11.344,11.24,254,240,2,80,80,0,0,6400,0,0,0,0,0,0,0,0,0,0,240,0,0,0,3484,232,0,3096,0,0,6,3.484
3454,13.382,19.572,0.033,0.0,0.0,0.0,0.0,0.0,534.0,2496.0,0.505,40,0,0,9.503,9.39,252,240,2,80,80,0,0,6400,0,0,0,0,0,0,0,0,0,0,240,0,0,0,2858,114,0,2654,0,0,3,2.858
3455,12.114,19.572,0.033,0.0,0.0,0.0,0.0,0.0,534.0,2496.0,0.481,40,0,0,8.415,8.324,253,240,2,80,80,0,0,6400,0,0,0,0,0,0,0,0,0,0,240,0,0,0,2797,110,0,2606,0,0,2,2.797
3456,13.199,19.572,0.033,0.0,0.0,0.0,0.0,0.0,534.0,2496.0,0.439,40,0,0,9.485,9.394,253,240,2,80,80,0,0,6400,0,0,0,0,0,0,0,0,0,0,240,0,0,0,2857,123,0,2639,0,0,3,2.857
3457,12.52,19.572,0.033,0.0,0.0,0.0,0.0,0.0,534.0,2496.0,0.473,40,0,0,8.451,8.36,253,240,2,80,80,0,0,6400,0,0,0,0,0,0,0,0,0,0,240,0,0,0,3236,128,0,2995,0,0,3,3.236
3458,12.3,19.572,0.033,0.0,0.0,0.0,0.0,0.0,534.0,2496.0,0.424,40,0,0,8.684,8.595,252,240,2,80,80,0,0,6400,0,0,0,0,0,0,0,0,0,0,240,0,0,0,2790,113,0,2584,0,0,2,2.79
3459,12.199,19.572,0.033,0.0,0.0,0.0,0.0,0.0,534.0,2496.0,0.434,40,0,0,8.498,8.422,252,240,2,80,80,0,0,6400,0,0,0,0,0,0,0,0,0,0,240,0,0,0,2917,123,0,2690,0,0,3,2.917
3460,13.041,19.572,0.033,0.0,0.0,0.0,0.0,0.0,534.0,2496.0,0.513,40,0,0,8.449,8.343,255,240,2,80,80,0,0,6400,0,0,0,0,0,0,0,0,0,0,240,0,0,0,3797,112,0,3588,0,0,4,3.797
3461,14.199,19.572,0.033,0.0,0.0,0.0,0.0,0.0,534.0,2496.0,0.449,40,0,0,10.517,10.412,255,240,2,80,80,0,0,6400,0,0,0,0,0,0,0,0,0,0,240,0,0,0,2795,143,0,2572,0,0,3,2.795
3462,15.445,19.572,0.033,0.0,0.0,0.0,0.0,0.0,534.0,2496.0,0.401,40,0,0,11.03,10.953,252,240,2,80,80,0,0,6400,0,0,0,0,0,0,0,0,0,0,240,0,0,0,3604,134,0,3378,0,0,3,3.604
3463,15.223,19.572,0.033,0.0,0.0,0.0,0.0,0.0,534.0,2496.0,0.426,40,0,0,10.88,10.8,252,240,2,80,80,0,0,6400,0,0,0,0,0,0,0,0,0,0,240,0,0,0,3607,139,0,3377,0,0,2,3.607
3464,17.999,19.572,0.033,0.0,0.0,0.0,0.0,0.0,534.0,2496.0,0.949,40,0,0,11.697,11.574,252,240,2,80,80,0,0,6400,0,0,0,0,0,0,0,0,0,0,240,0,0,0,5417,232,0,5023,0,0,6,5.417
3465,18.382,20.518,0.035,0.0,0.0,0.0,0.0,0.0,534.0,2496.0,0.501,40,0,0,13.255,13.165,254,240,2,80,80,0,0,6400,0,0,0,0,0,0,0,0,0,0,240,0,0,0,3251,156,0,2985,0,0,5,3.251
3466,12.55,20.518,0.035,0.0,0.0,0.0,0.0,0.0,534.0,2496.0,0.434,40,0,0,8.806,8.7,255,240,2,80,80,0,0,6400,0,0,0,0,0,0,0,0,0,0,240,0,0,0,2846,116,0,2632,0,0,3,2.846
3467,12.528,20.518,0.035,0.0,0.0,0.0,0.0,0.0,534.0,2496.0,0.505,40,0,0,8.688,8.605,252,240,2,80,80,0,0,6400,0,0,0,0,0,0,0,0,0,0,240,0,0,0,2994,132,0,2745,0,0,3,2.994
3468,12.358,20.518,0.035,0.0,0.0,0.0,0.0,0.0,534.0,2496.0,0.448,40,0,0,8.394,8.311,252,240,2,80,80,0,0,6400,0,0,0,0,0,0,0,0,0,0,240,0,0,0,3061,117,0,2813,0,0,4,3.061
3469,12.234,20.518,0.035,0.0,0.0,0.0,0.0,0.0,534.0,2496.0,0.474,40,0,0,8.558,8.467,253,240,2,80,80,0,0,6400,0,0,0,0,0,0,0,0,0,0,240,0,0,0,2884,117,0,2661,0,0,4,2.884
3470,16.693,20.518,0.035,0.0,0.0,0.0,0.0,0.0,534.0,2496.0,0.529,40,0,0,11.609,11.487,253,240,2,80,80,0,0,6400,0,0,0,0,0,0,0,0,0,0,240,0,0,0,4155,206,0,3803,0,0,3,4.155
3471,19.267,20.518,0.035,0.0,0.0,0.0,0.0,0.0,534.0,2496.0,0.386,40,0,0,14.359,11.51,254,240,2,80,80,0,0,6400,0,0,0,0,0,0,0,0,0,0,240,0,0,0,3920,162,0,3627,0,0,5,3.92
3472,12.565,20.518,0.035,0.0,0.0,0.0,0.0,0.0,534.0,2496.0,0.451,40,0,0,8.925,8.828,255,240,2,80,80,0,0,6400,0,0,0,0,0,0,0,0,0,0,240,0,0,0,2816,118,0,2610,0,0,2,2.816
3473,11.769,20.518,0.035,0.0,0.0,0.0,0.0,0.0,534.0,2496.0,0.495,40,0,0,8.13,8.052,252,240,2,80,80,0,0,6400,0,0,0,0,0,0,0,0,0,0,240,0,0,0,2822,113,0,2615,0,0,4,2.822
3474,11.861,20.518,0.035,0.0,0.0,0.0,0.0,0.0,534.0,2496.0,0.424,40,0,0,8.236,8.158,252,240,2,80,80,0,0,6400,0,0,0,0,0,0,0,0,0,0,240,0,0,0,2788,109,0,2577,0,0,3,2.788
3475,11.867,20.518,0.035,0.0,0.0,0.0,0.0,0.0,534.0,2496.0,0.41,40,0,0,8.3,8.206,252,240,2,80,80,0,0,6400,0,0,0,0,0,0,0,0,0,0,240,0,0,0,2811,112,0,2604,0,0,2,2.811
3476,12.33,20.518,0.035,0.0,0.0,0.0,0.0,0.0,534.0,2496.0,0.51,40,0,0,8.683,8.55,253,240,2,80,80,0,0,6400,0,0,0,0,0,0,0,0,0,0,240,0,0,0,2886,115,0,2680,0,0,4,2.886
3477,12.851,20.518,0.035,0.0,0.0,0.0,0.0,0.0,534.0,2496.0,0.506,40,0,0,8.809,8.72,253,240,2,80,80,0,0,6400,0,0,0,0,0,0,0,0,0,0,240,0,0,0,3122,155,0,2862,0,0,3,3.122
3478,12.051,20.518,0.035,0.0,0.0,0.0,0.0,0.0,534.0,2496.0,0.457,40,0,0,8.398,8.255,255,240,2,80,80,0,0,6400,0,0,0,0,0,0,0,0,0,0,240,0,0,0,2794,114,0,2599,0,0,3,2.794
3479,11.951,20.518,0.035,0.0,0.0,0.0,0.0,0.0,534.0,2496.0,0.526,40,0,0,8.345,8.264,252,240,2,80,80,0,0,6400,0,0,0,0,0,0,0,0,0,0,240,0,0,0,2831,110,0,2634,0,0,2,2.831
3480,12.224,20.518,0.035,0.0,0.0,0.0,0.0,0.0,534.0,2496.0,0.446,40,0,0,8.534,8.407,253,240,2,80,80,0,0,6400,0,0,0,0,0,0,0,0,0,0,240,0,0,0,2733,118,0,2527,0,0,3,2.733
3481,12.058,20.518,0.035,0.0,0.0,0.0,0.0,0.0,534.0,2496.0,0.533,40,0,0,8.315,8.235,252,240,2,80,80,0,0,6400,0,0,0,0,0,0,0,0,0,0,240,0,0,0,2952,240,0,2620,0,0,4,2.952
3482,12.164,20.518,0.035,0.0,0.0,0.0,0.0,0.0,534.0,2496.0,0.454,40,0,0,8.387,8.293,253,240,2,80,80,0,0,6400,0,0,0,0,0,0,0,0,0,0,240,0,0,0,2795,113,0,2599,0,0,1,2.795
3483,12.046,20.518,0.035,0.0,0.0,0.0,0.0,0.0,534.0,2496.0,0.491,40,0,0,8.286,8.206,252,240,2,80,80,0,0,6400,0,0,0,0,0,0,0,0,0,0,240,0,0,0,2913,135,0,2676,0,0,3,2.913
3484,12.307,20.518,0.035,0.0,0.0,0.0,0.0,0.0,534.0,2496.0,0.434,40,0,0,8.705,8.601,255,240,2,80,80,0,0,6400,0,0,0,0,0,0,0,0,0,0,240,0,0,0,2750,109,0,2549,0,0,3,2.75
3485,11.665,20.518,0.035,0.0,0.0,0.0,0.0,0.0,534.0,2496.0,0.479,40,0,0,8.138,8.025,254,240,2,80,80,0,0,6400,0,0,0,0,0,0,0,0,0,0,240,0,0,0,2711,132,0,2486,0,0,3,2.711
3486,11.761,20.518,0.035,0.0,0.0,0.0,0.0,0.0,534.0,2496.0,0.589,40,0,0,8.185,8.103,252,240,2,80,80,0,0,6400,0,0,0,0,0,0,0,0,0,0,240,0,0,0,2703,108,0,2494,0,0,3,2.703
3487,11.436,20.518,0.035,0.0,0.0,0.0,0.0,0.0,534.0,2496.0,0.417,40,0,0,7.87,7.79,252,240,2,80,80,0,0,6400,0,0,0,0,0,0,0,0,0,0,240,0,0,0,2635,107,0,2451,0,0,3,2.635
3488,11.466,20.518,0.035,0.0,0.0,0.0,0.0,0.0,534.0,2496.0,0.496,40,0,0,7.999,7.917,253,240,2,80,80,0,0,6400,0,0,0,0,0,0,0,0,0,0,240,0,0,0,2675,107,0,2469,0,0,3,2.675
3489,12.146,20.518,0.035,0.0,0.0,0.0,0.0,0.0,534.0,2496.0,0.645,40,0,0,8.41,8.331,252,240,2,80,80,0,0,6400,0,0,0,0,0,0,0,0,0,0,240,0,0,0,2863,106,0,2667,0,0,3,2.863
3490,11.833,20.518,0.035,0.0,0.0,0.0,0.0,0.0,534.0,2496.0,0.467,40,0,0,7.93,7.81,254,240,2,80,80,0,0,6400,0,0,0,0,0,0,0,0,0,0,240,0,0,0,2854,110,0,2654,0,0,3,2.854
3491,11.224,20.518,0.035,0.0,0.0,0.0,0.0,0.0,534.0,2496.0,0.473,40,0,0,7.677,7.584,254,240,2,80,80,0,0,6400,0,0,0,0,0,0,0,0,0,0,240,0,0,0,2706,119,0,2502,0,0,2,2.706
3492,11.512,20.518,0.035,0.0,0.0,0.0,0.0,0.0,534.0,2496.0,0.406,40,0,0,8.032,7.943,254,240,2,80,80,0,0,6400,0,0,0,0,0,0,0,0,0,0,240,0,0,0,2647,110,0,2444,0,0,2,2.647
3493,11.781,20.518,0.035,0.0,0.0,0.0,0.0,0.0,534.0,2496.0,0.446,40,0,0,8.026,7.93,253,240,2,80,80,0,0,6400,0,0,0,0,0,0,0,0,0,0,240,0,0,0,2978,135,0,2748,0,0,4,2.978
3494,11.589,20.518,0.035,0.0,0.0,0.0,0.0,0.0,534.0,2496.0,0.483,40,0,0,7.817,7.737,252,240,2,80,80,0,0,6400,0,0,0,0,0,0,0,0,0,0,240,0,0,0,2919,170,0,2655,0,0,4,2.919
3495,11.506,20.518,0.035,0.0,0.0,0.0,0.0,0.0,534.0,2496.0,0.414,40,0,0,7.959,7.876,252,240,2,80,80,0,0,6400,0,0,0,0,0,0,0,0,0,0,240,0,0,0,2681,115,0,2445,0,0,2,2.681
3496,11.816,20.518,0.035,0.0,0.0,0.0,0.0,0.0,534.0,2496.0,0.49,40,0,0,7.94,7.849,254,240,2,80,80,0,0,6400,0,0,0,0,0,0,0,0,0,0,240,0,0,0,3091,111,0,2879,0,0,4,3.091
3497,15.182,20.518,0.035,0.0,0.0,0.0,0.0,0.0,534.0,2496.0,0.521,40,0,0,10.585,10.482,255,240,2,80,80,0,0,6400,0,0,0,0,0,0,0,0,0,0,240,0,0,0,3647,159,0,3349,0,0,5,3.647
3498,15.675,20.518,0.035,0.0,0.0,0.0,0.0,0.0,534.0,2496.0,0.572,40,0,0,10.904,10.805,252,240,2,80,80,0,0,6400,0,0,0,0,0,0,0,0,0,0,240,0,0,0,3681,177,0,3346,0,0,5,3.681
3499,12.69,20.518,0.035,0.0,0.0,0.0,0.0,0.0,534.0,2496.0,0.475,40,0,0,9.124,8.995,255,240,2,80,80,0,0,6400,0,0,0,0,0,0,0,0,0,0,240,0,0,0,2539,112,0,2344,0,0,2,2.539
3500,14.299,20.518,0.035,0.0,0.0,0.0,0.0,0.0,534.0,2496.0,0.462,40,0,0,10.367,10.257,252,240,2,80,80,0,0,6400,0,0,0,0,0,0,0,0,0,0,240,0,0,0,3078,173,0,2783,0,0,4,3.078
3501,12.227,20.518,0.035,0.0,0.0,0.0,0.0,0.0,534.0,2496.0,0.41,40,0,0,8.592,8.503,252,240,2,80,80,0,0,6400,0,0,0,0,0,0,0,0,0,0,240,0,0,0,2803,115,0,2598,0,0,3,2.803
3502,13.732,20.518,0.035,0.0,0.0,0.0,0.0,0.0,534.0,2496.0,0.475,40,0,0,10.114,8.392,254,240,2,80,80,0,0,6400,0,0,0,0,0,0,0,0,0,0,240,0,0,0,2786,124,0,2574,0,0,1,2.786
3503,13.091,20.518,0.035,0.0,0.0,0.0,0.0,0.0,534.0,2496.0,0.439,40,0,0,9.252,9.156,254,240,2,80,80,0,0,6400,0,0,0,0,0,0,0,0,0,0,240,0,0,0,2982,125,0,2754,0,0,3,2.982
3504,12.679,20.518,0.035,0.0,0.0,0.0,0.0,0.0,534.0,2496.0,0.491,40,0,0,8.939,8.856,252,240,2,80,80,0,0,6400,0,0,0,0,0,0,0,0,0,0,240,0,0,0,2928,192,0,2636,0,0,4,2.928
3505,12.64,20.518,0.035,0.0,0.0,0.0,0.0,0.0,534.0,2496.0,0.433,40,0,0,8.88,8.779,255,240,2,80,80,0,0,6400,0,0,0,0,0,0,0,0,0,0,240,0,0,0,2914,141,0,2676,0,0,3,2.914
3506,12.396,20.518,0.035,0.0,0.0,0.0,0.0,0.0,534.0,2496.0,0.458,40,0,0,8.668,8.539,254,240,2,80,80,0,0,6400,0,0,0,0,0,0,0,0,0,0,240,0,0,0,2916,114,0,2702,0,0,3,2.916
3507,12.603,20.518,0.035,0.0,0.0,0.0,0.0,0.0,534.0,2496.0,0.443,40,0,0,8.773,8.693,252,240,2,80,80,0,0,6400,0,0,0,0,0,0,0,0,0,0,240,0,0,0,2952,148,0,2707,0,0,3,2.952
3508,14.162,20.518,0.035,0.0,0.0,0.0,0.0,0.0,534.0,2496.0,0.483,40,0,0,10.515,9.317,254,240,2,80,80,0,0,6400,0,0,0,0,0,0,0,0,0,0,240,0,0,0,2863,114,0,2634,0,0,4,2.863
3509,12.518,20.518,0.035,0.0,0.0,0.0,0.0,0.0,534.0,2496.0,0.752,40,0,0,8.358,8.258,254,240,2,80,80,0,0,6400,0,0,0,0,0,0,0,0,0,0,240,0,0,0,3293,131,0,3048,0,0,4,3.293
3510,12.527,20.518,0.035,0.0,0.0,0.0,0.0,0.0,534.0,2496.0,0.464,40,0,0,8.602,8.472,252,240,2,80,80,0,0,6400,0,0,0,0,0,0,0,0,0,0,240,0,0,0,2798,116,0,2596,0,0,3,2.798
3511,12.042,20.518,0.035,0.0,0.0,0.0,0.0,0.0,534.0,2496.0,0.463,40,0,0,8.387,8.305,253,240,2,80,80,0,0,6400,0,0,0,0,0,0,0,0,0,0,240,0,0,0,2830,124,0,2605,0,0,3,2.83
3512,11.81,20.518,0.035,0.0,0.0,0.0,0.0,0.0,534.0,2496.0,0.429,40,0,0,8.231,8.122,253,240,2,80,80,0,0,6400,0,0,0,0,0,0,0,0,0,0,240,0,0,0,2794,113,0,2598,0,0,2,2.794
3513,12.012,20.518,0.035,0.0,0.0,0.0,0.0,0.0,534.0,2496.0,0.464,40,0,0,8.433,8.331,253,240,2,80,80,0,0,6400,0,0,0,0,0,0,0,0,0,0,240,0,0,0,2808,114,0,2580,0,0,2,2.808
3514,11.862,20.518,0.035,0.0,0.0,0.0,0.0,0.0,534.0,2496.0,0.446,40,0,0,8.158,8.067,254,240,2,80,80,0,0,6400,0,0,0,0,0,0,0,0,0,0,240,0,0,0,2885,113,0,2672,0,0,2,2.885
3515,12.384,20.518,0.035,0.0,0.0,0.0,0.0,0.0,534.0,2496.0,0.469,40,0,0,8.724,8.637,253,240,2,80,80,0,0,6400,0,0,0,0,0,0,0,0,0,0,240,0,0,0,2852,118,0,2640,0,0,3,2.852
3516,12.36,20.518,0.035,0.0,0.0,0.0,0.0,0.0,534.0,2496.0,0.455,40,0,0,8.431,8.348,252,240,2,80,80,0,0,6400,0,0,0,0,0,0,0,0,0,0,240,0,0,0,3083,175,0,2800,0,0,4,3.083
3517,12.028,20.518,0.035,0.0,0.0,0.0,0.0,0.0,534.0,2496.0,0.421,40,0,0,8.276,8.175,254,240,2,80,80,0,0,6400,0,0,0,0,0,0,0,0,0,0,240,0,0,0,2839,115,0,2584,0,0,3,2.839
3518,11.895,20.518,0.035,0.0,0.0,0.0,0.0,0.0,534.0,2496.0,0.481,40,0,0,8.179,8.083,253,240,2,80,80,0,0,6400,0,0,0,0,0,0,0,0,0,0,240,0,0,0,2912,122,0,2692,0,0,3,2.912
3519,12.67,20.518,0.035,0.0,0.0,0.0,0.0,0.0,534.0,2496.0,0.494,40,0,0,8.87,8.758,255,240,2,80,80,0,0,6400,0,0,0,0,0,0,0,0,0,0,240,0,0,0,2918,122,0,2680,0,0,3,2.918
3520,12.366,20.518,0.035,0.0,0.0,0.0,0.0,0.0,534.0,2496.0,0.482,40,0,0,8.651,8.51,254,240,2,80,80,0,0,6400,0,0,0,0,0,0,0,0,0,0,240,0,0,0,2803,123,0,2586,0,0,3,2.803
3521,12.174,20.518,0.035,0.0,0.0,0.0,0.0,0.0,534.0,2496.0,0.452,40,0,0,8.515,8.42,253,240,2,80,80,0,0,6400,0,0,0,0,0,0,0,0,0,0,240,0,0,0,2789,121,0,2571,0,0,3,2.789
3522,11.787,20.518,0.035,0.0,0.0,0.0,0.0,0.0,534.0,2496.0,0.475,40,0,0,8.233,8.155,252,240,2,80,80,0,0,6400,0,0,0,0,0,0,0,0,0,0,240,0,0,0,2735,119,0,2532,0,0,2,2.735
3523,24.679,20.518,0.035,0.0,0.0,0.0,0.0,0.0,534.0,2496.0,0.571,40,0,0,19.473,19.38,253,240,2,80,80,0,0,6400,0,0,0,0,0,0,0,0,0,0,240,0,0,0,4058,220,0,3687,0,0,7,4.058
3524,20.89,20.518,0.035,0.0,0.0,0.0,0.0,0.0,534.0,2496.0,0.583,40,0,0,15.248,15.129,254,240,2,80,80,0,0,6400,0,0,0,0,0,0,0,0,0,0,240,0,0,0,4304,189,0,3950,0,0,5,4.304
3525,17.0,20.518,0.035,0.0,0.0,0.0,0.0,0.0,534.0,2496.0,0.564,40,0,0,11.944,11.842,252,240,2,80,80,0,0,6400,0,0,0,0,0,0,0,0,0,0,240,0,0,0,3799,175,0,3485,0,0,4,3.799
3526,18.104,20.518,0.035,0.0,0.0,0.0,0.0,0.0,534.0,2496.0,0.798,40,0,0,13.339,13.219,253,240,2,80,80,0,0,6400,0,0,0,0,0,0,0,0,0,0,240,0,0,0,3744,167,0,3446,0,0,5,3.744
3527,22.322,20.518,0.035,0.0,0.0,0.0,0.0,0.0,534.0,2496.0,0.833,40,0,0,15.516,15.415,252,240,2,80,80,0,0,6400,0,0,0,0,0,0,0,0,0,0,240,0,0,0,5379,301,0,4876,0,0,8,5.379
3528,18.742,20.518,0.035,0.0,0.0,0.0,0.0,0.0,534.0,2496.0,1.219,40,0,0,11.916,11.624,255,240,2,80,80,0,0,6400,0,0,0,0,0,0,0,0,0,0,240,0,0,0,5292,279,0,4659,0,0,10,5.292
3529,19.104,20.518,0.035,0.0,0.0,0.0,0.0,0.0,534.0,2496.0,0.773,40,0,0,13.106,12.761,253,240,2,80,80,0,0,6400,0,0,0,0,0,0,0,0,0,0,240,0,0,0,4035,134,0,3761,0,0,5,4.035
3530,17.396,20.518,0.035,0.0,0.0,0.0,0.0,0.0,534.0,2496.0,1.085,40,0,0,11.78,11.652,252,240,2,80,80,0,0,6400,0,0,0,0,0,0,0,0,0,0,240,0,0,0,4357,234,0,3961,0,0,6,4.357
3531,17.464,20.518,0.035,0.0,0.0,0.0,0.0,0.0,534.0,2496.0,0.983,40,0,0,11.051,10.923,253,240,2,80,80,0,0,6400,0,0,0,0,0,0,0,0,0,0,240,0,0,0,4857,155,0,4487,0,0,7,4.857
3532,22.384,20.518,0.035,0.0,0.0,0.0,0.0,0.0,534.0,2496.0,0.607,40,0,0,16.942,16.691,255,240,2,80,80,0,0,6400,0,0,0,0,0,0,0,0,0,0,240,0,0,0,3814,160,0,3504,0,0,4,3.814
3533,19.312,20.518,0.035,0.0,0.0,0.0,0.0,0.0,534.0,2496.0,0.523,40,0,0,14.363,11.79,253,240,2,80,80,0,0,6400,0,0,0,0,0,0,0,0,0,0,240,0,0,0,3799,164,0,3490,0,0,4,3.799
3534,16.962,20.518,0.035,0.0,0.0,0.0,0.0,0.0,534.0,2496.0,0.522,40,0,0,12.13,12.022,252,240,2,80,80,0,0,6400,0,0,0,0,0,0,0,0,0,0,240,0,0,0,3799,150,0,3461,0,0,4,3.799
3535,16.531,20.518,0.035,0.0,0.0,0.0,0.0,0.0,534.0,2496.0,0.647,40,0,0,11.725,11.572,253,240,2,80,80,0,0,6400,0,0,0,0,0,0,0,0,0,0,240,0,0,0,3775,207,0,3418,0,0,3,3.775
3536,16.877,20.518,0.035,0.0,0.0,0.0,0.0,0.0,534.0,2496.0,0.648,40,0,0,11.967,11.851,253,240,2,80,80,0,0,6400,0,0,0,0,0,0,0,0,0,0,240,0,0,0,3770,207,0,3414,0,0,5,3.77
3537,17.058,23.254,0.089,0.0,0.0,0.0,0.0,0.0,534.0,2496.0,0.624,40,0,0,12.065,11.954,252,240,2,80,80,0,0,6400,0,0,0,0,0,0,0,0,0,0,240,0,0,0,3857,205,0,3502,0,0,4,3.857
3538,18.251,23.254,0.089,0.0,0.0,0.0,0.0,0.0,534.0,2496.0,0.66,40,0,0,13.033,12.902,254,240,2,80,80,0,0,6400,0,0,0,0,0,0,0,0,0,0,240,0,0,0,3992,205,0,3643,0,0,6,3.992
3539,18.448,23.254,0.089,0.0,0.0,0.0,0.0,0.0,534.0,2496.0,0.73,40,0,0,13.169,12.966,254,240,2,80,80,0,0,6400,0,0,0,0,0,0,0,0,0,0,240,0,0,0,4071,168,0,3747,0,0,5,4.071
3540,18.444,23.254,0.089,0.0,0.0,0.0,0.0,0.0,534.0,2496.0,0.697,40,0,0,13.109,12.966,254,240,2,80,80,0,0,6400,0,0,0,0,0,0,0,0,0,0,240,0,0,0,4086,201,0,3723,0,0,6,4.086
3541,17.864,23.254,0.089,0.0,0.0,0.0,0.0,0.0,534.0,2496.0,0.691,40,0,0,12.561,12.438,253,240,2,80,80,0,0,6400,0,0,0,0,0,0,0,0,0,0,240,0,0,0,4071,183,0,3738,0,0,5,4.071
3542,18.358,23.254,0.089,0.0,0.0,0.0,0.0,0.0,534.0,2496.0,0.714,40,0,0,12.881,12.749,253,240,2,80,80,0,0,6400,0,0,0,0,0,0,0,0,0,0,240,0,0,0,4226,250,0,3790,0,0,5,4.226
3543,18.329,23.254,0.089,0.0,0.0,0.0,0.0,0.0,534.0,2496.0,0.672,40,0,0,12.841,12.711,253,240,2,80,80,0,0,6400,0,0,0,0,0,0,0,0,0,0,240,0,0,0,4054,166,0,3720,0,0,5,4.054
3544,18.107,23.254,0.089,0.0,0.0,0.0,0.0,0.0,534.0,2496.0,0.512,40,0,0,13.145,13.011,254,240,2,80,80,0,0,6400,0,0,0,0,0,0,0,0,0,0,240,0,0,0,3680,207,0,3325,0,0,4,3.68
3545,12.919,23.254,0.089,0.0,0.0,0.0,0.0,0.0,534.0,2496.0,0.448,40,0,0,8.885,8.789,253,240,2,80,80,0,0,6400,0,0,0,0,0,0,0,0,0,0,240,0,0,0,3079,127,0,2865,0,0,3,3.079
3546,12.282,23.254,0.089,0.0,0.0,0.0,0.0,0.0,534.0,2496.0,0.545,40,0,0,8.611,8.518,253,240,2,80,80,0,0,6400,0,0,0,0,0,0,0,0,0,0,240,0,0,0,2778,111,0,2578,0,0,3,2.778
3547,13.152,23.254,0.089,0.0,0.0,0.0,0.0,0.0,534.0,2496.0,0.476,40,0,0,9.296,9.195,254,240,2,80,80,0,0,6400,0,0,0,0,0,0,0,0,0,0,240,0,0,0,2880,115,0,2644,0,0,3,2.88
3548,13.264,23.254,0.089,0.0,0.0,0.0,0.0,0.0,534.0,2496.0,0.493,40,0,0,9.418,9.312,253,240,2,80,80,0,0,6400,0,0,0,0,0,0,0,0,0,0,240,0,0,0,2856,135,0,2633,0,0,3,2.856
3549,13.161,23.254,0.089,0.0,0.0,0.0,0.0,0.0,534.0,2496.0,0.43,40,0,0,9.377,9.291,252,240,2,80,80,0,0,6400,0,0,0,0,0,0,0,0,0,0,240,0,0,0,2858,158,0,2609,0,0,3,2.858
3550,12.524,23.254,0.089,0.0,0.0,0.0,0.0,0.0,534.0,2496.0,0.495,40,0,0,8.775,8.664,253,240,2,80,80,0,0,6400,0,0,0,0,0,0,0,0,0,0,240,0,0,0,2920,125,0,2681,0,0,3,2.92
3551,12.981,23.254,0.089,0.0,0.0,0.0,0.0,0.0,534.0,2496.0,0.508,40,0,0,9.164,9.058,254,240,2,80,80,0,0,6400,0,0,0,0,0,0,0,0,0,0,240,0,0,0,2921,144,0,2665,0,0,2,2.921
3552,12.71,23.254,0.089,0.0,0.0,0.0,0.0,0.0,534.0,2496.0,0.465,40,0,0,8.804,8.7,253,240,2,80,80,0,0,6400,0,0,0,0,0,0,0,0,0,0,240,0,0,0,2904,127,0,2679,0,0,3,2.904
3553,13.458,23.254,0.089,0.0,0.0,0.0,0.0,0.0,534.0,2496.0,0.432,40,0,0,9.049,8.939,256,240,2,80,80,0,0,6400,0,0,0,0,0,0,0,0,0,0,240,0,0,0,3353,127,0,3110,0,0,3,3.353
3554,12.728,23.254,0.089,0.0,0.0,0.0,0.0,0.0,534.0,2496.0,0.472,40,0,0,8.974,8.886,252,240,2,80,80,0,0,6400,0,0,0,0,0,0,0,0,0,0,240,0,0,0,2886,120,0,2669,0,0,3,2.886
3555,12.572,23.254,0.089,0.0,0.0,0.0,0.0,0.0,534.0,2496.0,0.457,40,0,0,8.837,8.755,252,240,2,80,80,0,0,6400,0,0,0,0,0,0,0,0,0,0,240,0,0,0,2883,149,0,2641,0,0,3,2.883
3556,12.74,23.254,0.089,0.0,0.0,0.0,0.0,0.0,534.0,2496.0,0.553,40,0,0,8.796,8.675,255,240,2,80,80,0,0,6400,0,0,0,0,0,0,0,0,0,0,240,0,0,0,3115,180,0,2827,0,0,3,3.115
3557,13.204,23.254,0.089,0.0,0.0,0.0,0.0,0.0,534.0,2496.0,0.498,40,0,0,9.357,9.271,252,240,2,80,80,0,0,6400,0,0,0,0,0,0,0,0,0,0,240,0,0,0,2913,113,0,2705,0,0,2,2.913
3558,12.507,23.254,0.089,0.0,0.0,0.0,0.0,0.0,534.0,2496.0,0.461,40,0,0,8.705,8.6,253,240,2,80,80,0,0,6400,0,0,0,0,0,0,0,0,0,0,240,0,0,0,2956,111,0,2742,0,0,3,2.956
3559,13.806,23.254,0.089,0.0,0.0,0.0,0.0,0.0,534.0,2496.0,0.487,40,0,0,9.907,9.802,254,240,2,80,80,0,0,6400,0,0,0,0,0,0,0,0,0,0,240,0,0,0,2897,138,0,2665,0,0,2,2.897
3560,12.35,23.254,0.089,0.0,0.0,0.0,0.0,0.0,534.0,2496.0,0.459,40,0,0,8.68,8.573,255,240,2,80,80,0,0,6400,0,0,0,0,0,0,0,0,0,0,240,0,0,0,2799,112,0,2607,0,0,2,2.799
3561,12.736,23.254,0.089,0.0,0.0,0.0,0.0,0.0,534.0,2496.0,0.504,40,0,0,8.894,8.806,252,240,2,80,80,0,0,6400,0,0,0,0,0,0,0,0,0,0,240,0,0,0,2985,121,0,2761,0,0,3,2.985
3562,13.316,23.254,0.089,0.0,0.0,0.0,0.0,0.0,534.0,2496.0,0.439,40,0,0,9.513,9.39,253,240,2,80,80,0,0,6400,0,0,0,0,0,0,0,0,0,0,240,0,0,0,2881,115,0,2673,0,0,3,2.881
3563,12.522,23.254,0.089,0.0,0.0,0.0,0.0,0.0,534.0,2496.0,0.437,40,0,0,8.905,8.814,252,240,2,80,80,0,0,6400,0,0,0,0,0,0,0,0,0,0,240,0,0,0,2807,117,0,2602,0,0,2,2.807
3564,14.165,23.254,0.089,0.0,0.0,0.0,0.0,0.0,534.0,2496.0,0.504,40,0,0,10.508,8.89,256,240,2,80,80,0,0,6400,0,0,0,0,0,0,0,0,0,0,240,0,0,0,2838,113,0,2632,0,0,3,2.838
3565,12.698,23.254,0.089,0.0,0.0,0.0,0.0,0.0,534.0,2496.0,0.444,40,0,0,8.914,8.775,254,240,2,80,80,0,0,6400,0,0,0,0,0,0,0,0,0,0,240,0,0,0,2833,143,0,2604,0,0,2,2.833
3566,12.929,23.254,0.089,0.0,0.0,0.0,0.0,0.0,534.0,2496.0,0.437,40,0,0,9.272,9.147,253,240,2,80,80,0,0,6400,0,0,0,0,0,0,0,0,0,0,240,0,0,0,2855,130,0,2636,0,0,3,2.855
3567,13.28,23.254,0.089,0.0,0.0,0.0,0.0,0.0,534.0,2496.0,0.453,40,0,0,9.395,9.299,253,240,2,80,80,0,0,6400,0,0,0,0,0,0,0,0,0,0,240,0,0,0,3072,142,0,2824,0,0,4,3.072
3568,14.302,23.254,0.089,0.0,0.0,0.0,0.0,0.0,534.0,2496.0,0.638,40,0,0,9.661,9.321,254,240,2,80,80,0,0,6400,0,0,0,0,0,0,0,0,0,0,240,0,0,0,3633,159,0,3288,0,0,6,3.633
3569,13.955,23.254,0.089,0.0,0.0,0.0,0.0,0.0,534.0,2496.0,0.468,40,0,0,9.18,9.094,252,240,2,80,80,0,0,6400,0,0,0,0,0,0,0,0,0,0,240,0,0,0,3396,132,0,2902,0,0,4,3.396
3570,19.933,23.254,0.089,0.0,0.0,0.0,0.0,0.0,534.0,2496.0,1.441,40,0,0,13.346,13.208,255,240,2,80,80,0,0,6400,0,0,0,0,0,0,0,0,0,0,240,0,0,0,5411,180,0,4819,0,0,56,5.411
3571,20.427,23.254,0.089,0.0,0.0,0.0,0.0,0.0,534.0,2496.0,0.629,40,0,0,14.241,13.67,254,240,2,80,80,0,0,6400,0,0,0,0,0,0,0,0,0,0,240,0,0,0,3938,171,0,3635,0,0,5,3.938
3572,18.474,23.254,0.089,0.0,0.0,0.0,0.0,0.0,534.0,2496.0,0.536,40,0,0,13.271,13.117,255,240,2,80,80,0,0,6400,0,0,0,0,0,0,0,0,0,0,240,0,0,0,3924,180,0,3593,0,0,6,3.924
3573,12.92,23.254,0.089,0.0,0.0,0.0,0.0,0.0,534.0,2496.0,0.483,40,0,0,9.006,8.9,253,240,2,80,80,0,0,6400,0,0,0,0,0,0,0,0,0,0,240,0,0,0,2904,128,0,2678,0,0,3,2.904
3574,13.409,23.254,0.089,0.0,0.0,0.0,0.0,0.0,534.0,2496.0,0.519,40,0,0,9.45,9.356,253,240,2,80,80,0,0,6400,0,0,0,0,0,0,0,0,0,0,240,0,0,0,3075,155,0,2815,0,0,8,3.075
3575,13.393,23.254,0.089,0.0,0.0,0.0,0.0,0.0,534.0,2496.0,0.451,40,0,0,9.374,9.285,252,240,2,80,80,0,0,6400,0,0,0,0,0,0,0,0,0,0,240,0,0,0,2836,134,0,2589,0,0,3,2.836
3576,12.869,23.254,0.089,0.0,0.0,0.0,0.0,0.0,534.0,2496.0,0.456,40,0,0,9.062,8.952,255,240,2,80,80,0,0,6400,0,0,0,0,0,0,0,0,0,0,240,0,0,0,2966,165,0,2672,0,0,2,2.966
3577,13.389,23.254,0.089,0.0,0.0,0.0,0.0,0.0,534.0,2496.0,0.509,40,0,0,9.759,9.678,252,240,2,80,80,0,0,6400,0,0,0,0,0,0,0,0,0,0,240,0,0,0,2786,117,0,2586,0,0,2,2.786
3578,12.635,23.254,0.089,0.0,0.0,0.0,0.0,0.0,534.0,2496.0,0.445,40,0,0,8.825,8.72,255,240,2,80,80,0,0,6400,0,0,0,0,0,0,0,0,0,0,240,0,0,0,2803,114,0,2595,0,0,2,2.803
3579,12.558,23.254,0.089,0.0,0.0,0.0,0.0,0.0,534.0,2496.0,0.499,40,0,0,8.843,8.759,253,240,2,80,80,0,0,6400,0,0,0,0,0,0,0,0,0,0,240,0,0,0,2817,118,0,2595,0,0,3,2.817
3580,12.248,23.254,0.089,0.0,0.0,0.0,0.0,0.0,534.0,2496.0,0.429,40,0,0,8.505,8.414,254,240,2,80,80,0,0,6400,0,0,0,0,0,0,0,0,0,0,240,0,0,0,2855,115,0,2644,0,0,3,2.855
3581,12.194,23.254,0.089,0.0,0.0,0.0,0.0,0.0,534.0,2496.0,0.53,40,0,0,8.528,8.448,252,240,2,80,80,0,0,6400,0,0,0,0,0,0,0,0,0,0,240,0,0,0,2872,118,0,2661,0,0,3,2.872
3582,12.469,23.254,0.089,0.0,0.0,0.0,0.0,0.0,534.0,2496.0,0.462,40,0,0,8.69,8.571,254,240,2,80,80,0,0,6400,0,0,0,0,0,0,0,0,0,0,240,0,0,0,2881,116,0,2670,0,0,3,2.881
3583,12.329,23.254,0.089,0.0,0.0,0.0,0.0,0.0,534.0,2496.0,0.547,40,0,0,8.549,8.459,253,240,2,80,80,0,0,6400,0,0,0,0,0,0,0,0,0,0,240,0,0,0,2945,113,0,2736,0,0,3,2.945
3584,12.33,23.254,0.089,0.0,0.0,0.0,0.0,0.0,534.0,2496.0,0.483,40,0,0,8.463,8.338,255,240,2,80,80,0,0,6400,0,0,0,0,0,0,0,0,0,0,240,0,0,0,2939,117,0,2730,0,0,3,2.939
3585,15.122,23.254,0.089,0.0,0.0,0.0,0.0,0.0,534.0,2496.0,0.727,40,0,0,9.717,9.626,253,240,2,80,80,0,0,6400,0,0,0,0,0,0,0,0,0,0,240,0,0,0,4412,186,0,4078,0,0,4,4.412
3586,12.906,23.254,0.089,0.0,0.0,0.0,0.0,0.0,534.0,2496.0,0.423,40,0,0,8.781,8.644,254,240,2,80,80,0,0,6400,0,0,0,0,0,0,0,0,0,0,240,0,0,0,2841,118,0,2629,0,0,3,2.841
3587,12.327,23.254,0.089,0.0,0.0,0.0,0.0,0.0,534.0,2496.0,0.513,40,0,0,8.511,8.427,252,240,2,80,80,0,0,6400,0,0,0,0,0,0,0,0,0,0,240,0,0,0,2958,123,0,2738,0,0,3,2.958
3588,12.678,23.254,0.089,0.0,0.0,0.0,0.0,0.0,534.0,2496.0,0.433,40,0,0,8.894,8.793,254,240,2,80,80,0,0,6400,0,0,0,0,0,0,0,0,0,0,240,0,0,0,2843,117,0,2627,0,0,2,2.843
3589,12.282,23.254,0.089,0.0,0.0,0.0,0.0,0.0,534.0,2496.0,0.441,40,0,0,8.553,8.469,253,240,2,80,80,0,0,6400,0,0,0,0,0,0,0,0,0,0,240,0,0,0,2899,121,0,2685,0,0,3,2.899
3590,12.279,23.254,0.089,0.0,0.0,0.0,0.0,0.0,534.0,2496.0,0.498,40,0,0,8.415,8.282,255,240,2,80,80,0,0,6400,0,0,0,0,0,0,0,0,0,0,240,0,0,0,3092,146,0,2849,0,0,3,3.092
3591,13.383,23.254,0.089,0.0,0.0,0.0,0.0,0.0,534.0,2496.0,0.437,40,0,0,9.48,9.397,252,240,2,80,80,0,0,6400,0,0,0,0,0,0,0,0,0,0,240,0,0,0,3007,119,0,2774,0,0,18,3.007
3592,12.261,23.254,0.089,0.0,0.0,0.0,0.0,0.0,534.0,2496.0,0.461,40,0,0,8.644,8.517,254,240,2,80,80,0,0,6400,0,0,0,0,0,0,0,0,0,0,240,0,0,0,2833,111,0,2625,0,0,3,2.833
3593,12.332,23.254,0.089,0.0,0.0,0.0,0.0,0.0,534.0,2496.0,0.43,40,0,0,8.621,8.537,253,240,2,80,80,0,0,6400,0,0,0,0,0,0,0,0,0,0,240,0,0,0,2856,125,0,2642,0,0,3,2.856
3594,12.322,23.254,0.089,0.0,0.0,0.0,0.0,0.0,534.0,2496.0,0.428,40,0,0,8.757,8.649,255,240,2,80,80,0,0,6400,0,0,0,0,0,0,0,0,0,0,240,0,0,0,2800,137,0,2572,0,0,3,2.8
3595,13.937,23.254,0.089,0.0,0.0,0.0,0.0,0.0,534.0,2496.0,0.477,40,0,0,10.258,8.61,253,240,2,80,80,0,0,6400,0,0,0,0,0,0,0,0,0,0,240,0,0,0,2907,126,0,2689,0,0,3,2.907
3596,12.021,23.254,0.089,0.0,0.0,0.0,0.0,0.0,534.0,2496.0,0.505,40,0,0,8.339,8.232,256,240,2,80,80,0,0,6400,0,0,0,0,0,0,0,0,0,0,240,0,0,0,2871,117,0,2668,0,0,2,2.871
3597,12.92,23.254,0.089,0.0,0.0,0.0,0.0,0.0,534.0,2496.0,0.43,40,0,0,9.118,8.987,252,240,2,80,80,0,0,6400,0,0,0,0,0,0,0,0,0,0,240,0,0,0,2933,113,0,2724,0,0,3,2.933
3598,12.118,23.254,0.089,0.0,0.0,0.0,0.0,0.0,534.0,2496.0,0.407,40,0,0,8.403,8.316,254,240,2,80,80,0,0,6400,0,0,0,0,0,0,0,0,0,0,240,0,0,0,2855,115,0,2640,0,0,3,2.855
3599,12.327,23.254,0.089,0.0,0.0,0.0,0.0,0.0,534.0,2496.0,0.468,40,0,0,8.733,8.649,253,240,2,80,80,0,0,6400,0,0,0,0,0,0,0,0,0,0,240,0,0,0,2830,111,0,2630,0,0,3,2.83
3600,12.269,23.254,0.089,0.0,0.0,0.0,0.0,0.0,534.0,2496.0,0.445,40,0,0,8.549,8.45,254,240,2,80,80,0,0,6400,0,0,0,0,0,0,0,0,0,0,240,0,0,0,2879,118,0,2667,0,0,3,2.879
3601,12.371,23.254,0.089,0.0,0.0,0.0,0.0,0.0,534.0,2496.0,0.436,40,0,0,8.768,8.689,252,240,2,80,80,0,0,6400,0,0,0,0,0,0,0,0,0,0,240,0,0,0,2830,111,0,2632,0,0,2,2.83
3602,12.079,23.254,0.089,0.0,0.0,0.0,0.0,0.0,534.0,2496.0,0.433,40,0,0,8.486,8.39,255,240,2,80,80,0,0,6400,0,0,0,0,0,0,0,0,0,0,240,0,0,0,2829,127,0,2606,0,0,3,2.829
3603,12.335,23.254,0.089,0.0,0.0,0.0,0.0,0.0,534.0,2496.0,0.473,40,0,0,8.607,8.532,252,240,2,80,80,0,0,6400,0,0,0,0,0,0,0,0,0,0,240,0,0,0,2951,114,0,2746,0,0,3,2.951
3604,12.047,23.254,0.089,0.0,0.0,0.0,0.0,0.0,534.0,2496.0,0.505,40,0,0,8.375,8.261,255,240,2,80,80,0,0,6400,0,0,0,0,0,0,0,0,0,0,240,0,0,0,2860,112,0,2655,0,0,3,2.86
3605,12.304,23.254,0.089,0.0,0.0,0.0,0.0,0.0,534.0,2496.0,0.424,40,0,0,8.614,8.514,252,240,2,80,80,0,0,6400,0,0,0,0,0,0,0,0,0,0,240,0,0,0,2794,149,0,2542,0,0,3,2.794
3606,14.582,23.254,0.089,0.0,0.0,0.0,0.0,0.0,534.0,2496.0,0.764,40,0,0,9.017,8.911,256,240,2,80,80,0,0,6400,0,0,0,0,0,0,0,0,0,0,240,0,0,0,4773,149,0,4410,0,0,4,4.773
3607,20.23,23.254,0.089,0.0,0.0,0.0,0.0,0.0,534.0,2496.0,0.534,40,0,0,15.562,15.443,252,240,2,80,80,0,0,6400,0,0,0,0,0,0,0,0,0,0,240,0,0,0,3506,117,0,3247,0,0,4,3.506
3608,12.939,23.254,0.089,0.0,0.0,0.0,0.0,0.0,534.0,2496.0,0.611,40,0,0,8.409,8.323,253,240,2,80,80,0,0,6400,0,0,0,0,0,0,0,0,0,0,240,0,0,0,3613,115,0,3274,0,0,3,3.613
3609,13.189,21.998,0.035,0.0,0.0,0.0,0.0,0.0,534.0,2496.0,0.481,40,0,0,9.159,9.037,255,240,2,80,80,0,0,6400,0,0,0,0,0,0,0,0,0,0,240,0,0,0,3006,142,0,2767,0,0,3,3.006
3610,12.833,21.998,0.035,0.0,0.0,0.0,0.0,0.0,534.0,2496.0,0.47,40,0,0,8.796,8.708,253,240,2,80,80,0,0,6400,0,0,0,0,0,0,0,0,0,0,240,0,0,0,3194,120,0,2965,0,0,4,3.194
3611,12.366,21.998,0.035,0.0,0.0,0.0,0.0,0.0,534.0,2496.0,0.426,40,0,0,8.567,8.475,253,240,2,80,80,0,0,6400,0,0,0,0,0,0,0,0,0,0,240,0,0,0,2950,136,0,2704,0,0,4,2.95
3612,12.356,21.998,0.035,0.0,0.0,0.0,0.0,0.0,534.0,2496.0,0.473,40,0,0,8.638,8.531,253,240,2,80,80,0,0,6400,0,0,0,0,0,0,0,0,0,0,240,0,0,0,2896,124,0,2676,0,0,3,2.896
3613,12.478,21.998,0.035,0.0,0.0,0.0,0.0,0.0,534.0,2496.0,0.421,40,0,0,8.663,8.561,252,240,2,80,80,0,0,6400,0,0,0,0,0,0,0,0,0,0,240,0,0,0,2907,115,0,2700,0,0,3,2.907
3614,12.538,21.998,0.035,0.0,0.0,0.0,0.0,0.0,534.0,2496.0,0.438,40,0,0,8.747,8.627,255,240,2,80,80,0,0,6400,0,0,0,0,0,0,0,0,0,0,240,0,0,0,2983,127,0,2755,0,0,4,2.983
3615,12.333,21.998,0.035,0.0,0.0,0.0,0.0,0.0,534.0,2496.0,0.467,40,0,0,8.353,8.265,252,240,2,80,80,0,0,6400,0,0,0,0,0,0,0,0,0,0,240,0,0,0,3087,134,0,2850,0,0,3,3.087
3616,11.983,21.998,0.035,0.0,0.0,0.0,0.0,0.0,534.0,2496.0,0.411,40,0,0,8.306,8.184,255,240,2,80,80,0,0,6400,0,0,0,0,0,0,0,0,0,0,240,0,0,0,2764,109,0,2566,0,0,3,2.764
3617,12.165,21.998,0.035,0.0,0.0,0.0,0.0,0.0,534.0,2496.0,0.406,40,0,0,8.426,8.334,254,240,2,80,80,0,0,6400,0,0,0,0,0,0,0,0,0,0,240,0,0,0,2951,106,0,2734,0,0,4,2.951
3618,12.39,21.998,0.035,0.0,0.0,0.0,0.0,0.0,534.0,2496.0,0.435,40,0,0,8.626,8.54,253,240,2,80,80,0,0,6400,0,0,0,0,0,0,0,0,0,0,240,0,0,0,2949,148,0,2699,0,0,4,2.949
3619,14.092,21.998,0.035,0.0,0.0,0.0,0.0,0.0,534.0,2496.0,0.411,40,0,0,10.42,9.236,255,240,2,80,80,0,0,6400,0,0,0,0,0,0,0,0,0,0,240,0,0,0,2856,117,0,2648,0,0,3,2.856
3620,12.238,21.998,0.035,0.0,0.0,0.0,0.0,0.0,534.0,2496.0,0.435,40,0,0,8.659,8.55,253,240,2,80,80,0,0,6400,0,0,0,0,0,0,0,0,0,0,240,0,0,0,2810,131,0,2590,0,0,2,2.81
3621,12.258,21.998,0.035,0.0,0.0,0.0,0.0,0.0,534.0,2496.0,0.368,40,0,0,8.688,8.601,253,240,2,80,80,0,0,6400,0,0,0,0,0,0,0,0,0,0,240,0,0,0,2759,114,0,2557,0,0,3,2.759
3622,11.732,21.998,0.035,0.0,0.0,0.0,0.0,0.0,534.0,2496.0,0.533,40,0,0,8.126,8.046,253,240,2,80,80,0,0,6400,0,0,0,0,0,0,0,0,0,0,240,0,0,0,2936,110,0,2694,0,0,3,2.936
3623,12.769,21.998,0.035,0.0,0.0,0.0,0.0,0.0,534.0,2496.0,0.41,40,0,0,9.013,8.916,254,240,2,80,80,0,0,6400,0,0,0,0,0,0,0,0,0,0,240,0,0,0,2874,115,0,2664,0,0,3,2.874
3624,12.111,21.998,0.035,0.0,0.0,0.0,0.0,0.0,534.0,2496.0,0.48,40,0,0,8.145,8.032,255,240,2,80,80,0,0,6400,0,0,0,0,0,0,0,0,0,0,240,0,0,0,3190,108,0,2968,0,0,5,3.19
3625,13.596,21.998,0.035,0.0,0.0,0.0,0.0,0.0,534.0,2496.0,0.509,40,0,0,9.445,9.359,252,240,2,80,80,0,0,6400,0,0,0,0,0,0,0,0,0,0,240,0,0,0,3291,206,0,2970,0,0,9,3.291
3626,12.73,21.998,0.035,0.0,0.0,0.0,0.0,0.0,534.0,2496.0,0.476,40,0,0,8.683,8.585,254,240,2,80,80,0,0,6400,0,0,0,0,0,0,0,0,0,0,240,0,0,0,3091,166,0,2800,0,0,4,3.091
3627,14.656,21.998,0.035,0.0,0.0,0.0,0.0,0.0,534.0,2496.0,0.481,40,0,0,10.873,8.949,254,240,2,80,80,0,0,6400,0,0,0,0,0,0,0,0,0,0,240,0,0,0,2895,129,0,2672,0,0,2,2.895
3628,12.524,21.998,0.035,0.0,0.0,0.0,0.0,0.0,534.0,2496.0,0.512,40,0,0,8.739,8.637,254,240,2,80,80,0,0,6400,0,0,0,0,0,0,0,0,0,0,240,0,0,0,2899,114,0,2693,0,0,3,2.899
3629,12.886,21.998,0.035,0.0,0.0,0.0,0.0,0.0,534.0,2496.0,0.45,40,0,0,8.733,8.632,253,240,2,80,80,0,0,6400,0,0,0,0,0,0,0,0,0,0,240,0,0,0,3263,121,0,2998,0,0,3,3.263
3630,13.091,21.998,0.035,0.0,0.0,0.0,0.0,0.0,534.0,2496.0,0.434,40,0,0,9.297,9.183,254,240,2,80,80,0,0,6400,0,0,0,0,0,0,0,0,0,0,240,0,0,0,2909,136,0,2652,0,0,3,2.909
3631,12.216,21.998,0.035,0.0,0.0,0.0,0.0,0.0,534.0,2496.0,0.483,40,0,0,8.421,8.31,256,240,2,80,80,0,0,6400,0,0,0,0,0,0,0,0,0,0,240,0,0,0,3012,136,0,2776,0,0,3,3.012
3632,12.406,21.998,0.035,0.0,0.0,0.0,0.0,0.0,534.0,2496.0,0.495,40,0,0,8.622,8.494,254,240,2,80,80,0,0,6400,0,0,0,0,0,0,0,0,0,0,240,0,0,0,2907,131,0,2677,0,0,3,2.907
3633,13.157,21.998,0.035,0.0,0.0,0.0,0.0,0.0,534.0,2496.0,0.521,40,0,0,9.378,9.293,252,240,2,80,80,0,0,6400,0,0,0,0,0,0,0,0,0,0,240,0,0,0,2922,139,0,2688,0,0,2,2.922
3634,12.782,21.998,0.035,0.0,0.0,0.0,0.0,0.0,534.0,2496.0,0.469,40,0,0,8.945,8.824,253,240,2,80,80,0,0,6400,0,0,0,0,0,0,0,0,0,0,240,0,0,0,2943,118,0,2728,0,0,2,2.943
3635,18.425,21.998,0.035,0.0,0.0,0.0,0.0,0.0,534.0,2496.0,0.502,40,0,0,12.438,12.335,255,240,2,80,80,0,0,6400,0,0,0,0,0,0,0,0,0,0,240,0,0,0,3935,210,0,3575,0,0,6,3.935
3636,13.089,21.998,0.035,0.0,0.0,0.0,0.0,0.0,534.0,2496.0,0.465,40,0,0,9.028,8.925,254,240,2,80,80,0,0,6400,0,0,0,0,0,0,0,0,0,0,240,0,0,0,2934,235,0,2609,0,0,3,2.934
3637,12.773,21.998,0.035,0.0,0.0,0.0,0.0,0.0,534.0,2496.0,0.45,40,0,0,9.032,8.941,253,240,2,80,80,0,0,6400,0,0,0,0,0,0,0,0,0,0,240,0,0,0,2848,121,0,2645,0,0,3,2.848
3638,13.868,21.998,0.035,0.0,0.0,0.0,0.0,0.0,534.0,2496.0,0.508,40,0,0,9.92,9.815,255,240,2,80,80,0,0,6400,0,0,0,0,0,0,0,0,0,0,240,0,0,0,3117,118,0,2905,0,0,4,3.117
3639,13.406,21.998,0.035,0.0,0.0,0.0,0.0,0.0,534.0,2496.0,1.125,40,0,0,9.25,9.155,253,240,2,80,80,0,0,6400,0,0,0,0,0,0,0,0,0,0,240,0,0,0,3267,152,0,3016,0,0,4,3.267
3640,18.032,21.998,0.035,0.0,0.0,0.0,0.0,0.0,534.0,2496.0,0.572,40,0,0,12.557,12.457,253,240,2,80,80,0,0,6400,0,0,0,0,0,0,0,0,0,0,240,0,0,0,3811,178,0,3487,0,0,5,3.811
3641,15.57,21.998,0.035,0.0,0.0,0.0,0.0,0.0,534.0,2496.0,0.507,40,0,0,11.595,11.469,254,240,2,80,80,0,0,6400,0,0,0,0,0,0,0,0,0,0,240,0,0,0,2946,113,0,2737,0,0,3,2.946
3642,12.449,21.998,0.035,0.0,0.0,0.0,0.0,0.0,534.0,2496.0,0.406,40,0,0,8.637,8.541,254,240,2,80,80,0,0,6400,0,0,0,0,0,0,0,0,0,0,240,0,0,0,2933,132,0,2703,0,0,3,2.933
3643,11.943,21.998,0.035,0.0,0.0,0.0,0.0,0.0,534.0,2496.0,0.377,40,0,0,8.329,8.238,254,240,2,80,80,0,0,6400,0,0,0,0,0,0,0,0,0,0,240,0,0,0,2829,109,0,2627,0,0,2,2.829
3644,12.059,21.998,0.035,0.0,0.0,0.0,0.0,0.0,534.0,2496.0,0.384,40,0,0,8.608,8.518,254,240,2,80,80,0,0,6400,0,0,0,0,0,0,0,0,0,0,240,0,0,0,2721,124,0,2509,0,0,3,2.721
3645,11.581,21.998,0.035,0.0,0.0,0.0,0.0,0.0,534.0,2496.0,0.494,40,0,0,8.012,7.93,253,240,2,80,80,0,0,6400,0,0,0,0,0,0,0,0,0,0,240,0,0,0,2833,107,0,2636,0,0,3,2.833
3646,12.723,21.998,0.035,0.0,0.0,0.0,0.0,0.0,534.0,2496.0,0.434,40,0,0,9.106,8.98,255,240,2,80,80,0,0,6400,0,0,0,0,0,0,0,0,0,0,240,0,0,0,2725,109,0,2503,0,0,2,2.725
3647,12.475,21.998,0.035,0.0,0.0,0.0,0.0,0.0,534.0,2496.0,0.409,40,0,0,8.685,8.58,253,240,2,80,80,0,0,6400,0,0,0,0,0,0,0,0,0,0,240,0,0,0,2869,118,0,2634,0,0,3,2.869
3648,11.883,21.998,0.035,0.0,0.0,0.0,0.0,0.0,534.0,2496.0,0.441,40,0,0,8.199,8.106,254,240,2,80,80,0,0,6400,0,0,0,0,0,0,0,0,0,0,240,0,0,0,2902,129,0,2677,0,0,4,2.902
3649,12.757,21.998,0.035,0.0,0.0,0.0,0.0,0.0,534.0,2496.0,0.41,40,0,0,9.297,9.208,254,240,2,80,80,0,0,6400,0,0,0,0,0,0,0,0,0,0,240,0,0,0,2614,109,0,2427,0,0,2,2.614
3650,12.51,21.998,0.035,0.0,0.0,0.0,0.0,0.0,534.0,2496.0,0.445,40,0,0,8.982,8.84,254,240,2,80,80,0,0,6400,0,0,0,0,0,0,0,0,0,0,240,0,0,0,2787,105,0,2594,0,0,2,2.787
3651,12.043,21.998,0.035,0.0,0.0,0.0,0.0,0.0,534.0,2496.0,0.452,40,0,0,8.309,8.223,254,240,2,80,80,0,0,6400,0,0,0,0,0,0,0,0,0,0,240,0,0,0,2950,109,0,2755,0,0,3,2.95
3652,15.102,21.998,0.035,0.0,0.0,0.0,0.0,0.0,534.0,2496.0,0.431,40,0,0,11.528,11.432,255,240,2,80,80,0,0,6400,0,0,0,0,0,0,0,0,0,0,240,0,0,0,2756,127,0,2545,0,0,3,2.756
3653,12.854,21.998,0.035,0.0,0.0,0.0,0.0,0.0,534.0,2496.0,0.529,40,0,0,9.284,9.182,253,240,2,80,80,0,0,6400,0,0,0,0,0,0,0,0,0,0,240,0,0,0,2773,120,0,2561,0,0,3,2.773
3654,12.475,21.998,0.035,0.0,0.0,0.0,0.0,0.0,534.0,2496.0,0.482,40,0,0,8.676,8.5,256,240,2,80,80,0,0,6400,0,0,0,0,0,0,0,0,0,0,240,0,0,0,2878,112,0,2677,0,0,3,2.878
3655,12.553,21.998,0.035,0.0,0.0,0.0,0.0,0.0,534.0,2496.0,0.435,40,0,0,8.862,8.767,254,240,2,80,80,0,0,6400,0,0,0,0,0,0,0,0,0,0,240,0,0,0,2846,117,0,2635,0,0,3,2.846
3656,11.947,21.998,0.035,0.0,0.0,0.0,0.0,0.0,534.0,2496.0,0.44,40,0,0,8.178,8.08,255,240,2,80,80,0,0,6400,0,0,0,0,0,0,0,0,0,0,240,0,0,0,2953,119,0,2729,0,0,4,2.953
3657,12.438,21.998,0.035,0.0,0.0,0.0,0.0,0.0,534.0,2496.0,0.495,40,0,0,8.671,8.589,253,240,2,80,80,0,0,6400,0,0,0,0,0,0,0,0,0,0,240,0,0,0,2904,119,0,2689,0,0,3,2.904
3658,12.139,21.998,0.035,0.0,0.0,0.0,0.0,0.0,534.0,2496.0,0.484,40,0,0,8.476,8.376,255,240,2,80,80,0,0,6400,0,0,0,0,0,0,0,0,0,0,240,0,0,0,2800,137,0,2533,0,0,2,2.8
3659,13.756,21.998,0.035,0.0,0.0,0.0,0.0,0.0,534.0,2496.0,0.465,40,0,0,10.053,8.482,253,240,2,80,80,0,0,6400,0,0,0,0,0,0,0,0,0,0,240,0,0,0,2825,120,0,2615,0,0,2,2.825
3660,12.858,21.998,0.035,0.0,0.0,0.0,0.0,0.0,534.0,2496.0,0.499,40,0,0,8.727,8.631,254,240,2,80,80,0,0,6400,0,0,0,0,0,0,0,0,0,0,240,0,0,0,3297,192,0,2987,0,0,3,3.297
3661,26.876,21.998,0.035,0.0,0.0,0.0,0.0,0.0,534.0,2496.0,0.598,40,0,0,21.624,21.515,255,240,2,80,80,0,0,6400,0,0,0,0,0,0,0,0,0,0,240,0,0,0,3949,206,0,3598,0,0,5,3.949
3662,26.174,21.998,0.035,0.0,0.0,0.0,0.0,0.0,534.0,2496.0,0.891,40,0,0,18.861,18.7,256,240,2,80,80,0,0,6400,0,0,0,0,0,0,0,0,0,0,240,0,0,0,6004,235,0,5536,0,0,7,6.004
3663,25.797,21.998,0.035,0.0,0.0,0.0,0.0,0.0,534.0,2496.0,1.239,40,0,0,18.048,17.876,254,240,2,80,80,0,0,6400,0,0,0,0,0,0,0,0,0,0,240,0,0,0,5955,334,0,5374,0,0,8,5.955
3664,28.288,21.998,0.035,0.0,0.0,0.0,0.0,0.0,534.0,2496.0,0.989,40,0,0,20.082,19.872,255,240,2,80,80,0,0,6400,0,0,0,0,0,0,0,0,0,0,240,0,0,0,6124,231,0,5679,0,0,8,6.124
3665,15.555,21.998,0.035,0.0,0.0,0.0,0.0,0.0,534.0,2496.0,0.472,40,0,0,11.253,11.102,252,240,2,80,80,0,0,6400,0,0,0,0,0,0,0,0,0,0,240,0,0,0,2791,164,0,2541,0,0,3,2.791
3666,12.134,21.998,0.035,0.0,0.0,0.0,0.0,0.0,534.0,2496.0,0.419,40,0,0,8.474,8.366,255,240,2,80,80,0,0,6400,0,0,0,0,0,0,0,0,0,0,240,0,0,0,2778,113,0,2580,0,0,3,2.778
3667,12.439,21.998,0.035,0.0,0.0,0.0,0.0,0.0,534.0,2496.0,0.463,40,0,0,8.814,8.728,253,240,2,80,80,0,0,6400,0,0,0,0,0,0,0,0,0,0,240,0,0,0,2847,113,0,2645,0,0,2,2.847
3668,11.899,21.998,0.035,0.0,0.0,0.0,0.0,0.0,534.0,2496.0,0.401,40,0,0,8.333,8.24,254,240,2,80,80,0,0,6400,0,0,0,0,0,0,0,0,0,0,240,0,0,0,2767,113,0,2570,0,0,3,2.767
3669,11.78,21.998,0.035,0.0,0.0,0.0,0.0,0.0,534.0,2496.0,0.414,40,0,0,8.203,8.103,255,240,2,80,80,0,0,6400,0,0,0,0,0,0,0,0,0,0,240,0,0,0,2798,111,0,2595,0,0,3,2.798
3670,12.335,21.998,0.035,0.0,0.0,0.0,0.0,0.0,534.0,2496.0,0.432,40,0,0,8.715,8.544,256,240,2,80,80,0,0,6400,0,0,0,0,0,0,0,0,0,0,240,0,0,0,2755,110,0,2563,0,0,3,2.755
3671,12.215,21.998,0.035,0.0,0.0,0.0,0.0,0.0,534.0,2496.0,0.479,40,0,0,8.59,8.499,253,240,2,80,80,0,0,6400,0,0,0,0,0,0,0,0,0,0,240,0,0,0,2819,116,0,2618,0,0,3,2.819
3672,13.759,21.998,0.035,0.0,0.0,0.0,0.0,0.0,534.0,2496.0,0.641,40,0,0,8.122,8.029,255,240,2,80,80,0,0,6400,0,0,0,0,0,0,0,0,0,0,240,0,0,0,4834,104,0,4635,0,0,4,4.834
3673,17.115,21.998,0.035,0.0,0.0,0.0,0.0,0.0,534.0,2496.0,0.633,40,0,0,12.088,11.967,254,240,2,80,80,0,0,6400,0,0,0,0,0,0,0,0,0,0,240,0,0,0,3938,159,0,3643,0,0,4,3.938
3674,17.179,21.998,0.035,0.0,0.0,0.0,0.0,0.0,534.0,2496.0,0.659,40,0,0,12.075,11.947,255,240,2,80,80,0,0,6400,0,0,0,0,0,0,0,0,0,0,240,0,0,0,3987,210,0,3637,0,0,4,3.987
3675,16.696,21.998,0.035,0.0,0.0,0.0,0.0,0.0,534.0,2496.0,0.641,40,0,0,11.936,11.816,254,240,2,80,80,0,0,6400,0,0,0,0,0,0,0,0,0,0,240,0,0,0,3552,152,0,3234,0,0,5,3.552
3676,16.81,21.998,0.035,0.0,0.0,0.0,0.0,0.0,534.0,2496.0,0.614,40,0,0,11.784,11.667,253,240,2,80,80,0,0,6400,0,0,0,0,0,0,0,0,0,0,240,0,0,0,3907,167,0,3590,0,0,6,3.907
3677,16.882,21.998,0.035,0.0,0.0,0.0,0.0,0.0,534.0,2496.0,0.599,40,0,0,11.658,11.527,254,240,2,80,80,0,0,6400,0,0,0,0,0,0,0,0,0,0,240,0,0,0,4055,169,0,3718,0,0,6,4.055
3678,13.65,21.998,0.035,0.0,0.0,0.0,0.0,0.0,534.0,2496.0,0.472,40,0,0,9.808,9.653,256,240,2,80,80,0,0,6400,0,0,0,0,0,0,0,0,0,0,240,0,0,0,2784,108,0,2592,0,0,3,2.784
3679,19.472,21.998,0.035,0.0,0.0,0.0,0.0,0.0,534.0,2496.0,0.462,40,0,0,8.798,8.7,253,240,2,80,80,0,0,6400,0,0,0,0,0,0,0,0,0,0,240,0,0,0,9805,135,0,9561,0,0,3,9.805
3680,17.864,21.998,0.035,0.0,0.0,0.0,0.0,0.0,534.0,2496.0,0.554,40,0,0,12.66,12.467,254,240,2,80,80,0,0,6400,0,0,0,0,0,0,0,0,0,0,240,0,0,0,4017,165,0,3711,0,0,5,4.017
3681,17.049,28.139,0.038,0.0,0.0,0.0,0.0,0.0,534.0,2496.0,0.601,40,0,0,12.076,11.919,254,240,2,80,80,0,0,6400,0,0,0,0,0,0,0,0,0,0,240,0,0,0,3849,174,0,3531,0,0,4,3.849
3682,17.372,28.139,0.038,0.0,0.0,0.0,0.0,0.0,534.0,2496.0,0.556,40,0,0,11.74,11.608,254,240,2,80,80,0,0,6400,0,0,0,0,0,0,0,0,0,0,240,0,0,0,4381,172,0,4063,0,0,3,4.381
3683,17.066,28.139,0.038,0.0,0.0,0.0,0.0,0.0,534.0,2496.0,0.718,40,0,0,12.235,12.086,255,240,2,80,80,0,0,6400,0,0,0,0,0,0,0,0,0,0,240,0,0,0,3701,156,0,3413,0,0,5,3.701
3684,17.705,28.139,0.038,0.0,0.0,0.0,0.0,0.0,534.0,2496.0,0.695,40,0,0,12.516,12.402,253,240,2,80,80,0,0,6400,0,0,0,0,0,0,0,0,0,0,240,0,0,0,3931,191,0,3589,0,0,5,3.931
3685,16.494,28.139,0.038,0.0,0.0,0.0,0.0,0.0,534.0,2496.0,0.473,40,0,0,12.26,12.135,253,240,2,80,80,0,0,6400,0,0,0,0,0,0,0,0,0,0,240,0,0,0,3082,114,0,2871,0,0,4,3.082
3686,12.343,28.139,0.038,0.0,0.0,0.0,0.0,0.0,534.0,2496.0,0.43,40,0,0,8.696,8.579,255,240,2,80,80,0,0,6400,0,0,0,0,0,0,0,0,0,0,240,0,0,0,2688,131,0,2470,0,0,2,2.688
3687,12.118,28.139,0.038,0.0,0.0,0.0,0.0,0.0,534.0,2496.0,0.43,40,0,0,8.508,8.42,254,240,2,80,80,0,0,6400,0,0,0,0,0,0,0,0,0,0,240,0,0,0,2779,124,0,2546,0,0,3,2.779
3688,12.998,28.139,0.038,0.0,0.0,0.0,0.0,0.0,534.0,2496.0,0.428,40,0,0,9.237,9.131,253,240,2,80,80,0,0,6400,0,0,0,0,0,0,0,0,0,0,240,0,0,0,2901,158,0,2647,0,0,3,2.901
3689,12.29,28.139,0.038,0.0,0.0,0.0,0.0,0.0,534.0,2496.0,0.508,40,0,0,8.294,8.188,255,240,2,80,80,0,0,6400,0,0,0,0,0,0,0,0,0,0,240,0,0,0,3025,115,0,2745,0,0,9,3.025
3690,12.536,28.139,0.038,0.0,0.0,0.0,0.0,0.0,534.0,2496.0,0.419,40,0,0,8.878,8.78,254,240,2,80,80,0,0,6400,0,0,0,0,0,0,0,0,0,0,240,0,0,0,2794,106,0,2598,0,0,4,2.794
3691,14.816,28.139,0.038,0.0,0.0,0.0,0.0,0.0,534.0,2496.0,0.464,40,0,0,11.196,9.578,254,240,2,80,80,0,0,6400,0,0,0,0,0,0,0,0,0,0,240,0,0,0,2691,116,0,2491,0,0,3,2.691
3692,13.076,28.139,0.038,0.0,0.0,0.0,0.0,0.0,534.0,2496.0,0.418,40,0,0,8.692,8.587,255,240,2,80,80,0,0,6400,0,0,0,0,0,0,0,0,0,0,240,0,0,0,3154,152,0,2894,0,0,8,3.154
3693,13.752,28.139,0.038,0.0,0.0,0.0,0.0,0.0,534.0,2496.0,0.461,40,0,0,9.759,9.657,254,240,2,80,80,0,0,6400,0,0,0,0,0,0,0,0,0,0,240,0,0,0,3201,118,0,2991,0,0,4,3.201
3694,18.948,28.139,0.038,0.0,0.0,0.0,0.0,0.0,534.0,2496.0,0.675,40,0,0,14.236,14.138,254,240,2,80,80,0,0,6400,0,0,0,0,0,0,0,0,0,0,240,0,0,0,3801,152,0,3494,0,0,4,3.801
3695,17.102,28.139,0.038,0.0,0.0,0.0,0.0,0.0,534.0,2496.0,0.594,40,0,0,12.077,11.933,254,240,2,80,80,0,0,6400,0,0,0,0,0,0,0,0,0,0,240,0,0,0,3835,159,0,3535,0,0,6,3.835
3696,17.536,28.139,0.038,0.0,0.0,0.0,0.0,0.0,534.0,2496.0,0.676,40,0,0,12.414,12.29,254,240,2,80,80,0,0,6400,0,0,0,0,0,0,0,0,0,0,240,0,0,0,3955,154,0,3648,0,0,5,3.955
3697,17.362,28.139,0.038,0.0,0.0,0.0,0.0,0.0,534.0,2496.0,0.653,40,0,0,12.275,12.146,254,240,2,80,80,0,0,6400,0,0,0,0,0,0,0,0,0,0,240,0,0,0,3913,200,0,3568,0,0,6,3.913
3698,17.686,28.139,0.038,0.0,0.0,0.0,0.0,0.0,534.0,2496.0,0.599,40,0,0,12.678,12.54,254,240,2,80,80,0,0,6400,0,0,0,0,0,0,0,0,0,0,240,0,0,0,3890,181,0,3569,0,0,5,3.89
3699,17.212,28.139,0.038,0.0,0.0,0.0,0.0,0.0,534.0,2496.0,0.66,40,0,0,12.333,12.105,253,240,2,80,80,0,0,6400,0,0,0,0,0,0,0,0,0,0,240,0,0,0,3799,196,0,3461,0,0,5,3.799
3700,17.424,28.139,0.038,0.0,0.0,0.0,0.0,0.0,534.0,2496.0,0.602,40,0,0,12.369,12.244,253,240,2,80,80,0,0,6400,0,0,0,0,0,0,0,0,0,0,240,0,0,0,3885,226,0,3506,0,0,5,3.885
3701,17.435,28.139,0.038,0.0,0.0,0.0,0.0,0.0,534.0,2496.0,0.652,40,0,0,12.453,12.281,254,240,2,80,80,0,0,6400,0,0,0,0,0,0,0,0,0,0,240,0,0,0,3927,166,0,3602,0,0,5,3.927
3702,12.243,28.139,0.038,0.0,0.0,0.0,0.0,0.0,534.0,2496.0,0.428,40,0,0,8.41,8.31,255,240,2,80,80,0,0,6400,0,0,0,0,0,0,0,0,0,0,240,0,0,0,2724,109,0,2529,0,0,2,2.724
3703,11.997,28.139,0.038,0.0,0.0,0.0,0.0,0.0,534.0,2496.0,0.492,40,0,0,8.402,8.317,253,240,2,80,80,0,0,6400,0,0,0,0,0,0,0,0,0,0,240,0,0,0,2786,107,0,2593,0,0,3,2.786
3704,11.917,28.139,0.038,0.0,0.0,0.0,0.0,0.0,534.0,2496.0,0.416,40,0,0,8.324,8.232,254,240,2,80,80,0,0,6400,0,0,0,0,0,0,0,0,0,0,240,0,0,0,2726,109,0,2535,0,0,3,2.726
3705,11.746,28.139,0.038,0.0,0.0,0.0,0.0,0.0,534.0,2496.0,0.39,40,0,0,8.272,8.154,254,240,2,80,80,0,0,6400,0,0,0,0,0,0,0,0,0,0,240,0,0,0,2732,104,0,2542,0,0,3,2.732
3706,17.005,28.139,0.038,0.0,0.0,0.0,0.0,0.0,534.0,2496.0,0.593,40,0,0,12.553,12.464,253,240,2,80,80,0,0,6400,0,0,0,0,0,0,0,0,0,0,240,0,0,0,3609,201,0,3276,0,0,4,3.609
3707,16.111,28.139,0.038,0.0,0.0,0.0,0.0,0.0,534.0,2496.0,0.635,40,0,0,11.299,11.173,254,240,2,80,80,0,0,6400,0,0,0,0,0,0,0,0,0,0,240,0,0,0,3693,206,0,3359,0,0,6,3.693
3708,15.652,28.139,0.038,0.0,0.0,0.0,0.0,0.0,534.0,2496.0,0.611,40,0,0,10.827,10.701,254,240,2,80,80,0,0,6400,0,0,0,0,0,0,0,0,0,0,240,0,0,0,3629,157,0,3335,0,0,6,3.629
3709,15.637,28.139,0.038,0.0,0.0,0.0,0.0,0.0,534.0,2496.0,0.741,40,0,0,10.818,10.69,254,240,2,80,80,0,0,6400,0,0,0,0,0,0,0,0,0,0,240,0,0,0,3562,163,0,3260,0,0,6,3.562
3710,16.872,28.139,0.038,0.0,0.0,0.0,0.0,0.0,534.0,2496.0,0.688,40,0,0,11.933,11.803,254,240,2,80,80,0,0,6400,0,0,0,0,0,0,0,0,0,0,240,0,0,0,3629,216,0,3271,0,0,5,3.629
3711,17.271,28.139,0.038,0.0,0.0,0.0,0.0,0.0,534.0,2496.0,0.617,40,0,0,12.051,11.922,253,240,2,80,80,0,0,6400,0,0,0,0,0,0,0,0,0,0,240,0,0,0,3901,179,0,3550,0,0,6,3.901
3712,16.192,28.139,0.038,0.0,0.0,0.0,0.0,0.0,534.0,2496.0,0.556,40,0,0,11.44,11.244,254,240,2,80,80,0,0,6400,0,0,0,0,0,0,0,0,0,0,240,0,0,0,3524,158,0,3217,0,0,5,3.524
3713,11.96,28.139,0.038,0.0,0.0,0.0,0.0,0.0,534.0,2496.0,0.428,40,0,0,8.239,7.976,254,240,2,80,80,0,0,6400,0,0,0,0,0,0,0,0,0,0,240,0,0,0,2696,117,0,2493,0,0,3,2.696
3714,17.861,28.139,0.038,0.0,0.0,0.0,0.0,0.0,534.0,2496.0,0.526,40,0,0,13.636,13.549,254,240,2,80,80,0,0,6400,0,0,0,0,0,0,0,0,0,0,240,0,0,0,3366,122,0,3129,0,0,4,3.366
3715,16.343,28.139,0.038,0.0,0.0,0.0,0.0,0.0,534.0,2496.0,0.403,40,0,0,12.569,12.48,253,240,2,80,80,0,0,6400,0,0,0,0,0,0,0,0,0,0,240,0,0,0,2797,115,0,2593,0,0,3,2.797
3716,12.073,28.139,0.038,0.0,0.0,0.0,0.0,0.0,534.0,2496.0,0.425,40,0,0,8.419,8.3,254,240,2,80,80,0,0,6400,0,0,0,0,0,0,0,0,0,0,240,0,0,0,2860,115,0,2647,0,0,3,2.86
3717,12.091,28.139,0.038,0.0,0.0,0.0,0.0,0.0,534.0,2496.0,0.518,40,0,0,8.491,8.385,255,240,2,80,80,0,0,6400,0,0,0,0,0,0,0,0,0,0,240,0,0,0,2811,112,0,2615,0,0,3,2.811
3718,15.149,28.139,0.038,0.0,0.0,0.0,0.0,0.0,534.0,2496.0,0.483,40,0,0,11.389,11.265,254,240,2,80,80,0,0,6400,0,0,0,0,0,0,0,0,0,0,240,0,0,0,2788,151,0,2509,0,0,2,2.788
3719,12.426,28.139,0.038,0.0,0.0,0.0,0.0,0.0,534.0,2496.0,0.496,40,0,0,8.572,8.475,254,240,2,80,80,0,0,6400,0,0,0,0,0,0,0,0,0,0,240,0,0,0,2948,114,0,2742,0,0,1,2.948
3720,13.366,28.139,0.038,0.0,0.0,0.0,0.0,0.0,534.0,2496.0,0.525,40,0,0,9.313,9.222,253,240,2,80,80,0,0,6400,0,0,0,0,0,0,0,0,0,0,240,0,0,0,3126,122,0,2907,0,0,4,3.126
3721,17.906,28.139,0.038,0.0,0.0,0.0,0.0,0.0,534.0,2496.0,0.549,40,0,0,13.88,13.718,254,240,2,80,80,0,0,6400,0,0,0,0,0,0,0,0,0,0,240,0,0,0,3028,118,0,2818,0,0,2,3.028
3722,12.753,28.139,0.038,0.0,0.0,0.0,0.0,0.0,534.0,2496.0,0.479,40,0,0,8.829,8.728,254,240,2,80,80,0,0,6400,0,0,0,0,0,0,0,0,0,0,240,0,0,0,2900,121,0,2679,0,0,3,2.9
3723,12.385,28.139,0.038,0.0,0.0,0.0,0.0,0.0,534.0,2496.0,0.531,40,0,0,8.399,8.315,253,240,2,80,80,0,0,6400,0,0,0,0,0,0,0,0,0,0,240,0,0,0,3145,113,0,2928,0,0,4,3.145
3724,14.87,28.139,0.038,0.0,0.0,0.0,0.0,0.0,534.0,2496.0,0.612,40,0,0,10.518,8.95,255,240,2,80,80,0,0,6400,0,0,0,0,0,0,0,0,0,0,240,0,0,0,3389,126,0,3158,0,0,3,3.389
3725,13.713,28.139,0.038,0.0,0.0,0.0,0.0,0.0,534.0,2496.0,0.458,40,0,0,9.606,9.48,256,240,2,80,80,0,0,6400,0,0,0,0,0,0,0,0,0,0,240,0,0,0,3101,352,0,2647,0,0,3,3.101
3726,21.744,28.139,0.038,0.0,0.0,0.0,0.0,0.0,534.0,2496.0,0.81,40,0,0,16.666,16.573,253,240,2,80,80,0,0,6400,0,0,0,0,0,0,0,0,0,0,240,0,0,0,4150,204,0,3800,0,0,5,4.15
3727,29.556,28.139,0.038,0.0,0.0,0.0,0.0,0.0,534.0,2496.0,0.912,40,0,0,19.795,19.217,253,240,2,80,80,0,0,6400,0,0,0,0,0,0,0,0,0,0,240,0,0,0,7918,309,0,7194,0,0,6,7.918
3728,24.701,28.139,0.038,0.0,0.0,0.0,0.0,0.0,534.0,2496.0,0.792,40,0,0,16.973,16.816,254,240,2,80,80,0,0,6400,0,0,0,0,0,0,0,0,0,0,240,0,0,0,5993,234,0,5520,0,0,7,5.993
3729,25.553,28.139,0.038,0.0,0.0,0.0,0.0,0.0,534.0,2496.0,0.897,40,0,0,18.165,18.0,253,240,2,80,80,0,0,6400,0,0,0,0,0,0,0,0,0,0,240,0,0,0,5836,289,0,5330,0,0,8,5.836
3730,29.676,28.139,0.038,0.0,0.0,0.0,0.0,0.0,534.0,2496.0,0.936,40,0,0,21.681,21.443,254,240,2,80,80,0,0,6400,0,0,0,0,0,0,0,0,0,0,240,0,0,0,6098,227,0,5634,0,0,8,6.098
3731,26.889,28.139,0.038,0.0,0.0,0.0,0.0,0.0,534.0,2496.0,0.906,40,0,0,19.33,19.133,254,240,2,80,80,0,0,6400,0,0,0,0,0,0,0,0,0,0,240,0,0,0,5753,236,0,5297,0,0,6,5.753
3732,21.593,28.139,0.038,0.0,0.0,0.0,0.0,0.0,534.0,2496.0,0.663,40,0,0,13.877,13.731,255,240,2,80,80,0,0,6400,0,0,0,0,0,0,0,0,0,0,240,0,0,0,6215,211,0,5759,0,0,8,6.215
3733,21.644,28.139,0.038,0.0,0.0,0.0,0.0,0.0,534.0,2496.0,1.215,40,0,0,15.914,15.797,253,240,2,80,80,0,0,6400,0,0,0,0,0,0,0,0,0,0,240,0,0,0,4369,196,0,4003,0,0,8,4.369
3734,26.955,28.139,0.038,0.0,0.0,0.0,0.0,0.0,534.0,2496.0,0.9,40,0,0,19.377,19.105,254,240,2,80,80,0,0,6400,0,0,0,0,0,0,0,0,0,0,240,0,0,0,5534,337,0,4970,0,0,7,5.534
3735,25.879,28.139,0.038,0.0,0.0,0.0,0.0,0.0,534.0,2496.0,0.851,40,0,0,18.207,18.036,253,240,2,80,80,0,0,6400,0,0,0,0,0,0,0,0,0,0,240,0,0,0,5979,235,0,5399,0,0,7,5.979
3736,26.502,28.139,0.038,0.0,0.0,0.0,0.0,0.0,534.0,2496.0,0.786,40,0,0,18.356,18.165,254,240,2,80,80,0,0,6400,0,0,0,0,0,0,0,0,0,0,240,0,0,0,6320,282,0,5755,0,0,5,6.32
3737,25.905,28.139,0.038,0.0,0.0,0.0,0.0,0.0,534.0,2496.0,1.088,40,0,0,18.611,18.349,254,240,2,80,80,0,0,6400,0,0,0,0,0,0,0,0,0,0,240,0,0,0,5641,309,0,5122,0,0,9,5.641
3738,23.807,29.033,0.066,0.0,0.0,0.0,0.0,0.0,534.0,2496.0,0.849,40,0,0,17.965,17.738,257,240,2,80,80,0,0,6400,0,0,0,0,0,0,0,0,0,0,240,0,0,0,3880,173,0,3571,0,0,6,3.88
3739,28.188,29.033,0.066,0.0,0.0,0.0,0.0,0.0,534.0,2496.0,1.137,40,0,0,18.567,18.341,253,240,2,80,80,0,0,6400,0,0,0,0,0,0,0,0,0,0,240,0,0,0,8010,296,0,7365,0,0,11,8.01
3740,24.047,29.033,0.066,0.0,0.0,0.0,0.0,0.0,534.0,2496.0,0.99,40,0,0,16.611,16.457,254,240,2,80,80,0,0,6400,0,0,0,0,0,0,0,0,0,0,240,0,0,0,5532,228,0,5020,0,0,8,5.532
3741,25.308,29.033,0.066,0.0,0.0,0.0,0.0,0.0,534.0,2496.0,1.126,40,0,0,17.571,17.374,254,240,2,80,80,0,0,6400,0,0,0,0,0,0,0,0,0,0,240,0,0,0,5912,237,0,5388,0,0,10,5.912
3742,28.527,29.033,0.066,0.0,0.0,0.0,0.0,0.0,534.0,2496.0,0.884,40,0,0,20.726,20.53,253,240,2,80,80,0,0,6400,0,0,0,0,0,0,0,0,0,0,240,0,0,0,5951,225,0,5429,0,0,6,5.951
3743,24.757,29.033,0.066,0.0,0.0,0.0,0.0,0.0,534.0,2496.0,0.687,40,0,0,18.235,18.047,255,240,2,80,80,0,0,6400,0,0,0,0,0,0,0,0,0,0,240,0,0,0,4919,167,0,4574,0,0,6,4.919
3744,23.947,29.033,0.066,0.0,0.0,0.0,0.0,0.0,534.0,2496.0,0.851,40,0,0,18.198,18.058,254,240,2,80,80,0,0,6400,0,0,0,0,0,0,0,0,0,0,240,0,0,0,4392,249,0,3958,0,0,27,4.392
3745,27.999,29.033,0.066,0.0,0.0,0.0,0.0,0.0,534.0,2496.0,0.886,40,0,0,20.554,20.363,255,240,2,80,80,0,0,6400,0,0,0,0,0,0,0,0,0,0,240,0,0,0,5576,202,0,5177,0,0,6,5.576
3746,25.46,29.033,0.066,0.0,0.0,0.0,0.0,0.0,534.0,2496.0,0.975,40,0,0,18.166,18.016,252,240,2,80,80,0,0,6400,0,0,0,0,0,0,0,0,0,0,240,0,0,0,5619,201,0,5181,0,0,7,5.619
3747,21.462,29.033,0.066,0.0,0.0,0.0,0.0,0.0,534.0,2496.0,0.623,40,0,0,16.604,16.41,253,240,2,80,80,0,0,6400,0,0,0,0,0,0,0,0,0,0,240,0,0,0,3212,166,0,2938,0,0,3,3.212
3748,63.594,29.033,0.066,0.0,0.0,0.0,0.0,0.0,534.0,2496.0,0.817,40,0,0,9.41,9.248,255,240,2,80,80,0,0,6400,0,0,0,0,0,0,0,0,0,0,240,0,0,0,53016,147,0,52742,0,0,4,53.016
3749,20.218,29.033,0.066,0.0,0.0,0.0,0.0,0.0,534.0,2496.0,0.585,40,0,0,15.206,14.98,255,240,2,80,80,0,0,6400,0,0,0,0,0,0,0,0,0,0,240,0,0,0,3386,145,0,3132,0,0,4,3.386
3750,12.942,29.033,0.066,0.0,0.0,0.0,0.0,0.0,534.0,2496.0,0.453,40,0,0,8.93,8.817,253,240,2,80,80,0,0,6400,0,0,0,0,0,0,0,0,0,0,240,0,0,0,2809,131,0,2587,0,0,4,2.809
3751,12.749,29.033,0.066,0.0,0.0,0.0,0.0,0.0,534.0,2496.0,0.489,40,0,0,9.027,8.912,255,240,2,80,80,0,0,6400,0,0,0,0,0,0,0,0,0,0,240,0,0,0,2840,141,0,2608,0,0,4,2.84
3752,12.554,29.033,0.066,0.0,0.0,0.0,0.0,0.0,534.0,2496.0,0.431,40,0,0,8.861,8.772,252,240,2,80,80,0,0,6400,0,0,0,0,0,0,0,0,0,0,240,0,0,0,2766,127,0,2551,0,0,3,2.766
3753,12.734,29.033,0.066,0.0,0.0,0.0,0.0,0.0,534.0,2496.0,0.491,40,0,0,8.932,8.832,254,240,2,80,80,0,0,6400,0,0,0,0,0,0,0,0,0,0,240,0,0,0,2773,120,0,2563,0,0,3,2.773
3754,12.734,29.033,0.066,0.0,0.0,0.0,0.0,0.0,534.0,2496.0,0.879,40,0,0,8.866,8.757,255,240,2,80,80,0,0,6400,0,0,0,0,0,0,0,0,0,0,240,0,0,0,2977,289,0,2594,0,0,3,2.977
3755,17.53,29.033,0.066,0.0,0.0,0.0,0.0,0.0,534.0,2496.0,0.586,40,0,0,12.272,12.064,254,240,2,80,80,0,0,6400,0,0,0,0,0,0,0,0,0,0,240,0,0,0,3905,174,0,3588,0,0,5,3.905
3756,13.812,29.033,0.066,0.0,0.0,0.0,0.0,0.0,534.0,2496.0,0.629,40,0,0,9.622,9.514,252,240,2,80,80,0,0,6400,0,0,0,0,0,0,0,0,0,0,240,0,0,0,3080,127,0,2849,0,0,4,3.08
3757,17.133,29.033,0.066,0.0,0.0,0.0,0.0,0.0,534.0,2496.0,0.557,40,0,0,12.605,10.081,258,240,2,80,80,0,0,6400,0,0,0,0,0,0,0,0,0,0,240,0,0,0,3370,163,0,3072,0,0,4,3.37
3758,12.735,29.033,0.066,0.0,0.0,0.0,0.0,0.0,534.0,2496.0,0.436,40,0,0,8.857,8.719,253,240,2,80,80,0,0,6400,0,0,0,0,0,0,0,0,0,0,240,0,0,0,2890,124,0,2668,0,0,3,2.89
3759,12.312,29.033,0.066,0.0,0.0,0.0,0.0,0.0,534.0,2496.0,0.433,40,0,0,8.68,8.596,252,240,2,80,80,0,0,6400,0,0,0,0,0,0,0,0,0,0,240,0,0,0,2844,127,0,2629,0,0,3,2.844
3760,13.571,29.033,0.066,0.0,0.0,0.0,0.0,0.0,534.0,2496.0,0.536,40,0,0,8.72,8.618,254,240,2,80,80,0,0,6400,0,0,0,0,0,0,0,0,0,0,240,0,0,0,3522,138,0,3259,0,0,3,3.522
3761,13.342,29.033,0.066,0.0,0.0,0.0,0.0,0.0,534.0,2496.0,0.476,40,0,0,9.183,9.082,254,240,2,80,80,0,0,6400,0,0,0,0,0,0,0,0,0,0,240,0,0,0,3089,127,0,2864,0,0,4,3.089
3762,13.222,29.033,0.066,0.0,0.0,0.0,0.0,0.0,534.0,2496.0,0.451,40,0,0,9.389,9.278,252,240,2,80,80,0,0,6400,0,0,0,0,0,0,0,0,0,0,240,0,0,0,2958,114,0,2749,0,0,4,2.958
3763,13.001,29.033,0.066,0.0,0.0,0.0,0.0,0.0,534.0,2496.0,0.452,40,0,0,9.101,9.0,254,240,2,80,80,0,0,6400,0,0,0,0,0,0,0,0,0,0,240,0,0,0,2991,120,0,2777,0,0,3,2.991
3764,12.858,29.033,0.066,0.0,0.0,0.0,0.0,0.0,534.0,2496.0,0.503,40,0,0,8.95,8.84,255,240,2,80,80,0,0,6400,0,0,0,0,0,0,0,0,0,0,240,0,0,0,3011,125,0,2777,0,0,3,3.011
3765,12.561,29.033,0.066,0.0,0.0,0.0,0.0,0.0,534.0,2496.0,0.493,40,0,0,8.714,8.586,255,240,2,80,80,0,0,6400,0,0,0,0,0,0,0,0,0,0,240,0,0,0,2911,138,0,2677,0,0,4,2.911
3766,12.448,29.033,0.066,0.0,0.0,0.0,0.0,0.0,534.0,2496.0,0.453,40,0,0,8.626,8.524,254,240,2,80,80,0,0,6400,0,0,0,0,0,0,0,0,0,0,240,0,0,0,2977,131,0,2748,0,0,3,2.977
3767,14.809,29.033,0.066,0.0,0.0,0.0,0.0,0.0,534.0,2496.0,0.454,40,0,0,11.163,11.073,253,240,2,80,80,0,0,6400,0,0,0,0,0,0,0,0,0,0,240,0,0,0,2843,115,0,2637,0,0,3,2.843
3768,12.317,29.033,0.066,0.0,0.0,0.0,0.0,0.0,534.0,2496.0,0.56,40,0,0,8.527,8.439,252,240,2,80,80,0,0,6400,0,0,0,0,0,0,0,0,0,0,240,0,0,0,2968,117,0,2755,0,0,3,2.968
3769,12.717,29.033,0.066,0.0,0.0,0.0,0.0,0.0,534.0,2496.0,0.419,40,0,0,8.598,8.496,255,240,2,80,80,0,0,6400,0,0,0,0,0,0,0,0,0,0,240,0,0,0,3147,129,0,2913,0,0,3,3.147
3770,22.888,29.033,0.066,0.0,0.0,0.0,0.0,0.0,534.0,2496.0,0.853,40,0,0,15.937,15.841,253,240,2,80,80,0,0,6400,0,0,0,0,0,0,0,0,0,0,240,0,0,0,5949,227,0,5516,0,0,6,5.949
3771,26.435,29.033,0.066,0.0,0.0,0.0,0.0,0.0,534.0,2496.0,1.041,40,0,0,18.899,18.754,252,240,2,80,80,0,0,6400,0,0,0,0,0,0,0,0,0,0,240,0,0,0,5980,243,0,5424,0,0,9,5.98
3772,27.117,29.033,0.066,0.0,0.0,0.0,0.0,0.0,534.0,2496.0,0.887,40,0,0,19.342,19.083,254,240,2,80,80,0,0,6400,0,0,0,0,0,0,0,0,0,0,240,0,0,0,5942,278,0,5415,0,0,8,5.942
3773,24.879,29.033,0.066,0.0,0.0,0.0,0.0,0.0,534.0,2496.0,1.063,40,0,0,16.88,16.666,256,240,2,80,80,0,0,6400,0,0,0,0,0,0,0,0,0,0,240,0,0,0,6444,239,0,5961,0,0,9,6.444
3774,27.992,29.033,0.066,0.0,0.0,0.0,0.0,0.0,534.0,2496.0,0.775,40,0,0,22.377,19.438,253,240,2,80,80,0,0,6400,0,0,0,0,0,0,0,0,0,0,240,0,0,0,3876,175,0,3567,0,0,6,3.876
3775,26.633,29.033,0.066,0.0,0.0,0.0,0.0,0.0,534.0,2496.0,0.819,40,0,0,19.106,18.796,255,240,2,80,80,0,0,6400,0,0,0,0,0,0,0,0,0,0,240,0,0,0,5966,226,0,5513,0,0,7,5.966
3776,26.322,29.033,0.066,0.0,0.0,0.0,0.0,0.0,534.0,2496.0,1.175,40,0,0,18.591,18.424,253,240,2,80,80,0,0,6400,0,0,0,0,0,0,0,0,0,0,240,0,0,0,6051,255,0,5546,0,0,7,6.051
3777,28.629,29.033,0.066,0.0,0.0,0.0,0.0,0.0,534.0,2496.0,1.022,40,0,0,20.742,20.484,253,240,2,80,80,0,0,6400,0,0,0,0,0,0,0,0,0,0,240,0,0,0,5850,230,0,5354,0,0,9,5.85
3778,21.609,29.033,0.066,0.0,0.0,0.0,0.0,0.0,534.0,2496.0,0.489,40,0,0,17.11,16.92,254,240,2,80,80,0,0,6400,0,0,0,0,0,0,0,0,0,0,240,0,0,0,2857,167,0,2590,0,0,3,2.857
3779,12.234,29.033,0.066,0.0,0.0,0.0,0.0,0.0,534.0,2496.0,0.458,40,0,0,8.555,8.474,252,240,2,80,80,0,0,6400,0,0,0,0,0,0,0,0,0,0,240,0,0,0,2788,129,0,2568,0,0,3,2.788
3780,12.296,29.033,0.066,0.0,0.0,0.0,0.0,0.0,534.0,2496.0,0.429,40,0,0,8.65,8.56,254,240,2,80,80,0,0,6400,0,0,0,0,0,0,0,0,0,0,240,0,0,0,2800,114,0,2596,0,0,3,2.8
3781,12.064,29.033,0.066,0.0,0.0,0.0,0.0,0.0,534.0,2496.0,0.426,40,0,0,8.479,8.383,254,240,2,80,80,0,0,6400,0,0,0,0,0,0,0,0,0,0,240,0,0,0,2808,117,0,2577,0,0,2,2.808
3782,11.965,29.033,0.066,0.0,0.0,0.0,0.0,0.0,534.0,2496.0,0.464,40,0,0,8.331,8.238,254,240,2,80,80,0,0,6400,0,0,0,0,0,0,0,0,0,0,240,0,0,0,2896,126,0,2672,0,0,2,2.896
3783,11.88,29.033,0.066,0.0,0.0,0.0,0.0,0.0,534.0,2496.0,0.416,40,0,0,8.256,8.154,252,240,2,80,80,0,0,6400,0,0,0,0,0,0,0,0,0,0,240,0,0,0,2799,119,0,2592,0,0,2,2.799
3784,11.858,29.033,0.066,0.0,0.0,0.0,0.0,0.0,534.0,2496.0,0.484,40,0,0,8.267,8.175,253,240,2,80,80,0,0,6400,0,0,0,0,0,0,0,0,0,0,240,0,0,0,2805,121,0,2586,0,0,3,2.805
3785,11.882,29.033,0.066,0.0,0.0,0.0,0.0,0.0,534.0,2496.0,0.446,40,0,0,8.246,8.154,253,240,2,80,80,0,0,6400,0,0,0,0,0,0,0,0,0,0,240,0,0,0,2779,114,0,2569,0,0,3,2.779
3786,15.101,29.033,0.066,0.0,0.0,0.0,0.0,0.0,534.0,2496.0,0.523,40,0,0,9.224,9.149,252,240,2,80,80,0,0,6400,0,0,0,0,0,0,0,0,0,0,240,0,0,0,5056,118,0,4827,0,0,4,5.056
3787,14.595,29.033,0.066,0.0,0.0,0.0,0.0,0.0,534.0,2496.0,0.419,40,0,0,10.653,10.563,253,240,2,80,80,0,0,6400,0,0,0,0,0,0,0,0,0,0,240,0,0,0,2954,138,0,2714,0,0,3,2.954
3788,15.967,29.033,0.066,0.0,0.0,0.0,0.0,0.0,534.0,2496.0,0.456,40,0,0,10.879,10.78,255,240,2,80,80,0,0,6400,0,0,0,0,0,0,0,0,0,0,240,0,0,0,4082,184,0,3709,0,0,3,4.082
3789,12.803,29.033,0.066,0.0,0.0,0.0,0.0,0.0,534.0,2496.0,0.463,40,0,0,9.065,8.909,255,240,2,80,80,0,0,6400,0,0,0,0,0,0,0,0,0,0,240,0,0,0,2863,133,0,2640,0,0,2,2.863
3790,13.504,29.033,0.066,0.0,0.0,0.0,0.0,0.0,534.0,2496.0,0.986,40,0,0,9.812,9.685,253,240,2,80,80,0,0,6400,0,0,0,0,0,0,0,0,0,0,240,0,0,0,2782,124,0,2565,0,0,2,2.782
3791,15.417,29.033,0.066,0.0,0.0,0.0,0.0,0.0,534.0,2496.0,0.514,40,0,0,11.091,8.584,253,240,2,80,80,0,0,6400,0,0,0,0,0,0,0,0,0,0,240,0,0,0,2886,121,0,2669,0,0,3,2.886
3792,13.126,69.757,0.044,0.0,0.0,0.0,0.0,0.0,534.0,2496.0,0.409,40,0,0,8.74,8.659,252,240,2,80,80,0,0,6400,0,0,0,0,0,0,0,0,0,0,240,0,0,0,3492,117,0,3244,0,0,4,3.492
3793,14.453,69.757,0.044,0.0,0.0,0.0,0.0,0.0,534.0,2496.0,0.463,40,0,0,10.75,10.654,254,240,2,80,80,0,0,6400,0,0,0,0,0,0,0,0,0,0,240,0,0,0,2886,161,0,2639,0,0,3,2.886
3794,12.988,69.757,0.044,0.0,0.0,0.0,0.0,0.0,534.0,2496.0,0.79,40,0,0,9.039,8.953,252,240,2,80,80,0,0,6400,0,0,0,0,0,0,0,0,0,0,240,0,0,0,3102,126,0,2860,0,0,4,3.102
3795,15.09,69.757,0.044,0.0,0.0,0.0,0.0,0.0,534.0,2496.0,0.704,40,0,0,9.825,9.73,252,240,2,80,80,0,0,6400,0,0,0,0,0,0,0,0,0,0,240,0,0,0,3977,252,0,3577,0,0,4,3.977
3796,14.919,69.757,0.044,0.0,0.0,0.0,0.0,0.0,534.0,2496.0,0.545,40,0,0,10.106,9.964,255,240,2,80,80,0,0,6400,0,0,0,0,0,0,0,0,0,0,240,0,0,0,3587,153,0,3306,0,0,4,3.587
3797,15.886,69.757,0.044,0.0,0.0,0.0,0.0,0.0,534.0,2496.0,4.617,40,0,0,12.051,11.959,254,240,2,80,80,0,0,6400,0,0,0,0,0,0,0,0,0,0,240,0,0,0,2889,121,0,2669,0,0,3,2.889
3798,21.441,69.757,0.044,0.0,0.0,0.0,0.0,0.0,534.0,2496.0,0.62,40,0,0,10.661,10.546,253,240,2,80,80,0,0,6400,0,0,0,0,0,0,0,0,0,0,240,0,0,0,3999,195,0,3646,0,0,6,3.999
3799,18.105,69.757,0.044,0.0,0.0,0.0,0.0,0.0,534.0,2496.0,0.606,40,0,0,12.722,12.542,253,240,2,80,80,0,0,6400,0,0,0,0,0,0,0,0,0,0,240,0,0,0,4167,257,0,3751,0,0,5,4.167
3800,17.979,69.757,0.044,0.0,0.0,0.0,0.0,0.0,534.0,2496.0,0.614,40,0,0,12.75,12.626,252,240,2,80,80,0,0,6400,0,0,0,0,0,0,0,0,0,0,240,0,0,0,4001,192,0,3650,0,0,5,4.001
3801,17.676,69.757,0.044,0.0,0.0,0.0,0.0,0.0,534.0,2496.0,0.622,40,0,0,12.701,12.528,254,240,2,80,80,0,0,6400,0,0,0,0,0,0,0,0,0,0,240,0,0,0,3817,184,0,3502,0,0,5,3.817
3802,17.114,69.757,0.044,0.0,0.0,0.0,0.0,0.0,534.0,2496.0,0.661,40,0,0,12.084,11.964,253,240,2,80,80,0,0,6400,0,0,0,0,0,0,0,0,0,0,240,0,0,0,3856,162,0,3536,0,0,5,3.856
3803,14.241,69.757,0.044,0.0,0.0,0.0,0.0,0.0,534.0,2496.0,0.582,40,0,0,9.723,9.591,253,240,2,80,80,0,0,6400,0,0,0,0,0,0,0,0,0,0,240,0,0,0,3390,118,0,3161,0,0,4,3.39
3804,14.628,69.757,0.044,0.0,0.0,0.0,0.0,0.0,534.0,2496.0,0.465,40,0,0,10.611,10.491,252,240,2,80,80,0,0,6400,0,0,0,0,0,0,0,0,0,0,240,0,0,0,2925,134,0,2688,0,0,3,2.925
3805,13.05,69.757,0.044,0.0,0.0,0.0,0.0,0.0,534.0,2496.0,0.446,40,0,0,9.365,9.264,254,240,2,80,80,0,0,6400,0,0,0,0,0,0,0,0,0,0,240,0,0,0,2802,113,0,2601,0,0,3,2.802
3806,18.733,69.757,0.044,0.0,0.0,0.0,0.0,0.0,534.0,2496.0,0.535,40,0,0,8.44,8.357,252,240,2,80,80,0,0,6400,0,0,0,0,0,0,0,0,0,0,240,0,0,0,9484,115,0,9130,0,0,4,9.484
3807,13.284,69.757,0.044,0.0,0.0,0.0,0.0,0.0,534.0,2496.0,0.482,40,0,0,9.451,9.363,252,240,2,80,80,0,0,6400,0,0,0,0,0,0,0,0,0,0,240,0,0,0,2870,117,0,2665,0,0,3,2.87
3808,13.204,69.757,0.044,0.0,0.0,0.0,0.0,0.0,534.0,2496.0,0.437,40,0,0,9.499,9.407,253,240,2,80,80,0,0,6400,0,0,0,0,0,0,0,0,0,0,240,0,0,0,2787,117,0,2576,0,0,3,2.787
3809,12.315,69.757,0.044,0.0,0.0,0.0,0.0,0.0,534.0,2496.0,0.431,40,0,0,8.57,8.451,254,240,2,80,80,0,0,6400,0,0,0,0,0,0,0,0,0,0,240,0,0,0,2851,112,0,2635,0,0,3,2.851
3810,12.878,69.757,0.044,0.0,0.0,0.0,0.0,0.0,534.0,2496.0,0.42,40,0,0,9.073,8.989,252,240,2,80,80,0,0,6400,0,0,0,0,0,0,0,0,0,0,240,0,0,0,2948,115,0,2743,0,0,4,2.948
3811,12.064,69.757,0.044,0.0,0.0,0.0,0.0,0.0,534.0,2496.0,0.4,40,0,0,8.513,8.423,253,240,2,80,80,0,0,6400,0,0,0,0,0,0,0,0,0,0,240,0,0,0,2774,111,0,2572,0,0,3,2.774
3812,11.995,69.757,0.044,0.0,0.0,0.0,0.0,0.0,534.0,2496.0,0.42,40,0,0,8.406,8.332,252,240,2,80,80,0,0,6400,0,0,0,0,0,0,0,0,0,0,240,0,0,0,2842,143,0,2602,0,0,3,2.842
3813,12.453,69.757,0.044,0.0,0.0,0.0,0.0,0.0,534.0,2496.0,0.562,40,0,0,8.734,8.617,253,240,2,80,80,0,0,6400,0,0,0,0,0,0,0,0,0,0,240,0,0,0,2937,113,0,2705,0,0,2,2.937
3814,12.472,69.757,0.044,0.0,0.0,0.0,0.0,0.0,534.0,2496.0,0.401,40,0,0,8.728,8.638,253,240,2,80,80,0,0,6400,0,0,0,0,0,0,0,0,0,0,240,0,0,0,2795,115,0,2588,0,0,3,2.795
3815,12.153,69.757,0.044,0.0,0.0,0.0,0.0,0.0,534.0,2496.0,0.41,40,0,0,8.511,8.427,253,240,2,80,80,0,0,6400,0,0,0,0,0,0,0,0,0,0,240,0,0,0,2897,120,0,2676,0,0,3,2.897
3816,12.276,69.757,0.044,0.0,0.0,0.0,0.0,0.0,534.0,2496.0,0.46,40,0,0,8.854,8.767,253,240,2,80,80,0,0,6400,0,0,0,0,0,0,0,0,0,0,240,0,0,0,2607,113,0,2413,0,0,3,2.607
3817,14.067,69.757,0.044,0.0,0.0,0.0,0.0,0.0,534.0,2496.0,0.525,40,0,0,10.371,10.281,253,240,2,80,80,0,0,6400,0,0,0,0,0,0,0,0,0,0,240,0,0,0,2768,141,0,2544,0,0,3,2.768
3818,13.349,69.757,0.044,0.0,0.0,0.0,0.0,0.0,534.0,2496.0,0.425,40,0,0,9.795,9.712,252,240,2,80,80,0,0,6400,0,0,0,0,0,0,0,0,0,0,240,0,0,0,2643,109,0,2459,0,0,3,2.643
3819,11.582,69.757,0.044,0.0,0.0,0.0,0.0,0.0,534.0,2496.0,0.434,40,0,0,8.202,8.125,252,240,2,80,80,0,0,6400,0,0,0,0,0,0,0,0,0,0,240,0,0,0,2588,107,0,2393,0,0,2,2.588
3820,11.327,69.757,0.044,0.0,0.0,0.0,0.0,0.0,534.0,2496.0,0.43,40,0,0,7.911,7.805,254,240,2,80,80,0,0,6400,0,0,0,0,0,0,0,0,0,0,240,0,0,0,2588,105,0,2367,0,0,3,2.588
3821,11.269,69.757,0.044,0.0,0.0,0.0,0.0,0.0,534.0,2496.0,0.486,40,0,0,7.814,7.731,253,240,2,80,80,0,0,6400,0,0,0,0,0,0,0,0,0,0,240,0,0,0,2682,121,0,2475,0,0,3,2.682
3822,11.481,69.757,0.044,0.0,0.0,0.0,0.0,0.0,534.0,2496.0,0.438,40,0,0,7.947,7.8,253,240,2,80,80,0,0,6400,0,0,0,0,0,0,0,0,0,0,240,0,0,0,2642,113,0,2449,0,0,3,2.642
3823,11.411,69.757,0.044,0.0,0.0,0.0,0.0,0.0,534.0,2496.0,0.415,40,0,0,7.927,7.84,253,240,2,80,80,0,0,6400,0,0,0,0,0,0,0,0,0,0,240,0,0,0,2711,103,0,2519,0,0,2,2.711
3824,12.277,69.757,0.044,0.0,0.0,0.0,0.0,0.0,534.0,2496.0,0.517,40,0,0,8.329,8.249,252,240,2,80,80,0,0,6400,0,0,0,0,0,0,0,0,0,0,240,0,0,0,3185,115,0,2957,0,0,3,3.185
3825,17.722,69.757,0.044,0.0,0.0,0.0,0.0,0.0,534.0,2496.0,0.606,40,0,0,12.898,9.86,253,240,2,80,80,0,0,6400,0,0,0,0,0,0,0,0,0,0,240,0,0,0,3921,163,0,3431,0,0,4,3.921
3826,12.321,69.757,0.044,0.0,0.0,0.0,0.0,0.0,534.0,2496.0,0.438,40,0,0,8.466,8.347,254,240,2,80,80,0,0,6400,0,0,0,0,0,0,0,0,0,0,240,0,0,0,2828,110,0,2624,0,0,2,2.828
3827,13.284,69.757,0.044,0.0,0.0,0.0,0.0,0.0,534.0,2496.0,0.446,40,0,0,9.594,9.515,252,240,2,80,80,0,0,6400,0,0,0,0,0,0,0,0,0,0,240,0,0,0,2824,115,0,2620,0,0,3,2.824
3828,12.455,69.757,0.044,0.0,0.0,0.0,0.0,0.0,534.0,2496.0,0.403,40,0,0,8.751,8.638,254,240,2,80,80,0,0,6400,0,0,0,0,0,0,0,0,0,0,240,0,0,0,2904,246,0,2567,0,0,2,2.904
3829,12.035,69.757,0.044,0.0,0.0,0.0,0.0,0.0,534.0,2496.0,0.408,40,0,0,8.46,8.375,253,240,2,80,80,0,0,6400,0,0,0,0,0,0,0,0,0,0,240,0,0,0,2856,107,0,2655,0,0,3,2.856
3830,11.563,69.757,0.044,0.0,0.0,0.0,0.0,0.0,534.0,2496.0,0.417,40,0,0,8.129,8.041,252,240,2,80,80,0,0,6400,0,0,0,0,0,0,0,0,0,0,240,0,0,0,2655,111,0,2461,0,0,3,2.655
3831,12.346,69.757,0.044,0.0,0.0,0.0,0.0,0.0,534.0,2496.0,0.385,40,0,0,8.887,8.811,252,240,2,80,80,0,0,6400,0,0,0,0,0,0,0,0,0,0,240,0,0,0,2702,107,0,2506,0,0,3,2.702
3832,11.564,69.757,0.044,0.0,0.0,0.0,0.0,0.0,534.0,2496.0,0.433,40,0,0,8.129,8.048,253,240,2,80,80,0,0,6400,0,0,0,0,0,0,0,0,0,0,240,0,0,0,2688,118,0,2483,0,0,3,2.688
3833,11.782,69.757,0.044,0.0,0.0,0.0,0.0,0.0,534.0,2496.0,0.516,40,0,0,7.843,7.76,253,240,2,80,80,0,0,6400,0,0,0,0,0,0,0,0,0,0,240,0,0,0,3200,119,0,2963,0,0,16,3.2
3834,12.186,69.757,0.044,0.0,0.0,0.0,0.0,0.0,534.0,2496.0,0.455,40,0,0,8.42,8.317,254,240,2,80,80,0,0,6400,0,0,0,0,0,0,0,0,0,0,240,0,0,0,2852,160,0,2598,0,0,2,2.852
3835,11.993,69.757,0.044,0.0,0.0,0.0,0.0,0.0,534.0,2496.0,0.442,40,0,0,8.376,8.291,253,240,2,80,80,0,0,6400,0,0,0,0,0,0,0,0,0,0,240,0,0,0,2824,144,0,2598,0,0,2,2.824
3836,12.571,69.757,0.044,0.0,0.0,0.0,0.0,0.0,534.0,2496.0,0.429,40,0,0,8.839,8.758,253,240,2,80,80,0,0,6400,0,0,0,0,0,0,0,0,0,0,240,0,0,0,2865,115,0,2657,0,0,3,2.865
3837,11.966,69.757,0.044,0.0,0.0,0.0,0.0,0.0,534.0,2496.0,0.453,40,0,0,8.349,8.27,252,240,2,80,80,0,0,6400,0,0,0,0,0,0,0,0,0,0,240,0,0,0,2845,115,0,2640,0,0,3,2.845
3838,12.35,69.757,0.044,0.0,0.0,0.0,0.0,0.0,534.0,2496.0,0.458,40,0,0,8.726,8.639,253,240,2,80,80,0,0,6400,0,0,0,0,0,0,0,0,0,0,240,0,0,0,2817,113,0,2615,0,0,2,2.817
3839,12.281,69.757,0.044,0.0,0.0,0.0,0.0,0.0,534.0,2496.0,0.481,40,0,0,8.278,8.201,252,240,2,80,80,0,0,6400,0,0,0,0,0,0,0,0,0,0,240,0,0,0,3143,152,0,2883,0,0,2,3.143
3840,12.825,69.757,0.044,0.0,0.0,0.0,0.0,0.0,534.0,2496.0,0.471,40,0,0,9.02,8.928,253,240,2,80,80,0,0,6400,0,0,0,0,0,0,0,0,0,0,240,0,0,0,2902,116,0,2698,0,0,3,2.902
3841,11.931,69.757,0.044,0.0,0.0,0.0,0.0,0.0,534.0,2496.0,0.474,40,0,0,8.232,8.129,255,240,2,80,80,0,0,6400,0,0,0,0,0,0,0,0,0,0,240,0,0,0,2830,118,0,2628,0,0,3,2.83
3842,12.473,69.757,0.044,0.0,0.0,0.0,0.0,0.0,534.0,2496.0,0.556,40,0,0,8.773,8.633,252,240,2,80,80,0,0,6400,0,0,0,0,0,0,0,0,0,0,240,0,0,0,2849,118,0,2642,0,0,3,2.849
3843,12.127,69.757,0.044,0.0,0.0,0.0,0.0,0.0,534.0,2496.0,0.503,40,0,0,8.41,8.326,252,240,2,80,80,0,0,6400,0,0,0,0,0,0,0,0,0,0,240,0,0,0,2803,109,0,2614,0,0,2,2.803
3844,12.476,69.757,0.044,0.0,0.0,0.0,0.0,0.0,534.0,2496.0,0.444,40,0,0,8.824,8.728,253,240,2,80,80,0,0,6400,0,0,0,0,0,0,0,0,0,0,240,0,0,0,2760,116,0,2558,0,0,3,2.76
3845,12.08,69.757,0.044,0.0,0.0,0.0,0.0,0.0,534.0,2496.0,0.666,40,0,0,8.434,8.349,253,240,2,80,80,0,0,6400,0,0,0,0,0,0,0,0,0,0,240,0,0,0,2808,139,0,2580,0,0,2,2.808
3846,12.831,69.757,0.044,0.0,0.0,0.0,0.0,0.0,534.0,2496.0,0.475,40,0,0,9.021,8.937,252,240,2,80,80,0,0,6400,0,0,0,0,0,0,0,0,0,0,240,0,0,0,2789,143,0,2556,0,0,2,2.789
3847,14.077,69.757,0.044,0.0,0.0,0.0,0.0,0.0,534.0,2496.0,0.772,40,0,0,8.365,8.268,255,240,2,80,80,0,0,6400,0,0,0,0,0,0,0,0,0,0,240,0,0,0,4850,115,0,4606,0,0,5,4.85
3848,18.666,69.757,0.044,0.0,0.0,0.0,0.0,0.0,534.0,2496.0,0.635,40,0,0,13.233,13.102,253,240,2,80,80,0,0,6400,0,0,0,0,0,0,0,0,0,0,240,0,0,0,4046,177,0,3718,0,0,5,4.046
3849,14.467,69.757,0.044,0.0,0.0,0.0,0.0,0.0,534.0,2496.0,0.466,40,0,0,10.49,10.363,253,240,2,80,80,0,0,6400,0,0,0,0,0,0,0,0,0,0,240,0,0,0,2844,122,0,2630,0,0,3,2.844
3850,12.588,69.757,0.044,0.0,0.0,0.0,0.0,0.0,534.0,2496.0,0.45,40,0,0,8.791,8.702,253,240,2,80,80,0,0,6400,0,0,0,0,0,0,0,0,0,0,240,0,0,0,2963,154,0,2711,0,0,3,2.963
3851,12.816,69.757,0.044,0.0,0.0,0.0,0.0,0.0,534.0,2496.0,0.442,40,0,0,8.973,8.867,252,240,2,80,80,0,0,6400,0,0,0,0,0,0,0,0,0,0,240,0,0,0,2966,117,0,2751,0,0,3,2.966
3852,12.841,69.757,0.044,0.0,0.0,0.0,0.0,0.0,534.0,2496.0,0.45,40,0,0,9.029,8.943,252,240,2,80,80,0,0,6400,0,0,0,0,0,0,0,0,0,0,240,0,0,0,2959,121,0,2734,0,0,3,2.959
3853,12.356,69.757,0.044,0.0,0.0,0.0,0.0,0.0,534.0,2496.0,0.454,40,0,0,8.58,8.482,254,240,2,80,80,0,0,6400,0,0,0,0,0,0,0,0,0,0,240,0,0,0,2917,138,0,2675,0,0,3,2.917
3854,12.284,69.757,0.044,0.0,0.0,0.0,0.0,0.0,534.0,2496.0,0.515,40,0,0,8.597,8.508,253,240,2,80,80,0,0,6400,0,0,0,0,0,0,0,0,0,0,240,0,0,0,2840,138,0,2619,0,0,3,2.84
3855,12.778,69.757,0.044,0.0,0.0,0.0,0.0,0.0,534.0,2496.0,0.51,40,0,0,8.84,8.758,252,240,2,80,80,0,0,6400,0,0,0,0,0,0,0,0,0,0,240,0,0,0,3014,143,0,2776,0,0,3,3.014
3856,12.534,69.757,0.044,0.0,0.0,0.0,0.0,0.0,534.0,2496.0,0.445,40,0,0,8.747,8.66,253,240,2,80,80,0,0,6400,0,0,0,0,0,0,0,0,0,0,240,0,0,0,2887,109,0,2686,0,0,2,2.887
3857,12.337,69.757,0.044,0.0,0.0,0.0,0.0,0.0,534.0,2496.0,0.458,40,0,0,8.585,8.502,253,240,2,80,80,0,0,6400,0,0,0,0,0,0,0,0,0,0,240,0,0,0,2932,138,0,2690,0,0,3,2.932
3858,12.433,69.757,0.044,0.0,0.0,0.0,0.0,0.0,534.0,2496.0,0.506,40,0,0,8.721,8.627,253,240,2,80,80,0,0,6400,0,0,0,0,0,0,0,0,0,0,240,0,0,0,2832,122,0,2625,0,0,3,2.832
3859,12.485,69.757,0.044,0.0,0.0,0.0,0.0,0.0,534.0,2496.0,0.457,40,0,0,8.713,8.61,254,240,2,80,80,0,0,6400,0,0,0,0,0,0,0,0,0,0,240,0,0,0,2880,115,0,2676,0,0,3,2.88
3860,13.962,69.757,0.044,0.0,0.0,0.0,0.0,0.0,534.0,2496.0,0.467,40,0,0,10.239,8.476,254,240,2,80,80,0,0,6400,0,0,0,0,0,0,0,0,0,0,240,0,0,0,2867,135,0,2620,0,0,2,2.867
3861,12.742,69.757,0.044,0.0,0.0,0.0,0.0,0.0,534.0,2496.0,0.427,40,0,0,9.025,8.895,252,240,2,80,80,0,0,6400,0,0,0,0,0,0,0,0,0,0,240,0,0,0,2823,120,0,2612,0,0,3,2.823
3862,14.864,69.757,0.044,0.0,0.0,0.0,0.0,0.0,534.0,2496.0,0.83,40,0,0,10.197,10.106,253,240,2,80,80,0,0,6400,0,0,0,0,0,0,0,0,0,0,240,0,0,0,3806,202,0,3477,0,0,6,3.806
3863,18.425,69.757,0.044,0.0,0.0,0.0,0.0,0.0,534.0,2496.0,0.593,40,0,0,12.85,12.674,252,240,2,80,80,0,0,6400,0,0,0,0,0,0,0,0,0,0,240,0,0,0,4150,230,0,3790,0,0,5,4.15
3864,15.492,69.757,0.044,0.0,0.0,0.0,0.0,0.0,534.0,2496.0,0.619,40,0,0,10.268,10.15,252,240,2,80,80,0,0,6400,0,0,0,0,0,0,0,0,0,0,240,0,0,0,4195,143,0,3912,0,0,4,4.195
3865,16.494,69.757,0.044,0.0,0.0,0.0,0.0,0.0,534.0,2496.0,0.555,40,0,0,11.804,11.677,253,240,2,80,80,0,0,6400,0,0,0,0,0,0,0,0,0,0,240,0,0,0,3622,168,0,3328,0,0,5,3.622
3866,15.723,19.824,0.048,0.0,0.0,0.0,0.0,0.0,534.0,2496.0,0.431,40,0,0,11.063,10.935,255,240,2,80,80,0,0,6400,0,0,0,0,0,0,0,0,0,0,240,0,0,0,3627,161,0,3337,0,0,6,3.627
3867,12.392,19.824,0.048,0.0,0.0,0.0,0.0,0.0,534.0,2496.0,0.455,40,0,0,8.632,8.546,252,240,2,80,80,0,0,6400,0,0,0,0,0,0,0,0,0,0,240,0,0,0,2971,154,0,2724,0,0,4,2.971
3868,12.731,19.824,0.048,0.0,0.0,0.0,0.0,0.0,534.0,2496.0,0.431,40,0,0,8.858,8.756,253,240,2,80,80,0,0,6400,0,0,0,0,0,0,0,0,0,0,240,0,0,0,2884,204,0,2584,0,0,3,2.884
3869,12.315,19.824,0.048,0.0,0.0,0.0,0.0,0.0,534.0,2496.0,0.44,40,0,0,8.562,8.48,252,240,2,80,80,0,0,6400,0,0,0,0,0,0,0,0,0,0,240,0,0,0,2948,135,0,2719,0,0,3,2.948
3870,12.225,19.824,0.048,0.0,0.0,0.0,0.0,0.0,534.0,2496.0,0.461,40,0,0,8.567,8.479,252,240,2,80,80,0,0,6400,0,0,0,0,0,0,0,0,0,0,240,0,0,0,2830,127,0,2614,0,0,3,2.83
3871,14.98,19.824,0.048,0.0,0.0,0.0,0.0,0.0,534.0,2496.0,0.648,40,0,0,10.131,10.006,253,240,2,80,80,0,0,6400,0,0,0,0,0,0,0,0,0,0,240,0,0,0,3938,169,0,3630,0,0,6,3.938
3872,13.373,19.824,0.048,0.0,0.0,0.0,0.0,0.0,534.0,2496.0,0.475,40,0,0,9.546,9.421,253,240,2,80,80,0,0,6400,0,0,0,0,0,0,0,0,0,0,240,0,0,0,2770,111,0,2568,0,0,3,2.77
3873,12.234,19.824,0.048,0.0,0.0,0.0,0.0,0.0,534.0,2496.0,0.469,40,0,0,8.577,8.491,253,240,2,80,80,0,0,6400,0,0,0,0,0,0,0,0,0,0,240,0,0,0,2841,115,0,2592,0,0,3,2.841
3874,12.09,19.824,0.048,0.0,0.0,0.0,0.0,0.0,534.0,2496.0,0.437,40,0,0,8.415,8.313,255,240,2,80,80,0,0,6400,0,0,0,0,0,0,0,0,0,0,240,0,0,0,2850,139,0,2626,0,0,3,2.85
3875,12.557,19.824,0.048,0.0,0.0,0.0,0.0,0.0,534.0,2496.0,0.464,40,0,0,8.805,8.695,252,240,2,80,80,0,0,6400,0,0,0,0,0,0,0,0,0,0,240,0,0,0,2902,118,0,2676,0,0,4,2.902
3876,12.28,19.824,0.048,0.0,0.0,0.0,0.0,0.0,534.0,2496.0,0.502,40,0,0,8.514,8.427,252,240,2,80,80,0,0,6400,0,0,0,0,0,0,0,0,0,0,240,0,0,0,2897,136,0,2665,0,0,4,2.897
3877,12.197,19.824,0.048,0.0,0.0,0.0,0.0,0.0,534.0,2496.0,0.44,40,0,0,8.446,8.352,253,240,2,80,80,0,0,6400,0,0,0,0,0,0,0,0,0,0,240,0,0,0,2892,113,0,2689,0,0,3,2.892
3878,12.081,19.824,0.048,0.0,0.0,0.0,0.0,0.0,534.0,2496.0,0.435,40,0,0,8.472,8.334,252,240,2,80,80,0,0,6400,0,0,0,0,0,0,0,0,0,0,240,0,0,0,2794,123,0,2579,0,0,3,2.794
3879,11.877,19.824,0.048,0.0,0.0,0.0,0.0,0.0,534.0,2496.0,0.422,40,0,0,8.248,8.149,254,240,2,80,80,0,0,6400,0,0,0,0,0,0,0,0,0,0,240,0,0,0,2814,130,0,2587,0,0,3,2.814
3880,11.903,19.824,0.048,0.0,0.0,0.0,0.0,0.0,534.0,2496.0,0.418,40,0,0,8.338,8.254,253,240,2,80,80,0,0,6400,0,0,0,0,0,0,0,0,0,0,240,0,0,0,2796,115,0,2584,0,0,2,2.796
3881,11.722,19.824,0.048,0.0,0.0,0.0,0.0,0.0,534.0,2496.0,0.438,40,0,0,8.093,8.017,252,240,2,80,80,0,0,6400,0,0,0,0,0,0,0,0,0,0,240,0,0,0,2835,114,0,2625,0,0,3,2.835
3882,11.723,19.824,0.048,0.0,0.0,0.0,0.0,0.0,534.0,2496.0,0.455,40,0,0,8.146,8.061,253,240,2,80,80,0,0,6400,0,0,0,0,0,0,0,0,0,0,240,0,0,0,2793,141,0,2565,0,0,2,2.793
3883,11.958,19.824,0.048,0.0,0.0,0.0,0.0,0.0,534.0,2496.0,0.479,40,0,0,8.217,8.133,253,240,2,80,80,0,0,6400,0,0,0,0,0,0,0,0,0,0,240,0,0,0,2934,116,0,2727,0,0,2,2.934
3884,11.859,19.824,0.048,0.0,0.0,0.0,0.0,0.0,534.0,2496.0,0.427,40,0,0,8.248,8.166,252,240,2,80,80,0,0,6400,0,0,0,0,0,0,0,0,0,0,240,0,0,0,2799,112,0,2600,0,0,3,2.799
3885,11.683,19.824,0.048,0.0,0.0,0.0,0.0,0.0,534.0,2496.0,0.467,40,0,0,8.167,8.074,253,240,2,80,80,0,0,6400,0,0,0,0,0,0,0,0,0,0,240,0,0,0,2748,110,0,2552,0,0,3,2.748
3886,12.152,19.824,0.048,0.0,0.0,0.0,0.0,0.0,534.0,2496.0,0.434,40,0,0,8.139,8.056,253,240,2,80,80,0,0,6400,0,0,0,0,0,0,0,0,0,0,240,0,0,0,3175,146,0,2925,0,0,3,3.175
3887,11.985,19.824,0.048,0.0,0.0,0.0,0.0,0.0,534.0,2496.0,0.436,40,0,0,8.369,8.234,252,240,2,80,80,0,0,6400,0,0,0,0,0,0,0,0,0,0,240,0,0,0,2798,135,0,2577,0,0,3,2.798
3888,11.841,19.824,0.048,0.0,0.0,0.0,0.0,0.0,534.0,2496.0,0.469,40,0,0,8.305,8.221,253,240,2,80,80,0,0,6400,0,0,0,0,0,0,0,0,0,0,240,0,0,0,2751,114,0,2552,0,0,3,2.751
3889,12.179,19.824,0.048,0.0,0.0,0.0,0.0,0.0,534.0,2496.0,0.43,40,0,0,8.513,8.415,255,240,2,80,80,0,0,6400,0,0,0,0,0,0,0,0,0,0,240,0,0,0,2822,139,0,2594,0,0,3,2.822
3890,11.814,19.824,0.048,0.0,0.0,0.0,0.0,0.0,534.0,2496.0,0.45,40,0,0,8.264,8.152,253,240,2,80,80,0,0,6400,0,0,0,0,0,0,0,0,0,0,240,0,0,0,2767,121,0,2560,0,0,3,2.767
3891,11.821,19.824,0.048,0.0,0.0,0.0,0.0,0.0,534.0,2496.0,0.472,40,0,0,8.299,8.214,253,240,2,80,80,0,0,6400,0,0,0,0,0,0,0,0,0,0,240,0,0,0,2748,110,0,2553,0,0,2,2.748
3892,11.955,19.824,0.048,0.0,0.0,0.0,0.0,0.0,534.0,2496.0,0.485,40,0,0,8.29,8.203,253,240,2,80,80,0,0,6400,0,0,0,0,0,0,0,0,0,0,240,0,0,0,2848,122,0,2627,0,0,3,2.848
3893,11.768,19.824,0.048,0.0,0.0,0.0,0.0,0.0,534.0,2496.0,0.48,40,0,0,8.117,8.033,252,240,2,80,80,0,0,6400,0,0,0,0,0,0,0,0,0,0,240,0,0,0,2798,134,0,2570,0,0,3,2.798
3894,12.663,19.824,0.048,0.0,0.0,0.0,0.0,0.0,534.0,2496.0,0.458,40,0,0,8.261,8.175,252,240,2,80,80,0,0,6400,0,0,0,0,0,0,0,0,0,0,240,0,0,0,3530,128,0,3289,0,0,3,3.53
3895,12.485,19.824,0.048,0.0,0.0,0.0,0.0,0.0,534.0,2496.0,0.47,40,0,0,8.718,8.594,254,240,2,80,80,0,0,6400,0,0,0,0,0,0,0,0,0,0,240,0,0,0,2934,143,0,2692,0,0,3,2.934
3896,15.062,19.824,0.048,0.0,0.0,0.0,0.0,0.0,534.0,2496.0,0.506,40,0,0,11.294,9.298,253,240,2,80,80,0,0,6400,0,0,0,0,0,0,0,0,0,0,240,0,0,0,2877,134,0,2646,0,0,4,2.877
3897,12.832,19.824,0.048,0.0,0.0,0.0,0.0,0.0,534.0,2496.0,0.491,40,0,0,8.707,8.607,254,240,2,80,80,0,0,6400,0,0,0,0,0,0,0,0,0,0,240,0,0,0,3284,124,0,3042,0,0,3,3.284
3898,12.465,19.824,0.048,0.0,0.0,0.0,0.0,0.0,534.0,2496.0,0.426,40,0,0,8.722,8.632,253,240,2,80,80,0,0,6400,0,0,0,0,0,0,0,0,0,0,240,0,0,0,2890,117,0,2672,0,0,3,2.89
3899,12.854,19.824,0.048,0.0,0.0,0.0,0.0,0.0,534.0,2496.0,0.473,40,0,0,8.742,8.664,252,240,2,80,80,0,0,6400,0,0,0,0,0,0,0,0,0,0,240,0,0,0,3329,113,0,3113,0,0,4,3.329
3900,12.134,19.824,0.048,0.0,0.0,0.0,0.0,0.0,534.0,2496.0,0.409,40,0,0,8.472,8.389,252,240,2,80,80,0,0,6400,0,0,0,0,0,0,0,0,0,0,240,0,0,0,2823,115,0,2617,0,0,2,2.823
3901,12.622,19.824,0.048,0.0,0.0,0.0,0.0,0.0,534.0,2496.0,0.459,40,0,0,8.755,8.664,254,240,2,80,80,0,0,6400,0,0,0,0,0,0,0,0,0,0,240,0,0,0,2924,163,0,2664,0,0,3,2.924
3902,12.171,19.824,0.048,0.0,0.0,0.0,0.0,0.0,534.0,2496.0,0.411,40,0,0,8.561,8.48,252,240,2,80,80,0,0,6400,0,0,0,0,0,0,0,0,0,0,240,0,0,0,2752,166,0,2492,0,0,3,2.752
3903,13.866,19.824,0.048,0.0,0.0,0.0,0.0,0.0,534.0,2496.0,0.452,40,0,0,10.362,10.278,253,240,2,80,80,0,0,6400,0,0,0,0,0,0,0,0,0,0,240,0,0,0,2744,111,0,2550,0,0,4,2.744
3904,12.485,19.824,0.048,0.0,0.0,0.0,0.0,0.0,534.0,2496.0,0.464,40,0,0,8.858,8.769,254,240,2,80,80,0,0,6400,0,0,0,0,0,0,0,0,0,0,240,0,0,0,2843,109,0,2635,0,0,4,2.843
3905,12.863,19.824,0.048,0.0,0.0,0.0,0.0,0.0,534.0,2496.0,0.469,40,0,0,8.447,8.203,252,240,2,80,80,0,0,6400,0,0,0,0,0,0,0,0,0,0,240,0,0,0,3618,134,0,3361,0,0,5,3.618
3906,15.183,19.824,0.048,0.0,0.0,0.0,0.0,0.0,534.0,2496.0,0.456,40,0,0,10.407,10.311,253,240,2,80,80,0,0,6400,0,0,0,0,0,0,0,0,0,0,240,0,0,0,3926,148,0,3669,0,0,3,3.926
3907,21.982,19.824,0.048,0.0,0.0,0.0,0.0,0.0,534.0,2496.0,0.467,40,0,0,13.122,12.994,254,240,2,80,80,0,0,6400,0,0,0,0,0,0,0,0,0,0,240,0,0,0,7851,165,0,7560,0,0,4,7.851
3908,13.823,19.824,0.048,0.0,0.0,0.0,0.0,0.0,534.0,2496.0,0.509,40,0,0,9.084,8.991,252,240,2,80,80,0,0,6400,0,0,0,0,0,0,0,0,0,0,240,0,0,0,3843,124,0,3604,0,0,4,3.843
3909,12.939,19.824,0.048,0.0,0.0,0.0,0.0,0.0,534.0,2496.0,0.468,40,0,0,9.165,9.076,253,240,2,80,80,0,0,6400,0,0,0,0,0,0,0,0,0,0,240,0,0,0,2857,123,0,2638,0,0,3,2.857
3910,12.496,19.824,0.048,0.0,0.0,0.0,0.0,0.0,534.0,2496.0,0.474,40,0,0,8.738,8.64,253,240,2,80,80,0,0,6400,0,0,0,0,0,0,0,0,0,0,240,0,0,0,2907,123,0,2687,0,0,3,2.907
3911,13.057,19.824,0.048,0.0,0.0,0.0,0.0,0.0,534.0,2496.0,0.471,40,0,0,9.403,9.312,253,240,2,80,80,0,0,6400,0,0,0,0,0,0,0,0,0,0,240,0,0,0,2829,114,0,2621,0,0,2,2.829
3912,12.46,19.824,0.048,0.0,0.0,0.0,0.0,0.0,534.0,2496.0,0.536,40,0,0,8.724,8.599,253,240,2,80,80,0,0,6400,0,0,0,0,0,0,0,0,0,0,240,0,0,0,2906,120,0,2679,0,0,2,2.906
3913,12.563,19.824,0.048,0.0,0.0,0.0,0.0,0.0,534.0,2496.0,0.451,40,0,0,8.719,8.624,253,240,2,80,80,0,0,6400,0,0,0,0,0,0,0,0,0,0,240,0,0,0,2906,119,0,2694,0,0,2,2.906
3914,12.467,19.824,0.048,0.0,0.0,0.0,0.0,0.0,534.0,2496.0,0.46,40,0,0,8.459,8.374,253,240,2,80,80,0,0,6400,0,0,0,0,0,0,0,0,0,0,240,0,0,0,3155,118,0,2933,0,0,3,3.155
3915,12.307,19.824,0.048,0.0,0.0,0.0,0.0,0.0,534.0,2496.0,0.443,40,0,0,8.543,8.446,254,240,2,80,80,0,0,6400,0,0,0,0,0,0,0,0,0,0,240,0,0,0,2921,124,0,2702,0,0,2,2.921
3916,25.24,19.824,0.048,0.0,0.0,0.0,0.0,0.0,534.0,2496.0,0.473,40,0,0,19.166,19.069,253,240,2,80,80,0,0,6400,0,0,0,0,0,0,0,0,0,0,240,0,0,0,5163,141,0,4914,0,0,3,5.163
3917,12.376,19.824,0.048,0.0,0.0,0.0,0.0,0.0,534.0,2496.0,0.407,40,0,0,8.831,8.747,252,240,2,80,80,0,0,6400,0,0,0,0,0,0,0,0,0,0,240,0,0,0,2630,115,0,2437,0,0,2,2.63
3918,11.49,19.824,0.048,0.0,0.0,0.0,0.0,0.0,534.0,2496.0,0.454,40,0,0,7.993,7.916,252,240,2,80,80,0,0,6400,0,0,0,0,0,0,0,0,0,0,240,0,0,0,2711,114,0,2490,0,0,3,2.711
3919,11.458,19.824,0.048,0.0,0.0,0.0,0.0,0.0,534.0,2496.0,0.428,40,0,0,8.084,7.731,255,240,2,80,80,0,0,6400,0,0,0,0,0,0,0,0,0,0,240,0,0,0,2550,102,0,2358,0,0,2,2.55
3920,11.372,19.824,0.048,0.0,0.0,0.0,0.0,0.0,534.0,2496.0,0.41,40,0,0,7.659,7.584,252,240,2,80,80,0,0,6400,0,0,0,0,0,0,0,0,0,0,240,0,0,0,2938,107,0,2753,0,0,3,2.938
3921,14.937,19.824,0.048,0.0,0.0,0.0,0.0,0.0,534.0,2496.0,0.412,40,0,0,10.534,10.415,253,240,2,80,80,0,0,6400,0,0,0,0,0,0,0,0,0,0,240,0,0,0,3568,164,0,3288,0,0,4,3.568
3922,10.618,19.824,0.048,0.0,0.0,0.0,0.0,0.0,534.0,2496.0,0.387,40,0,0,7.349,7.26,255,240,2,80,80,0,0,6400,0,0,0,0,0,0,0,0,0,0,240,0,0,0,2486,103,0,2314,0,0,2,2.486
3923,13.919,19.824,0.048,0.0,0.0,0.0,0.0,0.0,534.0,2496.0,0.425,40,0,0,7.654,7.584,252,240,2,80,80,0,0,6400,0,0,0,0,0,0,0,0,0,0,240,0,0,0,5560,104,0,4794,0,0,3,5.56
3924,13.39,19.824,0.048,0.0,0.0,0.0,0.0,0.0,534.0,2496.0,0.395,40,0,0,10.038,9.955,253,240,2,80,80,0,0,6400,0,0,0,0,0,0,0,0,0,0,240,0,0,0,2593,105,0,2397,0,0,3,2.593
3925,13.029,19.824,0.048,0.0,0.0,0.0,0.0,0.0,534.0,2496.0,0.432,40,0,0,9.282,9.203,253,240,2,80,80,0,0,6400,0,0,0,0,0,0,0,0,0,0,240,0,0,0,2908,120,0,2689,0,0,3,2.908
3926,12.281,19.824,0.048,0.0,0.0,0.0,0.0,0.0,534.0,2496.0,0.456,40,0,0,8.569,8.452,253,240,2,80,80,0,0,6400,0,0,0,0,0,0,0,0,0,0,240,0,0,0,2914,117,0,2685,0,0,3,2.914
3927,12.004,19.824,0.048,0.0,0.0,0.0,0.0,0.0,534.0,2496.0,0.447,40,0,0,8.4,8.311,252,240,2,80,80,0,0,6400,0,0,0,0,0,0,0,0,0,0,240,0,0,0,2778,114,0,2571,0,0,3,2.778
3928,12.751,19.824,0.048,0.0,0.0,0.0,0.0,0.0,534.0,2496.0,0.439,40,0,0,9.022,8.935,254,240,2,80,80,0,0,6400,0,0,0,0,0,0,0,0,0,0,240,0,0,0,2927,116,0,2713,0,0,2,2.927
3929,13.946,19.824,0.048,0.0,0.0,0.0,0.0,0.0,534.0,2496.0,0.539,40,0,0,9.878,9.755,253,240,2,80,80,0,0,6400,0,0,0,0,0,0,0,0,0,0,240,0,0,0,3116,138,0,2873,0,0,3,3.116
3930,14.605,19.824,0.048,0.0,0.0,0.0,0.0,0.0,534.0,2496.0,0.548,40,0,0,10.275,10.186,252,240,2,80,80,0,0,6400,0,0,0,0,0,0,0,0,0,0,240,0,0,0,3305,133,0,3051,0,0,4,3.305
3931,16.953,19.824,0.048,0.0,0.0,0.0,0.0,0.0,534.0,2496.0,0.622,40,0,0,11.834,11.734,253,240,2,80,80,0,0,6400,0,0,0,0,0,0,0,0,0,0,240,0,0,0,4081,247,0,3679,0,0,6,4.081
3932,15.937,19.824,0.048,0.0,0.0,0.0,0.0,0.0,534.0,2496.0,0.646,40,0,0,11.229,11.1,254,240,2,80,80,0,0,6400,0,0,0,0,0,0,0,0,0,0,240,0,0,0,3570,168,0,3242,0,0,7,3.57
3933,18.098,19.824,0.048,0.0,0.0,0.0,0.0,0.0,534.0,2496.0,0.695,40,0,0,13.261,11.073,253,240,2,80,80,0,0,6400,0,0,0,0,0,0,0,0,0,0,240,0,0,0,3628,205,0,3280,0,0,4,3.628
3934,15.892,19.824,0.048,0.0,0.0,0.0,0.0,0.0,534.0,2496.0,0.745,40,0,0,11.102,10.974,253,240,2,80,80,0,0,6400,0,0,0,0,0,0,0,0,0,0,240,0,0,0,3620,150,0,3350,0,0,3,3.62
3935,16.239,19.824,0.048,0.0,0.0,0.0,0.0,0.0,534.0,2496.0,0.662,40,0,0,11.358,11.215,254,240,2,80,80,0,0,6400,0,0,0,0,0,0,0,0,0,0,240,0,0,0,3599,148,0,3318,0,0,6,3.599
3936,16.355,19.824,0.048,0.0,0.0,0.0,0.0,0.0,534.0,2496.0,0.635,40,0,0,11.649,11.493,253,240,2,80,80,0,0,6400,0,0,0,0,0,0,0,0,0,0,240,0,0,0,3542,158,0,3208,0,0,5,3.542
3937,15.545,19.824,0.048,0.0,0.0,0.0,0.0,0.0,534.0,2496.0,0.653,40,0,0,10.753,10.636,253,240,2,80,80,0,0,6400,0,0,0,0,0,0,0,0,0,0,240,0,0,0,3550,156,0,3265,0,0,5,3.55
3938,15.887,19.824,0.048,0.0,0.0,0.0,0.0,0.0,534.0,2496.0,0.716,40,0,0,11.169,11.052,253,240,2,80,80,0,0,6400,0,0,0,0,0,0,0,0,0,0,240,0,0,0,3542,225,0,3183,0,0,5,3.542
3939,16.641,19.824,0.048,0.0,0.0,0.0,0.0,0.0,534.0,2496.0,0.66,40,0,0,11.769,11.637,252,240,2,80,80,0,0,6400,0,0,0,0,0,0,0,0,0,0,240,0,0,0,3604,159,0,3305,0,0,5,3.604
3940,16.549,22.881,0.027,0.0,0.0,0.0,0.0,0.0,534.0,2496.0,0.537,40,0,0,11.772,11.652,253,240,2,80,80,0,0,6400,0,0,0,0,0,0,0,0,0,0,240,0,0,0,3611,167,0,3302,0,0,5,3.611
3941,16.119,22.881,0.027,0.0,0.0,0.0,0.0,0.0,534.0,2496.0,0.581,40,0,0,11.445,11.295,254,240,2,80,80,0,0,6400,0,0,0,0,0,0,0,0,0,0,240,0,0,0,3639,161,0,3343,0,0,4,3.639
3942,15.926,22.881,0.027,0.0,0.0,0.0,0.0,0.0,534.0,2496.0,0.512,40,0,0,11.177,11.069,252,240,2,80,80,0,0,6400,0,0,0,0,0,0,0,0,0,0,240,0,0,0,3649,158,0,3352,0,0,4,3.649
3943,16.166,22.881,0.027,0.0,0.0,0.0,0.0,0.0,534.0,2496.0,0.523,40,0,0,11.646,11.514,253,240,2,80,80,0,0,6400,0,0,0,0,0,0,0,0,0,0,240,0,0,0,3544,145,0,3267,0,0,5,3.544
3944,16.618,22.881,0.027,0.0,0.0,0.0,0.0,0.0,534.0,2496.0,0.626,40,0,0,11.818,11.632,253,240,2,80,80,0,0,6400,0,0,0,0,0,0,0,0,0,0,240,0,0,0,3653,178,0,3334,0,0,5,3.653
3945,16.313,22.881,0.027,0.0,0.0,0.0,0.0,0.0,534.0,2496.0,0.643,40,0,0,11.299,11.199,252,240,2,80,80,0,0,6400,0,0,0,0,0,0,0,0,0,0,240,0,0,0,3808,210,0,3455,0,0,5,3.808
3946,16.531,22.881,0.027,0.0,0.0,0.0,0.0,0.0,534.0,2496.0,0.63,40,0,0,11.672,11.481,253,240,2,80,80,0,0,6400,0,0,0,0,0,0,0,0,0,0,240,0,0,0,3655,167,0,3353,0,0,6,3.655
3947,15.72,22.881,0.027,0.0,0.0,0.0,0.0,0.0,534.0,2496.0,0.64,40,0,0,10.871,10.762,253,240,2,80,80,0,0,6400,0,0,0,0,0,0,0,0,0,0,240,0,0,0,3684,188,0,3357,0,0,5,3.684
3948,15.025,22.881,0.027,0.0,0.0,0.0,0.0,0.0,534.0,2496.0,0.654,40,0,0,10.83,10.719,252,240,2,80,80,0,0,6400,0,0,0,0,0,0,0,0,0,0,240,0,0,0,3093,128,0,2850,0,0,4,3.093
3949,15.759,22.881,0.027,0.0,0.0,0.0,0.0,0.0,534.0,2496.0,0.517,40,0,0,10.986,10.862,253,240,2,80,80,0,0,6400,0,0,0,0,0,0,0,0,0,0,240,0,0,0,3622,157,0,3332,0,0,4,3.622
3950,16.005,22.881,0.027,0.0,0.0,0.0,0.0,0.0,534.0,2496.0,0.395,40,0,0,11.575,11.394,253,240,2,80,80,0,0,6400,0,0,0,0,0,0,0,0,0,0,240,0,0,0,3413,171,0,3113,0,0,4,3.413
3951,11.762,22.881,0.027,0.0,0.0,0.0,0.0,0.0,534.0,2496.0,0.402,40,0,0,8.403,8.3,254,240,2,80,80,0,0,6400,0,0,0,0,0,0,0,0,0,0,240,0,0,0,2569,112,0,2371,0,0,1,2.569
3952,13.929,22.881,0.027,0.0,0.0,0.0,0.0,0.0,534.0,2496.0,0.651,40,0,0,9.383,9.3,253,240,2,80,80,0,0,6400,0,0,0,0,0,0,0,0,0,0,240,0,0,0,3711,157,0,3418,0,0,5,3.711
3953,16.435,22.881,0.027,0.0,0.0,0.0,0.0,0.0,534.0,2496.0,0.486,40,0,0,11.672,11.535,253,240,2,80,80,0,0,6400,0,0,0,0,0,0,0,0,0,0,240,0,0,0,3609,180,0,3294,0,0,6,3.609
3954,15.98,22.881,0.027,0.0,0.0,0.0,0.0,0.0,534.0,2496.0,0.61,40,0,0,11.402,11.257,253,240,2,80,80,0,0,6400,0,0,0,0,0,0,0,0,0,0,240,0,0,0,3641,153,0,3348,0,0,5,3.641
3955,16.278,22.881,0.027,0.0,0.0,0.0,0.0,0.0,534.0,2496.0,0.655,40,0,0,11.446,11.326,253,240,2,80,80,0,0,6400,0,0,0,0,0,0,0,0,0,0,240,0,0,0,3679,200,0,3338,0,0,6,3.679
3956,17.72,22.881,0.027,0.0,0.0,0.0,0.0,0.0,534.0,2496.0,0.638,40,0,0,12.385,12.27,252,240,2,80,80,0,0,6400,0,0,0,0,0,0,0,0,0,0,240,0,0,0,3973,165,0,3659,0,0,6,3.973
3957,17.946,22.881,0.027,0.0,0.0,0.0,0.0,0.0,534.0,2496.0,0.548,40,0,0,12.968,12.841,252,240,2,80,80,0,0,6400,0,0,0,0,0,0,0,0,0,0,240,0,0,0,3704,166,0,3398,0,0,6,3.704
3958,16.397,22.881,0.027,0.0,0.0,0.0,0.0,0.0,534.0,2496.0,0.788,40,0,0,11.712,11.531,253,240,2,80,80,0,0,6400,0,0,0,0,0,0,0,0,0,0,240,0,0,0,3597,152,0,3313,0,0,6,3.597
3959,14.816,22.881,0.027,0.0,0.0,0.0,0.0,0.0,534.0,2496.0,0.605,40,0,0,9.906,9.8,253,240,2,80,80,0,0,6400,0,0,0,0,0,0,0,0,0,0,240,0,0,0,3663,167,0,3311,0,0,5,3.663
3960,14.037,22.881,0.027,0.0,0.0,0.0,0.0,0.0,534.0,2496.0,0.456,40,0,0,9.702,9.571,254,240,2,80,80,0,0,6400,0,0,0,0,0,0,0,0,0,0,240,0,0,0,3265,113,0,2933,0,0,3,3.265
3961,12.663,22.881,0.027,0.0,0.0,0.0,0.0,0.0,534.0,2496.0,0.459,40,0,0,8.972,8.863,254,240,2,80,80,0,0,6400,0,0,0,0,0,0,0,0,0,0,240,0,0,0,2810,116,0,2599,0,0,3,2.81
3962,12.438,22.881,0.027,0.0,0.0,0.0,0.0,0.0,534.0,2496.0,0.455,40,0,0,8.701,8.619,252,240,2,80,80,0,0,6400,0,0,0,0,0,0,0,0,0,0,240,0,0,0,2901,115,0,2689,0,0,2,2.901
3963,12.732,22.881,0.027,0.0,0.0,0.0,0.0,0.0,534.0,2496.0,0.422,40,0,0,9.095,9.0,253,240,2,80,80,0,0,6400,0,0,0,0,0,0,0,0,0,0,240,0,0,0,2825,127,0,2606,0,0,2,2.825
3964,12.178,22.881,0.027,0.0,0.0,0.0,0.0,0.0,534.0,2496.0,0.418,40,0,0,8.601,8.516,253,240,2,80,80,0,0,6400,0,0,0,0,0,0,0,0,0,0,240,0,0,0,2791,116,0,2584,0,0,3,2.791
3965,12.396,22.881,0.027,0.0,0.0,0.0,0.0,0.0,534.0,2496.0,0.483,40,0,0,8.602,8.519,252,240,2,80,80,0,0,6400,0,0,0,0,0,0,0,0,0,0,240,0,0,0,2849,130,0,2630,0,0,4,2.849
3966,13.118,22.881,0.027,0.0,0.0,0.0,0.0,0.0,534.0,2496.0,0.435,40,0,0,9.677,9.594,252,240,2,80,80,0,0,6400,0,0,0,0,0,0,0,0,0,0,240,0,0,0,2585,107,0,2394,0,0,2,2.585
3967,10.9,22.881,0.027,0.0,0.0,0.0,0.0,0.0,534.0,2496.0,0.41,40,0,0,7.584,7.488,255,240,2,80,80,0,0,6400,0,0,0,0,0,0,0,0,0,0,240,0,0,0,2501,108,0,2311,0,0,3,2.501
3968,10.718,22.881,0.027,0.0,0.0,0.0,0.0,0.0,534.0,2496.0,0.412,40,0,0,7.447,7.37,253,240,2,80,80,0,0,6400,0,0,0,0,0,0,0,0,0,0,240,0,0,0,2538,102,0,2361,0,0,3,2.538
3969,11.242,22.881,0.027,0.0,0.0,0.0,0.0,0.0,534.0,2496.0,0.455,40,0,0,7.619,7.548,252,240,2,80,80,0,0,6400,0,0,0,0,0,0,0,0,0,0,240,0,0,0,2825,107,0,2623,0,0,2,2.825
3970,11.067,22.881,0.027,0.0,0.0,0.0,0.0,0.0,534.0,2496.0,0.453,40,0,0,7.762,7.686,252,240,2,80,80,0,0,6400,0,0,0,0,0,0,0,0,0,0,240,0,0,0,2496,105,0,2312,0,0,2,2.496
3971,10.948,22.881,0.027,0.0,0.0,0.0,0.0,0.0,534.0,2496.0,0.453,40,0,0,7.344,7.267,253,240,2,80,80,0,0,6400,0,0,0,0,0,0,0,0,0,0,240,0,0,0,2803,108,0,2601,0,0,3,2.803
3972,12.54,22.881,0.027,0.0,0.0,0.0,0.0,0.0,534.0,2496.0,0.382,40,0,0,9.153,7.471,253,240,2,80,80,0,0,6400,0,0,0,0,0,0,0,0,0,0,240,0,0,0,2561,118,0,2353,0,0,2,2.561
3973,11.454,22.881,0.027,0.0,0.0,0.0,0.0,0.0,534.0,2496.0,0.434,40,0,0,8.044,7.934,254,240,2,80,80,0,0,6400,0,0,0,0,0,0,0,0,0,0,240,0,0,0,2652,146,0,2424,0,0,2,2.652
3974,11.365,22.881,0.027,0.0,0.0,0.0,0.0,0.0,534.0,2496.0,0.391,40,0,0,7.873,7.79,253,240,2,80,80,0,0,6400,0,0,0,0,0,0,0,0,0,0,240,0,0,0,2705,129,0,2488,0,0,1,2.705
3975,11.427,22.881,0.027,0.0,0.0,0.0,0.0,0.0,534.0,2496.0,0.443,40,0,0,7.941,7.859,253,240,2,80,80,0,0,6400,0,0,0,0,0,0,0,0,0,0,240,0,0,0,2755,228,0,2443,0,0,3,2.755
3976,11.663,22.881,0.027,0.0,0.0,0.0,0.0,0.0,534.0,2496.0,0.403,40,0,0,8.237,8.15,252,240,2,80,80,0,0,6400,0,0,0,0,0,0,0,0,0,0,240,0,0,0,2671,107,0,2475,0,0,1,2.671
3977,11.089,22.881,0.027,0.0,0.0,0.0,0.0,0.0,534.0,2496.0,0.408,40,0,0,7.771,7.695,252,240,2,80,80,0,0,6400,0,0,0,0,0,0,0,0,0,0,240,0,0,0,2614,109,0,2427,0,0,3,2.614
3978,11.267,22.881,0.027,0.0,0.0,0.0,0.0,0.0,534.0,2496.0,0.426,40,0,0,7.958,7.861,252,240,2,80,80,0,0,6400,0,0,0,0,0,0,0,0,0,0,240,0,0,0,2570,114,0,2379,0,0,3,2.57
3979,13.596,22.881,0.027,0.0,0.0,0.0,0.0,0.0,534.0,2496.0,0.442,40,0,0,9.824,9.711,253,240,2,80,80,0,0,6400,0,0,0,0,0,0,0,0,0,0,240,0,0,0,2991,120,0,2769,0,0,3,2.991
3980,12.271,22.881,0.027,0.0,0.0,0.0,0.0,0.0,534.0,2496.0,0.588,40,0,0,8.495,8.395,254,240,2,80,80,0,0,6400,0,0,0,0,0,0,0,0,0,0,240,0,0,0,2980,123,0,2761,0,0,3,2.98
3981,13.739,22.881,0.027,0.0,0.0,0.0,0.0,0.0,534.0,2496.0,0.497,40,0,0,9.78,9.674,253,240,2,80,80,0,0,6400,0,0,0,0,0,0,0,0,0,0,240,0,0,0,2849,116,0,2637,0,0,3,2.849
3982,12.318,22.881,0.027,0.0,0.0,0.0,0.0,0.0,534.0,2496.0,0.511,40,0,0,8.652,8.526,253,240,2,80,80,0,0,6400,0,0,0,0,0,0,0,0,0,0,240,0,0,0,2795,116,0,2589,0,0,3,2.795
3983,12.203,22.881,0.027,0.0,0.0,0.0,0.0,0.0,534.0,2496.0,0.511,40,0,0,8.552,8.419,252,240,2,80,80,0,0,6400,0,0,0,0,0,0,0,0,0,0,240,0,0,0,2750,120,0,2521,0,0,3,2.75
3984,13.673,22.881,0.027,0.0,0.0,0.0,0.0,0.0,534.0,2496.0,0.413,40,0,0,9.884,9.796,253,240,2,80,80,0,0,6400,0,0,0,0,0,0,0,0,0,0,240,0,0,0,2888,119,0,2668,0,0,3,2.888
3985,12.218,22.881,0.027,0.0,0.0,0.0,0.0,0.0,534.0,2496.0,0.468,40,0,0,8.457,8.338,253,240,2,80,80,0,0,6400,0,0,0,0,0,0,0,0,0,0,240,0,0,0,2926,138,0,2659,0,0,3,2.926
3986,13.891,22.881,0.027,0.0,0.0,0.0,0.0,0.0,534.0,2496.0,0.477,40,0,0,8.553,8.465,253,240,2,80,80,0,0,6400,0,0,0,0,0,0,0,0,0,0,240,0,0,0,3075,158,0,2819,0,0,3,3.075
3987,11.997,22.881,0.027,0.0,0.0,0.0,0.0,0.0,534.0,2496.0,0.446,40,0,0,8.31,8.111,253,240,2,80,80,0,0,6400,0,0,0,0,0,0,0,0,0,0,240,0,0,0,2813,113,0,2611,0,0,3,2.813
3988,12.833,22.881,0.027,0.0,0.0,0.0,0.0,0.0,534.0,2496.0,0.436,40,0,0,9.113,9.025,253,240,2,80,80,0,0,6400,0,0,0,0,0,0,0,0,0,0,240,0,0,0,2886,118,0,2654,0,0,4,2.886
3989,13.2,22.881,0.027,0.0,0.0,0.0,0.0,0.0,534.0,2496.0,0.571,40,0,0,9.462,9.378,252,240,2,80,80,0,0,6400,0,0,0,0,0,0,0,0,0,0,240,0,0,0,2896,116,0,2685,0,0,2,2.896
3990,13.484,22.881,0.027,0.0,0.0,0.0,0.0,0.0,534.0,2496.0,0.566,40,0,0,8.422,8.335,253,240,2,80,80,0,0,6400,0,0,0,0,0,0,0,0,0,0,240,0,0,0,4078,112,0,3864,0,0,5,4.078
3991,14.145,22.881,0.027,0.0,0.0,0.0,0.0,0.0,534.0,2496.0,0.736,40,0,0,10.195,10.002,252,240,2,80,80,0,0,6400,0,0,0,0,0,0,0,0,0,0,240,0,0,0,2921,125,0,2697,0,0,4,2.921
3992,17.496,22.881,0.027,0.0,0.0,0.0,0.0,0.0,534.0,2496.0,0.729,40,0,0,11.921,11.792,254,240,2,80,80,0,0,6400,0,0,0,0,0,0,0,0,0,0,240,0,0,0,4311,197,0,3945,0,0,6,4.311
3993,18.09,22.881,0.027,0.0,0.0,0.0,0.0,0.0,534.0,2496.0,0.763,40,0,0,12.393,12.271,252,240,2,80,80,0,0,6400,0,0,0,0,0,0,0,0,0,0,240,0,0,0,4222,209,0,3852,0,0,6,4.222
3994,17.887,22.881,0.027,0.0,0.0,0.0,0.0,0.0,534.0,2496.0,0.656,40,0,0,12.335,12.207,253,240,2,80,80,0,0,6400,0,0,0,0,0,0,0,0,0,0,240,0,0,0,4238,182,0,3889,0,0,6,4.238
3995,14.005,22.881,0.027,0.0,0.0,0.0,0.0,0.0,534.0,2496.0,0.494,40,0,0,9.974,9.853,253,240,2,80,80,0,0,6400,0,0,0,0,0,0,0,0,0,0,240,0,0,0,2895,124,0,2667,0,0,3,2.895
3996,12.995,22.881,0.027,0.0,0.0,0.0,0.0,0.0,534.0,2496.0,0.488,40,0,0,9.208,9.125,252,240,2,80,80,0,0,6400,0,0,0,0,0,0,0,0,0,0,240,0,0,0,2885,126,0,2658,0,0,3,2.885
3997,17.765,22.881,0.027,0.0,0.0,0.0,0.0,0.0,534.0,2496.0,0.649,40,0,0,12.902,12.812,253,240,2,80,80,0,0,6400,0,0,0,0,0,0,0,0,0,0,240,0,0,0,3996,147,0,3705,0,0,6,3.996
3998,12.394,22.881,0.027,0.0,0.0,0.0,0.0,0.0,534.0,2496.0,0.484,40,0,0,8.589,8.473,252,240,2,80,80,0,0,6400,0,0,0,0,0,0,0,0,0,0,240,0,0,0,2642,119,0,2430,0,0,3,2.642
3999,11.669,22.881,0.027,0.0,0.0,0.0,0.0,0.0,534.0,2496.0,0.471,40,0,0,8.234,8.146,254,240,2,80,80,0,0,6400,0,0,0,0,0,0,0,0,0,0,240,0,0,0,2542,110,0,2339,0,0,2,2.542
4000,11.851,22.881,0.027,0.0,0.0,0.0,0.0,0.0,534.0,2496.0,0.408,40,0,0,8.38,8.28,253,240,2,80,80,0,0,6400,0,0,0,0,0,0,0,0,0,0,240,0,0,0,2634,113,0,2439,0,0,3,2.634
4001,11.223,22.881,0.027,0.0,0.0,0.0,0.0,0.0,534.0,2496.0,0.449,40,0,0,7.776,7.658,253,240,2,80,80,0,0,6400,0,0,0,0,0,0,0,0,0,0,240,0,0,0,2653,126,0,2434,0,0,3,2.653
4002,11.509,22.881,0.027,0.0,0.0,0.0,0.0,0.0,534.0,2496.0,0.431,40,0,0,7.946,7.864,253,240,2,80,80,0,0,6400,0,0,0,0,0,0,0,0,0,0,240,0,0,0,2749,121,0,2538,0,0,3,2.749
4003,12.098,22.881,0.027,0.0,0.0,0.0,0.0,0.0,534.0,2496.0,0.412,40,0,0,8.557,8.472,253,240,2,80,80,0,0,6400,0,0,0,0,0,0,0,0,0,0,240,0,0,0,2758,109,0,2557,0,0,3,2.758
4004,11.785,22.881,0.027,0.0,0.0,0.0,0.0,0.0,534.0,2496.0,0.427,40,0,0,8.296,8.217,252,240,2,80,80,0,0,6400,0,0,0,0,0,0,0,0,0,0,240,0,0,0,2728,106,0,2531,0,0,2,2.728
4005,11.646,22.881,0.027,0.0,0.0,0.0,0.0,0.0,534.0,2496.0,0.51,40,0,0,8.114,8.031,253,240,2,80,80,0,0,6400,0,0,0,0,0,0,0,0,0,0,240,0,0,0,2746,141,0,2493,0,0,3,2.746
4006,11.633,22.881,0.027,0.0,0.0,0.0,0.0,0.0,534.0,2496.0,0.408,40,0,0,8.029,7.939,254,240,2,80,80,0,0,6400,0,0,0,0,0,0,0,0,0,0,240,0,0,0,2740,108,0,2538,0,0,2,2.74
4007,11.633,22.881,0.027,0.0,0.0,0.0,0.0,0.0,534.0,2496.0,0.433,40,0,0,8.133,8.042,254,240,2,80,80,0,0,6400,0,0,0,0,0,0,0,0,0,0,240,0,0,0,2681,121,0,2479,0,0,3,2.681
4008,11.39,22.881,0.027,0.0,0.0,0.0,0.0,0.0,534.0,2496.0,0.42,40,0,0,7.802,7.726,252,240,2,80,80,0,0,6400,0,0,0,0,0,0,0,0,0,0,240,0,0,0,2779,132,0,2553,0,0,3,2.779
4009,11.584,22.881,0.027,0.0,0.0,0.0,0.0,0.0,534.0,2496.0,0.501,40,0,0,8.102,8.025,252,240,2,80,80,0,0,6400,0,0,0,0,0,0,0,0,0,0,240,0,0,0,2655,114,0,2402,0,0,2,2.655
4010,11.415,22.881,0.027,0.0,0.0,0.0,0.0,0.0,534.0,2496.0,0.407,40,0,0,7.914,7.821,253,240,2,80,80,0,0,6400,0,0,0,0,0,0,0,0,0,0,240,0,0,0,2639,102,0,2458,0,0,3,2.639
4011,11.616,22.881,0.027,0.0,0.0,0.0,0.0,0.0,534.0,2496.0,0.57,40,0,0,8.188,8.107,253,240,2,80,80,0,0,6400,0,0,0,0,0,0,0,0,0,0,240,0,0,0,2615,112,0,2421,0,0,3,2.615
4012,13.561,22.881,0.027,0.0,0.0,0.0,0.0,0.0,534.0,2496.0,0.415,40,0,0,9.862,7.889,253,240,2,80,80,0,0,6400,0,0,0,0,0,0,0,0,0,0,240,0,0,0,2732,107,0,2519,0,0,3,2.732
4013,12.77,22.881,0.027,0.0,0.0,0.0,0.0,0.0,534.0,2496.0,0.406,40,0,0,8.172,8.076,254,240,2,80,80,0,0,6400,0,0,0,0,0,0,0,0,0,0,240,0,0,0,3846,116,0,3622,0,0,3,3.846
4014,12.575,18.291,0.039,0.0,0.0,0.0,0.0,0.0,534.0,2496.0,0.421,40,0,0,9.084,8.998,253,240,2,80,80,0,0,6400,0,0,0,0,0,0,0,0,0,0,240,0,0,0,2660,115,0,2457,0,0,2,2.66
4015,12.307,18.291,0.039,0.0,0.0,0.0,0.0,0.0,534.0,2496.0,0.543,40,0,0,8.281,8.195,254,240,2,80,80,0,0,6400,0,0,0,0,0,0,0,0,0,0,240,0,0,0,3276,106,0,3064,0,0,5,3.276
4016,14.577,18.291,0.039,0.0,0.0,0.0,0.0,0.0,534.0,2496.0,0.465,40,0,0,10.783,10.694,252,240,2,80,80,0,0,6400,0,0,0,0,0,0,0,0,0,0,240,0,0,0,2871,165,0,2609,0,0,3,2.871
4017,12.375,18.291,0.039,0.0,0.0,0.0,0.0,0.0,534.0,2496.0,0.435,40,0,0,8.652,8.571,252,240,2,80,80,0,0,6400,0,0,0,0,0,0,0,0,0,0,240,0,0,0,2894,118,0,2678,0,0,4,2.894
4018,12.348,18.291,0.039,0.0,0.0,0.0,0.0,0.0,534.0,2496.0,0.527,40,0,0,8.719,8.636,253,240,2,80,80,0,0,6400,0,0,0,0,0,0,0,0,0,0,240,0,0,0,2859,120,0,2652,0,0,3,2.859
4019,13.336,18.291,0.039,0.0,0.0,0.0,0.0,0.0,534.0,2496.0,0.49,40,0,0,9.29,9.164,254,240,2,80,80,0,0,6400,0,0,0,0,0,0,0,0,0,0,240,0,0,0,3112,135,0,2873,0,0,3,3.112
4020,12.364,18.291,0.039,0.0,0.0,0.0,0.0,0.0,534.0,2496.0,0.611,40,0,0,8.457,8.364,253,240,2,80,80,0,0,6400,0,0,0,0,0,0,0,0,0,0,240,0,0,0,2903,178,0,2627,0,0,3,2.903
4021,12.485,18.291,0.039,0.0,0.0,0.0,0.0,0.0,534.0,2496.0,0.458,40,0,0,8.754,8.606,254,240,2,80,80,0,0,6400,0,0,0,0,0,0,0,0,0,0,240,0,0,0,2751,133,0,2534,0,0,3,2.751
4022,12.588,18.291,0.039,0.0,0.0,0.0,0.0,0.0,534.0,2496.0,0.474,40,0,0,8.925,8.842,253,240,2,80,80,0,0,6400,0,0,0,0,0,0,0,0,0,0,240,0,0,0,2848,135,0,2614,0,0,3,2.848
4023,12.345,18.291,0.039,0.0,0.0,0.0,0.0,0.0,534.0,2496.0,0.503,40,0,0,8.418,8.329,253,240,2,80,80,0,0,6400,0,0,0,0,0,0,0,0,0,0,240,0,0,0,3055,141,0,2697,0,0,4,3.055
4024,12.692,18.291,0.039,0.0,0.0,0.0,0.0,0.0,534.0,2496.0,0.498,40,0,0,8.307,8.213,253,240,2,80,80,0,0,6400,0,0,0,0,0,0,0,0,0,0,240,0,0,0,3518,112,0,3308,0,0,4,3.518
4025,12.478,18.291,0.039,0.0,0.0,0.0,0.0,0.0,534.0,2496.0,0.469,40,0,0,8.749,8.63,252,240,2,80,80,0,0,6400,0,0,0,0,0,0,0,0,0,0,240,0,0,0,2828,153,0,2589,0,0,3,2.828
4026,13.701,18.291,0.039,0.0,0.0,0.0,0.0,0.0,534.0,2496.0,0.566,40,0,0,9.691,9.606,253,240,2,80,80,0,0,6400,0,0,0,0,0,0,0,0,0,0,240,0,0,0,3042,124,0,2815,0,0,3,3.042
4027,16.336,18.291,0.039,0.0,0.0,0.0,0.0,0.0,534.0,2496.0,0.66,40,0,0,11.298,11.196,254,240,2,80,80,0,0,6400,0,0,0,0,0,0,0,0,0,0,240,0,0,0,3992,174,0,3668,0,0,5,3.992
4028,19.004,18.291,0.039,0.0,0.0,0.0,0.0,0.0,534.0,2496.0,0.628,40,0,0,13.893,13.758,254,240,2,80,80,0,0,6400,0,0,0,0,0,0,0,0,0,0,240,0,0,0,3892,235,0,3511,0,0,6,3.892
4029,17.759,18.291,0.039,0.0,0.0,0.0,0.0,0.0,534.0,2496.0,0.608,40,0,0,12.676,12.561,252,240,2,80,80,0,0,6400,0,0,0,0,0,0,0,0,0,0,240,0,0,0,3905,166,0,3592,0,0,4,3.905
4030,15.155,18.291,0.039,0.0,0.0,0.0,0.0,0.0,534.0,2496.0,2.132,40,0,0,10.758,10.629,253,240,2,80,80,0,0,6400,0,0,0,0,0,0,0,0,0,0,240,0,0,0,3257,167,0,2973,0,0,5,3.257
4031,16.091,18.291,0.039,0.0,0.0,0.0,0.0,0.0,534.0,2496.0,0.548,40,0,0,10.09,9.973,253,240,2,80,80,0,0,6400,0,0,0,0,0,0,0,0,0,0,240,0,0,0,3301,116,0,2817,0,0,4,3.301
4032,15.028,18.291,0.039,0.0,0.0,0.0,0.0,0.0,534.0,2496.0,0.734,40,0,0,9.925,9.836,253,240,2,80,80,0,0,6400,0,0,0,0,0,0,0,0,0,0,240,0,0,0,4159,147,0,3789,0,0,6,4.159
4033,18.886,18.291,0.039,0.0,0.0,0.0,0.0,0.0,534.0,2496.0,0.685,40,0,0,13.328,13.184,254,240,2,80,80,0,0,6400,0,0,0,0,0,0,0,0,0,0,240,0,0,0,4267,186,0,3901,0,0,6,4.267
4034,16.835,18.291,0.039,0.0,0.0,0.0,0.0,0.0,534.0,2496.0,0.615,40,0,0,11.945,11.817,254,240,2,80,80,0,0,6400,0,0,0,0,0,0,0,0,0,0,240,0,0,0,3687,159,0,3402,0,0,5,3.687
4035,17.455,18.291,0.039,0.0,0.0,0.0,0.0,0.0,534.0,2496.0,0.651,40,0,0,12.324,12.207,253,240,2,80,80,0,0,6400,0,0,0,0,0,0,0,0,0,0,240,0,0,0,3917,183,0,3578,0,0,4,3.917
4036,14.601,18.291,0.039,0.0,0.0,0.0,0.0,0.0,534.0,2496.0,0.45,40,0,0,10.701,10.572,253,240,2,80,80,0,0,6400,0,0,0,0,0,0,0,0,0,0,240,0,0,0,2803,115,0,2598,0,0,3,2.803
4037,11.881,18.291,0.039,0.0,0.0,0.0,0.0,0.0,534.0,2496.0,0.408,40,0,0,8.275,8.181,254,240,2,80,80,0,0,6400,0,0,0,0,0,0,0,0,0,0,240,0,0,0,2811,109,0,2613,0,0,2,2.811
4038,11.822,18.291,0.039,0.0,0.0,0.0,0.0,0.0,534.0,2496.0,0.414,40,0,0,8.28,8.189,253,240,2,80,80,0,0,6400,0,0,0,0,0,0,0,0,0,0,240,0,0,0,2790,127,0,2576,0,0,3,2.79
4039,11.671,18.291,0.039,0.0,0.0,0.0,0.0,0.0,534.0,2496.0,0.419,40,0,0,8.114,8.025,254,240,2,80,80,0,0,6400,0,0,0,0,0,0,0,0,0,0,240,0,0,0,2775,113,0,2560,0,0,3,2.775
4040,11.643,18.291,0.039,0.0,0.0,0.0,0.0,0.0,534.0,2496.0,0.436,40,0,0,8.125,8.045,253,240,2,80,80,0,0,6400,0,0,0,0,0,0,0,0,0,0,240,0,0,0,2791,107,0,2572,0,0,2,2.791
4041,12.039,18.291,0.039,0.0,0.0,0.0,0.0,0.0,534.0,2496.0,0.459,40,0,0,8.458,8.379,253,240,2,80,80,0,0,6400,0,0,0,0,0,0,0,0,0,0,240,0,0,0,2823,144,0,2588,0,0,2,2.823
4042,11.833,18.291,0.039,0.0,0.0,0.0,0.0,0.0,534.0,2496.0,0.429,40,0,0,8.092,8.008,253,240,2,80,80,0,0,6400,0,0,0,0,0,0,0,0,0,0,240,0,0,0,2880,144,0,2637,0,0,1,2.88
4043,12.273,18.291,0.039,0.0,0.0,0.0,0.0,0.0,534.0,2496.0,0.506,40,0,0,8.55,8.438,253,240,2,80,80,0,0,6400,0,0,0,0,0,0,0,0,0,0,240,0,0,0,2920,200,0,2622,0,0,3,2.92
4044,12.387,18.291,0.039,0.0,0.0,0.0,0.0,0.0,534.0,2496.0,0.453,40,0,0,8.57,8.483,253,240,2,80,80,0,0,6400,0,0,0,0,0,0,0,0,0,0,240,0,0,0,2897,116,0,2683,0,0,3,2.897
4045,12.011,18.291,0.039,0.0,0.0,0.0,0.0,0.0,534.0,2496.0,0.425,40,0,0,8.351,8.25,255,240,2,80,80,0,0,6400,0,0,0,0,0,0,0,0,0,0,240,0,0,0,2870,108,0,2671,0,0,3,2.87
4046,12.077,18.291,0.039,0.0,0.0,0.0,0.0,0.0,534.0,2496.0,0.435,40,0,0,8.165,8.074,254,240,2,80,80,0,0,6400,0,0,0,0,0,0,0,0,0,0,240,0,0,0,3093,114,0,2883,0,0,3,3.093
4047,12.187,18.291,0.039,0.0,0.0,0.0,0.0,0.0,534.0,2496.0,0.441,40,0,0,8.204,8.115,253,240,2,80,80,0,0,6400,0,0,0,0,0,0,0,0,0,0,240,0,0,0,3182,130,0,2952,0,0,3,3.182
4048,12.111,18.291,0.039,0.0,0.0,0.0,0.0,0.0,534.0,2496.0,0.466,40,0,0,8.43,8.325,254,240,2,80,80,0,0,6400,0,0,0,0,0,0,0,0,0,0,240,0,0,0,2859,112,0,2657,0,0,3,2.859
4049,12.357,18.291,0.039,0.0,0.0,0.0,0.0,0.0,534.0,2496.0,0.45,40,0,0,8.637,8.559,252,240,2,80,80,0,0,6400,0,0,0,0,0,0,0,0,0,0,240,0,0,0,2823,123,0,2606,0,0,3,2.823
4050,11.902,18.291,0.039,0.0,0.0,0.0,0.0,0.0,534.0,2496.0,0.47,40,0,0,8.223,8.133,253,240,2,80,80,0,0,6400,0,0,0,0,0,0,0,0,0,0,240,0,0,0,2865,140,0,2603,0,0,2,2.865
4051,14.085,18.291,0.039,0.0,0.0,0.0,0.0,0.0,534.0,2496.0,0.659,40,0,0,9.775,9.68,254,240,2,80,80,0,0,6400,0,0,0,0,0,0,0,0,0,0,240,0,0,0,3429,145,0,3165,0,0,4,3.429
4052,15.375,18.291,0.039,0.0,0.0,0.0,0.0,0.0,534.0,2496.0,0.46,40,0,0,11.329,11.202,253,240,2,80,80,0,0,6400,0,0,0,0,0,0,0,0,0,0,240,0,0,0,2897,119,0,2688,0,0,3,2.897
4053,12.69,18.291,0.039,0.0,0.0,0.0,0.0,0.0,534.0,2496.0,0.442,40,0,0,9.034,8.942,254,240,2,80,80,0,0,6400,0,0,0,0,0,0,0,0,0,0,240,0,0,0,2796,118,0,2588,0,0,3,2.796
4054,11.835,18.291,0.039,0.0,0.0,0.0,0.0,0.0,534.0,2496.0,0.423,40,0,0,8.219,8.116,255,240,2,80,80,0,0,6400,0,0,0,0,0,0,0,0,0,0,240,0,0,0,2780,112,0,2577,0,0,3,2.78
4055,13.491,18.291,0.039,0.0,0.0,0.0,0.0,0.0,534.0,2496.0,0.421,40,0,0,9.85,8.284,253,240,2,80,80,0,0,6400,0,0,0,0,0,0,0,0,0,0,240,0,0,0,2857,116,0,2650,0,0,3,2.857
4056,11.871,18.291,0.039,0.0,0.0,0.0,0.0,0.0,534.0,2496.0,0.428,40,0,0,8.28,8.191,253,240,2,80,80,0,0,6400,0,0,0,0,0,0,0,0,0,0,240,0,0,0,2841,114,0,2633,0,0,3,2.841
4057,12.217,18.291,0.039,0.0,0.0,0.0,0.0,0.0,534.0,2496.0,0.422,40,0,0,8.553,8.46,254,240,2,80,80,0,0,6400,0,0,0,0,0,0,0,0,0,0,240,0,0,0,2872,121,0,2641,0,0,3,2.872
4058,11.916,18.291,0.039,0.0,0.0,0.0,0.0,0.0,534.0,2496.0,0.412,40,0,0,8.363,8.257,253,240,2,80,80,0,0,6400,0,0,0,0,0,0,0,0,0,0,240,0,0,0,2803,109,0,2601,0,0,3,2.803
4059,12.122,18.291,0.039,0.0,0.0,0.0,0.0,0.0,534.0,2496.0,0.425,40,0,0,8.329,8.246,253,240,2,80,80,0,0,6400,0,0,0,0,0,0,0,0,0,0,240,0,0,0,3009,134,0,2783,0,0,3,3.009
4060,12.236,18.291,0.039,0.0,0.0,0.0,0.0,0.0,534.0,2496.0,0.437,40,0,0,8.657,8.538,254,240,2,80,80,0,0,6400,0,0,0,0,0,0,0,0,0,0,240,0,0,0,2794,112,0,2586,0,0,2,2.794
4061,11.733,18.291,0.039,0.0,0.0,0.0,0.0,0.0,534.0,2496.0,0.491,40,0,0,8.144,8.053,254,240,2,80,80,0,0,6400,0,0,0,0,0,0,0,0,0,0,240,0,0,0,2816,112,0,2612,0,0,4,2.816
4062,12.339,18.291,0.039,0.0,0.0,0.0,0.0,0.0,534.0,2496.0,0.472,40,0,0,8.57,8.449,253,240,2,80,80,0,0,6400,0,0,0,0,0,0,0,0,0,0,240,0,0,0,2930,113,0,2721,0,0,3,2.93
4063,12.152,18.291,0.039,0.0,0.0,0.0,0.0,0.0,534.0,2496.0,0.475,40,0,0,8.437,8.339,255,240,2,80,80,0,0,6400,0,0,0,0,0,0,0,0,0,0,240,0,0,0,2826,135,0,2598,0,0,3,2.826
4064,12.184,18.291,0.039,0.0,0.0,0.0,0.0,0.0,534.0,2496.0,0.441,40,0,0,8.444,8.365,252,240,2,80,80,0,0,6400,0,0,0,0,0,0,0,0,0,0,240,0,0,0,2882,114,0,2672,0,0,3,2.882
4065,12.741,18.291,0.039,0.0,0.0,0.0,0.0,0.0,534.0,2496.0,0.447,40,0,0,9.211,9.099,253,240,2,80,80,0,0,6400,0,0,0,0,0,0,0,0,0,0,240,0,0,0,2720,118,0,2518,0,0,3,2.72
4066,11.895,18.291,0.039,0.0,0.0,0.0,0.0,0.0,534.0,2496.0,0.504,40,0,0,8.214,8.119,255,240,2,80,80,0,0,6400,0,0,0,0,0,0,0,0,0,0,240,0,0,0,2860,112,0,2646,0,0,3,2.86
4067,11.974,18.291,0.039,0.0,0.0,0.0,0.0,0.0,534.0,2496.0,0.457,40,0,0,8.313,8.188,254,240,2,80,80,0,0,6400,0,0,0,0,0,0,0,0,0,0,240,0,0,0,2797,118,0,2591,0,0,4,2.797
4068,12.397,18.291,0.039,0.0,0.0,0.0,0.0,0.0,534.0,2496.0,0.471,40,0,0,8.728,8.609,254,240,2,80,80,0,0,6400,0,0,0,0,0,0,0,0,0,0,240,0,0,0,2793,117,0,2588,0,0,3,2.793
4069,11.961,18.291,0.039,0.0,0.0,0.0,0.0,0.0,534.0,2496.0,0.512,40,0,0,8.328,8.241,253,240,2,80,80,0,0,6400,0,0,0,0,0,0,0,0,0,0,240,0,0,0,2799,113,0,2598,0,0,3,2.799
4070,12.02,18.291,0.039,0.0,0.0,0.0,0.0,0.0,534.0,2496.0,0.461,40,0,0,8.389,8.298,253,240,2,80,80,0,0,6400,0,0,0,0,0,0,0,0,0,0,240,0,0,0,2752,115,0,2547,0,0,3,2.752
4071,12.115,18.291,0.039,0.0,0.0,0.0,0.0,0.0,534.0,2496.0,0.495,40,0,0,8.457,8.382,252,240,2,80,80,0,0,6400,0,0,0,0,0,0,0,0,0,0,240,0,0,0,2845,112,0,2639,0,0,4,2.845
4072,13.7,18.291,0.039,0.0,0.0,0.0,0.0,0.0,534.0,2496.0,0.438,40,0,0,9.926,9.829,254,240,2,80,80,0,0,6400,0,0,0,0,0,0,0,0,0,0,240,0,0,0,2848,120,0,2635,0,0,3,2.848
4073,13.256,18.291,0.039,0.0,0.0,0.0,0.0,0.0,534.0,2496.0,0.381,40,0,0,9.146,9.059,253,240,2,80,80,0,0,6400,0,0,0,0,0,0,0,0,0,0,240,0,0,0,3289,115,0,3080,0,0,3,3.289
4074,11.808,18.291,0.039,0.0,0.0,0.0,0.0,0.0,534.0,2496.0,0.422,40,0,0,8.261,8.173,254,240,2,80,80,0,0,6400,0,0,0,0,0,0,0,0,0,0,240,0,0,0,2770,116,0,2568,0,0,3,2.77
4075,11.912,18.291,0.039,0.0,0.0,0.0,0.0,0.0,534.0,2496.0,0.449,40,0,0,8.326,8.229,255,240,2,80,80,0,0,6400,0,0,0,0,0,0,0,0,0,0,240,0,0,0,2774,117,0,2571,0,0,3,2.774
4076,11.904,18.291,0.039,0.0,0.0,0.0,0.0,0.0,534.0,2496.0,0.44,40,0,0,8.242,8.148,255,240,2,80,80,0,0,6400,0,0,0,0,0,0,0,0,0,0,240,0,0,0,2872,111,0,2667,0,0,3,2.872
4077,13.192,18.291,0.039,0.0,0.0,0.0,0.0,0.0,534.0,2496.0,0.566,40,0,0,9.341,9.258,252,240,2,80,80,0,0,6400,0,0,0,0,0,0,0,0,0,0,240,0,0,0,2737,116,0,2538,0,0,1,2.737
4078,12.17,18.291,0.039,0.0,0.0,0.0,0.0,0.0,534.0,2496.0,0.433,40,0,0,8.434,8.337,254,240,2,80,80,0,0,6400,0,0,0,0,0,0,0,0,0,0,240,0,0,0,2762,116,0,2560,0,0,3,2.762
4079,11.821,18.291,0.039,0.0,0.0,0.0,0.0,0.0,534.0,2496.0,0.479,40,0,0,8.263,8.18,253,240,2,80,80,0,0,6400,0,0,0,0,0,0,0,0,0,0,240,0,0,0,2728,113,0,2530,0,0,3,2.728
4080,11.99,18.291,0.039,0.0,0.0,0.0,0.0,0.0,534.0,2496.0,0.545,40,0,0,8.208,8.118,254,240,2,80,80,0,0,6400,0,0,0,0,0,0,0,0,0,0,240,0,0,0,2868,118,0,2666,0,0,3,2.868
4081,12.146,18.291,0.039,0.0,0.0,0.0,0.0,0.0,534.0,2496.0,0.498,40,0,0,8.366,8.275,253,240,2,80,80,0,0,6400,0,0,0,0,0,0,0,0,0,0,240,0,0,0,2841,120,0,2625,0,0,3,2.841
4082,12.73,18.291,0.039,0.0,0.0,0.0,0.0,0.0,534.0,2496.0,0.525,40,0,0,8.8,8.711,253,240,2,80,80,0,0,6400,0,0,0,0,0,0,0,0,0,0,240,0,0,0,3068,144,0,2819,0,0,5,3.068
4083,11.432,18.291,0.039,0.0,0.0,0.0,0.0,0.0,534.0,2496.0,0.418,40,0,0,7.924,7.818,253,240,2,80,80,0,0,6400,0,0,0,0,0,0,0,0,0,0,240,0,0,0,2570,129,0,2355,0,0,3,2.57
4084,11.619,18.291,0.039,0.0,0.0,0.0,0.0,0.0,534.0,2496.0,0.455,40,0,0,8.306,8.221,254,240,2,80,80,0,0,6400,0,0,0,0,0,0,0,0,0,0,240,0,0,0,2520,113,0,2321,0,0,4,2.52
4085,11.217,18.291,0.039,0.0,0.0,0.0,0.0,0.0,534.0,2496.0,0.388,40,0,0,7.784,7.711,252,240,2,80,80,0,0,6400,0,0,0,0,0,0,0,0,0,0,240,0,0,0,2559,109,0,2366,0,0,2,2.559
4086,11.104,18.291,0.039,0.0,0.0,0.0,0.0,0.0,534.0,2496.0,0.386,40,0,0,7.748,7.631,256,240,2,80,80,0,0,6400,0,0,0,0,0,0,0,0,0,0,240,0,0,0,2620,111,0,2428,0,0,2,2.62
4087,11.234,18.291,0.039,0.0,0.0,0.0,0.0,0.0,534.0,2496.0,0.477,40,0,0,7.835,7.754,253,240,2,80,80,0,0,6400,0,0,0,0,0,0,0,0,0,0,240,0,0,0,2693,103,0,2502,0,0,4,2.693
4088,11.467,18.291,0.039,0.0,0.0,0.0,0.0,0.0,534.0,2496.0,0.458,40,0,0,7.664,7.574,253,240,2,80,80,0,0,6400,0,0,0,0,0,0,0,0,0,0,240,0,0,0,2930,139,0,2671,0,0,3,2.93
4089,11.108,18.291,0.039,0.0,0.0,0.0,0.0,0.0,534.0,2496.0,0.525,40,0,0,7.707,7.631,252,240,2,80,80,0,0,6400,0,0,0,0,0,0,0,0,0,0,240,0,0,0,2560,121,0,2346,0,0,3,2.56
4090,11.481,18.291,0.039,0.0,0.0,0.0,0.0,0.0,534.0,2496.0,0.385,40,0,0,7.911,7.821,254,240,2,80,80,0,0,6400,0,0,0,0,0,0,0,0,0,0,240,0,0,0,2674,111,0,2480,0,0,3,2.674
4091,11.341,18.291,0.039,0.0,0.0,0.0,0.0,0.0,534.0,2496.0,0.444,40,0,0,7.813,7.662,253,240,2,80,80,0,0,6400,0,0,0,0,0,0,0,0,0,0,240,0,0,0,2787,110,0,2580,0,0,2,2.787
4092,11.489,19.062,0.054,0.0,0.0,0.0,0.0,0.0,534.0,2496.0,0.403,40,0,0,7.768,7.682,254,240,2,80,80,0,0,6400,0,0,0,0,0,0,0,0,0,0,240,0,0,0,2871,125,0,2647,0,0,4,2.871
4093,12.427,19.062,0.054,0.0,0.0,0.0,0.0,0.0,534.0,2496.0,0.503,40,0,0,8.536,8.453,253,240,2,80,80,0,0,6400,0,0,0,0,0,0,0,0,0,0,240,0,0,0,3063,127,0,2827,0,0,5,3.063
4094,12.434,19.062,0.054,0.0,0.0,0.0,0.0,0.0,534.0,2496.0,0.433,40,0,0,8.687,8.593,254,240,2,80,80,0,0,6400,0,0,0,0,0,0,0,0,0,0,240,0,0,0,2789,126,0,2556,0,0,2,2.789
4095,13.128,19.062,0.054,0.0,0.0,0.0,0.0,0.0,534.0,2496.0,0.477,40,0,0,9.51,9.419,254,240,2,80,80,0,0,6400,0,0,0,0,0,0,0,0,0,0,240,0,0,0,2792,120,0,2572,0,0,3,2.792
4096,13.128,19.062,0.054,0.0,0.0,0.0,0.0,0.0,534.0,2496.0,0.436,40,0,0,9.411,9.326,253,240,2,80,80,0,0,6400,0,0,0,0,0,0,0,0,0,0,240,0,0,0,2855,152,0,2611,0,0,3,2.855
4097,12.167,19.062,0.054,0.0,0.0,0.0,0.0,0.0,534.0,2496.0,0.492,40,0,0,8.378,8.254,253,240,2,80,80,0,0,6400,0,0,0,0,0,0,0,0,0,0,240,0,0,0,3012,135,0,2729,0,0,4,3.012
4098,12.235,19.062,0.054,0.0,0.0,0.0,0.0,0.0,534.0,2496.0,0.552,40,0,0,8.344,8.244,254,240,2,80,80,0,0,6400,0,0,0,0,0,0,0,0,0,0,240,0,0,0,3007,129,0,2776,0,0,10,3.007
4099,12.689,19.062,0.054,0.0,0.0,0.0,0.0,0.0,534.0,2496.0,0.468,40,0,0,8.933,8.827,255,240,2,80,80,0,0,6400,0,0,0,0,0,0,0,0,0,0,240,0,0,0,2807,119,0,2594,0,0,2,2.807
4100,13.06,19.062,0.054,0.0,0.0,0.0,0.0,0.0,534.0,2496.0,0.657,40,0,0,9.079,8.978,253,240,2,80,80,0,0,6400,0,0,0,0,0,0,0,0,0,0,240,0,0,0,3025,141,0,2782,0,0,4,3.025
4101,15.832,19.062,0.054,0.0,0.0,0.0,0.0,0.0,534.0,2496.0,0.435,40,0,0,11.819,10.003,254,240,2,80,80,0,0,6400,0,0,0,0,0,0,0,0,0,0,240,0,0,0,2801,133,0,2573,0,0,4,2.801
4102,12.261,19.062,0.054,0.0,0.0,0.0,0.0,0.0,534.0,2496.0,0.515,40,0,0,8.681,8.559,253,240,2,80,80,0,0,6400,0,0,0,0,0,0,0,0,0,0,240,0,0,0,2812,114,0,2608,0,0,4,2.812
4103,13.103,19.062,0.054,0.0,0.0,0.0,0.0,0.0,534.0,2496.0,0.483,40,0,0,8.573,8.395,253,240,2,80,80,0,0,6400,0,0,0,0,0,0,0,0,0,0,240,0,0,0,3622,124,0,3403,0,0,3,3.622
4104,13.166,19.062,0.054,0.0,0.0,0.0,0.0,0.0,534.0,2496.0,0.465,40,0,0,9.467,9.369,254,240,2,80,80,0,0,6400,0,0,0,0,0,0,0,0,0,0,240,0,0,0,2834,127,0,2614,0,0,3,2.834
4105,14.062,19.062,0.054,0.0,0.0,0.0,0.0,0.0,534.0,2496.0,0.473,40,0,0,10.124,10.037,253,240,2,80,80,0,0,6400,0,0,0,0,0,0,0,0,0,0,240,0,0,0,3148,114,0,2936,0,0,3,3.148
4106,13.8,19.062,0.054,0.0,0.0,0.0,0.0,0.0,534.0,2496.0,0.413,40,0,0,10.227,10.077,255,240,2,80,80,0,0,6400,0,0,0,0,0,0,0,0,0,0,240,0,0,0,2632,108,0,2438,0,0,3,2.632
4107,11.675,19.062,0.054,0.0,0.0,0.0,0.0,0.0,534.0,2496.0,0.403,40,0,0,8.11,8.015,254,240,2,80,80,0,0,6400,0,0,0,0,0,0,0,0,0,0,240,0,0,0,2836,104,0,2640,0,0,3,2.836
4108,13.072,19.062,0.054,0.0,0.0,0.0,0.0,0.0,534.0,2496.0,0.428,40,0,0,9.143,9.029,253,240,2,80,80,0,0,6400,0,0,0,0,0,0,0,0,0,0,240,0,0,0,3177,117,0,2962,0,0,3,3.177
4109,14.036,19.062,0.054,0.0,0.0,0.0,0.0,0.0,534.0,2496.0,0.546,40,0,0,8.883,8.783,254,240,2,80,80,0,0,6400,0,0,0,0,0,0,0,0,0,0,240,0,0,0,4318,438,0,3709,0,0,5,4.318
4110,14.51,19.062,0.054,0.0,0.0,0.0,0.0,0.0,534.0,2496.0,0.4,40,0,0,10.872,10.745,253,240,2,80,80,0,0,6400,0,0,0,0,0,0,0,0,0,0,240,0,0,0,2666,115,0,2466,0,0,3,2.666
4111,11.658,19.062,0.054,0.0,0.0,0.0,0.0,0.0,534.0,2496.0,0.438,40,0,0,8.037,7.956,253,240,2,80,80,0,0,6400,0,0,0,0,0,0,0,0,0,0,240,0,0,0,2899,106,0,2695,0,0,3,2.899
4112,11.466,19.062,0.054,0.0,0.0,0.0,0.0,0.0,534.0,2496.0,0.611,40,0,0,7.874,7.767,254,240,2,80,80,0,0,6400,0,0,0,0,0,0,0,0,0,0,240,0,0,0,2789,107,0,2587,0,0,2,2.789
4113,13.644,19.062,0.054,0.0,0.0,0.0,0.0,0.0,534.0,2496.0,0.454,40,0,0,9.768,9.652,254,240,2,80,80,0,0,6400,0,0,0,0,0,0,0,0,0,0,240,0,0,0,2760,133,0,2548,0,0,2,2.76
4114,12.843,19.062,0.054,0.0,0.0,0.0,0.0,0.0,534.0,2496.0,0.467,40,0,0,9.132,9.037,255,240,2,80,80,0,0,6400,0,0,0,0,0,0,0,0,0,0,240,0,0,0,2858,117,0,2648,0,0,3,2.858
4115,12.46,19.062,0.054,0.0,0.0,0.0,0.0,0.0,534.0,2496.0,0.433,40,0,0,8.535,8.422,253,240,2,80,80,0,0,6400,0,0,0,0,0,0,0,0,0,0,240,0,0,0,2967,115,0,2762,0,0,3,2.967
4116,12.231,19.062,0.054,0.0,0.0,0.0,0.0,0.0,534.0,2496.0,0.431,40,0,0,8.524,8.436,253,240,2,80,80,0,0,6400,0,0,0,0,0,0,0,0,0,0,240,0,0,0,2908,115,0,2699,0,0,3,2.908
4117,12.096,19.062,0.054,0.0,0.0,0.0,0.0,0.0,534.0,2496.0,0.397,40,0,0,8.459,8.351,253,240,2,80,80,0,0,6400,0,0,0,0,0,0,0,0,0,0,240,0,0,0,2815,134,0,2594,0,0,3,2.815
4118,11.77,19.062,0.054,0.0,0.0,0.0,0.0,0.0,534.0,2496.0,0.41,40,0,0,8.228,8.11,255,240,2,80,80,0,0,6400,0,0,0,0,0,0,0,0,0,0,240,0,0,0,2806,115,0,2595,0,0,2,2.806
4119,13.702,19.062,0.054,0.0,0.0,0.0,0.0,0.0,534.0,2496.0,0.451,40,0,0,10.099,10.009,254,240,2,80,80,0,0,6400,0,0,0,0,0,0,0,0,0,0,240,0,0,0,2782,121,0,2576,0,0,3,2.782
4120,12.385,19.062,0.054,0.0,0.0,0.0,0.0,0.0,534.0,2496.0,0.407,40,0,0,8.742,8.649,254,240,2,80,80,0,0,6400,0,0,0,0,0,0,0,0,0,0,240,0,0,0,2789,156,0,2551,0,0,3,2.789
4121,11.74,19.062,0.054,0.0,0.0,0.0,0.0,0.0,534.0,2496.0,0.411,40,0,0,8.209,8.126,253,240,2,80,80,0,0,6400,0,0,0,0,0,0,0,0,0,0,240,0,0,0,2793,141,0,2567,0,0,2,2.793
4122,12.508,19.062,0.054,0.0,0.0,0.0,0.0,0.0,534.0,2496.0,0.426,40,0,0,8.89,8.806,253,240,2,80,80,0,0,6400,0,0,0,0,0,0,0,0,0,0,240,0,0,0,2849,116,0,2643,0,0,3,2.849
4123,12.203,19.062,0.054,0.0,0.0,0.0,0.0,0.0,534.0,2496.0,0.456,40,0,0,8.603,8.512,253,240,2,80,80,0,0,6400,0,0,0,0,0,0,0,0,0,0,240,0,0,0,2824,137,0,2593,0,0,1,2.824
4124,15.151,19.062,0.054,0.0,0.0,0.0,0.0,0.0,534.0,2496.0,0.498,40,0,0,11.152,11.058,254,240,2,80,80,0,0,6400,0,0,0,0,0,0,0,0,0,0,240,0,0,0,3137,124,0,2908,0,0,3,3.137
4125,12.676,19.062,0.054,0.0,0.0,0.0,0.0,0.0,534.0,2496.0,0.509,40,0,0,8.924,8.818,254,240,2,80,80,0,0,6400,0,0,0,0,0,0,0,0,0,0,240,0,0,0,2854,128,0,2629,0,0,3,2.854
4126,12.677,19.062,0.054,0.0,0.0,0.0,0.0,0.0,534.0,2496.0,0.482,40,0,0,8.834,8.641,255,240,2,80,80,0,0,6400,0,0,0,0,0,0,0,0,0,0,240,0,0,0,2886,156,0,2635,0,0,4,2.886
4127,12.975,19.062,0.054,0.0,0.0,0.0,0.0,0.0,534.0,2496.0,0.452,40,0,0,8.971,8.88,253,240,2,80,80,0,0,6400,0,0,0,0,0,0,0,0,0,0,240,0,0,0,3080,144,0,2829,0,0,4,3.08
4128,15.989,19.062,0.054,0.0,0.0,0.0,0.0,0.0,534.0,2496.0,0.494,40,0,0,11.47,11.357,253,240,2,80,80,0,0,6400,0,0,0,0,0,0,0,0,0,0,240,0,0,0,3625,168,0,3333,0,0,4,3.625
4129,14.078,19.062,0.054,0.0,0.0,0.0,0.0,0.0,534.0,2496.0,0.493,40,0,0,10.528,10.44,253,240,2,80,80,0,0,6400,0,0,0,0,0,0,0,0,0,0,240,0,0,0,2687,134,0,2468,0,0,3,2.687
4130,14.134,19.062,0.054,0.0,0.0,0.0,0.0,0.0,534.0,2496.0,0.571,40,0,0,9.938,9.825,254,240,2,80,80,0,0,6400,0,0,0,0,0,0,0,0,0,0,240,0,0,0,3238,194,0,2919,0,0,4,3.238
4131,20.039,19.062,0.054,0.0,0.0,0.0,0.0,0.0,534.0,2496.0,0.884,40,0,0,14.089,13.955,255,240,2,80,80,0,0,6400,0,0,0,0,0,0,0,0,0,0,240,0,0,0,4840,185,0,4432,0,0,6,4.84
4132,22.988,19.062,0.054,0.0,0.0,0.0,0.0,0.0,534.0,2496.0,0.855,40,0,0,17.062,16.915,253,240,2,80,80,0,0,6400,0,0,0,0,0,0,0,0,0,0,240,0,0,0,4310,181,0,3914,0,0,5,4.31
4133,14.802,19.062,0.054,0.0,0.0,0.0,0.0,0.0,534.0,2496.0,0.497,40,0,0,10.088,9.949,254,240,2,80,80,0,0,6400,0,0,0,0,0,0,0,0,0,0,240,0,0,0,3404,115,0,3188,0,0,4,3.404
4134,12.11,19.062,0.054,0.0,0.0,0.0,0.0,0.0,534.0,2496.0,0.424,40,0,0,8.649,8.51,254,240,2,80,80,0,0,6400,0,0,0,0,0,0,0,0,0,0,240,0,0,0,2554,110,0,2364,0,0,3,2.554
4135,10.96,19.062,0.054,0.0,0.0,0.0,0.0,0.0,534.0,2496.0,0.403,40,0,0,7.621,7.527,252,240,2,80,80,0,0,6400,0,0,0,0,0,0,0,0,0,0,240,0,0,0,2565,103,0,2371,0,0,1,2.565
4136,11.114,19.062,0.054,0.0,0.0,0.0,0.0,0.0,534.0,2496.0,0.427,40,0,0,7.526,7.445,254,240,2,80,80,0,0,6400,0,0,0,0,0,0,0,0,0,0,240,0,0,0,2835,105,0,2636,0,0,3,2.835
4137,12.042,19.062,0.054,0.0,0.0,0.0,0.0,0.0,534.0,2496.0,0.642,40,0,0,8.29,8.201,253,240,2,80,80,0,0,6400,0,0,0,0,0,0,0,0,0,0,240,0,0,0,2857,109,0,2665,0,0,4,2.857
4138,11.605,19.062,0.054,0.0,0.0,0.0,0.0,0.0,534.0,2496.0,0.408,40,0,0,7.966,7.87,254,240,2,80,80,0,0,6400,0,0,0,0,0,0,0,0,0,0,240,0,0,0,2634,116,0,2429,0,0,2,2.634
4139,13.925,19.062,0.054,0.0,0.0,0.0,0.0,0.0,534.0,2496.0,0.41,40,0,0,10.426,10.333,255,240,2,80,80,0,0,6400,0,0,0,0,0,0,0,0,0,0,240,0,0,0,2687,111,0,2491,0,0,3,2.687
4140,12.296,19.062,0.054,0.0,0.0,0.0,0.0,0.0,534.0,2496.0,0.398,40,0,0,8.575,8.492,253,240,2,80,80,0,0,6400,0,0,0,0,0,0,0,0,0,0,240,0,0,0,2694,129,0,2482,0,0,3,2.694
4141,11.16,19.062,0.054,0.0,0.0,0.0,0.0,0.0,534.0,2496.0,0.365,40,0,0,7.74,7.659,252,240,2,80,80,0,0,6400,0,0,0,0,0,0,0,0,0,0,240,0,0,0,2666,106,0,2479,0,0,3,2.666
4142,16.32,19.062,0.054,0.0,0.0,0.0,0.0,0.0,534.0,2496.0,0.71,40,0,0,11.493,11.383,254,240,2,80,80,0,0,6400,0,0,0,0,0,0,0,0,0,0,240,0,0,0,4054,164,0,3735,0,0,5,4.054
4143,19.138,19.062,0.054,0.0,0.0,0.0,0.0,0.0,534.0,2496.0,0.659,40,0,0,13.665,13.542,253,240,2,80,80,0,0,6400,0,0,0,0,0,0,0,0,0,0,240,0,0,0,4254,193,0,3872,0,0,6,4.254
4144,14.135,19.062,0.054,0.0,0.0,0.0,0.0,0.0,534.0,2496.0,0.472,40,0,0,10.141,10.019,253,240,2,80,80,0,0,6400,0,0,0,0,0,0,0,0,0,0,240,0,0,0,2858,116,0,2649,0,0,3,2.858
4145,13.682,19.062,0.054,0.0,0.0,0.0,0.0,0.0,534.0,2496.0,0.457,40,0,0,9.758,9.655,255,240,2,80,80,0,0,6400,0,0,0,0,0,0,0,0,0,0,240,0,0,0,3066,127,0,2829,0,0,4,3.066
4146,13.788,19.062,0.054,0.0,0.0,0.0,0.0,0.0,534.0,2496.0,0.427,40,0,0,10.164,10.058,255,240,2,80,80,0,0,6400,0,0,0,0,0,0,0,0,0,0,240,0,0,0,2760,111,0,2556,0,0,3,2.76
4147,12.691,19.062,0.054,0.0,0.0,0.0,0.0,0.0,534.0,2496.0,0.488,40,0,0,9.11,9.034,252,240,2,80,80,0,0,6400,0,0,0,0,0,0,0,0,0,0,240,0,0,0,2790,112,0,2588,0,0,3,2.79
4148,13.136,19.062,0.054,0.0,0.0,0.0,0.0,0.0,534.0,2496.0,0.418,40,0,0,9.198,9.087,253,240,2,80,80,0,0,6400,0,0,0,0,0,0,0,0,0,0,240,0,0,0,3052,120,0,2827,0,0,3,3.052
4149,12.115,19.062,0.054,0.0,0.0,0.0,0.0,0.0,534.0,2496.0,0.405,40,0,0,8.505,8.375,253,240,2,80,80,0,0,6400,0,0,0,0,0,0,0,0,0,0,240,0,0,0,2838,122,0,2617,0,0,2,2.838
4150,16.228,19.062,0.054,0.0,0.0,0.0,0.0,0.0,534.0,2496.0,0.56,40,0,0,11.435,11.342,254,240,2,80,80,0,0,6400,0,0,0,0,0,0,0,0,0,0,240,0,0,0,3952,154,0,3649,0,0,3,3.952
4151,18.609,19.062,0.054,0.0,0.0,0.0,0.0,0.0,534.0,2496.0,0.476,40,0,0,13.731,10.85,255,240,2,80,80,0,0,6400,0,0,0,0,0,0,0,0,0,0,240,0,0,0,3833,153,0,3551,0,0,3,3.833
4152,15.762,19.062,0.054,0.0,0.0,0.0,0.0,0.0,534.0,2496.0,0.607,40,0,0,10.957,10.823,253,240,2,80,80,0,0,6400,0,0,0,0,0,0,0,0,0,0,240,0,0,0,3869,160,0,3582,0,0,4,3.869
4153,16.622,19.062,0.054,0.0,0.0,0.0,0.0,0.0,534.0,2496.0,0.612,40,0,0,11.608,11.487,254,240,2,80,80,0,0,6400,0,0,0,0,0,0,0,0,0,0,240,0,0,0,3967,165,0,3656,0,0,4,3.967
4154,14.653,19.062,0.054,0.0,0.0,0.0,0.0,0.0,534.0,2496.0,0.48,40,0,0,10.4,10.275,254,240,2,80,80,0,0,6400,0,0,0,0,0,0,0,0,0,0,240,0,0,0,3240,110,0,3010,0,0,4,3.24
4155,12.04,19.062,0.054,0.0,0.0,0.0,0.0,0.0,534.0,2496.0,0.418,40,0,0,8.431,8.312,253,240,2,80,80,0,0,6400,0,0,0,0,0,0,0,0,0,0,240,0,0,0,2788,121,0,2579,0,0,3,2.788
4156,12.258,19.062,0.054,0.0,0.0,0.0,0.0,0.0,534.0,2496.0,1.122,40,0,0,8.235,8.137,252,240,2,80,80,0,0,6400,0,0,0,0,0,0,0,0,0,0,240,0,0,0,3245,116,0,3034,0,0,4,3.245
4157,16.118,19.062,0.054,0.0,0.0,0.0,0.0,0.0,534.0,2496.0,0.744,40,0,0,10.462,10.278,255,240,2,80,80,0,0,6400,0,0,0,0,0,0,0,0,0,0,240,0,0,0,4012,175,0,3683,0,0,6,4.012
4158,16.96,19.062,0.054,0.0,0.0,0.0,0.0,0.0,534.0,2496.0,0.651,40,0,0,11.856,11.738,253,240,2,80,80,0,0,6400,0,0,0,0,0,0,0,0,0,0,240,0,0,0,3854,205,0,3518,0,0,6,3.854
4159,16.504,19.062,0.054,0.0,0.0,0.0,0.0,0.0,534.0,2496.0,0.631,40,0,0,11.388,11.256,253,240,2,80,80,0,0,6400,0,0,0,0,0,0,0,0,0,0,240,0,0,0,3959,173,0,3645,0,0,6,3.959
4160,16.715,19.062,0.054,0.0,0.0,0.0,0.0,0.0,534.0,2496.0,0.495,40,0,0,11.727,11.598,255,240,2,80,80,0,0,6400,0,0,0,0,0,0,0,0,0,0,240,0,0,0,3758,159,0,3473,0,0,3,3.758
4161,14.144,19.062,0.054,0.0,0.0,0.0,0.0,0.0,534.0,2496.0,0.829,40,0,0,10.222,10.123,253,240,2,80,80,0,0,6400,0,0,0,0,0,0,0,0,0,0,240,0,0,0,2982,120,0,2768,0,0,2,2.982
4162,15.607,19.062,0.054,0.0,0.0,0.0,0.0,0.0,534.0,2496.0,0.476,40,0,0,11.287,11.154,252,240,2,80,80,0,0,6400,0,0,0,0,0,0,0,0,0,0,240,0,0,0,3068,137,0,2816,0,0,3,3.068
4163,13.081,19.062,0.054,0.0,0.0,0.0,0.0,0.0,534.0,2496.0,0.807,40,0,0,8.722,8.622,254,240,2,80,80,0,0,6400,0,0,0,0,0,0,0,0,0,0,240,0,0,0,3419,114,0,3184,0,0,3,3.419
4164,14.567,19.062,0.054,0.0,0.0,0.0,0.0,0.0,534.0,2496.0,0.544,40,0,0,10.218,10.063,255,240,2,80,80,0,0,6400,0,0,0,0,0,0,0,0,0,0,240,0,0,0,3093,148,0,2846,0,0,2,3.093
4165,15.885,23.327,0.041,0.0,0.0,0.0,0.0,0.0,534.0,2496.0,0.484,40,0,0,12.043,11.95,253,240,2,80,80,0,0,6400,0,0,0,0,0,0,0,0,0,0,240,0,0,0,2810,112,0,2610,0,0,3,2.81
4166,12.778,23.327,0.041,0.0,0.0,0.0,0.0,0.0,534.0,2496.0,0.479,40,0,0,8.891,8.768,254,240,2,80,80,0,0,6400,0,0,0,0,0,0,0,0,0,0,240,0,0,0,2999,130,0,2766,0,0,4,2.999
4167,14.83,23.327,0.041,0.0,0.0,0.0,0.0,0.0,534.0,2496.0,0.493,40,0,0,10.718,10.623,253,240,2,80,80,0,0,6400,0,0,0,0,0,0,0,0,0,0,240,0,0,0,3254,113,0,3038,0,0,5,3.254
4168,14.051,23.327,0.041,0.0,0.0,0.0,0.0,0.0,534.0,2496.0,0.536,40,0,0,9.363,9.272,253,240,2,80,80,0,0,6400,0,0,0,0,0,0,0,0,0,0,240,0,0,0,3577,133,0,3333,0,0,3,3.577
4169,12.905,23.327,0.041,0.0,0.0,0.0,0.0,0.0,534.0,2496.0,0.483,40,0,0,8.963,8.857,254,240,2,80,80,0,0,6400,0,0,0,0,0,0,0,0,0,0,240,0,0,0,3005,122,0,2777,0,0,2,3.005
4170,14.956,23.327,0.041,0.0,0.0,0.0,0.0,0.0,534.0,2496.0,0.552,40,0,0,10.104,10.02,252,240,2,80,80,0,0,6400,0,0,0,0,0,0,0,0,0,0,240,0,0,0,3899,166,0,3609,0,0,3,3.899
4171,16.187,23.327,0.041,0.0,0.0,0.0,0.0,0.0,534.0,2496.0,0.516,40,0,0,11.361,11.252,253,240,2,80,80,0,0,6400,0,0,0,0,0,0,0,0,0,0,240,0,0,0,3824,157,0,3542,0,0,4,3.824
4172,15.654,23.327,0.041,0.0,0.0,0.0,0.0,0.0,534.0,2496.0,0.545,40,0,0,10.995,10.861,255,240,2,80,80,0,0,6400,0,0,0,0,0,0,0,0,0,0,240,0,0,0,3730,156,0,3448,0,0,3,3.73
4173,16.766,23.327,0.041,0.0,0.0,0.0,0.0,0.0,534.0,2496.0,0.685,40,0,0,11.61,11.501,253,240,2,80,80,0,0,6400,0,0,0,0,0,0,0,0,0,0,240,0,0,0,4125,184,0,3786,0,0,5,4.125
4174,13.056,23.327,0.041,0.0,0.0,0.0,0.0,0.0,534.0,2496.0,0.391,40,0,0,9.153,9.003,253,240,2,80,80,0,0,6400,0,0,0,0,0,0,0,0,0,0,240,0,0,0,2757,116,0,2547,0,0,2,2.757
4175,11.468,23.327,0.041,0.0,0.0,0.0,0.0,0.0,534.0,2496.0,0.44,40,0,0,8.01,7.892,254,240,2,80,80,0,0,6400,0,0,0,0,0,0,0,0,0,0,240,0,0,0,2705,106,0,2506,0,0,2,2.705
4176,11.472,23.327,0.041,0.0,0.0,0.0,0.0,0.0,534.0,2496.0,0.395,40,0,0,7.933,7.854,253,240,2,80,80,0,0,6400,0,0,0,0,0,0,0,0,0,0,240,0,0,0,2773,119,0,2563,0,0,3,2.773
4177,11.835,23.327,0.041,0.0,0.0,0.0,0.0,0.0,534.0,2496.0,0.388,40,0,0,8.403,8.314,255,240,2,80,80,0,0,6400,0,0,0,0,0,0,0,0,0,0,240,0,0,0,2712,108,0,2519,0,0,2,2.712
4178,12.507,23.327,0.041,0.0,0.0,0.0,0.0,0.0,534.0,2496.0,0.435,40,0,0,8.965,8.873,254,240,2,80,80,0,0,6400,0,0,0,0,0,0,0,0,0,0,240,0,0,0,2829,109,0,2628,0,0,3,2.829
4179,12.096,23.327,0.041,0.0,0.0,0.0,0.0,0.0,534.0,2496.0,0.424,40,0,0,8.501,8.417,253,240,2,80,80,0,0,6400,0,0,0,0,0,0,0,0,0,0,240,0,0,0,2805,112,0,2607,0,0,3,2.805
4180,11.88,23.327,0.041,0.0,0.0,0.0,0.0,0.0,534.0,2496.0,0.657,40,0,0,8.362,8.014,253,240,2,80,80,0,0,6400,0,0,0,0,0,0,0,0,0,0,240,0,0,0,2763,129,0,2540,0,0,2,2.763
4181,11.943,23.327,0.041,0.0,0.0,0.0,0.0,0.0,534.0,2496.0,0.446,40,0,0,8.122,8.029,254,240,2,80,80,0,0,6400,0,0,0,0,0,0,0,0,0,0,240,0,0,0,2850,106,0,2659,0,0,3,2.85
4182,11.853,23.327,0.041,0.0,0.0,0.0,0.0,0.0,534.0,2496.0,0.411,40,0,0,8.29,8.213,252,240,2,80,80,0,0,6400,0,0,0,0,0,0,0,0,0,0,240,0,0,0,2793,118,0,2585,0,0,3,2.793
4183,12.533,23.327,0.041,0.0,0.0,0.0,0.0,0.0,534.0,2496.0,0.406,40,0,0,8.741,8.645,255,240,2,80,80,0,0,6400,0,0,0,0,0,0,0,0,0,0,240,0,0,0,2894,206,0,2598,0,0,3,2.894
4184,11.844,23.327,0.041,0.0,0.0,0.0,0.0,0.0,534.0,2496.0,0.503,40,0,0,8.24,8.144,255,240,2,80,80,0,0,6400,0,0,0,0,0,0,0,0,0,0,240,0,0,0,2859,108,0,2659,0,0,2,2.859
4185,12.887,23.327,0.041,0.0,0.0,0.0,0.0,0.0,534.0,2496.0,0.427,40,0,0,9.08,8.988,254,240,2,80,80,0,0,6400,0,0,0,0,0,0,0,0,0,0,240,0,0,0,2951,113,0,2747,0,0,3,2.951
4186,11.473,23.327,0.041,0.0,0.0,0.0,0.0,0.0,534.0,2496.0,0.38,40,0,0,7.886,7.808,252,240,2,80,80,0,0,6400,0,0,0,0,0,0,0,0,0,0,240,0,0,0,2767,110,0,2566,0,0,3,2.767
4187,13.052,23.327,0.041,0.0,0.0,0.0,0.0,0.0,534.0,2496.0,0.429,40,0,0,9.167,9.07,254,240,2,80,80,0,0,6400,0,0,0,0,0,0,0,0,0,0,240,0,0,0,3133,109,0,2906,0,0,4,3.133
4188,12.714,23.327,0.041,0.0,0.0,0.0,0.0,0.0,534.0,2496.0,0.423,40,0,0,9.287,9.197,252,240,2,80,80,0,0,6400,0,0,0,0,0,0,0,0,0,0,240,0,0,0,2606,121,0,2388,0,0,3,2.606
4189,11.324,23.327,0.041,0.0,0.0,0.0,0.0,0.0,534.0,2496.0,0.669,40,0,0,7.93,7.841,254,240,2,80,80,0,0,6400,0,0,0,0,0,0,0,0,0,0,240,0,0,0,2641,122,0,2425,0,0,3,2.641
4190,15.262,23.327,0.041,0.0,0.0,0.0,0.0,0.0,534.0,2496.0,0.586,40,0,0,10.615,10.524,253,240,2,80,80,0,0,6400,0,0,0,0,0,0,0,0,0,0,240,0,0,0,3406,139,0,3150,0,0,5,3.406
4191,13.946,23.327,0.041,0.0,0.0,0.0,0.0,0.0,534.0,2496.0,0.439,40,0,0,8.765,8.633,255,240,2,80,80,0,0,6400,0,0,0,0,0,0,0,0,0,0,240,0,0,0,4124,121,0,3887,0,0,3,4.124
4192,11.739,23.327,0.041,0.0,0.0,0.0,0.0,0.0,534.0,2496.0,0.424,40,0,0,8.251,8.109,253,240,2,80,80,0,0,6400,0,0,0,0,0,0,0,0,0,0,240,0,0,0,2637,128,0,2425,0,0,3,2.637
4193,11.173,23.327,0.041,0.0,0.0,0.0,0.0,0.0,534.0,2496.0,0.395,40,0,0,7.751,7.657,255,240,2,80,80,0,0,6400,0,0,0,0,0,0,0,0,0,0,240,0,0,0,2648,105,0,2460,0,0,3,2.648
4194,11.435,23.327,0.041,0.0,0.0,0.0,0.0,0.0,534.0,2496.0,0.495,40,0,0,7.919,7.823,252,240,2,80,80,0,0,6400,0,0,0,0,0,0,0,0,0,0,240,0,0,0,2711,111,0,2514,0,0,2,2.711
4195,12.411,23.327,0.041,0.0,0.0,0.0,0.0,0.0,534.0,2496.0,0.411,40,0,0,8.793,8.701,254,240,2,80,80,0,0,6400,0,0,0,0,0,0,0,0,0,0,240,0,0,0,2673,138,0,2453,0,0,3,2.673
4196,14.179,23.327,0.041,0.0,0.0,0.0,0.0,0.0,534.0,2496.0,2.114,40,0,0,7.899,7.813,253,240,2,80,80,0,0,6400,0,0,0,0,0,0,0,0,0,0,240,0,0,0,5486,145,0,5225,0,0,4,5.486
4197,16.679,23.327,0.041,0.0,0.0,0.0,0.0,0.0,534.0,2496.0,0.453,40,0,0,10.815,10.659,254,240,2,80,80,0,0,6400,0,0,0,0,0,0,0,0,0,0,240,0,0,0,3315,115,0,3096,0,0,2,3.315
4198,13.36,23.327,0.041,0.0,0.0,0.0,0.0,0.0,534.0,2496.0,0.443,40,0,0,9.574,9.385,252,240,2,80,80,0,0,6400,0,0,0,0,0,0,0,0,0,0,240,0,0,0,2931,121,0,2716,0,0,2,2.931
4199,13.429,23.327,0.041,0.0,0.0,0.0,0.0,0.0,534.0,2496.0,0.447,40,0,0,9.567,9.457,255,240,2,80,80,0,0,6400,0,0,0,0,0,0,0,0,0,0,240,0,0,0,3027,128,0,2782,0,0,3,3.027
4200,12.083,23.327,0.041,0.0,0.0,0.0,0.0,0.0,534.0,2496.0,0.416,40,0,0,8.19,8.103,253,240,2,80,80,0,0,6400,0,0,0,0,0,0,0,0,0,0,240,0,0,0,3066,155,0,2780,0,0,4,3.066
4201,12.733,23.327,0.041,0.0,0.0,0.0,0.0,0.0,534.0,2496.0,0.442,40,0,0,9.048,8.967,252,240,2,80,80,0,0,6400,0,0,0,0,0,0,0,0,0,0,240,0,0,0,2883,114,0,2659,0,0,3,2.883
4202,12.704,23.327,0.041,0.0,0.0,0.0,0.0,0.0,534.0,2496.0,0.426,40,0,0,8.621,8.528,254,240,2,80,80,0,0,6400,0,0,0,0,0,0,0,0,0,0,240,0,0,0,3202,150,0,2926,0,0,3,3.202
4203,11.845,23.327,0.041,0.0,0.0,0.0,0.0,0.0,534.0,2496.0,0.445,40,0,0,7.821,7.73,253,240,2,80,80,0,0,6400,0,0,0,0,0,0,0,0,0,0,240,0,0,0,3200,139,0,2949,0,0,4,3.2
4204,11.775,23.327,0.041,0.0,0.0,0.0,0.0,0.0,534.0,2496.0,0.397,40,0,0,8.265,8.186,252,240,2,80,80,0,0,6400,0,0,0,0,0,0,0,0,0,0,240,0,0,0,2711,106,0,2517,0,0,3,2.711
4205,12.807,23.327,0.041,0.0,0.0,0.0,0.0,0.0,534.0,2496.0,0.502,40,0,0,9.29,9.202,254,240,2,80,80,0,0,6400,0,0,0,0,0,0,0,0,0,0,240,0,0,0,2722,130,0,2493,0,0,2,2.722
4206,14.855,23.327,0.041,0.0,0.0,0.0,0.0,0.0,534.0,2496.0,0.422,40,0,0,11.143,9.177,254,240,2,80,80,0,0,6400,0,0,0,0,0,0,0,0,0,0,240,0,0,0,2766,160,0,2521,0,0,3,2.766
4207,11.49,23.327,0.041,0.0,0.0,0.0,0.0,0.0,534.0,2496.0,0.407,40,0,0,8.062,7.976,253,240,2,80,80,0,0,6400,0,0,0,0,0,0,0,0,0,0,240,0,0,0,2652,109,0,2460,0,0,3,2.652
4208,12.44,23.327,0.041,0.0,0.0,0.0,0.0,0.0,534.0,2496.0,0.445,40,0,0,8.769,8.663,255,240,2,80,80,0,0,6400,0,0,0,0,0,0,0,0,0,0,240,0,0,0,2863,167,0,2597,0,0,3,2.863
4209,12.407,23.327,0.041,0.0,0.0,0.0,0.0,0.0,534.0,2496.0,0.418,40,0,0,8.406,8.321,253,240,2,80,80,0,0,6400,0,0,0,0,0,0,0,0,0,0,240,0,0,0,3200,122,0,2984,0,0,3,3.2
4210,11.361,23.327,0.041,0.0,0.0,0.0,0.0,0.0,534.0,2496.0,0.364,40,0,0,7.977,7.889,254,240,2,80,80,0,0,6400,0,0,0,0,0,0,0,0,0,0,240,0,0,0,2627,106,0,2440,0,0,2,2.627
4211,11.364,23.327,0.041,0.0,0.0,0.0,0.0,0.0,534.0,2496.0,0.42,40,0,0,7.709,7.628,254,240,2,80,80,0,0,6400,0,0,0,0,0,0,0,0,0,0,240,0,0,0,2976,105,0,2775,0,0,3,2.976
4212,11.959,23.327,0.041,0.0,0.0,0.0,0.0,0.0,534.0,2496.0,0.479,40,0,0,8.181,8.104,252,240,2,80,80,0,0,6400,0,0,0,0,0,0,0,0,0,0,240,0,0,0,2959,135,0,2722,0,0,4,2.959
4213,11.808,23.327,0.041,0.0,0.0,0.0,0.0,0.0,534.0,2496.0,0.526,40,0,0,8.206,8.129,252,240,2,80,80,0,0,6400,0,0,0,0,0,0,0,0,0,0,240,0,0,0,2725,115,0,2493,0,0,3,2.725
4214,11.961,23.327,0.041,0.0,0.0,0.0,0.0,0.0,534.0,2496.0,0.399,40,0,0,8.342,8.251,254,240,2,80,80,0,0,6400,0,0,0,0,0,0,0,0,0,0,240,0,0,0,2753,107,0,2560,0,0,3,2.753
4215,14.208,23.327,0.041,0.0,0.0,0.0,0.0,0.0,534.0,2496.0,0.452,40,0,0,9.666,9.582,253,240,2,80,80,0,0,6400,0,0,0,0,0,0,0,0,0,0,240,0,0,0,3778,140,0,3539,0,0,3,3.778
4216,13.111,23.327,0.041,0.0,0.0,0.0,0.0,0.0,534.0,2496.0,0.573,40,0,0,8.549,8.464,253,240,2,80,80,0,0,6400,0,0,0,0,0,0,0,0,0,0,240,0,0,0,3738,121,0,3516,0,0,5,3.738
4217,18.104,23.327,0.041,0.0,0.0,0.0,0.0,0.0,534.0,2496.0,0.41,40,0,0,14.414,14.322,254,240,2,80,80,0,0,6400,0,0,0,0,0,0,0,0,0,0,240,0,0,0,2711,110,0,2517,0,0,3,2.711
4218,12.954,23.327,0.041,0.0,0.0,0.0,0.0,0.0,534.0,2496.0,0.476,40,0,0,9.601,9.518,253,240,2,80,80,0,0,6400,0,0,0,0,0,0,0,0,0,0,240,0,0,0,2608,140,0,2380,0,0,2,2.608
4219,12.421,23.327,0.041,0.0,0.0,0.0,0.0,0.0,534.0,2496.0,0.414,40,0,0,8.67,8.589,253,240,2,80,80,0,0,6400,0,0,0,0,0,0,0,0,0,0,240,0,0,0,2839,130,0,2616,0,0,2,2.839
4220,13.904,23.327,0.041,0.0,0.0,0.0,0.0,0.0,534.0,2496.0,0.433,40,0,0,10.078,9.991,253,240,2,80,80,0,0,6400,0,0,0,0,0,0,0,0,0,0,240,0,0,0,3045,112,0,2710,0,0,3,3.045
4221,13.054,23.327,0.041,0.0,0.0,0.0,0.0,0.0,534.0,2496.0,1.253,40,0,0,8.769,8.683,253,240,2,80,80,0,0,6400,0,0,0,0,0,0,0,0,0,0,240,0,0,0,2972,142,0,2736,0,0,3,2.972
4222,13.032,23.327,0.041,0.0,0.0,0.0,0.0,0.0,534.0,2496.0,0.394,40,0,0,8.382,8.288,253,240,2,80,80,0,0,6400,0,0,0,0,0,0,0,0,0,0,240,0,0,0,3000,150,0,2762,0,0,3,3.0
4223,12.366,23.327,0.041,0.0,0.0,0.0,0.0,0.0,534.0,2496.0,0.453,40,0,0,8.967,8.891,252,240,2,80,80,0,0,6400,0,0,0,0,0,0,0,0,0,0,240,0,0,0,2636,112,0,2424,0,0,2,2.636
4224,11.211,23.327,0.041,0.0,0.0,0.0,0.0,0.0,534.0,2496.0,0.441,40,0,0,7.77,7.643,255,240,2,80,80,0,0,6400,0,0,0,0,0,0,0,0,0,0,240,0,0,0,2631,138,0,2410,0,0,2,2.631
4225,12.961,23.327,0.041,0.0,0.0,0.0,0.0,0.0,534.0,2496.0,0.61,40,0,0,8.684,8.61,252,240,2,80,80,0,0,6400,0,0,0,0,0,0,0,0,0,0,240,0,0,0,3467,141,0,3205,0,0,4,3.467
4226,13.92,23.327,0.041,0.0,0.0,0.0,0.0,0.0,534.0,2496.0,0.549,40,0,0,10.107,10.009,253,240,2,80,80,0,0,6400,0,0,0,0,0,0,0,0,0,0,240,0,0,0,2834,151,0,2586,0,0,3,2.834
4227,13.872,23.327,0.041,0.0,0.0,0.0,0.0,0.0,534.0,2496.0,0.526,40,0,0,10.243,10.129,254,240,2,80,80,0,0,6400,0,0,0,0,0,0,0,0,0,0,240,0,0,0,2701,145,0,2477,0,0,2,2.701
4228,15.032,23.327,0.041,0.0,0.0,0.0,0.0,0.0,534.0,2496.0,0.58,40,0,0,10.185,10.059,253,240,2,80,80,0,0,6400,0,0,0,0,0,0,0,0,0,0,240,0,0,0,3785,155,0,3497,0,0,4,3.785
4229,13.574,23.327,0.041,0.0,0.0,0.0,0.0,0.0,534.0,2496.0,0.47,40,0,0,9.795,9.693,252,240,2,80,80,0,0,6400,0,0,0,0,0,0,0,0,0,0,240,0,0,0,2785,115,0,2583,0,0,3,2.785
4230,12.052,23.327,0.041,0.0,0.0,0.0,0.0,0.0,534.0,2496.0,0.458,40,0,0,8.413,8.324,254,240,2,80,80,0,0,6400,0,0,0,0,0,0,0,0,0,0,240,0,0,0,2803,163,0,2553,0,0,3,2.803
4231,12.261,23.327,0.041,0.0,0.0,0.0,0.0,0.0,534.0,2496.0,0.476,40,0,0,8.156,8.081,252,240,2,80,80,0,0,6400,0,0,0,0,0,0,0,0,0,0,240,0,0,0,3313,116,0,3100,0,0,3,3.313
4232,12.346,23.327,0.041,0.0,0.0,0.0,0.0,0.0,534.0,2496.0,0.456,40,0,0,8.603,8.504,253,240,2,80,80,0,0,6400,0,0,0,0,0,0,0,0,0,0,240,0,0,0,2855,113,0,2647,0,0,3,2.855
4233,12.201,23.327,0.041,0.0,0.0,0.0,0.0,0.0,534.0,2496.0,0.413,40,0,0,8.551,8.455,254,240,2,80,80,0,0,6400,0,0,0,0,0,0,0,0,0,0,240,0,0,0,2822,112,0,2618,0,0,3,2.822
4234,12.085,23.327,0.041,0.0,0.0,0.0,0.0,0.0,534.0,2496.0,0.409,40,0,0,8.466,8.377,253,240,2,80,80,0,0,6400,0,0,0,0,0,0,0,0,0,0,240,0,0,0,2845,112,0,2639,0,0,3,2.845
4235,12.345,23.327,0.041,0.0,0.0,0.0,0.0,0.0,534.0,2496.0,0.455,40,0,0,8.657,8.574,253,240,2,80,80,0,0,6400,0,0,0,0,0,0,0,0,0,0,240,0,0,0,2938,121,0,2724,0,0,3,2.938
4236,11.978,23.327,0.041,0.0,0.0,0.0,0.0,0.0,534.0,2496.0,0.395,40,0,0,8.371,8.275,253,240,2,80,80,0,0,6400,0,0,0,0,0,0,0,0,0,0,240,0,0,0,2779,109,0,2582,0,0,3,2.779
4237,11.927,23.327,0.041,0.0,0.0,0.0,0.0,0.0,534.0,2496.0,0.408,40,0,0,8.4,8.317,253,240,2,80,80,0,0,6400,0,0,0,0,0,0,0,0,0,0,240,0,0,0,2794,118,0,2584,0,0,3,2.794
4238,11.681,23.327,0.041,0.0,0.0,0.0,0.0,0.0,534.0,2496.0,0.411,40,0,0,8.154,8.046,253,240,2,80,80,0,0,6400,0,0,0,0,0,0,0,0,0,0,240,0,0,0,2804,116,0,2595,0,0,3,2.804
4239,11.71,23.327,0.041,0.0,0.0,0.0,0.0,0.0,534.0,2496.0,0.491,40,0,0,8.134,8.053,252,240,2,80,80,0,0,6400,0,0,0,0,0,0,0,0,0,0,240,0,0,0,2772,113,0,2572,0,0,3,2.772
4240,15.414,23.327,0.041,0.0,0.0,0.0,0.0,0.0,534.0,2496.0,0.493,40,0,0,11.698,11.606,254,240,2,80,80,0,0,6400,0,0,0,0,0,0,0,0,0,0,240,0,0,0,2850,134,0,2623,0,0,3,2.85
4241,12.238,23.327,0.041,0.0,0.0,0.0,0.0,0.0,534.0,2496.0,0.419,40,0,0,8.567,8.477,253,240,2,80,80,0,0,6400,0,0,0,0,0,0,0,0,0,0,240,0,0,0,2811,117,0,2607,0,0,3,2.811
4242,12.225,19.079,0.196,0.0,0.0,0.0,0.0,0.0,534.0,2496.0,0.45,40,0,0,8.472,8.367,255,240,2,80,80,0,0,6400,0,0,0,0,0,0,0,0,0,0,240,0,0,0,2934,118,0,2721,0,0,3,2.934
4243,13.581,19.079,0.196,0.0,0.0,0.0,0.0,0.0,534.0,2496.0,0.558,40,0,0,8.786,8.698,253,240,2,80,80,0,0,6400,0,0,0,0,0,0,0,0,0,0,240,0,0,0,3835,193,0,3503,0,0,4,3.835
4244,16.284,19.079,0.196,0.0,0.0,0.0,0.0,0.0,534.0,2496.0,0.535,40,0,0,12.286,12.175,252,240,2,80,80,0,0,6400,0,0,0,0,0,0,0,0,0,0,240,0,0,0,2990,127,0,2773,0,0,3,2.99
4245,14.131,19.079,0.196,0.0,0.0,0.0,0.0,0.0,534.0,2496.0,0.709,40,0,0,10.166,8.62,254,240,2,80,80,0,0,6400,0,0,0,0,0,0,0,0,0,0,240,0,0,0,3054,118,0,2821,0,0,4,3.054
4246,12.586,19.079,0.196,0.0,0.0,0.0,0.0,0.0,534.0,2496.0,0.455,40,0,0,8.602,8.502,253,240,2,80,80,0,0,6400,0,0,0,0,0,0,0,0,0,0,240,0,0,0,2911,126,0,2698,0,0,3,2.911
4247,14.68,19.079,0.196,0.0,0.0,0.0,0.0,0.0,534.0,2496.0,0.548,40,0,0,10.905,10.825,252,240,2,80,80,0,0,6400,0,0,0,0,0,0,0,0,0,0,240,0,0,0,2946,113,0,2747,0,0,4,2.946
4248,12.548,19.079,0.196,0.0,0.0,0.0,0.0,0.0,534.0,2496.0,0.551,40,0,0,8.636,8.545,253,240,2,80,80,0,0,6400,0,0,0,0,0,0,0,0,0,0,240,0,0,0,2959,144,0,2712,0,0,3,2.959
4249,12.231,19.079,0.196,0.0,0.0,0.0,0.0,0.0,534.0,2496.0,0.503,40,0,0,8.505,8.402,255,240,2,80,80,0,0,6400,0,0,0,0,0,0,0,0,0,0,240,0,0,0,2821,142,0,2591,0,0,2,2.821
4250,12.862,19.079,0.196,0.0,0.0,0.0,0.0,0.0,534.0,2496.0,0.475,40,0,0,9.149,9.068,252,240,2,80,80,0,0,6400,0,0,0,0,0,0,0,0,0,0,240,0,0,0,2828,139,0,2595,0,0,3,2.828
4251,12.551,19.079,0.196,0.0,0.0,0.0,0.0,0.0,534.0,2496.0,0.629,40,0,0,8.856,8.763,254,240,2,80,80,0,0,6400,0,0,0,0,0,0,0,0,0,0,240,0,0,0,2855,114,0,2648,0,0,3,2.855
4252,13.004,19.079,0.196,0.0,0.0,0.0,0.0,0.0,534.0,2496.0,0.556,40,0,0,8.593,8.463,254,240,2,80,80,0,0,6400,0,0,0,0,0,0,0,0,0,0,240,0,0,0,3356,124,0,3110,0,0,4,3.356
4253,13.802,19.079,0.196,0.0,0.0,0.0,0.0,0.0,534.0,2496.0,0.501,40,0,0,9.683,9.497,253,240,2,80,80,0,0,6400,0,0,0,0,0,0,0,0,0,0,240,0,0,0,3146,142,0,2888,0,0,3,3.146
4254,13.902,19.079,0.196,0.0,0.0,0.0,0.0,0.0,534.0,2496.0,0.624,40,0,0,10.015,9.92,252,240,2,80,80,0,0,6400,0,0,0,0,0,0,0,0,0,0,240,0,0,0,2994,216,0,2685,0,0,3,2.994
4255,14.976,19.079,0.196,0.0,0.0,0.0,0.0,0.0,534.0,2496.0,1.007,40,0,0,10.654,10.55,254,240,2,80,80,0,0,6400,0,0,0,0,0,0,0,0,0,0,240,0,0,0,3195,156,0,2929,0,0,3,3.195
4256,19.044,19.079,0.196,0.0,0.0,0.0,0.0,0.0,534.0,2496.0,0.48,40,0,0,14.62,14.502,252,240,2,80,80,0,0,6400,0,0,0,0,0,0,0,0,0,0,240,0,0,0,3040,109,0,2837,0,0,2,3.04
4257,12.515,19.079,0.196,0.0,0.0,0.0,0.0,0.0,534.0,2496.0,0.418,40,0,0,8.946,8.859,253,240,2,80,80,0,0,6400,0,0,0,0,0,0,0,0,0,0,240,0,0,0,2722,116,0,2517,0,0,3,2.722
4258,11.792,19.079,0.196,0.0,0.0,0.0,0.0,0.0,534.0,2496.0,0.517,40,0,0,8.198,8.078,254,240,2,80,80,0,0,6400,0,0,0,0,0,0,0,0,0,0,240,0,0,0,2817,111,0,2606,0,0,4,2.817
4259,11.744,19.079,0.196,0.0,0.0,0.0,0.0,0.0,534.0,2496.0,0.374,40,0,0,8.282,8.201,252,240,2,80,80,0,0,6400,0,0,0,0,0,0,0,0,0,0,240,0,0,0,2561,109,0,2371,0,0,2,2.561
4260,11.831,19.079,0.196,0.0,0.0,0.0,0.0,0.0,534.0,2496.0,0.479,40,0,0,7.842,7.765,253,240,2,80,80,0,0,6400,0,0,0,0,0,0,0,0,0,0,240,0,0,0,3297,125,0,3053,0,0,4,3.297
4261,11.857,19.079,0.196,0.0,0.0,0.0,0.0,0.0,534.0,2496.0,0.872,40,0,0,8.175,8.087,254,240,2,80,80,0,0,6400,0,0,0,0,0,0,0,0,0,0,240,0,0,0,2858,103,0,2640,0,0,3,2.858
4262,11.853,19.079,0.196,0.0,0.0,0.0,0.0,0.0,534.0,2496.0,0.39,40,0,0,7.98,7.885,253,240,2,80,80,0,0,6400,0,0,0,0,0,0,0,0,0,0,240,0,0,0,2627,103,0,2440,0,0,2,2.627
4263,11.752,19.079,0.196,0.0,0.0,0.0,0.0,0.0,534.0,2496.0,0.412,40,0,0,8.113,8.007,254,240,2,80,80,0,0,6400,0,0,0,0,0,0,0,0,0,0,240,0,0,0,2920,113,0,2711,0,0,3,2.92
4264,12.218,19.079,0.196,0.0,0.0,0.0,0.0,0.0,534.0,2496.0,0.391,40,0,0,8.059,7.974,253,240,2,80,80,0,0,6400,0,0,0,0,0,0,0,0,0,0,240,0,0,0,3017,141,0,2770,0,0,2,3.017
4265,13.902,19.079,0.196,0.0,0.0,0.0,0.0,0.0,534.0,2496.0,0.635,40,0,0,8.925,8.816,253,240,2,80,80,0,0,6400,0,0,0,0,0,0,0,0,0,0,240,0,0,0,4207,155,0,3899,0,0,4,4.207
4266,14.385,19.079,0.196,0.0,0.0,0.0,0.0,0.0,534.0,2496.0,0.43,40,0,0,10.682,10.559,253,240,2,80,80,0,0,6400,0,0,0,0,0,0,0,0,0,0,240,0,0,0,2635,106,0,2447,0,0,2,2.635
4267,11.214,19.079,0.196,0.0,0.0,0.0,0.0,0.0,534.0,2496.0,0.532,40,0,0,7.747,7.654,255,240,2,80,80,0,0,6400,0,0,0,0,0,0,0,0,0,0,240,0,0,0,2726,103,0,2535,0,0,3,2.726
4268,11.902,19.079,0.196,0.0,0.0,0.0,0.0,0.0,534.0,2496.0,0.582,40,0,0,8.311,8.232,252,240,2,80,80,0,0,6400,0,0,0,0,0,0,0,0,0,0,240,0,0,0,2666,124,0,2442,0,0,2,2.666
4269,11.776,19.079,0.196,0.0,0.0,0.0,0.0,0.0,534.0,2496.0,0.409,40,0,0,8.263,8.173,254,240,2,80,80,0,0,6400,0,0,0,0,0,0,0,0,0,0,240,0,0,0,2579,109,0,2385,0,0,2,2.579
4270,13.503,19.079,0.196,0.0,0.0,0.0,0.0,0.0,534.0,2496.0,0.359,40,0,0,10.107,8.282,256,240,2,80,80,0,0,6400,0,0,0,0,0,0,0,0,0,0,240,0,0,0,2643,106,0,2452,0,0,2,2.643
4271,11.667,19.079,0.196,0.0,0.0,0.0,0.0,0.0,534.0,2496.0,0.402,40,0,0,8.342,8.254,253,240,2,80,80,0,0,6400,0,0,0,0,0,0,0,0,0,0,240,0,0,0,2603,107,0,2410,0,0,3,2.603
4272,11.711,19.079,0.196,0.0,0.0,0.0,0.0,0.0,534.0,2496.0,0.389,40,0,0,8.285,8.213,252,240,2,80,80,0,0,6400,0,0,0,0,0,0,0,0,0,0,240,0,0,0,2699,110,0,2503,0,0,1,2.699
4273,11.561,19.079,0.196,0.0,0.0,0.0,0.0,0.0,534.0,2496.0,0.546,40,0,0,8.189,8.091,255,240,2,80,80,0,0,6400,0,0,0,0,0,0,0,0,0,0,240,0,0,0,2649,105,0,2454,0,0,3,2.649
4274,13.45,19.079,0.196,0.0,0.0,0.0,0.0,0.0,534.0,2496.0,0.389,40,0,0,9.889,9.806,253,240,2,80,80,0,0,6400,0,0,0,0,0,0,0,0,0,0,240,0,0,0,2680,110,0,2480,0,0,3,2.68
4275,18.634,19.079,0.196,0.0,0.0,0.0,0.0,0.0,534.0,2496.0,0.561,40,0,0,14.748,14.664,253,240,2,80,80,0,0,6400,0,0,0,0,0,0,0,0,0,0,240,0,0,0,3045,142,0,2793,0,0,5,3.045
4276,14.15,19.079,0.196,0.0,0.0,0.0,0.0,0.0,534.0,2496.0,0.438,40,0,0,10.199,10.117,252,240,2,80,80,0,0,6400,0,0,0,0,0,0,0,0,0,0,240,0,0,0,2923,120,0,2710,0,0,3,2.923
4277,12.61,19.079,0.196,0.0,0.0,0.0,0.0,0.0,534.0,2496.0,0.452,40,0,0,8.837,8.728,255,240,2,80,80,0,0,6400,0,0,0,0,0,0,0,0,0,0,240,0,0,0,2977,152,0,2728,0,0,2,2.977
4278,12.439,19.079,0.196,0.0,0.0,0.0,0.0,0.0,534.0,2496.0,0.43,40,0,0,8.784,8.671,257,240,2,80,80,0,0,6400,0,0,0,0,0,0,0,0,0,0,240,0,0,0,2769,137,0,2549,0,0,3,2.769
4279,12.204,19.079,0.196,0.0,0.0,0.0,0.0,0.0,534.0,2496.0,0.496,40,0,0,8.541,8.441,255,240,2,80,80,0,0,6400,0,0,0,0,0,0,0,0,0,0,240,0,0,0,2831,119,0,2617,0,0,4,2.831
4280,11.985,19.079,0.196,0.0,0.0,0.0,0.0,0.0,534.0,2496.0,0.626,40,0,0,8.394,8.312,252,240,2,80,80,0,0,6400,0,0,0,0,0,0,0,0,0,0,240,0,0,0,2761,112,0,2562,0,0,3,2.761
4281,13.405,19.079,0.196,0.0,0.0,0.0,0.0,0.0,534.0,2496.0,0.503,40,0,0,8.992,8.865,253,240,2,80,80,0,0,6400,0,0,0,0,0,0,0,0,0,0,240,0,0,0,3407,139,0,3111,0,0,5,3.407
4282,12.491,19.079,0.196,0.0,0.0,0.0,0.0,0.0,534.0,2496.0,0.447,40,0,0,8.465,8.362,253,240,2,80,80,0,0,6400,0,0,0,0,0,0,0,0,0,0,240,0,0,0,3132,156,0,2847,0,0,4,3.132
4283,12.737,19.079,0.196,0.0,0.0,0.0,0.0,0.0,534.0,2496.0,0.618,40,0,0,8.528,8.422,254,240,2,80,80,0,0,6400,0,0,0,0,0,0,0,0,0,0,240,0,0,0,3330,118,0,3091,0,0,5,3.33
4284,16.232,19.079,0.196,0.0,0.0,0.0,0.0,0.0,534.0,2496.0,0.604,40,0,0,11.234,11.046,256,240,2,80,80,0,0,6400,0,0,0,0,0,0,0,0,0,0,240,0,0,0,3880,175,0,3568,0,0,4,3.88
4285,16.03,19.079,0.196,0.0,0.0,0.0,0.0,0.0,534.0,2496.0,0.429,40,0,0,11.668,11.547,254,240,2,80,80,0,0,6400,0,0,0,0,0,0,0,0,0,0,240,0,0,0,3199,148,0,2937,0,0,5,3.199
4286,11.673,19.079,0.196,0.0,0.0,0.0,0.0,0.0,534.0,2496.0,0.388,40,0,0,8.172,8.039,253,240,2,80,80,0,0,6400,0,0,0,0,0,0,0,0,0,0,240,0,0,0,2726,119,0,2513,0,0,3,2.726
4287,11.185,19.079,0.196,0.0,0.0,0.0,0.0,0.0,534.0,2496.0,0.371,40,0,0,7.835,7.752,253,240,2,80,80,0,0,6400,0,0,0,0,0,0,0,0,0,0,240,0,0,0,2646,131,0,2432,0,0,2,2.646
4288,10.954,19.079,0.196,0.0,0.0,0.0,0.0,0.0,534.0,2496.0,0.41,40,0,0,7.669,7.59,253,240,2,80,80,0,0,6400,0,0,0,0,0,0,0,0,0,0,240,0,0,0,2599,123,0,2391,0,0,2,2.599
4289,10.953,19.079,0.196,0.0,0.0,0.0,0.0,0.0,534.0,2496.0,0.349,40,0,0,7.623,7.539,254,240,2,80,80,0,0,6400,0,0,0,0,0,0,0,0,0,0,240,0,0,0,2590,106,0,2402,0,0,2,2.59
4290,11.488,19.079,0.196,0.0,0.0,0.0,0.0,0.0,534.0,2496.0,0.424,40,0,0,8.148,8.018,256,240,2,80,80,0,0,6400,0,0,0,0,0,0,0,0,0,0,240,0,0,0,2629,107,0,2440,0,0,3,2.629
4291,10.703,19.079,0.196,0.0,0.0,0.0,0.0,0.0,534.0,2496.0,0.371,40,0,0,7.431,7.333,255,240,2,80,80,0,0,6400,0,0,0,0,0,0,0,0,0,0,240,0,0,0,2508,99,0,2326,0,0,2,2.508
4292,10.658,19.079,0.196,0.0,0.0,0.0,0.0,0.0,534.0,2496.0,0.407,40,0,0,7.467,7.399,252,240,2,80,80,0,0,6400,0,0,0,0,0,0,0,0,0,0,240,0,0,0,2516,103,0,2330,0,0,2,2.516
4293,10.629,19.079,0.196,0.0,0.0,0.0,0.0,0.0,534.0,2496.0,0.404,40,0,0,7.39,7.308,255,240,2,80,80,0,0,6400,0,0,0,0,0,0,0,0,0,0,240,0,0,0,2537,100,0,2362,0,0,3,2.537
4294,10.52,19.079,0.196,0.0,0.0,0.0,0.0,0.0,534.0,2496.0,0.372,40,0,0,7.268,7.195,253,240,2,80,80,0,0,6400,0,0,0,0,0,0,0,0,0,0,240,0,0,0,2564,99,0,2381,0,0,3,2.564
4295,11.05,19.079,0.196,0.0,0.0,0.0,0.0,0.0,534.0,2496.0,0.405,40,0,0,7.898,7.818,253,240,2,80,80,0,0,6400,0,0,0,0,0,0,0,0,0,0,240,0,0,0,2487,98,0,2313,0,0,2,2.487
4296,10.36,19.079,0.196,0.0,0.0,0.0,0.0,0.0,534.0,2496.0,0.39,40,0,0,7.15,7.059,256,240,2,80,80,0,0,6400,0,0,0,0,0,0,0,0,0,0,240,0,0,0,2490,98,0,2310,0,0,2,2.49
4297,10.889,19.079,0.196,0.0,0.0,0.0,0.0,0.0,534.0,2496.0,0.383,40,0,0,7.541,7.461,255,240,2,80,80,0,0,6400,0,0,0,0,0,0,0,0,0,0,240,0,0,0,2677,100,0,2486,0,0,3,2.677
4298,11.031,19.079,0.196,0.0,0.0,0.0,0.0,0.0,534.0,2496.0,0.391,40,0,0,7.493,7.387,254,240,2,80,80,0,0,6400,0,0,0,0,0,0,0,0,0,0,240,0,0,0,2844,122,0,2626,0,0,2,2.844
4299,10.683,19.079,0.196,0.0,0.0,0.0,0.0,0.0,534.0,2496.0,0.366,40,0,0,7.483,7.386,253,240,2,80,80,0,0,6400,0,0,0,0,0,0,0,0,0,0,240,0,0,0,2482,103,0,2300,0,0,2,2.482
4300,11.323,19.079,0.196,0.0,0.0,0.0,0.0,0.0,534.0,2496.0,0.362,40,0,0,7.546,7.467,253,240,2,80,80,0,0,6400,0,0,0,0,0,0,0,0,0,0,240,0,0,0,3117,162,0,2865,0,0,4,3.117
4301,11.094,19.079,0.196,0.0,0.0,0.0,0.0,0.0,534.0,2496.0,0.424,40,0,0,7.749,7.672,253,240,2,80,80,0,0,6400,0,0,0,0,0,0,0,0,0,0,240,0,0,0,2659,125,0,2447,0,0,3,2.659
4302,11.124,19.079,0.196,0.0,0.0,0.0,0.0,0.0,534.0,2496.0,0.412,40,0,0,7.707,7.617,255,240,2,80,80,0,0,6400,0,0,0,0,0,0,0,0,0,0,240,0,0,0,2638,102,0,2451,0,0,3,2.638
4303,12.618,19.079,0.196,0.0,0.0,0.0,0.0,0.0,534.0,2496.0,0.558,40,0,0,8.913,8.818,256,240,2,80,80,0,0,6400,0,0,0,0,0,0,0,0,0,0,240,0,0,0,2988,102,0,2788,0,0,4,2.988
4304,15.128,19.079,0.196,0.0,0.0,0.0,0.0,0.0,534.0,2496.0,0.561,40,0,0,10.416,10.298,253,240,2,80,80,0,0,6400,0,0,0,0,0,0,0,0,0,0,240,0,0,0,3655,151,0,3368,0,0,4,3.655
4305,15.501,19.079,0.196,0.0,0.0,0.0,0.0,0.0,534.0,2496.0,0.821,40,0,0,10.888,10.783,253,240,2,80,80,0,0,6400,0,0,0,0,0,0,0,0,0,0,240,0,0,0,3583,150,0,3293,0,0,5,3.583
4306,13.547,19.079,0.196,0.0,0.0,0.0,0.0,0.0,534.0,2496.0,0.495,40,0,0,8.747,8.59,253,240,2,80,80,0,0,6400,0,0,0,0,0,0,0,0,0,0,240,0,0,0,3492,153,0,3215,0,0,3,3.492
4307,12.976,19.079,0.196,0.0,0.0,0.0,0.0,0.0,534.0,2496.0,0.39,40,0,0,9.149,9.058,254,240,2,80,80,0,0,6400,0,0,0,0,0,0,0,0,0,0,240,0,0,0,2619,109,0,2406,0,0,3,2.619
4308,11.011,19.079,0.196,0.0,0.0,0.0,0.0,0.0,534.0,2496.0,0.389,40,0,0,7.624,7.551,252,240,2,80,80,0,0,6400,0,0,0,0,0,0,0,0,0,0,240,0,0,0,2661,107,0,2467,0,0,3,2.661
4309,10.951,19.079,0.196,0.0,0.0,0.0,0.0,0.0,534.0,2496.0,0.376,40,0,0,7.686,7.565,257,240,2,80,80,0,0,6400,0,0,0,0,0,0,0,0,0,0,240,0,0,0,2542,123,0,2335,0,0,3,2.542
4310,10.622,19.079,0.196,0.0,0.0,0.0,0.0,0.0,534.0,2496.0,0.349,40,0,0,7.396,7.3,253,240,2,80,80,0,0,6400,0,0,0,0,0,0,0,0,0,0,240,0,0,0,2530,104,0,2345,0,0,2,2.53
4311,10.718,19.079,0.196,0.0,0.0,0.0,0.0,0.0,534.0,2496.0,0.457,40,0,0,7.38,7.299,254,240,2,80,80,0,0,6400,0,0,0,0,0,0,0,0,0,0,240,0,0,0,2664,101,0,2477,0,0,3,2.664
4312,11.143,19.079,0.196,0.0,0.0,0.0,0.0,0.0,534.0,2496.0,0.423,40,0,0,7.795,7.709,254,240,2,80,80,0,0,6400,0,0,0,0,0,0,0,0,0,0,240,0,0,0,2572,105,0,2394,0,0,2,2.572
4313,12.829,19.079,0.196,0.0,0.0,0.0,0.0,0.0,534.0,2496.0,0.552,40,0,0,8.745,8.666,253,240,2,80,80,0,0,6400,0,0,0,0,0,0,0,0,0,0,240,0,0,0,3281,128,0,3034,0,0,4,3.281
4314,13.347,19.079,0.196,0.0,0.0,0.0,0.0,0.0,534.0,2496.0,0.44,40,0,0,9.183,9.106,252,240,2,80,80,0,0,6400,0,0,0,0,0,0,0,0,0,0,240,0,0,0,3231,141,0,2952,0,0,4,3.231
4315,13.575,19.079,0.196,0.0,0.0,0.0,0.0,0.0,534.0,2496.0,0.666,40,0,0,9.918,9.826,254,240,2,80,80,0,0,6400,0,0,0,0,0,0,0,0,0,0,240,0,0,0,2852,111,0,2656,0,0,3,2.852
4316,12.563,19.079,0.196,0.0,0.0,0.0,0.0,0.0,534.0,2496.0,0.407,40,0,0,8.453,8.362,254,240,2,80,80,0,0,6400,0,0,0,0,0,0,0,0,0,0,240,0,0,0,2765,131,0,2545,0,0,3,2.765
4317,10.875,19.079,0.196,0.0,0.0,0.0,0.0,0.0,534.0,2496.0,0.409,40,0,0,7.609,7.512,255,240,2,80,80,0,0,6400,0,0,0,0,0,0,0,0,0,0,240,0,0,0,2527,104,0,2337,0,0,3,2.527
4318,11.728,19.079,0.196,0.0,0.0,0.0,0.0,0.0,534.0,2496.0,0.457,40,0,0,8.456,8.363,255,240,2,80,80,0,0,6400,0,0,0,0,0,0,0,0,0,0,240,0,0,0,2547,105,0,2363,0,0,1,2.547
4319,11.428,19.079,0.196,0.0,0.0,0.0,0.0,0.0,534.0,2496.0,0.378,40,0,0,8.024,7.942,253,240,2,80,80,0,0,6400,0,0,0,0,0,0,0,0,0,0,240,0,0,0,2611,110,0,2402,0,0,3,2.611
4320,11.465,19.079,0.196,0.0,0.0,0.0,0.0,0.0,534.0,2496.0,0.44,40,0,0,7.559,7.485,252,240,2,80,80,0,0,6400,0,0,0,0,0,0,0,0,0,0,240,0,0,0,3201,104,0,2981,0,0,3,3.201
4321,16.429,19.246,0.043,0.0,0.0,0.0,0.0,0.0,534.0,2496.0,0.618,40,0,0,10.074,9.992,253,240,2,80,80,0,0,6400,0,0,0,0,0,0,0,0,0,0,240,0,0,0,5563,694,0,4738,0,0,4,5.563
4322,15.584,19.246,0.043,0.0,0.0,0.0,0.0,0.0,534.0,2496.0,0.46,40,0,0,10.987,10.853,253,240,2,80,80,0,0,6400,0,0,0,0,0,0,0,0,0,0,240,0,0,0,2667,113,0,2465,0,0,3,2.667
4323,14.269,19.246,0.043,0.0,0.0,0.0,0.0,0.0,534.0,2496.0,0.474,40,0,0,10.348,10.258,253,240,2,80,80,0,0,6400,0,0,0,0,0,0,0,0,0,0,240,0,0,0,3114,172,0,2840,0,0,2,3.114
4324,12.409,19.246,0.043,0.0,0.0,0.0,0.0,0.0,534.0,2496.0,0.431,40,0,0,8.76,8.67,254,240,2,80,80,0,0,6400,0,0,0,0,0,0,0,0,0,0,240,0,0,0,2814,119,0,2600,0,0,3,2.814
4325,12.448,19.246,0.043,0.0,0.0,0.0,0.0,0.0,534.0,2496.0,0.556,40,0,0,8.449,8.361,253,240,2,80,80,0,0,6400,0,0,0,0,0,0,0,0,0,0,240,0,0,0,3179,123,0,2936,0,0,3,3.179
4326,12.286,19.246,0.043,0.0,0.0,0.0,0.0,0.0,534.0,2496.0,0.413,40,0,0,8.57,8.464,253,240,2,80,80,0,0,6400,0,0,0,0,0,0,0,0,0,0,240,0,0,0,2791,113,0,2584,0,0,2,2.791
4327,12.904,19.246,0.043,0.0,0.0,0.0,0.0,0.0,534.0,2496.0,0.448,40,0,0,9.067,8.977,254,240,2,80,80,0,0,6400,0,0,0,0,0,0,0,0,0,0,240,0,0,0,2997,125,0,2778,0,0,3,2.997
4328,17.488,19.246,0.043,0.0,0.0,0.0,0.0,0.0,534.0,2496.0,0.636,40,0,0,12.537,12.447,253,240,2,80,80,0,0,6400,0,0,0,0,0,0,0,0,0,0,240,0,0,0,4032,158,0,3697,0,0,4,4.032
4329,18.45,19.246,0.043,0.0,0.0,0.0,0.0,0.0,534.0,2496.0,0.665,40,0,0,13.265,13.157,253,240,2,80,80,0,0,6400,0,0,0,0,0,0,0,0,0,0,240,0,0,0,4066,217,0,3682,0,0,4,4.066
4330,18.297,19.246,0.043,0.0,0.0,0.0,0.0,0.0,534.0,2496.0,0.617,40,0,0,13.251,13.054,254,240,2,80,80,0,0,6400,0,0,0,0,0,0,0,0,0,0,240,0,0,0,3880,163,0,3567,0,0,4,3.88
4331,18.541,19.246,0.043,0.0,0.0,0.0,0.0,0.0,534.0,2496.0,0.71,40,0,0,13.296,13.142,255,240,2,80,80,0,0,6400,0,0,0,0,0,0,0,0,0,0,240,0,0,0,4008,230,0,3629,0,0,5,4.008
4332,18.952,19.246,0.043,0.0,0.0,0.0,0.0,0.0,534.0,2496.0,0.649,40,0,0,13.681,13.559,252,240,2,80,80,0,0,6400,0,0,0,0,0,0,0,0,0,0,240,0,0,0,3976,174,0,3645,0,0,4,3.976
4333,18.471,19.246,0.043,0.0,0.0,0.0,0.0,0.0,534.0,2496.0,0.607,40,0,0,13.223,13.088,253,240,2,80,80,0,0,6400,0,0,0,0,0,0,0,0,0,0,240,0,0,0,4017,176,0,3673,0,0,4,4.017
4334,17.979,19.246,0.043,0.0,0.0,0.0,0.0,0.0,534.0,2496.0,0.571,40,0,0,12.952,12.777,253,240,2,80,80,0,0,6400,0,0,0,0,0,0,0,0,0,0,240,0,0,0,3889,165,0,3561,0,0,5,3.889
4335,15.056,19.246,0.043,0.0,0.0,0.0,0.0,0.0,534.0,2496.0,0.406,40,0,0,11.259,11.145,252,240,2,80,80,0,0,6400,0,0,0,0,0,0,0,0,0,0,240,0,0,0,2728,117,0,2520,0,0,3,2.728
4336,12.387,19.246,0.043,0.0,0.0,0.0,0.0,0.0,534.0,2496.0,0.401,40,0,0,8.965,8.877,253,240,2,80,80,0,0,6400,0,0,0,0,0,0,0,0,0,0,240,0,0,0,2640,110,0,2446,0,0,2,2.64
4337,11.549,19.246,0.043,0.0,0.0,0.0,0.0,0.0,534.0,2496.0,0.379,40,0,0,8.102,8.017,254,240,2,80,80,0,0,6400,0,0,0,0,0,0,0,0,0,0,240,0,0,0,2720,118,0,2509,0,0,2,2.72
4338,11.797,19.246,0.043,0.0,0.0,0.0,0.0,0.0,534.0,2496.0,0.468,40,0,0,8.416,8.342,253,240,2,80,80,0,0,6400,0,0,0,0,0,0,0,0,0,0,240,0,0,0,2658,103,0,2473,0,0,3,2.658
4339,11.562,19.246,0.043,0.0,0.0,0.0,0.0,0.0,534.0,2496.0,0.447,40,0,0,7.925,7.812,253,240,2,80,80,0,0,6400,0,0,0,0,0,0,0,0,0,0,240,0,0,0,2844,141,0,2606,0,0,3,2.844
4340,11.267,19.246,0.043,0.0,0.0,0.0,0.0,0.0,534.0,2496.0,0.401,40,0,0,7.958,7.873,253,240,2,80,80,0,0,6400,0,0,0,0,0,0,0,0,0,0,240,0,0,0,2546,106,0,2344,0,0,3,2.546
4341,11.696,19.246,0.043,0.0,0.0,0.0,0.0,0.0,534.0,2496.0,0.469,40,0,0,8.089,8.022,252,240,2,80,80,0,0,6400,0,0,0,0,0,0,0,0,0,0,240,0,0,0,2862,113,0,2635,0,0,3,2.862
4342,12.631,19.246,0.043,0.0,0.0,0.0,0.0,0.0,534.0,2496.0,0.426,40,0,0,8.986,8.893,253,240,2,80,80,0,0,6400,0,0,0,0,0,0,0,0,0,0,240,0,0,0,2838,113,0,2625,0,0,3,2.838
4343,12.291,19.246,0.043,0.0,0.0,0.0,0.0,0.0,534.0,2496.0,0.552,40,0,0,8.845,8.76,254,240,2,80,80,0,0,6400,0,0,0,0,0,0,0,0,0,0,240,0,0,0,2720,110,0,2495,0,0,2,2.72
4344,11.43,19.246,0.043,0.0,0.0,0.0,0.0,0.0,534.0,2496.0,0.419,40,0,0,7.935,7.861,252,240,2,80,80,0,0,6400,0,0,0,0,0,0,0,0,0,0,240,0,0,0,2629,121,0,2381,0,0,3,2.629
4345,11.068,19.246,0.043,0.0,0.0,0.0,0.0,0.0,534.0,2496.0,0.421,40,0,0,7.769,7.691,253,240,2,80,80,0,0,6400,0,0,0,0,0,0,0,0,0,0,240,0,0,0,2563,110,0,2367,0,0,3,2.563
4346,11.296,19.246,0.043,0.0,0.0,0.0,0.0,0.0,534.0,2496.0,0.39,40,0,0,7.921,7.835,254,240,2,80,80,0,0,6400,0,0,0,0,0,0,0,0,0,0,240,0,0,0,2683,109,0,2487,0,0,3,2.683
4347,11.291,19.246,0.043,0.0,0.0,0.0,0.0,0.0,534.0,2496.0,0.405,40,0,0,7.993,7.919,253,240,2,80,80,0,0,6400,0,0,0,0,0,0,0,0,0,0,240,0,0,0,2606,101,0,2426,0,0,2,2.606
4348,11.097,19.246,0.043,0.0,0.0,0.0,0.0,0.0,534.0,2496.0,0.451,40,0,0,7.643,7.568,253,240,2,80,80,0,0,6400,0,0,0,0,0,0,0,0,0,0,240,0,0,0,2753,161,0,2499,0,0,3,2.753
4349,10.992,19.246,0.043,0.0,0.0,0.0,0.0,0.0,534.0,2496.0,0.405,40,0,0,7.586,7.499,254,240,2,80,80,0,0,6400,0,0,0,0,0,0,0,0,0,0,240,0,0,0,2588,105,0,2398,0,0,2,2.588
4350,11.106,19.246,0.043,0.0,0.0,0.0,0.0,0.0,534.0,2496.0,0.416,40,0,0,7.684,7.615,252,240,2,80,80,0,0,6400,0,0,0,0,0,0,0,0,0,0,240,0,0,0,2713,103,0,2527,0,0,2,2.713
4351,10.781,19.246,0.043,0.0,0.0,0.0,0.0,0.0,534.0,2496.0,0.363,40,0,0,7.433,7.351,253,240,2,80,80,0,0,6400,0,0,0,0,0,0,0,0,0,0,240,0,0,0,2577,101,0,2389,0,0,3,2.577
4352,12.259,19.246,0.043,0.0,0.0,0.0,0.0,0.0,534.0,2496.0,0.412,40,0,0,9.023,7.559,254,240,2,80,80,0,0,6400,0,0,0,0,0,0,0,0,0,0,240,0,0,0,2574,132,0,2365,0,0,2,2.574
4353,11.116,19.246,0.043,0.0,0.0,0.0,0.0,0.0,534.0,2496.0,0.412,40,0,0,7.689,7.619,252,240,2,80,80,0,0,6400,0,0,0,0,0,0,0,0,0,0,240,0,0,0,2692,118,0,2484,0,0,2,2.692
4354,11.47,19.246,0.043,0.0,0.0,0.0,0.0,0.0,534.0,2496.0,0.382,40,0,0,8.062,7.971,255,240,2,80,80,0,0,6400,0,0,0,0,0,0,0,0,0,0,240,0,0,0,2652,106,0,2470,0,0,3,2.652
4355,11.592,19.246,0.043,0.0,0.0,0.0,0.0,0.0,534.0,2496.0,0.356,40,0,0,8.337,8.26,253,240,2,80,80,0,0,6400,0,0,0,0,0,0,0,0,0,0,240,0,0,0,2571,101,0,2388,0,0,3,2.571
4356,10.678,19.246,0.043,0.0,0.0,0.0,0.0,0.0,534.0,2496.0,0.391,40,0,0,7.505,7.422,255,240,2,80,80,0,0,6400,0,0,0,0,0,0,0,0,0,0,240,0,0,0,2501,104,0,2315,0,0,2,2.501
4357,10.903,19.246,0.043,0.0,0.0,0.0,0.0,0.0,534.0,2496.0,0.405,40,0,0,7.587,7.513,253,240,2,80,80,0,0,6400,0,0,0,0,0,0,0,0,0,0,240,0,0,0,2639,123,0,2434,0,0,2,2.639
4358,11.269,19.246,0.043,0.0,0.0,0.0,0.0,0.0,534.0,2496.0,0.409,40,0,0,7.995,7.897,253,240,2,80,80,0,0,6400,0,0,0,0,0,0,0,0,0,0,240,0,0,0,2580,101,0,2371,0,0,2,2.58
4359,11.6,19.246,0.043,0.0,0.0,0.0,0.0,0.0,534.0,2496.0,0.388,40,0,0,8.195,8.125,252,240,2,80,80,0,0,6400,0,0,0,0,0,0,0,0,0,0,240,0,0,0,2684,108,0,2478,0,0,3,2.684
4360,11.283,19.246,0.043,0.0,0.0,0.0,0.0,0.0,534.0,2496.0,0.407,40,0,0,7.891,7.778,254,240,2,80,80,0,0,6400,0,0,0,0,0,0,0,0,0,0,240,0,0,0,2675,121,0,2469,0,0,3,2.675
4361,11.049,19.246,0.043,0.0,0.0,0.0,0.0,0.0,534.0,2496.0,0.39,40,0,0,7.778,7.7,253,240,2,80,80,0,0,6400,0,0,0,0,0,0,0,0,0,0,240,0,0,0,2564,104,0,2383,0,0,2,2.564
4362,11.199,19.246,0.043,0.0,0.0,0.0,0.0,0.0,534.0,2496.0,0.378,40,0,0,7.871,7.755,255,240,2,80,80,0,0,6400,0,0,0,0,0,0,0,0,0,0,240,0,0,0,2610,103,0,2426,0,0,3,2.61
4363,10.892,19.246,0.043,0.0,0.0,0.0,0.0,0.0,534.0,2496.0,0.388,40,0,0,7.62,7.545,253,240,2,80,80,0,0,6400,0,0,0,0,0,0,0,0,0,0,240,0,0,0,2598,101,0,2408,0,0,3,2.598
4364,10.856,19.246,0.043,0.0,0.0,0.0,0.0,0.0,534.0,2496.0,0.401,40,0,0,7.593,7.509,255,240,2,80,80,0,0,6400,0,0,0,0,0,0,0,0,0,0,240,0,0,0,2590,98,0,2411,0,0,2,2.59
4365,11.27,19.246,0.043,0.0,0.0,0.0,0.0,0.0,534.0,2496.0,0.447,40,0,0,7.934,7.86,253,240,2,80,80,0,0,6400,0,0,0,0,0,0,0,0,0,0,240,0,0,0,2643,108,0,2450,0,0,3,2.643
4366,11.312,19.246,0.043,0.0,0.0,0.0,0.0,0.0,534.0,2496.0,0.385,40,0,0,7.743,7.665,253,240,2,80,80,0,0,6400,0,0,0,0,0,0,0,0,0,0,240,0,0,0,2768,105,0,2574,0,0,2,2.768
4367,15.64,19.246,0.043,0.0,0.0,0.0,0.0,0.0,534.0,2496.0,0.516,40,0,0,11.194,11.119,253,240,2,80,80,0,0,6400,0,0,0,0,0,0,0,0,0,0,240,0,0,0,3666,159,0,3372,0,0,4,3.666
4368,11.714,19.246,0.043,0.0,0.0,0.0,0.0,0.0,534.0,2496.0,0.409,40,0,0,8.128,8.004,254,240,2,80,80,0,0,6400,0,0,0,0,0,0,0,0,0,0,240,0,0,0,2646,105,0,2453,0,0,3,2.646
4369,12.135,19.246,0.043,0.0,0.0,0.0,0.0,0.0,534.0,2496.0,0.411,40,0,0,8.701,8.607,256,240,2,80,80,0,0,6400,0,0,0,0,0,0,0,0,0,0,240,0,0,0,2672,107,0,2460,0,0,3,2.672
4370,12.129,19.246,0.043,0.0,0.0,0.0,0.0,0.0,534.0,2496.0,0.45,40,0,0,8.555,8.48,252,240,2,80,80,0,0,6400,0,0,0,0,0,0,0,0,0,0,240,0,0,0,2765,105,0,2573,0,0,2,2.765
4371,11.952,19.246,0.043,0.0,0.0,0.0,0.0,0.0,534.0,2496.0,0.414,40,0,0,8.38,8.293,254,240,2,80,80,0,0,6400,0,0,0,0,0,0,0,0,0,0,240,0,0,0,2748,108,0,2540,0,0,3,2.748
4372,11.577,19.246,0.043,0.0,0.0,0.0,0.0,0.0,534.0,2496.0,0.395,40,0,0,8.038,7.958,253,240,2,80,80,0,0,6400,0,0,0,0,0,0,0,0,0,0,240,0,0,0,2805,109,0,2603,0,0,3,2.805
4373,11.304,19.246,0.043,0.0,0.0,0.0,0.0,0.0,534.0,2496.0,0.392,40,0,0,7.975,7.846,253,240,2,80,80,0,0,6400,0,0,0,0,0,0,0,0,0,0,240,0,0,0,2617,100,0,2440,0,0,3,2.617
4374,11.353,19.246,0.043,0.0,0.0,0.0,0.0,0.0,534.0,2496.0,0.382,40,0,0,7.97,7.894,253,240,2,80,80,0,0,6400,0,0,0,0,0,0,0,0,0,0,240,0,0,0,2681,106,0,2484,0,0,2,2.681
4375,11.076,19.246,0.043,0.0,0.0,0.0,0.0,0.0,534.0,2496.0,0.438,40,0,0,7.706,7.615,254,240,2,80,80,0,0,6400,0,0,0,0,0,0,0,0,0,0,240,0,0,0,2705,100,0,2516,0,0,3,2.705
4376,11.135,19.246,0.043,0.0,0.0,0.0,0.0,0.0,534.0,2496.0,0.383,40,0,0,7.732,7.641,255,240,2,80,80,0,0,6400,0,0,0,0,0,0,0,0,0,0,240,0,0,0,2657,103,0,2472,0,0,3,2.657
4377,11.196,19.246,0.043,0.0,0.0,0.0,0.0,0.0,534.0,2496.0,0.393,40,0,0,7.676,7.581,254,240,2,80,80,0,0,6400,0,0,0,0,0,0,0,0,0,0,240,0,0,0,2776,131,0,2545,0,0,3,2.776
4378,11.257,19.246,0.043,0.0,0.0,0.0,0.0,0.0,534.0,2496.0,0.396,40,0,0,7.894,7.552,255,240,2,80,80,0,0,6400,0,0,0,0,0,0,0,0,0,0,240,0,0,0,2633,101,0,2448,0,0,3,2.633
4379,10.911,19.246,0.043,0.0,0.0,0.0,0.0,0.0,534.0,2496.0,0.389,40,0,0,7.639,7.567,252,240,2,80,80,0,0,6400,0,0,0,0,0,0,0,0,0,0,240,0,0,0,2557,116,0,2341,0,0,3,2.557
4380,10.616,19.246,0.043,0.0,0.0,0.0,0.0,0.0,534.0,2496.0,0.357,40,0,0,7.414,7.34,253,240,2,80,80,0,0,6400,0,0,0,0,0,0,0,0,0,0,240,0,0,0,2519,102,0,2338,0,0,2,2.519
4381,10.872,19.246,0.043,0.0,0.0,0.0,0.0,0.0,534.0,2496.0,0.37,40,0,0,7.648,7.565,255,240,2,80,80,0,0,6400,0,0,0,0,0,0,0,0,0,0,240,0,0,0,2596,108,0,2408,0,0,2,2.596
4382,10.679,19.246,0.043,0.0,0.0,0.0,0.0,0.0,534.0,2496.0,0.389,40,0,0,7.478,7.395,253,240,2,80,80,0,0,6400,0,0,0,0,0,0,0,0,0,0,240,0,0,0,2543,101,0,2365,0,0,2,2.543
4383,10.892,19.246,0.043,0.0,0.0,0.0,0.0,0.0,534.0,2496.0,0.402,40,0,0,7.675,7.598,254,240,2,80,80,0,0,6400,0,0,0,0,0,0,0,0,0,0,240,0,0,0,2521,105,0,2332,0,0,2,2.521
4384,10.952,19.246,0.043,0.0,0.0,0.0,0.0,0.0,534.0,2496.0,0.396,40,0,0,7.668,7.557,254,240,2,80,80,0,0,6400,0,0,0,0,0,0,0,0,0,0,240,0,0,0,2555,104,0,2376,0,0,3,2.555
4385,10.95,19.246,0.043,0.0,0.0,0.0,0.0,0.0,534.0,2496.0,0.42,40,0,0,7.592,7.523,252,240,2,80,80,0,0,6400,0,0,0,0,0,0,0,0,0,0,240,0,0,0,2637,116,0,2440,0,0,3,2.637
4386,10.852,19.246,0.043,0.0,0.0,0.0,0.0,0.0,534.0,2496.0,0.393,40,0,0,7.357,7.274,254,240,2,80,80,0,0,6400,0,0,0,0,0,0,0,0,0,0,240,0,0,0,2769,114,0,2571,0,0,2,2.769
4387,11.162,19.246,0.043,0.0,0.0,0.0,0.0,0.0,534.0,2496.0,0.399,40,0,0,7.883,7.797,254,240,2,80,80,0,0,6400,0,0,0,0,0,0,0,0,0,0,240,0,0,0,2533,105,0,2349,0,0,2,2.533
4388,10.746,19.246,0.043,0.0,0.0,0.0,0.0,0.0,534.0,2496.0,0.38,40,0,0,7.44,7.364,253,240,2,80,80,0,0,6400,0,0,0,0,0,0,0,0,0,0,240,0,0,0,2616,100,0,2427,0,0,2,2.616
4389,10.811,19.246,0.043,0.0,0.0,0.0,0.0,0.0,534.0,2496.0,0.358,40,0,0,7.566,7.471,253,240,2,80,80,0,0,6400,0,0,0,0,0,0,0,0,0,0,240,0,0,0,2552,115,0,2346,0,0,2,2.552
4390,11.28,19.246,0.043,0.0,0.0,0.0,0.0,0.0,534.0,2496.0,0.38,40,0,0,8.027,7.954,253,240,2,80,80,0,0,6400,0,0,0,0,0,0,0,0,0,0,240,0,0,0,2580,150,0,2342,0,0,3,2.58
4391,11.02,19.246,0.043,0.0,0.0,0.0,0.0,0.0,534.0,2496.0,0.378,40,0,0,7.808,7.732,253,240,2,80,80,0,0,6400,0,0,0,0,0,0,0,0,0,0,240,0,0,0,2465,99,0,2279,0,0,2,2.465
4392,10.511,19.246,0.043,0.0,0.0,0.0,0.0,0.0,534.0,2496.0,0.365,40,0,0,7.341,7.259,254,240,2,80,80,0,0,6400,0,0,0,0,0,0,0,0,0,0,240,0,0,0,2489,96,0,2299,0,0,2,2.489
4393,11.275,19.246,0.043,0.0,0.0,0.0,0.0,0.0,534.0,2496.0,0.377,40,0,0,8.073,7.986,255,240,2,80,80,0,0,6400,0,0,0,0,0,0,0,0,0,0,240,0,0,0,2516,103,0,2330,0,0,2,2.516
4394,10.872,19.246,0.043,0.0,0.0,0.0,0.0,0.0,534.0,2496.0,0.422,40,0,0,7.683,7.606,253,240,2,80,80,0,0,6400,0,0,0,0,0,0,0,0,0,0,240,0,0,0,2503,115,0,2303,0,0,2,2.503
4395,10.574,19.246,0.043,0.0,0.0,0.0,0.0,0.0,534.0,2496.0,0.371,40,0,0,7.393,7.322,252,240,2,80,80,0,0,6400,0,0,0,0,0,0,0,0,0,0,240,0,0,0,2468,133,0,2255,0,0,3,2.468
4396,18.331,19.246,0.043,0.0,0.0,0.0,0.0,0.0,534.0,2496.0,0.466,40,0,0,13.221,13.012,254,240,2,80,80,0,0,6400,0,0,0,0,0,0,0,0,0,0,240,0,0,0,4332,131,0,4100,0,0,4,4.332
4397,12.406,19.246,0.043,0.0,0.0,0.0,0.0,0.0,534.0,2496.0,0.434,40,0,0,8.741,8.653,252,240,2,80,80,0,0,6400,0,0,0,0,0,0,0,0,0,0,240,0,0,0,2842,113,0,2635,0,0,3,2.842
4398,16.149,19.246,0.043,0.0,0.0,0.0,0.0,0.0,534.0,2496.0,0.511,40,0,0,11.338,11.241,254,240,2,80,80,0,0,6400,0,0,0,0,0,0,0,0,0,0,240,0,0,0,3986,116,0,3757,0,0,5,3.986
4399,16.042,19.246,0.043,0.0,0.0,0.0,0.0,0.0,534.0,2496.0,0.629,40,0,0,11.717,11.621,253,240,2,80,80,0,0,6400,0,0,0,0,0,0,0,0,0,0,240,0,0,0,3301,145,0,3034,0,0,5,3.301
4400,16.026,19.246,0.043,0.0,0.0,0.0,0.0,0.0,534.0,2496.0,0.627,40,0,0,11.29,11.173,253,240,2,80,80,0,0,6400,0,0,0,0,0,0,0,0,0,0,240,0,0,0,3576,158,0,3291,0,0,7,3.576
4401,14.462,19.246,0.043,0.0,0.0,0.0,0.0,0.0,534.0,2496.0,0.493,40,0,0,10.635,10.524,252,240,2,80,80,0,0,6400,0,0,0,0,0,0,0,0,0,0,240,0,0,0,2785,114,0,2590,0,0,1,2.785
4402,12.695,18.941,0.037,0.0,0.0,0.0,0.0,0.0,534.0,2496.0,3.62,40,0,0,8.801,8.702,255,240,2,80,80,0,0,6400,0,0,0,0,0,0,0,0,0,0,240,0,0,0,3008,120,0,2784,0,0,3,3.008
4403,18.454,18.941,0.037,0.0,0.0,0.0,0.0,0.0,534.0,2496.0,0.706,40,0,0,10.598,10.482,254,240,2,80,80,0,0,6400,0,0,0,0,0,0,0,0,0,0,240,0,0,0,3783,162,0,3482,0,0,5,3.783
4404,15.427,18.941,0.037,0.0,0.0,0.0,0.0,0.0,534.0,2496.0,0.586,40,0,0,10.843,10.686,253,240,2,80,80,0,0,6400,0,0,0,0,0,0,0,0,0,0,240,0,0,0,3413,156,0,3134,0,0,6,3.413
4405,15.403,18.941,0.037,0.0,0.0,0.0,0.0,0.0,534.0,2496.0,0.561,40,0,0,10.924,10.811,254,240,2,80,80,0,0,6400,0,0,0,0,0,0,0,0,0,0,240,0,0,0,3425,153,0,3146,0,0,5,3.425
4406,14.986,18.941,0.037,0.0,0.0,0.0,0.0,0.0,534.0,2496.0,0.418,40,0,0,10.511,10.411,252,240,2,80,80,0,0,6400,0,0,0,0,0,0,0,0,0,0,240,0,0,0,3389,162,0,3106,0,0,5,3.389
4407,11.798,18.941,0.037,0.0,0.0,0.0,0.0,0.0,534.0,2496.0,0.422,40,0,0,8.349,8.268,252,240,2,80,80,0,0,6400,0,0,0,0,0,0,0,0,0,0,240,0,0,0,2666,114,0,2469,0,0,3,2.666
4408,11.278,18.941,0.037,0.0,0.0,0.0,0.0,0.0,534.0,2496.0,0.479,40,0,0,7.876,7.787,254,240,2,80,80,0,0,6400,0,0,0,0,0,0,0,0,0,0,240,0,0,0,2631,134,0,2417,0,0,3,2.631
4409,11.854,18.941,0.037,0.0,0.0,0.0,0.0,0.0,534.0,2496.0,0.477,40,0,0,7.944,7.869,252,240,2,80,80,0,0,6400,0,0,0,0,0,0,0,0,0,0,240,0,0,0,3057,116,0,2842,0,0,1,3.057
4410,11.441,18.941,0.037,0.0,0.0,0.0,0.0,0.0,534.0,2496.0,0.396,40,0,0,8.01,7.922,253,240,2,80,80,0,0,6400,0,0,0,0,0,0,0,0,0,0,240,0,0,0,2616,142,0,2389,0,0,2,2.616
4411,13.514,18.941,0.037,0.0,0.0,0.0,0.0,0.0,534.0,2496.0,0.488,40,0,0,9.551,9.473,253,240,2,80,80,0,0,6400,0,0,0,0,0,0,0,0,0,0,240,0,0,0,3215,360,0,2583,0,0,3,3.215
4412,12.227,18.941,0.037,0.0,0.0,0.0,0.0,0.0,534.0,2496.0,0.426,40,0,0,8.539,8.443,253,240,2,80,80,0,0,6400,0,0,0,0,0,0,0,0,0,0,240,0,0,0,2829,121,0,2603,0,0,2,2.829
4413,13.506,18.941,0.037,0.0,0.0,0.0,0.0,0.0,534.0,2496.0,2.342,40,0,0,8.424,8.244,252,240,2,80,80,0,0,6400,0,0,0,0,0,0,0,0,0,0,240,0,0,0,4300,124,0,4077,0,0,3,4.3
4414,14.309,18.941,0.037,0.0,0.0,0.0,0.0,0.0,534.0,2496.0,0.493,40,0,0,8.549,8.446,254,240,2,80,80,0,0,6400,0,0,0,0,0,0,0,0,0,0,240,0,0,0,2961,141,0,2722,0,0,4,2.961
4415,12.311,18.941,0.037,0.0,0.0,0.0,0.0,0.0,534.0,2496.0,0.492,40,0,0,8.59,8.502,253,240,2,80,80,0,0,6400,0,0,0,0,0,0,0,0,0,0,240,0,0,0,2877,128,0,2660,0,0,3,2.877
4416,12.678,18.941,0.037,0.0,0.0,0.0,0.0,0.0,534.0,2496.0,0.458,40,0,0,8.823,8.732,253,240,2,80,80,0,0,6400,0,0,0,0,0,0,0,0,0,0,240,0,0,0,2919,121,0,2703,0,0,3,2.919
4417,12.532,18.941,0.037,0.0,0.0,0.0,0.0,0.0,534.0,2496.0,0.457,40,0,0,8.841,8.747,254,240,2,80,80,0,0,6400,0,0,0,0,0,0,0,0,0,0,240,0,0,0,2871,112,0,2669,0,0,2,2.871
4418,13.053,18.941,0.037,0.0,0.0,0.0,0.0,0.0,534.0,2496.0,0.482,40,0,0,9.087,9.009,252,240,2,80,80,0,0,6400,0,0,0,0,0,0,0,0,0,0,240,0,0,0,3053,145,0,2818,0,0,3,3.053
4419,13.146,18.941,0.037,0.0,0.0,0.0,0.0,0.0,534.0,2496.0,0.452,40,0,0,9.364,9.224,253,240,2,80,80,0,0,6400,0,0,0,0,0,0,0,0,0,0,240,0,0,0,2914,159,0,2661,0,0,3,2.914
4420,12.991,18.941,0.037,0.0,0.0,0.0,0.0,0.0,534.0,2496.0,0.463,40,0,0,9.294,9.199,254,240,2,80,80,0,0,6400,0,0,0,0,0,0,0,0,0,0,240,0,0,0,2840,138,0,2611,0,0,2,2.84
4421,12.986,18.941,0.037,0.0,0.0,0.0,0.0,0.0,534.0,2496.0,0.455,40,0,0,9.325,9.243,252,240,2,80,80,0,0,6400,0,0,0,0,0,0,0,0,0,0,240,0,0,0,2837,150,0,2605,0,0,3,2.837
4422,12.371,18.941,0.037,0.0,0.0,0.0,0.0,0.0,534.0,2496.0,0.432,40,0,0,8.338,8.256,252,240,2,80,80,0,0,6400,0,0,0,0,0,0,0,0,0,0,240,0,0,0,3195,139,0,2946,0,0,3,3.195
4423,13.779,18.941,0.037,0.0,0.0,0.0,0.0,0.0,534.0,2496.0,0.477,40,0,0,9.996,9.898,254,240,2,80,80,0,0,6400,0,0,0,0,0,0,0,0,0,0,240,0,0,0,2872,125,0,2652,0,0,2,2.872
4424,13.101,18.941,0.037,0.0,0.0,0.0,0.0,0.0,534.0,2496.0,0.428,40,0,0,9.514,9.405,253,240,2,80,80,0,0,6400,0,0,0,0,0,0,0,0,0,0,240,0,0,0,2710,116,0,2506,0,0,3,2.71
4425,11.959,18.941,0.037,0.0,0.0,0.0,0.0,0.0,534.0,2496.0,0.485,40,0,0,8.479,8.402,252,240,2,80,80,0,0,6400,0,0,0,0,0,0,0,0,0,0,240,0,0,0,2693,107,0,2502,0,0,3,2.693
4426,11.876,18.941,0.037,0.0,0.0,0.0,0.0,0.0,534.0,2496.0,0.468,40,0,0,8.152,8.048,253,240,2,80,80,0,0,6400,0,0,0,0,0,0,0,0,0,0,240,0,0,0,2906,318,0,2505,0,0,3,2.906
4427,16.283,18.941,0.037,0.0,0.0,0.0,0.0,0.0,534.0,2496.0,0.415,40,0,0,12.422,12.34,252,240,2,80,80,0,0,6400,0,0,0,0,0,0,0,0,0,0,240,0,0,0,2700,116,0,2490,0,0,3,2.7
4428,11.388,18.941,0.037,0.0,0.0,0.0,0.0,0.0,534.0,2496.0,0.393,40,0,0,7.999,7.909,254,240,2,80,80,0,0,6400,0,0,0,0,0,0,0,0,0,0,240,0,0,0,2648,110,0,2451,0,0,2,2.648
4429,11.569,18.941,0.037,0.0,0.0,0.0,0.0,0.0,534.0,2496.0,0.387,40,0,0,8.18,8.07,253,240,2,80,80,0,0,6400,0,0,0,0,0,0,0,0,0,0,240,0,0,0,2656,113,0,2456,0,0,2,2.656
4430,11.564,18.941,0.037,0.0,0.0,0.0,0.0,0.0,534.0,2496.0,0.43,40,0,0,8.135,8.052,254,240,2,80,80,0,0,6400,0,0,0,0,0,0,0,0,0,0,240,0,0,0,2655,127,0,2444,0,0,3,2.655
4431,13.65,18.941,0.037,0.0,0.0,0.0,0.0,0.0,534.0,2496.0,0.394,40,0,0,8.211,8.13,252,240,2,80,80,0,0,6400,0,0,0,0,0,0,0,0,0,0,240,0,0,0,4709,103,0,4515,0,0,4,4.709
4432,11.897,18.941,0.037,0.0,0.0,0.0,0.0,0.0,534.0,2496.0,0.392,40,0,0,8.441,8.348,254,240,2,80,80,0,0,6400,0,0,0,0,0,0,0,0,0,0,240,0,0,0,2699,105,0,2510,0,0,3,2.699
4433,13.727,18.941,0.037,0.0,0.0,0.0,0.0,0.0,534.0,2496.0,0.598,40,0,0,9.568,9.496,252,240,2,80,80,0,0,6400,0,0,0,0,0,0,0,0,0,0,240,0,0,0,3371,126,0,3117,0,0,4,3.371
4434,12.675,18.941,0.037,0.0,0.0,0.0,0.0,0.0,534.0,2496.0,0.44,40,0,0,8.854,8.755,253,240,2,80,80,0,0,6400,0,0,0,0,0,0,0,0,0,0,240,0,0,0,2842,117,0,2632,0,0,3,2.842
4435,12.348,18.941,0.037,0.0,0.0,0.0,0.0,0.0,534.0,2496.0,0.43,40,0,0,8.084,8.0,253,240,2,80,80,0,0,6400,0,0,0,0,0,0,0,0,0,0,240,0,0,0,3481,113,0,3272,0,0,4,3.481
4436,18.596,18.941,0.037,0.0,0.0,0.0,0.0,0.0,534.0,2496.0,0.699,40,0,0,13.519,13.406,255,240,2,80,80,0,0,6400,0,0,0,0,0,0,0,0,0,0,240,0,0,0,4167,181,0,3819,0,0,5,4.167
4437,18.523,18.941,0.037,0.0,0.0,0.0,0.0,0.0,534.0,2496.0,0.626,40,0,0,13.081,12.954,253,240,2,80,80,0,0,6400,0,0,0,0,0,0,0,0,0,0,240,0,0,0,4173,269,0,3745,0,0,5,4.173
4438,18.433,18.941,0.037,0.0,0.0,0.0,0.0,0.0,534.0,2496.0,0.689,40,0,0,12.978,12.81,253,240,2,80,80,0,0,6400,0,0,0,0,0,0,0,0,0,0,240,0,0,0,4097,170,0,3776,0,0,5,4.097
4439,18.545,18.941,0.037,0.0,0.0,0.0,0.0,0.0,534.0,2496.0,0.709,40,0,0,13.006,12.886,252,240,2,80,80,0,0,6400,0,0,0,0,0,0,0,0,0,0,240,0,0,0,4318,197,0,3966,0,0,5,4.318
4440,19.453,18.941,0.037,0.0,0.0,0.0,0.0,0.0,534.0,2496.0,0.725,40,0,0,13.947,13.69,256,240,2,80,80,0,0,6400,0,0,0,0,0,0,0,0,0,0,240,0,0,0,4172,191,0,3778,0,0,6,4.172
4441,18.388,18.941,0.037,0.0,0.0,0.0,0.0,0.0,534.0,2496.0,0.488,40,0,0,13.505,13.37,252,240,2,80,80,0,0,6400,0,0,0,0,0,0,0,0,0,0,240,0,0,0,3568,159,0,3290,0,0,3,3.568
4442,12.542,18.941,0.037,0.0,0.0,0.0,0.0,0.0,534.0,2496.0,0.416,40,0,0,8.872,8.767,254,240,2,80,80,0,0,6400,0,0,0,0,0,0,0,0,0,0,240,0,0,0,2795,123,0,2562,0,0,4,2.795
4443,11.982,18.941,0.037,0.0,0.0,0.0,0.0,0.0,534.0,2496.0,0.41,40,0,0,8.379,8.262,254,240,2,80,80,0,0,6400,0,0,0,0,0,0,0,0,0,0,240,0,0,0,2794,126,0,2586,0,0,3,2.794
4444,11.6,18.941,0.037,0.0,0.0,0.0,0.0,0.0,534.0,2496.0,0.41,40,0,0,8.093,7.956,254,240,2,80,80,0,0,6400,0,0,0,0,0,0,0,0,0,0,240,0,0,0,2729,109,0,2534,0,0,2,2.729
4445,11.236,18.941,0.037,0.0,0.0,0.0,0.0,0.0,534.0,2496.0,0.443,40,0,0,7.846,7.773,252,240,2,80,80,0,0,6400,0,0,0,0,0,0,0,0,0,0,240,0,0,0,2632,128,0,2417,0,0,2,2.632
4446,11.405,18.941,0.037,0.0,0.0,0.0,0.0,0.0,534.0,2496.0,0.418,40,0,0,7.984,7.901,253,240,2,80,80,0,0,6400,0,0,0,0,0,0,0,0,0,0,240,0,0,0,2608,109,0,2396,0,0,3,2.608
4447,11.195,18.941,0.037,0.0,0.0,0.0,0.0,0.0,534.0,2496.0,0.412,40,0,0,7.805,7.732,252,240,2,80,80,0,0,6400,0,0,0,0,0,0,0,0,0,0,240,0,0,0,2626,140,0,2405,0,0,2,2.626
4448,10.883,18.941,0.037,0.0,0.0,0.0,0.0,0.0,534.0,2496.0,0.417,40,0,0,7.537,7.439,256,240,2,80,80,0,0,6400,0,0,0,0,0,0,0,0,0,0,240,0,0,0,2590,108,0,2399,0,0,3,2.59
4449,11.893,18.941,0.037,0.0,0.0,0.0,0.0,0.0,534.0,2496.0,0.429,40,0,0,8.502,8.411,254,240,2,80,80,0,0,6400,0,0,0,0,0,0,0,0,0,0,240,0,0,0,2631,112,0,2423,0,0,3,2.631
4450,13.051,18.941,0.037,0.0,0.0,0.0,0.0,0.0,534.0,2496.0,0.429,40,0,0,8.86,8.778,254,240,2,80,80,0,0,6400,0,0,0,0,0,0,0,0,0,0,240,0,0,0,3434,107,0,3236,0,0,3,3.434
4451,12.523,18.941,0.037,0.0,0.0,0.0,0.0,0.0,534.0,2496.0,0.391,40,0,0,8.959,8.884,252,240,2,80,80,0,0,6400,0,0,0,0,0,0,0,0,0,0,240,0,0,0,2752,108,0,2559,0,0,3,2.752
4452,11.962,18.941,0.037,0.0,0.0,0.0,0.0,0.0,534.0,2496.0,0.379,40,0,0,8.56,8.467,254,240,2,80,80,0,0,6400,0,0,0,0,0,0,0,0,0,0,240,0,0,0,2650,107,0,2456,0,0,2,2.65
4453,14.148,18.941,0.037,0.0,0.0,0.0,0.0,0.0,534.0,2496.0,0.45,40,0,0,10.798,10.719,252,240,2,80,80,0,0,6400,0,0,0,0,0,0,0,0,0,0,240,0,0,0,2650,112,0,2454,0,0,3,2.65
4454,11.392,18.941,0.037,0.0,0.0,0.0,0.0,0.0,534.0,2496.0,0.402,40,0,0,7.962,7.798,253,240,2,80,80,0,0,6400,0,0,0,0,0,0,0,0,0,0,240,0,0,0,2600,104,0,2411,0,0,3,2.6
4455,11.228,18.941,0.037,0.0,0.0,0.0,0.0,0.0,534.0,2496.0,0.43,40,0,0,7.932,7.839,256,240,2,80,80,0,0,6400,0,0,0,0,0,0,0,0,0,0,240,0,0,0,2573,112,0,2381,0,0,2,2.573
4456,11.984,18.941,0.037,0.0,0.0,0.0,0.0,0.0,534.0,2496.0,0.444,40,0,0,8.657,8.576,254,240,2,80,80,0,0,6400,0,0,0,0,0,0,0,0,0,0,240,0,0,0,2574,104,0,2373,0,0,2,2.574
4457,11.303,18.941,0.037,0.0,0.0,0.0,0.0,0.0,534.0,2496.0,0.383,40,0,0,7.839,7.769,252,240,2,80,80,0,0,6400,0,0,0,0,0,0,0,0,0,0,240,0,0,0,2680,104,0,2490,0,0,2,2.68
4458,11.337,18.941,0.037,0.0,0.0,0.0,0.0,0.0,534.0,2496.0,0.452,40,0,0,7.885,7.798,253,240,2,80,80,0,0,6400,0,0,0,0,0,0,0,0,0,0,240,0,0,0,2747,125,0,2501,0,0,3,2.747
4459,11.594,18.941,0.037,0.0,0.0,0.0,0.0,0.0,534.0,2496.0,0.394,40,0,0,8.058,7.983,252,240,2,80,80,0,0,6400,0,0,0,0,0,0,0,0,0,0,240,0,0,0,2756,105,0,2570,0,0,2,2.756
4460,11.61,18.941,0.037,0.0,0.0,0.0,0.0,0.0,534.0,2496.0,0.892,40,0,0,8.094,8.005,253,240,2,80,80,0,0,6400,0,0,0,0,0,0,0,0,0,0,240,0,0,0,2774,111,0,2569,0,0,3,2.774
4461,12.455,18.941,0.037,0.0,0.0,0.0,0.0,0.0,534.0,2496.0,0.381,40,0,0,8.482,8.359,257,240,2,80,80,0,0,6400,0,0,0,0,0,0,0,0,0,0,240,0,0,0,2739,102,0,2549,0,0,2,2.739
4462,11.185,18.941,0.037,0.0,0.0,0.0,0.0,0.0,534.0,2496.0,0.441,40,0,0,7.799,7.713,253,240,2,80,80,0,0,6400,0,0,0,0,0,0,0,0,0,0,240,0,0,0,2689,102,0,2506,0,0,3,2.689
4463,11.206,18.941,0.037,0.0,0.0,0.0,0.0,0.0,534.0,2496.0,0.403,40,0,0,7.8,7.691,252,240,2,80,80,0,0,6400,0,0,0,0,0,0,0,0,0,0,240,0,0,0,2603,109,0,2383,0,0,2,2.603
4464,14.472,18.941,0.037,0.0,0.0,0.0,0.0,0.0,534.0,2496.0,0.518,40,0,0,9.929,9.846,254,240,2,80,80,0,0,6400,0,0,0,0,0,0,0,0,0,0,240,0,0,0,3746,163,0,3451,0,0,5,3.746
4465,16.156,18.941,0.037,0.0,0.0,0.0,0.0,0.0,534.0,2496.0,0.589,40,0,0,11.43,11.329,252,240,2,80,80,0,0,6400,0,0,0,0,0,0,0,0,0,0,240,0,0,0,3711,155,0,3386,0,0,4,3.711
4466,16.441,18.941,0.037,0.0,0.0,0.0,0.0,0.0,534.0,2496.0,0.699,40,0,0,11.658,11.529,254,240,2,80,80,0,0,6400,0,0,0,0,0,0,0,0,0,0,240,0,0,0,3608,197,0,3244,0,0,5,3.608
4467,16.147,18.941,0.037,0.0,0.0,0.0,0.0,0.0,534.0,2496.0,0.758,40,0,0,11.213,11.078,255,240,2,80,80,0,0,6400,0,0,0,0,0,0,0,0,0,0,240,0,0,0,3684,216,0,3283,0,0,4,3.684
4468,15.859,18.941,0.037,0.0,0.0,0.0,0.0,0.0,534.0,2496.0,0.709,40,0,0,10.904,10.783,254,240,2,80,80,0,0,6400,0,0,0,0,0,0,0,0,0,0,240,0,0,0,3718,192,0,3388,0,0,5,3.718
4469,16.184,18.941,0.037,0.0,0.0,0.0,0.0,0.0,534.0,2496.0,0.772,40,0,0,11.33,11.229,252,240,2,80,80,0,0,6400,0,0,0,0,0,0,0,0,0,0,240,0,0,0,3579,207,0,3202,0,0,5,3.579
4470,16.612,18.941,0.037,0.0,0.0,0.0,0.0,0.0,534.0,2496.0,0.609,40,0,0,11.465,11.365,252,240,2,80,80,0,0,6400,0,0,0,0,0,0,0,0,0,0,240,0,0,0,3796,171,0,3452,0,0,5,3.796
4471,15.589,18.941,0.037,0.0,0.0,0.0,0.0,0.0,534.0,2496.0,0.735,40,0,0,10.772,10.665,253,240,2,80,80,0,0,6400,0,0,0,0,0,0,0,0,0,0,240,0,0,0,3626,162,0,3336,0,0,4,3.626
4472,15.93,18.941,0.037,0.0,0.0,0.0,0.0,0.0,534.0,2496.0,0.619,40,0,0,11.081,10.96,253,240,2,80,80,0,0,6400,0,0,0,0,0,0,0,0,0,0,240,0,0,0,3498,167,0,3204,0,0,5,3.498
4473,13.532,18.941,0.037,0.0,0.0,0.0,0.0,0.0,534.0,2496.0,0.397,40,0,0,9.808,9.684,254,240,2,80,80,0,0,6400,0,0,0,0,0,0,0,0,0,0,240,0,0,0,2702,108,0,2513,0,0,3,2.702
4474,11.454,18.941,0.037,0.0,0.0,0.0,0.0,0.0,534.0,2496.0,0.379,40,0,0,8.071,7.982,254,240,2,80,80,0,0,6400,0,0,0,0,0,0,0,0,0,0,240,0,0,0,2637,111,0,2423,0,0,2,2.637
4475,11.31,18.941,0.037,0.0,0.0,0.0,0.0,0.0,534.0,2496.0,0.412,40,0,0,7.934,7.862,252,240,2,80,80,0,0,6400,0,0,0,0,0,0,0,0,0,0,240,0,0,0,2637,116,0,2431,0,0,3,2.637
4476,11.545,19.47,0.048,0.0,0.0,0.0,0.0,0.0,534.0,2496.0,0.498,40,0,0,7.933,7.859,252,240,2,80,80,0,0,6400,0,0,0,0,0,0,0,0,0,0,240,0,0,0,2825,141,0,2597,0,0,3,2.825
4477,11.798,19.47,0.048,0.0,0.0,0.0,0.0,0.0,534.0,2496.0,0.48,40,0,0,8.2,8.11,254,240,2,80,80,0,0,6400,0,0,0,0,0,0,0,0,0,0,240,0,0,0,2738,111,0,2537,0,0,3,2.738
4478,11.487,19.47,0.048,0.0,0.0,0.0,0.0,0.0,534.0,2496.0,0.397,40,0,0,7.978,7.857,253,240,2,80,80,0,0,6400,0,0,0,0,0,0,0,0,0,0,240,0,0,0,2656,109,0,2456,0,0,2,2.656
4479,11.509,19.47,0.048,0.0,0.0,0.0,0.0,0.0,534.0,2496.0,0.427,40,0,0,8.036,7.951,253,240,2,80,80,0,0,6400,0,0,0,0,0,0,0,0,0,0,240,0,0,0,2761,105,0,2563,0,0,2,2.761
4480,11.154,19.47,0.048,0.0,0.0,0.0,0.0,0.0,534.0,2496.0,0.41,40,0,0,7.77,7.683,254,240,2,80,80,0,0,6400,0,0,0,0,0,0,0,0,0,0,240,0,0,0,2612,105,0,2418,0,0,2,2.612
4481,11.324,19.47,0.048,0.0,0.0,0.0,0.0,0.0,534.0,2496.0,0.396,40,0,0,7.789,7.721,252,240,2,80,80,0,0,6400,0,0,0,0,0,0,0,0,0,0,240,0,0,0,2790,120,0,2576,0,0,2,2.79
4482,11.702,19.47,0.048,0.0,0.0,0.0,0.0,0.0,534.0,2496.0,0.428,40,0,0,8.206,8.118,253,240,2,80,80,0,0,6400,0,0,0,0,0,0,0,0,0,0,240,0,0,0,2756,112,0,2559,0,0,3,2.756
4483,11.304,19.47,0.048,0.0,0.0,0.0,0.0,0.0,534.0,2496.0,0.432,40,0,0,7.875,7.795,253,240,2,80,80,0,0,6400,0,0,0,0,0,0,0,0,0,0,240,0,0,0,2682,104,0,2493,0,0,2,2.682
4484,12.029,19.47,0.048,0.0,0.0,0.0,0.0,0.0,534.0,2496.0,0.518,40,0,0,8.507,8.425,252,240,2,80,80,0,0,6400,0,0,0,0,0,0,0,0,0,0,240,0,0,0,2748,123,0,2527,0,0,3,2.748
4485,12.866,19.47,0.048,0.0,0.0,0.0,0.0,0.0,534.0,2496.0,0.406,40,0,0,9.011,8.912,253,240,2,80,80,0,0,6400,0,0,0,0,0,0,0,0,0,0,240,0,0,0,2951,128,0,2732,0,0,3,2.951
4486,12.289,19.47,0.048,0.0,0.0,0.0,0.0,0.0,534.0,2496.0,0.421,40,0,0,8.608,8.522,254,240,2,80,80,0,0,6400,0,0,0,0,0,0,0,0,0,0,240,0,0,0,2939,110,0,2733,0,0,3,2.939
4487,12.891,19.47,0.048,0.0,0.0,0.0,0.0,0.0,534.0,2496.0,0.396,40,0,0,9.344,9.236,253,240,2,80,80,0,0,6400,0,0,0,0,0,0,0,0,0,0,240,0,0,0,2760,107,0,2558,0,0,2,2.76
4488,11.835,19.47,0.048,0.0,0.0,0.0,0.0,0.0,534.0,2496.0,0.385,40,0,0,8.4,8.316,253,240,2,80,80,0,0,6400,0,0,0,0,0,0,0,0,0,0,240,0,0,0,2707,108,0,2517,0,0,2,2.707
4489,11.636,19.47,0.048,0.0,0.0,0.0,0.0,0.0,534.0,2496.0,0.433,40,0,0,8.016,7.937,253,240,2,80,80,0,0,6400,0,0,0,0,0,0,0,0,0,0,240,0,0,0,2844,112,0,2638,0,0,3,2.844
4490,12.053,19.47,0.048,0.0,0.0,0.0,0.0,0.0,534.0,2496.0,0.422,40,0,0,8.403,8.325,252,240,2,80,80,0,0,6400,0,0,0,0,0,0,0,0,0,0,240,0,0,0,2856,112,0,2653,0,0,3,2.856
4491,12.074,19.47,0.048,0.0,0.0,0.0,0.0,0.0,534.0,2496.0,0.438,40,0,0,8.381,8.286,252,240,2,80,80,0,0,6400,0,0,0,0,0,0,0,0,0,0,240,0,0,0,2944,122,0,2731,0,0,3,2.944
4492,11.838,19.47,0.048,0.0,0.0,0.0,0.0,0.0,534.0,2496.0,0.462,40,0,0,8.336,8.228,253,240,2,80,80,0,0,6400,0,0,0,0,0,0,0,0,0,0,240,0,0,0,2714,167,0,2458,0,0,3,2.714
4493,11.966,19.47,0.048,0.0,0.0,0.0,0.0,0.0,534.0,2496.0,0.424,40,0,0,8.412,8.337,252,240,2,80,80,0,0,6400,0,0,0,0,0,0,0,0,0,0,240,0,0,0,2765,106,0,2539,0,0,2,2.765
4494,12.063,19.47,0.048,0.0,0.0,0.0,0.0,0.0,534.0,2496.0,0.452,40,0,0,8.413,8.331,253,240,2,80,80,0,0,6400,0,0,0,0,0,0,0,0,0,0,240,0,0,0,2902,107,0,2706,0,0,2,2.902
4495,11.871,19.47,0.048,0.0,0.0,0.0,0.0,0.0,534.0,2496.0,0.393,40,0,0,8.199,8.109,254,240,2,80,80,0,0,6400,0,0,0,0,0,0,0,0,0,0,240,0,0,0,2885,120,0,2676,0,0,3,2.885
4496,12.331,19.47,0.048,0.0,0.0,0.0,0.0,0.0,534.0,2496.0,0.428,40,0,0,8.813,8.696,254,240,2,80,80,0,0,6400,0,0,0,0,0,0,0,0,0,0,240,0,0,0,2765,111,0,2559,0,0,3,2.765
4497,11.605,19.47,0.048,0.0,0.0,0.0,0.0,0.0,534.0,2496.0,0.412,40,0,0,8.109,8.032,252,240,2,80,80,0,0,6400,0,0,0,0,0,0,0,0,0,0,240,0,0,0,2748,118,0,2543,0,0,2,2.748
4498,11.77,19.47,0.048,0.0,0.0,0.0,0.0,0.0,534.0,2496.0,0.39,40,0,0,8.27,8.162,253,240,2,80,80,0,0,6400,0,0,0,0,0,0,0,0,0,0,240,0,0,0,2739,110,0,2548,0,0,3,2.739
4499,12.124,19.47,0.048,0.0,0.0,0.0,0.0,0.0,534.0,2496.0,0.409,40,0,0,8.652,8.579,252,240,2,80,80,0,0,6400,0,0,0,0,0,0,0,0,0,0,240,0,0,0,2746,127,0,2529,0,0,3,2.746
4500,11.778,19.47,0.048,0.0,0.0,0.0,0.0,0.0,534.0,2496.0,0.409,40,0,0,8.242,8.169,252,240,2,80,80,0,0,6400,0,0,0,0,0,0,0,0,0,0,240,0,0,0,2792,110,0,2591,0,0,2,2.792
